S No,Station Name,Station Code,Station Category,Division,Zone,District,State,Category_Rank,Division_Station_Count,Zone_Share_%
1,BHORAS BUDRUKH,BFJ,HG2,BHUSAWAL,CR,JALGAON,MAHARASHTRA,2,118,5.7
2,JAMNER,JMNR,HG2,BHUSAWAL,CR,JALGAON,MAHARASHTRA,2,118,5.7
3,ANJANGAON,ANJ,HG3,BHUSAWAL,CR,AMRAVATI,MAHARASHTRA,3,118,5.7
4,BANOSA,BASA,HG3,BHUSAWAL,CR,AMRAVATI,MAHARASHTRA,3,118,5.7
5,BHADSIVNI,BDKE,HG3,BHUSAWAL,CR,WASHIM,MAHARASHTRA,3,118,5.7
6,BHAGDARA,BGR,HG3,BHUSAWAL,CR,JALGAON,MAHARASHTRA,3,118,5.7
7,BORVIHIR,BRVR,HG3,BHUSAWAL,CR,DHULE,MAHARASHTRA,3,118,5.7
8,CHAMAK,CMK,HG3,BHUSAWAL,CR,AMRAVATI,MAHARASHTRA,3,118,5.7
9,DARWHA MOTI BAGH JN.,DWM,HG3,BHUSAWAL,CR,YAVATMAL,MAHARASHTRA,3,118,5.7
10,KAPUSTALNI,KTNI,HG3,BHUSAWAL,CR,AMRAVATI,MAHARASHTRA,3,118,5.7
11,KARANJA,KRJA,HG3,BHUSAWAL,CR,WASHIM,MAHARASHTRA,3,118,5.7
12,KARANJA TOWN,KRJT,HG3,BHUSAWAL,CR,WASHIM,MAHARASHTRA,3,118,5.7
13,KHUSTA BUZURG,KSBG,HG3,BHUSAWAL,CR,AMRAVATI,MAHARASHTRA,3,118,5.7
14,KINKHED,KQV,HG3,BHUSAWAL,CR,AKOLA,MAHARASHTRA,3,118,5.7
15,KOHDAD,KDK,HG3,BHUSAWAL,CR,EAST NIMAR,MADHYA PRADESH,3,118,5.7
16,KOKALDA,KXD,HG3,BHUSAWAL,CR,AMRAVATI,MAHARASHTRA,3,118,5.7
17,KOLHADI,KLHD,HG3,BHUSAWAL,CR,JALGAON,MAHARASHTRA,3,118,5.7
18,LADKHED,LDD,HG3,BHUSAWAL,CR,YAVATMAL,MAHARASHTRA,3,118,5.7
19,LAKHPURI,LPU,HG3,BHUSAWAL,CR,AKOLA,MAHARASHTRA,3,118,5.7
20,LASINA,LSN,HG3,BHUSAWAL,CR,YAVATMAL,MAHARASHTRA,3,118,5.7
21,LEHGAON,LGN,HG3,BHUSAWAL,CR,AMRAVATI,MAHARASHTRA,3,118,5.7
22,LING,LING,HG3,BHUSAWAL,CR,YAVATMAL,MAHARASHTRA,3,118,5.7
23,MANDURA,MNDA,HG3,BHUSAWAL,CR,AKOLA,MAHARASHTRA,3,118,5.7
24,MOHADI PRAGANE LALIN,MHAD,HG3,BHUSAWAL,CR,DHULE,MAHARASHTRA,3,118,5.7
25,MORDAD TANDA,MWK,HG3,BHUSAWAL,CR,DHULE,MAHARASHTRA,3,118,5.7
26,MURTIZAPUR TOWN,MZRT,HG3,BHUSAWAL,CR,AKOLA,MAHARASHTRA,3,118,5.7
27,NOWBAGH,NBGH,HG3,BHUSAWAL,CR,AMRAVATI,MAHARASHTRA,3,118,5.7
28,PAHUR,PHU,HG3,BHUSAWAL,CR,JALGAON,MAHARASHTRA,3,118,5.7
29,PIMPALGAON,PMGN,HG3,BHUSAWAL,CR,JALGAON,MAHARASHTRA,3,118,5.7
30,POHE,POHE,HG3,BHUSAWAL,CR,WASHIM,MAHARASHTRA,3,118,5.7
31,RAJMANE,RM,HG3,BHUSAWAL,CR,JALGAON,MAHARASHTRA,3,118,5.7
32,SANGWI,SWQ,HG3,BHUSAWAL,CR,YAVATMAL,MAHARASHTRA,3,118,5.7
33,SHENDURNI,SDRN,HG3,BHUSAWAL,CR,JALGAON,MAHARASHTRA,3,118,5.7
34,SHIRALA,SIRL,HG3,BHUSAWAL,CR,AMRAVATI,MAHARASHTRA,3,118,5.7
35,SOMTHAN,SMTN,HG3,BHUSAWAL,CR,WASHIM,MAHARASHTRA,3,118,5.7
36,TAPONA,TPN,HG3,BHUSAWAL,CR,YAVATMAL,MAHARASHTRA,3,118,5.7
37,VARKHEDI,VRKD,HG3,BHUSAWAL,CR,JALGAON,MAHARASHTRA,3,118,5.7
38,VILEGAON,VLN,HG3,BHUSAWAL,CR,WASHIM,MAHARASHTRA,3,118,5.7
39,WARUDKHED,WRD,HG3,BHUSAWAL,CR,YAVATMAL,MAHARASHTRA,3,118,5.7
40,NASHIK ROAD,NK,NSG2,BHUSAWAL,CR,NASHIK,MAHARASHTRA,5,118,5.7
41,AKOLA JN.,AK,NSG3,BHUSAWAL,CR,AKOLA,MAHARASHTRA,6,118,5.7
42,AMRAVATI,AMI,NSG3,BHUSAWAL,CR,AMRAVATI,MAHARASHTRA,6,118,5.7
43,BADNERA JN.,BD,NSG3,BHUSAWAL,CR,AMRAVATI,MAHARASHTRA,6,118,5.7
44,BHUSAVAL JN.,BSL,NSG3,BHUSAWAL,CR,JALGAON,MAHARASHTRA,6,118,5.7
45,JALGAON JN,JL,NSG3,BHUSAWAL,CR,JALGAON,MAHARASHTRA,6,118,5.7
46,KHANDWA,KNW,NSG3,BHUSAWAL,CR,EAST NIMAR,MADHYA PRADESH,6,118,5.7
47,MANMAD JN.,MMR,NSG3,BHUSAWAL,CR,NASHIK,MAHARASHTRA,6,118,5.7
48,SHEGAON,SEG,NSG3,BHUSAWAL,CR,BULDHANA,MAHARASHTRA,6,118,5.7
49,BURHANPUR,BAU,NSG4,BHUSAWAL,CR,BURHANPUR,MADHYA PRADESH,7,118,5.7
50,CHALISGAON JN,CSN,NSG4,BHUSAWAL,CR,JALGAON,MAHARASHTRA,7,118,5.7
51,MALKAPUR,MKU,NSG4,BHUSAWAL,CR,BULDHANA,MAHARASHTRA,7,118,5.7
52,BODWAD,BDWD,NSG5,BHUSAWAL,CR,JALGAON,MAHARASHTRA,8,118,5.7
53,DEVLALI,DVL,NSG5,BHUSAWAL,CR,NASHIK,MAHARASHTRA,8,118,5.7
54,DHULE,DHI,NSG5,BHUSAWAL,CR,DHULE,MAHARASHTRA,8,118,5.7
55,LASALGAON,LS,NSG5,BHUSAWAL,CR,NASHIK,MAHARASHTRA,8,118,5.7
56,MURTIZAPUR,MZR,NSG5,BHUSAWAL,CR,AKOLA,MAHARASHTRA,8,118,5.7
57,NANDGAON,NGN,NSG5,BHUSAWAL,CR,NASHIK,MAHARASHTRA,8,118,5.7
58,NANDURA,NN,NSG5,BHUSAWAL,CR,BULDHANA,MAHARASHTRA,8,118,5.7
59,NEPANAGAR,NPNR,NSG5,BHUSAWAL,CR,BURHANPUR,MADHYA PRADESH,8,118,5.7
60,NIPHAD,NR,NSG5,BHUSAWAL,CR,NASHIK,MAHARASHTRA,8,118,5.7
61,PACHORA JN.,PC,NSG5,BHUSAWAL,CR,JALGAON,MAHARASHTRA,8,118,5.7
62,RAVER,RV,NSG5,BHUSAWAL,CR,JALGAON,MAHARASHTRA,8,118,5.7
63,ACHALPUR,ELP,NSG6,BHUSAWAL,CR,AMRAVATI,MAHARASHTRA,9,118,5.7
64,ACHEGAON,ACG,NSG6,BHUSAWAL,CR,JALGAON,MAHARASHTRA,9,118,5.7
65,ANKAI,ANK,NSG6,BHUSAWAL,CR,NASHIK,MAHARASHTRA,9,118,5.7
66,ASIRGARH ROAD,AGQ,NSG6,BHUSAWAL,CR,BURHANPUR,MADHYA PRADESH,9,118,5.7
67,ASVALI,AV,NSG6,BHUSAWAL,CR,NASHIK,MAHARASHTRA,9,118,5.7
68,BAGMAR,BMA,NSG6,BHUSAWAL,CR,EAST NIMAR,MADHYA PRADESH,9,118,5.7
69,BHADLI,BDI,NSG6,BHUSAWAL,CR,JALGAON,MAHARASHTRA,9,118,5.7
70,BISWA BRIDGE,BIS,NSG6,BHUSAWAL,CR,BULDHANA,MAHARASHTRA,9,118,5.7
71,BORGAON,BGN,NSG6,BHUSAWAL,CR,AKOLA,MAHARASHTRA,9,118,5.7
72,CHANDNI,CDI,NSG6,BHUSAWAL,CR,BURHANPUR,MADHYA PRADESH,9,118,5.7
73,CHANDUR BAZAR,CNDB,NSG6,BHUSAWAL,CR,AMRAVATI,MAHARASHTRA,9,118,5.7
74,DONGARGAON,DGN,NSG6,BHUSAWAL,CR,EAST NIMAR,MADHYA PRADESH,9,118,5.7
75,DUSKHEDA,DSK,NSG6,BHUSAWAL,CR,JALGAON,MAHARASHTRA,9,118,5.7
76,GAIGAON,GAO,NSG6,BHUSAWAL,CR,AKOLA,MAHARASHTRA,9,118,5.7
77,GALAN,GAA,NSG6,BHUSAWAL,CR,JALGAON,MAHARASHTRA,9,118,5.7
78,GHOTI,GO,NSG6,BHUSAWAL,CR,NASHIK,MAHARASHTRA,9,118,5.7
79,HIRAPUR,HPR,NSG6,BHUSAWAL,CR,JALGAON,MAHARASHTRA,9,118,5.7
80,HISVAHAL,HSL,NSG6,BHUSAWAL,CR,NASHIK,MAHARASHTRA,9,118,5.7
81,JALAMB JN.,JM,NSG6,BHUSAWAL,CR,BULDHANA,MAHARASHTRA,9,118,5.7
82,JAMDHA,JMD,NSG6,BHUSAWAL,CR,JALGAON,MAHARASHTRA,9,118,5.7
83,KAJGAON,KJ,NSG6,BHUSAWAL,CR,JALGAON,MAHARASHTRA,9,118,5.7
84,KASBE SUKENE,KBSN,NSG6,BHUSAWAL,CR,NASHIK,MAHARASHTRA,9,118,5.7
85,KATEPURNA,KTP,NSG6,BHUSAWAL,CR,AKOLA,MAHARASHTRA,9,118,5.7
86,KHAMGAON,KMN,NSG6,BHUSAWAL,CR,BULDHANA,MAHARASHTRA,9,118,5.7
87,KHAMKHED,KMKD,NSG6,BHUSAWAL,CR,BULDHANA,MAHARASHTRA,9,118,5.7
88,KHERWADI,KW,NSG6,BHUSAWAL,CR,NASHIK,MAHARASHTRA,9,118,5.7
89,KHUMGAON BURTI,KJL,NSG6,BHUSAWAL,CR,BULDHANA,MAHARASHTRA,9,118,5.7
90,KURAM,KUM,NSG6,BHUSAWAL,CR,AKOLA,MAHARASHTRA,9,118,5.7
91,LAHAVIT,LT,NSG6,BHUSAWAL,CR,NASHIK,MAHARASHTRA,9,118,5.7
92,MAHEJI,MYJ,NSG6,BHUSAWAL,CR,JALGAON,MAHARASHTRA,9,118,5.7
93,MANA,MANA,NSG6,BHUSAWAL,CR,AKOLA,MAHARASHTRA,9,118,5.7
94,MANDWA,MWA,NSG6,BHUSAWAL,CR,EAST NIMAR,MADHYA PRADESH,9,118,5.7
95,MHASAVAD,MWD,NSG6,BHUSAWAL,CR,JALGAON,MAHARASHTRA,9,118,5.7
96,NAGARDEVLA,NGD,NSG6,BHUSAWAL,CR,JALGAON,MAHARASHTRA,9,118,5.7
97,NAYDONGRI,NI,NSG6,BHUSAWAL,CR,NASHIK,MAHARASHTRA,9,118,5.7
98,NEW AMRAVATI,NAVI,NSG6,BHUSAWAL,CR,AMRAVATI,MAHARASHTRA,9,118,5.7
99,NIMBHORA,NB,NSG6,BHUSAWAL,CR,JALGAON,MAHARASHTRA,9,118,5.7
100,ODHA,ODHA,NSG6,BHUSAWAL,CR,NASHIK,MAHARASHTRA,9,118,5.7
101,PANJHAN,PJN,NSG6,BHUSAWAL,CR,NASHIK,MAHARASHTRA,9,118,5.7
102,PARAS,PS,NSG6,BHUSAWAL,CR,AKOLA,MAHARASHTRA,9,118,5.7
103,PARDHADE,PHQ,NSG6,BHUSAWAL,CR,JALGAON,MAHARASHTRA,9,118,5.7
104,PIMPARKHED,PKE,NSG6,BHUSAWAL,CR,NASHIK,MAHARASHTRA,9,118,5.7
105,SAVDA,SAV,NSG6,BHUSAWAL,CR,JALGAON,MAHARASHTRA,9,118,5.7
106,SHIRSOLI,SS,NSG6,BHUSAWAL,CR,JALGAON,MAHARASHTRA,9,118,5.7
107,SHIRUD,SHF,NSG6,BHUSAWAL,CR,DHULE,MAHARASHTRA,9,118,5.7
108,SHRI KSHETRA NAGJHARI,NGZ,NSG6,BHUSAWAL,CR,BULDHANA,MAHARASHTRA,9,118,5.7
109,SUMMIT,SUM,NSG6,BHUSAWAL,CR,NASHIK,MAHARASHTRA,9,118,5.7
110,TAKLI,TKI,NSG6,BHUSAWAL,CR,AMRAVATI,MAHARASHTRA,9,118,5.7
111,UGAON,UGN,NSG6,BHUSAWAL,CR,NASHIK,MAHARASHTRA,9,118,5.7
112,VAGHLI,VGL,NSG6,BHUSAWAL,CR,JALGAON,MAHARASHTRA,9,118,5.7
113,VARANGAON,VNA,NSG6,BHUSAWAL,CR,JALGAON,MAHARASHTRA,9,118,5.7
114,WADODA,WADO,NSG6,BHUSAWAL,CR,BULDHANA,MAHARASHTRA,9,118,5.7
115,WAGHODA,WGA,NSG6,BHUSAWAL,CR,JALGAON,MAHARASHTRA,9,118,5.7
116,WALGAON,WLGN,NSG6,BHUSAWAL,CR,AMRAVATI,MAHARASHTRA,9,118,5.7
117,YAVATMAL,YTL,NSG6,BHUSAWAL,CR,YAVATMAL,MAHARASHTRA,9,118,5.7
118,YEULKHED,YAD,NSG6,BHUSAWAL,CR,AKOLA,MAHARASHTRA,9,118,5.7
119,CHAUK,CHOK,HG2,MUMBAI,CR,RAIGAD,MAHARASHTRA,2,107,5.7
120,HAMARAPUR,HMRR,HG2,MUMBAI,CR,RAIGAD,MAHARASHTRA,2,107,5.7
121,JUICHANDRA,JCNR,HG2,MUMBAI,CR,THANE,MAHARASHTRA,2,107,5.7
122,KASU,KASU,HG2,MUMBAI,CR,RAIGAD,MAHARASHTRA,2,107,5.7
123,NAVADE ROAD,NVRD,HG2,MUMBAI,CR,RAIGAD,MAHARASHTRA,2,107,5.7
124,NIDI,NIDI,HG2,MUMBAI,CR,RAIGAD,MAHARASHTRA,2,107,5.7
125,CHIKHLI,CKHS,HG3,MUMBAI,CR,RAIGAD,MAHARASHTRA,3,107,5.7
126,MOHOPE,MHPE,HG3,MUMBAI,CR,RAIGAD,MAHARASHTRA,3,107,5.7
127,OOMBERMALI,OMB,HG3,MUMBAI,CR,THANE,MAHARASHTRA,3,107,5.7
128,RASAYANI,RSYI,HG3,MUMBAI,CR,RAIGAD,MAHARASHTRA,3,107,5.7
129,THANSIT,THS,HG3,MUMBAI,CR,THANE,MAHARASHTRA,3,107,5.7
130,C SHIVAJI MAH T,CSMT,NSG1,MUMBAI,CR,MUMBAI,MAHARASHTRA,4,107,5.7
131,DADAR,DR,NSG1,MUMBAI,CR,MUMBAI,MAHARASHTRA,4,107,5.7
132,KALYAN JN.,KYN,NSG1,MUMBAI,CR,THANE,MAHARASHTRA,4,107,5.7
133,LOKMANYA TILAK TERMI,LTT,NSG1,MUMBAI,CR,MUMBAI,MAHARASHTRA,4,107,5.7
134,PANVEL,PNVL,NSG1,MUMBAI,CR,RAIGAD,MAHARASHTRA,4,107,5.7
135,THANE,TNA,NSG1,MUMBAI,CR,THANE,MAHARASHTRA,4,107,5.7
136,LONAVALA,LNL,NSG3,MUMBAI,CR,PUNE,MAHARASHTRA,6,107,5.7
137,AMAN LODGE,ANLG,NSG4,MUMBAI,CR,RAIGAD,MAHARASHTRA,7,107,5.7
138,BHIVANDI ROAD,BIRD,NSG4,MUMBAI,CR,THANE,MAHARASHTRA,7,107,5.7
139,MATHERAN,MAE,NSG4,MUMBAI,CR,RAIGAD,MAHARASHTRA,7,107,5.7
140,IGATPURI,IGP,NSG5,MUMBAI,CR,NASHIK,MAHARASHTRA,8,107,5.7
141,ROHA,ROHA,NSG5,MUMBAI,CR,RAIGAD,MAHARASHTRA,8,107,5.7
142,APTA,APTA,NSG6,MUMBAI,CR,RAIGAD,MAHARASHTRA,9,107,5.7
143,JITE,JITE,NSG6,MUMBAI,CR,RAIGAD,MAHARASHTRA,9,107,5.7
144,KALAMBOLI,KLMC,NSG6,MUMBAI,CR,RAIGAD,MAHARASHTRA,9,107,5.7
145,KAMAN ROAD,KARD,NSG6,MUMBAI,CR,THANE,MAHARASHTRA,9,107,5.7
146,KHANDALA,KAD,NSG6,MUMBAI,CR,RAIGAD,MAHARASHTRA,9,107,5.7
147,KHARBAV,KHBV,NSG6,MUMBAI,CR,THANE,MAHARASHTRA,9,107,5.7
148,NAGOTHANE,NGTN,NSG6,MUMBAI,CR,RAIGAD,MAHARASHTRA,9,107,5.7
149,NILAJE,NIIJ,NSG6,MUMBAI,CR,THANE,MAHARASHTRA,9,107,5.7
150,PEN,PEN,NSG6,MUMBAI,CR,RAIGAD,MAHARASHTRA,9,107,5.7
151,SOMTANE,SMNE,NSG6,MUMBAI,CR,RAIGAD,MAHARASHTRA,9,107,5.7
152,TALOJA PANCHNAND,TPND,NSG6,MUMBAI,CR,RAIGAD,MAHARASHTRA,9,107,5.7
153,AMBARNATH,ABH,SG1,MUMBAI,CR,THANE,MAHARASHTRA,10,107,5.7
154,BADLAPUR,BUD,SG1,MUMBAI,CR,THANE,MAHARASHTRA,10,107,5.7
155,BHANDUP,BND,SG1,MUMBAI,CR,MUMBAI,MAHARASHTRA,10,107,5.7
156,DIVA,DIVA,SG1,MUMBAI,CR,THANE,MAHARASHTRA,10,107,5.7
157,DOMBIVLI,DI,SG1,MUMBAI,CR,THANE,MAHARASHTRA,10,107,5.7
158,GHATKOPAR,GC,SG1,MUMBAI,CR,MUMBAI,MAHARASHTRA,10,107,5.7
159,KURLA JN.,CLA,SG1,MUMBAI,CR,MUMBAI,MAHARASHTRA,10,107,5.7
160,MANKHURD,MNKD,SG1,MUMBAI,CR,MUMBAI,MAHARASHTRA,10,107,5.7
161,MULUND,MLND,SG1,MUMBAI,CR,MUMBAI,MAHARASHTRA,10,107,5.7
162,MUMBRA,MBQ,SG1,MUMBAI,CR,THANE,MAHARASHTRA,10,107,5.7
163,SION,SIN,SG1,MUMBAI,CR,MUMBAI,MAHARASHTRA,10,107,5.7
164,VIKHROLI,VK,SG1,MUMBAI,CR,MUMBAI,MAHARASHTRA,10,107,5.7
165,AIRAVALI,AIRL,SG2,MUMBAI,CR,THANE,MAHARASHTRA,11,107,5.7
166,AMBIVLI,ABY,SG2,MUMBAI,CR,THANE,MAHARASHTRA,11,107,5.7
167,BELAPUR C.B.D,BEPR,SG2,MUMBAI,CR,THANE,MAHARASHTRA,11,107,5.7
168,BYCULLA,BY,SG2,MUMBAI,CR,MUMBAI,MAHARASHTRA,11,107,5.7
169,CHEMBUR,CMBR,SG2,MUMBAI,CR,MUMBAI,MAHARASHTRA,11,107,5.7
170,CHINCHPOKLI,CHG,SG2,MUMBAI,CR,MUMBAI,MAHARASHTRA,11,107,5.7
171,COTTON GREEN,CTGN,SG2,MUMBAI,CR,MUMBAI,MAHARASHTRA,11,107,5.7
172,CURREY ROAD,CRD,SG2,MUMBAI,CR,MUMBAI,MAHARASHTRA,11,107,5.7
173,GHANSOLI,GNSL,SG2,MUMBAI,CR,THANE,MAHARASHTRA,11,107,5.7
174,GOVANDI,GV,SG2,MUMBAI,CR,MUMBAI,MAHARASHTRA,11,107,5.7
175,GURU TEGHBAHADURNAGA,GTBN,SG2,MUMBAI,CR,MUMBAI,MAHARASHTRA,11,107,5.7
176,JUINAGAR,JNJ,SG2,MUMBAI,CR,THANE,MAHARASHTRA,11,107,5.7
177,KALVA,KLVA,SG2,MUMBAI,CR,THANE,MAHARASHTRA,11,107,5.7
178,KANJUR MARG,KJRD,SG2,MUMBAI,CR,MUMBAI,MAHARASHTRA,11,107,5.7
179,KARJAT,KJT,SG2,MUMBAI,CR,RAIGAD,MAHARASHTRA,11,107,5.7
180,KHANDESHWAR,KNDS,SG2,MUMBAI,CR,RAIGAD,MAHARASHTRA,11,107,5.7
181,KHARGHAR,KHAG,SG2,MUMBAI,CR,RAIGAD,MAHARASHTRA,11,107,5.7
182,KINGS CIRCLE,KCE,SG2,MUMBAI,CR,MUMBAI,MAHARASHTRA,11,107,5.7
183,KOPARKHAIRANE,KPHN,SG2,MUMBAI,CR,THANE,MAHARASHTRA,11,107,5.7
184,MANSAROVAR,MANR,SG2,MUMBAI,CR,RAIGAD,MAHARASHTRA,11,107,5.7
185,MASJID,MSD,SG2,MUMBAI,CR,MUMBAI,MAHARASHTRA,11,107,5.7
186,MATUNGA,MTN,SG2,MUMBAI,CR,MUMBAI,MAHARASHTRA,11,107,5.7
187,NAHUR,NHU,SG2,MUMBAI,CR,MUMBAI SUBURBAN,MAHARASHTRA,11,107,5.7
188,NERUL,NEU,SG2,MUMBAI,CR,THANE,MAHARASHTRA,11,107,5.7
189,SANDHURST ROAD,SNRD,SG2,MUMBAI,CR,MUMBAI,MAHARASHTRA,11,107,5.7
190,SANPADA,SNCR,SG2,MUMBAI,CR,THANE,MAHARASHTRA,11,107,5.7
191,SEAWOODSDARAVE,SWDV,SG2,MUMBAI,CR,THANE,MAHARASHTRA,11,107,5.7
192,SEWRI,SVE,SG2,MUMBAI,CR,MUMBAI,MAHARASHTRA,11,107,5.7
193,SHAHAD,SHAD,SG2,MUMBAI,CR,THANE,MAHARASHTRA,11,107,5.7
194,THAKURLI,THK,SG2,MUMBAI,CR,THANE,MAHARASHTRA,11,107,5.7
195,TILAK NAGAR,TKNG,SG2,MUMBAI,CR,MUMBAI,MAHARASHTRA,11,107,5.7
196,TITWALA,TLA,SG2,MUMBAI,CR,THANE,MAHARASHTRA,11,107,5.7
197,ULHASNAGAR,ULNR,SG2,MUMBAI,CR,THANE,MAHARASHTRA,11,107,5.7
198,VADALA ROAD,VDLR,SG2,MUMBAI,CR,MUMBAI,MAHARASHTRA,11,107,5.7
199,VASHI,VSH,SG2,MUMBAI,CR,THANE,MAHARASHTRA,11,107,5.7
200,VIDYAVIHAR,VVH,SG2,MUMBAI,CR,MUMBAI,MAHARASHTRA,11,107,5.7
201,VITHALWADI,VLDI,SG2,MUMBAI,CR,THANE,MAHARASHTRA,11,107,5.7
202,ASANGAON,ASO,SG3,MUMBAI,CR,THANE,MAHARASHTRA,12,107,5.7
203,ATGAON,ATG,SG3,MUMBAI,CR,THANE,MAHARASHTRA,12,107,5.7
204,BAMANDONGRI,BMDR,SG3,MUMBAI,CR,RAIGAD,MAHARASHTRA,12,107,5.7
205,BHIVPURI ROAD,BVS,SG3,MUMBAI,CR,RAIGAD,MAHARASHTRA,12,107,5.7
206,CHUNABHATTI,CHF,SG3,MUMBAI,CR,MUMBAI,MAHARASHTRA,12,107,5.7
207,DOCKYARD ROAD,DKRD,SG3,MUMBAI,CR,MUMBAI,MAHARASHTRA,12,107,5.7
208,DOLAVALI,DLV,SG3,MUMBAI,CR,RAIGAD,MAHARASHTRA,12,107,5.7
209,KASARA,KSRA,SG3,MUMBAI,CR,THANE,MAHARASHTRA,12,107,5.7
210,KELAVLI,KLY,SG3,MUMBAI,CR,RAIGAD,MAHARASHTRA,12,107,5.7
211,KHADAVLI,KDV,SG3,MUMBAI,CR,THANE,MAHARASHTRA,12,107,5.7
212,KHARDI,KE,SG3,MUMBAI,CR,THANE,MAHARASHTRA,12,107,5.7
213,KHARKOPAR,KARP,SG3,MUMBAI,CR,RAIGAD,MAHARASHTRA,12,107,5.7
214,KHOPOLI,KHPI,SG3,MUMBAI,CR,RAIGAD,MAHARASHTRA,12,107,5.7
215,KOPAR,KOPR,SG3,MUMBAI,CR,THANE,MAHARASHTRA,12,107,5.7
216,LOWJEE,LWJ,SG3,MUMBAI,CR,RAIGAD,MAHARASHTRA,12,107,5.7
217,NERAL,NRL,SG3,MUMBAI,CR,RAIGAD,MAHARASHTRA,12,107,5.7
218,PALASDHARI,PDI,SG3,MUMBAI,CR,RAIGAD,MAHARASHTRA,12,107,5.7
219,PAREL,PR,SG3,MUMBAI,CR,MUMBAI,MAHARASHTRA,12,107,5.7
220,RABALE,RABE,SG3,MUMBAI,CR,THANE,MAHARASHTRA,12,107,5.7
221,REAY ROAD,RRD,SG3,MUMBAI,CR,MUMBAI,MAHARASHTRA,12,107,5.7
222,SHELU,SHLU,SG3,MUMBAI,CR,RAIGAD,MAHARASHTRA,12,107,5.7
223,TURBHE,TUH,SG3,MUMBAI,CR,THANE,MAHARASHTRA,12,107,5.7
224,VANGANI,VGI,SG3,MUMBAI,CR,THANE,MAHARASHTRA,12,107,5.7
225,VASIND,VSD,SG3,MUMBAI,CR,THANE,MAHARASHTRA,12,107,5.7
226,BARCHHI ROAD,BCRD,HG2,NAGPUR,CR,BETUL,MADHYA PRADESH,2,271,5.7
227,BARELIPAR,BQM,HG2,NAGPUR,CR,CHHINDWARA,MADHYA PRADESH,2,271,5.7
228,BENODA,BNOD,HG2,NAGPUR,CR,AMRAVATI,MAHARASHTRA,2,271,5.7
229,GANGIWARA,GNW,HG2,NAGPUR,CR,CHHINDWARA,MADHYA PRADESH,2,271,5.7
230,MARKADHANA,MKDN,HG2,NAGPUR,CR,CHHINDWARA,MADHYA PRADESH,2,271,5.7
231,MOWAD,MWAD,HG2,NAGPUR,CR,NAGPUR,MAHARASHTRA,2,271,5.7
232,VARUD,VADR,HG2,NAGPUR,CR,WARDHA,MAHARASHTRA,2,271,5.7
233,DARIMETA,DDMT,HG3,NAGPUR,CR,CHHINDWARA,MADHYA PRADESH,3,271,5.7
234,GHUDANKHAPA,GDKP,HG3,NAGPUR,CR,CHHINDWARA,MADHYA PRADESH,3,271,5.7
235,GONDWANA VISAPUR,GNVR,HG3,NAGPUR,CR,CHANDRAPUR,MAHARASHTRA,3,271,5.7
236,HATNAPUR,HTN,HG3,NAGPUR,CR,BETUL,MADHYA PRADESH,3,271,5.7
237,HIWARKHED,HKNT,HG3,NAGPUR,CR,AMRAVATI,MAHARASHTRA,3,271,5.7
238,LALAWADI,LLD,HG3,NAGPUR,CR,BETUL,MADHYA PRADESH,3,271,5.7
239,MAGARDOH,MGRD,HG3,NAGPUR,CR,BETUL,MADHYA PRADESH,3,271,5.7
240,MALKAPUR ROAD,MALK,HG3,NAGPUR,CR,BETUL,MADHYA PRADESH,3,271,5.7
241,TINKHEDA,TNH,HG3,NAGPUR,CR,NAGPUR,MAHARASHTRA,3,271,5.7
242,NAGPUR,NGP,NSG2,NAGPUR,CR,NAGPUR,MAHARASHTRA,5,271,5.7
243,BALHARSHAH,BPQ,NSG3,NAGPUR,CR,CHANDRAPUR,MAHARASHTRA,6,271,5.7
244,BETUL,BZU,NSG4,NAGPUR,CR,BETUL,MADHYA PRADESH,7,271,5.7
245,CHANDRAPUR (MAHARASH,CD,NSG4,NAGPUR,CR,CHANDRAPUR,MAHARASHTRA,7,271,5.7
246,SEVAGRAM,SEGM,NSG4,NAGPUR,CR,WARDHA,MAHARASHTRA,7,271,5.7
247,AJNI,AJNI,NSG5,NAGPUR,CR,NAGPUR,MAHARASHTRA,8,271,5.7
248,AMLA JN.,AMLA,NSG5,NAGPUR,CR,BETUL,MADHYA PRADESH,8,271,5.7
249,BHANDAK,BUX,NSG5,NAGPUR,CR,CHANDRAPUR,MAHARASHTRA,8,271,5.7
250,BHUGAON,BPK,NSG5,NAGPUR,CR,WARDHA,MAHARASHTRA,8,271,5.7
251,CHANDUR,CND,NSG5,NAGPUR,CR,AMRAVATI,MAHARASHTRA,8,271,5.7
252,DHAMANGAON,DMN,NSG5,NAGPUR,CR,AMRAVATI,MAHARASHTRA,8,271,5.7
253,GHORADONGRI,GDYA,NSG5,NAGPUR,CR,BETUL,MADHYA PRADESH,8,271,5.7
254,HINGANGHAT,HGT,NSG5,NAGPUR,CR,WARDHA,MAHARASHTRA,8,271,5.7
255,JUNNOR DEO,JNO,NSG5,NAGPUR,CR,CHHINDWARA,MADHYA PRADESH,8,271,5.7
256,KATOL,KATL,NSG5,NAGPUR,CR,NAGPUR,MAHARASHTRA,8,271,5.7
257,MULTAI,MTY,NSG5,NAGPUR,CR,BETUL,MADHYA PRADESH,8,271,5.7
258,NARKHER,NRKR,NSG5,NAGPUR,CR,NAGPUR,MAHARASHTRA,8,271,5.7
259,PANDHURNA,PAR,NSG5,NAGPUR,CR,CHHINDWARA,MADHYA PRADESH,8,271,5.7
260,PARASIA,PUX,NSG5,NAGPUR,CR,CHHINDWARA,MADHYA PRADESH,8,271,5.7
261,PULGAON JN.,PLO,NSG5,NAGPUR,CR,WARDHA,MAHARASHTRA,8,271,5.7
262,WARDHA JN.,WR,NSG5,NAGPUR,CR,WARDHA,MAHARASHTRA,8,271,5.7
263,WARORA,WRR,NSG5,NAGPUR,CR,CHANDRAPUR,MAHARASHTRA,8,271,5.7
264,BABUPETH,BUPH,NSG6,NAGPUR,CR,CHANDRAPUR,MAHARASHTRA,9,271,5.7
265,BARBATPUR,BBTR,NSG6,NAGPUR,CR,HOSHANGABAD,MADHYA PRADESH,9,271,5.7
266,BARSALI,BYS,NSG6,NAGPUR,CR,BETUL,MADHYA PRADESH,9,271,5.7
267,BHARATWADA,BWRA,NSG6,NAGPUR,CR,NAGPUR,MAHARASHTRA,9,271,5.7
268,BORDHAI,BXY,NSG6,NAGPUR,CR,CHHINDWARA,MADHYA PRADESH,9,271,5.7
269,BORKHEDI,BOK,NSG6,NAGPUR,CR,NAGPUR,MAHARASHTRA,9,271,5.7
270,BUTI BORI,BTBR,NSG6,NAGPUR,CR,NAGPUR,MAHARASHTRA,9,271,5.7
271,CHICHONDA,CCD,NSG6,NAGPUR,CR,BETUL,MADHYA PRADESH,9,271,5.7
272,CHIKNI ROAD,CKNI,NSG6,NAGPUR,CR,CHANDRAPUR,MAHARASHTRA,9,271,5.7
273,DAHEGAON,DAE,NSG6,NAGPUR,CR,WARDHA,MAHARASHTRA,9,271,5.7
274,DHARAKHOH,DHQ,NSG6,NAGPUR,CR,BETUL,MADHYA PRADESH,9,271,5.7
275,DHODRA MOHAR,DOH,NSG6,NAGPUR,CR,BETUL,MADHYA PRADESH,9,271,5.7
276,GODHANI,GNQ,NSG6,NAGPUR,CR,NAGPUR,MAHARASHTRA,9,271,5.7
277,GUMGAON,GMG,NSG6,NAGPUR,CR,NAGPUR,MAHARASHTRA,9,271,5.7
278,HIRDAGARH,HRG,NSG6,NAGPUR,CR,CHHINDWARA,MADHYA PRADESH,9,271,5.7
279,IKLEHRA,IKR,NSG6,NAGPUR,CR,CHHINDWARA,MADHYA PRADESH,9,271,5.7
280,JAMBARA,JMV,NSG6,NAGPUR,CR,BETUL,MADHYA PRADESH,9,271,5.7
281,JAULKHERA,JKR,NSG6,NAGPUR,CR,BETUL,MADHYA PRADESH,9,271,5.7
282,KALA AKHAR,KQE,NSG6,NAGPUR,CR,HOSHANGABAD,MADHYA PRADESH,9,271,5.7
283,KALAMBHA,KLBA,NSG6,NAGPUR,CR,NAGPUR,MAHARASHTRA,9,271,5.7
284,KALMESHWAR,KSWR,NSG6,NAGPUR,CR,NAGPUR,MAHARASHTRA,9,271,5.7
285,KAOTHA,KAOT,NSG6,NAGPUR,CR,WARDHA,MAHARASHTRA,9,271,5.7
286,KAYAR,KAYR,NSG6,NAGPUR,CR,YAVATMAL,MAHARASHTRA,9,271,5.7
287,KHAPRI,KRI,NSG6,NAGPUR,CR,NAGPUR,MAHARASHTRA,9,271,5.7
288,KIRATGARH,KRTH,NSG6,NAGPUR,CR,HOSHANGABAD,MADHYA PRADESH,9,271,5.7
289,KOHLI,KOHL,NSG6,NAGPUR,CR,NAGPUR,MAHARASHTRA,9,271,5.7
290,LINGTI,LNT,NSG6,NAGPUR,CR,YAVATMAL,MAHARASHTRA,9,271,5.7
291,MAJRI JN.,MJRI,NSG6,NAGPUR,CR,CHANDRAPUR,MAHARASHTRA,9,271,5.7
292,MAJRIKHADAN,MJKN,NSG6,NAGPUR,CR,CHANDRAPUR,MAHARASHTRA,9,271,5.7
293,MALKHED,MLR,NSG6,NAGPUR,CR,AMRAVATI,MAHARASHTRA,9,271,5.7
294,MARAMJHIRI,MJY,NSG6,NAGPUR,CR,BETUL,MADHYA PRADESH,9,271,5.7
295,METPANJRA,MER,NSG6,NAGPUR,CR,NAGPUR,MAHARASHTRA,9,271,5.7
296,MORSHI,MRSH,NSG6,NAGPUR,CR,AMRAVATI,MAHARASHTRA,9,271,5.7
297,NAGRI,NGI,NSG6,NAGPUR,CR,CHANDRAPUR,MAHARASHTRA,9,271,5.7
298,NAWEGAON,NVG,NSG6,NAGPUR,CR,CHHINDWARA,MADHYA PRADESH,9,271,5.7
299,PALACHAURI,PCLI,NSG6,NAGPUR,CR,CHHINDWARA,MADHYA PRADESH,9,271,5.7
300,PIMPALKHUTI,PMKT,NSG6,NAGPUR,CR,YAVATMAL,MAHARASHTRA,9,271,5.7
301,PUSLA,PUSA,NSG6,NAGPUR,CR,AMRAVATI,MAHARASHTRA,9,271,5.7
302,SAHELI,SAHL,NSG6,NAGPUR,CR,HOSHANGABAD,MADHYA PRADESH,9,271,5.7
303,SELOO ROAD,SLOR,NSG6,NAGPUR,CR,WARDHA,MAHARASHTRA,9,271,5.7
304,SINDI,SNI,NSG6,NAGPUR,CR,NAGPUR,MAHARASHTRA,9,271,5.7
305,SONEGAON,SNN,NSG6,NAGPUR,CR,WARDHA,MAHARASHTRA,9,271,5.7
306,SONKHAMB,SNKB,NSG6,NAGPUR,CR,NAGPUR,MAHARASHTRA,9,271,5.7
307,TADALI,TAE,NSG6,NAGPUR,CR,CHANDRAPUR,MAHARASHTRA,9,271,5.7
308,TAKU,TAKU,NSG6,NAGPUR,CR,HOSHANGABAD,MADHYA PRADESH,9,271,5.7
309,TALNI,TLN,NSG6,NAGPUR,CR,BULDHANA,MAHARASHTRA,9,271,5.7
310,TEEGAON,TEO,NSG6,NAGPUR,CR,CHHINDWARA,MADHYA PRADESH,9,271,5.7
311,TIMTALA,TMT,NSG6,NAGPUR,CR,AMRAVATI,MAHARASHTRA,9,271,5.7
312,TULJAPUR,TGP,NSG6,NAGPUR,CR,WARDHA,MAHARASHTRA,9,271,5.7
313,WAGHOLI,WG,NSG6,NAGPUR,CR,WARDHA,MAHARASHTRA,9,271,5.7
314,WANI,WANI,NSG6,NAGPUR,CR,YAVATMAL,MAHARASHTRA,9,271,5.7
315,WARUD ORANGE CITY,WOC,NSG6,NAGPUR,CR,AMRAVATI,MAHARASHTRA,9,271,5.7
316,KADETHAN,KDTN,HG2,PUNE,CR,PUNE,MAHARASHTRA,2,72,5.7
317,KANHE,KNHE,HG2,PUNE,CR,PUNE,MAHARASHTRA,2,72,5.7
318,KATPHAL,KFH,HG2,PUNE,CR,PUNE,MAHARASHTRA,2,72,5.7
319,KHUTBAV,KTT,HG2,PUNE,CR,PUNE,MAHARASHTRA,2,72,5.7
320,MANJARI BUDRUK,MJBK,HG2,PUNE,CR,PUNE,MAHARASHTRA,2,72,5.7
321,SHIRSAI,SSI,HG2,PUNE,CR,PUNE,MAHARASHTRA,2,72,5.7
322,VISHRAMBAG,VRB,HG2,PUNE,CR,SANGLI,MAHARASHTRA,2,72,5.7
323,AMNAPUR,ANQ,HG3,PUNE,CR,SANGLI,MAHARASHTRA,3,72,5.7
324,MADHAVNAGAR,MDVR,HG3,PUNE,CR,SANGLI,MAHARASHTRA,3,72,5.7
325,MALADGAON,MDDG,HG3,PUNE,CR,PUNE,MAHARASHTRA,3,72,5.7
326,NIMSHIRGAON TAMDALGE,NMGT,HG3,PUNE,CR,KOLHAPUR,MAHARASHTRA,3,72,5.7
327,PHALTAN,PLLD,HG3,PUNE,CR,SATARA,MAHARASHTRA,3,72,5.7
328,SURWADI,SWLN,HG3,PUNE,CR,SATARA,MAHARASHTRA,3,72,5.7
329,TARADGAON,TGLN,HG3,PUNE,CR,SATARA,MAHARASHTRA,3,72,5.7
330,PUNE JN.,PUNE,NSG1,PUNE,CR,PUNE,MAHARASHTRA,4,72,5.7
331,CHHATRAPATI SHAHU MAHARAJ TERMINUS,KOP,NSG3,PUNE,CR,KOLHAPUR,MAHARASHTRA,6,72,5.7
332,MIRAJ JN.,MRJ,NSG3,PUNE,CR,SANGLI,MAHARASHTRA,6,72,5.7
333,BARAMATI,BRMT,NSG5,PUNE,CR,PUNE,MAHARASHTRA,8,72,5.7
334,HATKANANGALE,HTK,NSG5,PUNE,CR,KOLHAPUR,MAHARASHTRA,8,72,5.7
335,JAYASINGPUR,JSP,NSG5,PUNE,CR,KOLHAPUR,MAHARASHTRA,8,72,5.7
336,JEJURI,JJR,NSG5,PUNE,CR,PUNE,MAHARASHTRA,8,72,5.7
337,KARAD,KRD,NSG5,PUNE,CR,SATARA,MAHARASHTRA,8,72,5.7
338,KEDGAON,KDG,NSG5,PUNE,CR,PUNE,MAHARASHTRA,8,72,5.7
339,KIRLOSKARVADI,KOV,NSG5,PUNE,CR,SANGLI,MAHARASHTRA,8,72,5.7
340,SANGLI,SLI,NSG5,PUNE,CR,SANGLI,MAHARASHTRA,8,72,5.7
341,SATARA,STR,NSG5,PUNE,CR,SATARA,MAHARASHTRA,8,72,5.7
342,URULI,URI,NSG5,PUNE,CR,PUNE,MAHARASHTRA,8,72,5.7
343,VALIVADE,VV,NSG5,PUNE,CR,KOLHAPUR,MAHARASHTRA,8,72,5.7
344,ADARKI,AKI,NSG6,PUNE,CR,SATARA,MAHARASHTRA,9,72,5.7
345,ALANDI,ALN,NSG6,PUNE,CR,PUNE,MAHARASHTRA,9,72,5.7
346,AMBALE,ABLE,NSG6,PUNE,CR,PUNE,MAHARASHTRA,9,72,5.7
347,BHAVANINAGAR,BVNR,NSG6,PUNE,CR,SANGLI,MAHARASHTRA,9,72,5.7
348,BHILAVDI,BVQ,NSG6,PUNE,CR,SANGLI,MAHARASHTRA,9,72,5.7
349,DAUNDAJ,DNJ,NSG6,PUNE,CR,PUNE,MAHARASHTRA,9,72,5.7
350,HADAPSAR,HDP,NSG6,PUNE,CR,PUNE,MAHARASHTRA,9,72,5.7
351,JARANDESHWAR,JSV,NSG6,PUNE,CR,SATARA,MAHARASHTRA,9,72,5.7
352,KOREGAON,KRG,NSG6,PUNE,CR,SATARA,MAHARASHTRA,9,72,5.7
353,LONAND JN.,LNN,NSG6,PUNE,CR,SATARA,MAHARASHTRA,9,72,5.7
354,LONI,LONI,NSG6,PUNE,CR,PUNE,MAHARASHTRA,9,72,5.7
355,MASUR,MSR,NSG6,PUNE,CR,SATARA,MAHARASHTRA,9,72,5.7
356,NANDRE,NDE,NSG6,PUNE,CR,SANGLI,MAHARASHTRA,9,72,5.7
357,NIRA,NIRA,NSG6,PUNE,CR,PUNE,MAHARASHTRA,9,72,5.7
358,PALSI,PLV,NSG6,PUNE,CR,SATARA,MAHARASHTRA,9,72,5.7
359,PATAS,PAA,NSG6,PUNE,CR,PUNE,MAHARASHTRA,9,72,5.7
360,PHURSUNGI,FSG,NSG6,PUNE,CR,PUNE,MAHARASHTRA,9,72,5.7
361,RAHIMATPUR,RMP,NSG6,PUNE,CR,SATARA,MAHARASHTRA,9,72,5.7
362,RAJEVADI,RJW,NSG6,PUNE,CR,PUNE,MAHARASHTRA,9,72,5.7
363,RUKADI,RKD,NSG6,PUNE,CR,KOLHAPUR,MAHARASHTRA,9,72,5.7
364,SALPA,SLP,NSG6,PUNE,CR,SATARA,MAHARASHTRA,9,72,5.7
365,SASVAD ROAD,SSV,NSG6,PUNE,CR,PUNE,MAHARASHTRA,9,72,5.7
366,SHENOLI,SNE,NSG6,PUNE,CR,SATARA,MAHARASHTRA,9,72,5.7
367,SHINDAWANE,SHIV,NSG6,PUNE,CR,PUNE,MAHARASHTRA,9,72,5.7
368,SHIRAVDE,SIW,NSG6,PUNE,CR,SATARA,MAHARASHTRA,9,72,5.7
369,TAKARI,TKR,NSG6,PUNE,CR,SANGLI,MAHARASHTRA,9,72,5.7
370,TARGAON,TAZ,NSG6,PUNE,CR,SATARA,MAHARASHTRA,9,72,5.7
371,VALHA,WLH,NSG6,PUNE,CR,PUNE,MAHARASHTRA,9,72,5.7
372,WATHAR,WTR,NSG6,PUNE,CR,SATARA,MAHARASHTRA,9,72,5.7
373,YEVAT,YT,NSG6,PUNE,CR,PUNE,MAHARASHTRA,9,72,5.7
374,AKURDI,AKRD,SG3,PUNE,CR,PUNE,MAHARASHTRA,12,72,5.7
375,BEGDEWADI,BGWI,SG3,PUNE,CR,PUNE,MAHARASHTRA,12,72,5.7
376,CHINCHVAD,CCH,SG3,PUNE,CR,PUNE,MAHARASHTRA,12,72,5.7
377,DAPODI,DAPD,SG3,PUNE,CR,PUNE,MAHARASHTRA,12,72,5.7
378,DEHU ROAD,DEHR,SG3,PUNE,CR,PUNE,MAHARASHTRA,12,72,5.7
379,GHORAWADI,GRWD,SG3,PUNE,CR,PUNE,MAHARASHTRA,12,72,5.7
380,KAMSHET,KMST,SG3,PUNE,CR,PUNE,MAHARASHTRA,12,72,5.7
381,KASARWADI,KSWD,SG3,PUNE,CR,PUNE,MAHARASHTRA,12,72,5.7
382,KHADKI,KK,SG3,PUNE,CR,PUNE,MAHARASHTRA,12,72,5.7
383,MALAVLI,MVL,SG3,PUNE,CR,PUNE,MAHARASHTRA,12,72,5.7
384,PIMPRI,PMP,SG3,PUNE,CR,PUNE,MAHARASHTRA,12,72,5.7
385,SHIVAJI NAGAR,SVJR,SG3,PUNE,CR,PUNE,MAHARASHTRA,12,72,5.7
386,TALEGAON,TGN,SG3,PUNE,CR,PUNE,MAHARASHTRA,12,72,5.7
387,VADGAON,VDN,SG3,PUNE,CR,PUNE,MAHARASHTRA,12,72,5.7
388,ASHTI,AHI,HG3,SOLAPUR,CR,SOLAPUR,MAHARASHTRA,3,94,5.7
389,BELANKI,BLNK,HG3,SOLAPUR,CR,SANGLI,MAHARASHTRA,3,94,5.7
390,HARANGUL,HGL,HG3,SOLAPUR,CR,LATUR,MAHARASHTRA,3,94,5.7
391,JAVALE,JVA,HG3,SOLAPUR,CR,SOLAPUR,MAHARASHTRA,3,94,5.7
392,KADA,KDAA,HG3,SOLAPUR,CR,AHMEDNAGAR,MAHARASHTRA,3,94,5.7
393,KALAMB ROAD,KMRD,HG3,SOLAPUR,CR,OSMANABAD,MAHARASHTRA,3,94,5.7
394,LANGARPETH,LNP,HG3,SOLAPUR,CR,SANGLI,MAHARASHTRA,3,94,5.7
395,MHASOBA DONGARGAON,MSDG,HG3,SOLAPUR,CR,SOLAPUR,MAHARASHTRA,3,94,5.7
396,MURUD,MRX,HG3,SOLAPUR,CR,LATUR,MAHARASHTRA,3,94,5.7
397,NARAYANDOHO,NYDO,HG3,SOLAPUR,CR,AHMEDNAGAR,MAHARASHTRA,3,94,5.7
398,NEW DHANORA,NDNR,HG3,SOLAPUR,CR,BEED,MAHARASHTRA,3,94,5.7
399,NEW LONI,NLNI,HG3,SOLAPUR,CR,BEED,MAHARASHTRA,3,94,5.7
400,NIMBLAK,NNB,HG3,SOLAPUR,CR,AHMEDNAGAR,MAHARASHTRA,3,94,5.7
401,NIPANI VADGAON,NPW,HG3,SOLAPUR,CR,AHMEDNAGAR,MAHARASHTRA,3,94,5.7
402,PATHROT,PTRT,HG3,SOLAPUR,CR,AMRAVATI,MAHARASHTRA,3,94,5.7
403,SOLAPURWADI,SPWI,HG3,SOLAPUR,CR,BEED,MAHARASHTRA,3,94,5.7
404,WASUD,WSD,HG3,SOLAPUR,CR,SOLAPUR,MAHARASHTRA,3,94,5.7
405,SOLAPUR,SUR,NSG2,SOLAPUR,CR,SOLAPUR,MAHARASHTRA,5,94,5.7
406,AHMADNAGAR.,ANG,NSG3,SOLAPUR,CR,AHMEDNAGAR,MAHARASHTRA,6,94,5.7
407,DAUND JN.,DD,NSG3,SOLAPUR,CR,PUNE,MAHARASHTRA,6,94,5.7
408,KALABURAGI,KLBG,NSG3,SOLAPUR,CR,BAGALKOTE,KARNATAKA,6,94,5.7
409,KOPARGAON,KPG,NSG3,SOLAPUR,CR,AHMEDNAGAR,MAHARASHTRA,6,94,5.7
410,SAINAGAR SHIRDI,SNSI,NSG3,SOLAPUR,CR,AHMEDNAGAR,MAHARASHTRA,6,94,5.7
411,KURDUWADI,KWV,NSG4,SOLAPUR,CR,SOLAPUR,MAHARASHTRA,7,94,5.7
412,LATUR,LUR,NSG4,SOLAPUR,CR,LATUR,MAHARASHTRA,7,94,5.7
413,PANDHARPUR,PVR,NSG4,SOLAPUR,CR,SOLAPUR,MAHARASHTRA,7,94,5.7
414,WADI,WADI,NSG4,SOLAPUR,CR,KALABURAGI,KARNATAKA,7,94,5.7
415,AKALKOT ROAD,AKOR,NSG5,SOLAPUR,CR,SOLAPUR,MAHARASHTRA,8,94,5.7
416,BARSI TOWN,BTW,NSG5,SOLAPUR,CR,SOLAPUR,MAHARASHTRA,8,94,5.7
417,BELAPUR,BAP,NSG5,SOLAPUR,CR,AHMEDNAGAR,MAHARASHTRA,8,94,5.7
418,DAUND CHORDLINE,DDCC,NSG5,SOLAPUR,CR,PUNE,MAHARASHTRA,8,94,5.7
419,DUDHANI,DUD,NSG5,SOLAPUR,CR,SOLAPUR,MAHARASHTRA,8,94,5.7
420,GANAGAPUR ROAD,GUR,NSG5,SOLAPUR,CR,KALABURAGI,KARNATAKA,8,94,5.7
421,HOTGI,HG,NSG5,SOLAPUR,CR,SOLAPUR,MAHARASHTRA,8,94,5.7
422,JEUR,JEUR,NSG5,SOLAPUR,CR,SOLAPUR,MAHARASHTRA,8,94,5.7
423,SHAHABAD,SDB,NSG5,SOLAPUR,CR,KALABURAGI,KARNATAKA,8,94,5.7
424,USMANABAD,UMD,NSG5,SOLAPUR,CR,OSMANABAD,MAHARASHTRA,8,94,5.7
425,AKOLNER,AKR,NSG6,SOLAPUR,CR,AHMEDNAGAR,MAHARASHTRA,9,94,5.7
426,ANGAR,AAG,NSG6,SOLAPUR,CR,SOLAPUR,MAHARASHTRA,9,94,5.7
427,ARAG,ARAG,NSG6,SOLAPUR,CR,SANGLI,MAHARASHTRA,9,94,5.7
428,AUSA ROAD,OSA,NSG6,SOLAPUR,CR,LATUR,MAHARASHTRA,9,94,5.7
429,BABLAD,BBD,NSG6,SOLAPUR,CR,KALABURAGI,KARNATAKA,9,94,5.7
430,BALE,BALE,NSG6,SOLAPUR,CR,SOLAPUR,MAHARASHTRA,9,94,5.7
431,BELVANDI,BWD,NSG6,SOLAPUR,CR,AHMEDNAGAR,MAHARASHTRA,9,94,5.7
432,BHIGWAN,BGVN,NSG6,SOLAPUR,CR,PUNE,MAHARASHTRA,9,94,5.7
433,BORIBIAL,BRB,NSG6,SOLAPUR,CR,PUNE,MAHARASHTRA,9,94,5.7
434,BOROTI,BOT,NSG6,SOLAPUR,CR,SOLAPUR,MAHARASHTRA,9,94,5.7
435,CHITALI,CIT,NSG6,SOLAPUR,CR,AHMEDNAGAR,MAHARASHTRA,9,94,5.7
436,DHALGAON,DLGN,NSG6,SOLAPUR,CR,SANGLI,MAHARASHTRA,9,94,5.7
437,DHAVALAS,DHS,NSG6,SOLAPUR,CR,SOLAPUR,MAHARASHTRA,9,94,5.7
438,DHOKI,DKY,NSG6,SOLAPUR,CR,OSMANABAD,MAHARASHTRA,9,94,5.7
439,GAUDGAON.,GDGN,NSG6,SOLAPUR,CR,KALABURAGI,KARNATAKA,9,94,5.7
440,HIRENANDURU,HQR,NSG6,SOLAPUR,CR,KALABURAGI,KARNATAKA,9,94,5.7
441,HUNSIHADGIL,HHD,NSG6,SOLAPUR,CR,KALABURAGI,KARNATAKA,9,94,5.7
442,JATH ROAD,JTRD,NSG6,SOLAPUR,CR,SANGLI,MAHARASHTRA,9,94,5.7
443,JINTI ROAD,JNTR,NSG6,SOLAPUR,CR,SOLAPUR,MAHARASHTRA,9,94,5.7
444,KANHEGAON,KNGN,NSG6,SOLAPUR,CR,AHMEDNAGAR,MAHARASHTRA,9,94,5.7
445,KASHTI,KSTH,NSG6,SOLAPUR,CR,AHMEDNAGAR,MAHARASHTRA,9,94,5.7
446,KAVATHE-MAHANKAL,KVK,NSG6,SOLAPUR,CR,SANGLI,MAHARASHTRA,9,94,5.7
447,KEM,KEM,NSG6,SOLAPUR,CR,SOLAPUR,MAHARASHTRA,9,94,5.7
448,KULALI,KUI,NSG6,SOLAPUR,CR,KALABURAGI,KARNATAKA,9,94,5.7
449,MADHA,MA,NSG6,SOLAPUR,CR,SOLAPUR,MAHARASHTRA,9,94,5.7
450,MALIKPETH,MKPT,NSG6,SOLAPUR,CR,SOLAPUR,MAHARASHTRA,9,94,5.7
451,MALTHAN,MLM,NSG6,SOLAPUR,CR,PUNE,MAHARASHTRA,9,94,5.7
452,MARTUR,MR,NSG6,SOLAPUR,CR,KALABURAGI,KARNATAKA,9,94,5.7
453,MODNIMB,MLB,NSG6,SOLAPUR,CR,SOLAPUR,MAHARASHTRA,9,94,5.7
454,MOHOL,MO,NSG6,SOLAPUR,CR,SOLAPUR,MAHARASHTRA,9,94,5.7
455,MUNDHEWADI,MVE,NSG6,SOLAPUR,CR,SOLAPUR,MAHARASHTRA,9,94,5.7
456,NAGANSUR,NGS,NSG6,SOLAPUR,CR,SOLAPUR,MAHARASHTRA,9,94,5.7
457,PADHEGAON,PDGN,NSG6,SOLAPUR,CR,AHMEDNAGAR,MAHARASHTRA,9,94,5.7
458,PAKNI,PK,NSG6,SOLAPUR,CR,SOLAPUR,MAHARASHTRA,9,94,5.7
459,PANGRI,PJR,NSG6,SOLAPUR,CR,OSMANABAD,MAHARASHTRA,9,94,5.7
460,PAREWADI,PRWD,NSG6,SOLAPUR,CR,SOLAPUR,MAHARASHTRA,9,94,5.7
461,POPHLAJ,PPJ,NSG6,SOLAPUR,CR,SOLAPUR,MAHARASHTRA,9,94,5.7
462,PUNTAMBA,PB,NSG6,SOLAPUR,CR,AHMEDNAGAR,MAHARASHTRA,9,94,5.7
463,RAHURI,RRI,NSG6,SOLAPUR,CR,AHMEDNAGAR,MAHARASHTRA,9,94,5.7
464,RANJANGAON ROAD,RNJD,NSG6,SOLAPUR,CR,AHMEDNAGAR,MAHARASHTRA,9,94,5.7
465,SANGOLA,SGLA,NSG6,SOLAPUR,CR,AHMEDNAGAR,MAHARASHTRA,9,94,5.7
466,SAROLA,SRL,NSG6,SOLAPUR,CR,PUNE,MAHARASHTRA,9,94,5.7
467,SAWALGI,SVG,NSG6,SOLAPUR,CR,KALABURAGI,KARNATAKA,9,94,5.7
468,SHENDRI,SEI,NSG6,SOLAPUR,CR,SOLAPUR,MAHARASHTRA,9,94,5.7
469,SHRIGONDA ROAD,SGND,NSG6,SOLAPUR,CR,AHMEDNAGAR,MAHARASHTRA,9,94,5.7
470,SULGARE,SGRE,NSG6,SOLAPUR,CR,SANGLI,MAHARASHTRA,9,94,5.7
471,TAJ SULTANPUR,TJSP,NSG6,SOLAPUR,CR,KALABURAGI,KARNATAKA,9,94,5.7
472,TIKEKARWADI,TKWD,NSG6,SOLAPUR,CR,SOLAPUR,MAHARASHTRA,9,94,5.7
473,TILATI,TLT,NSG6,SOLAPUR,CR,SOLAPUR,MAHARASHTRA,9,94,5.7
474,VAKAV,WKA,NSG6,SOLAPUR,CR,SOLAPUR,MAHARASHTRA,9,94,5.7
475,VAMBORI,VBR,NSG6,SOLAPUR,CR,AHMEDNAGAR,MAHARASHTRA,9,94,5.7
476,VILAD,VL,NSG6,SOLAPUR,CR,AHMEDNAGAR,MAHARASHTRA,9,94,5.7
477,VISAPUR,VPR,NSG6,SOLAPUR,CR,AHMEDNAGAR,MAHARASHTRA,9,94,5.7
478,WADSINGE,WDS,NSG6,SOLAPUR,CR,SOLAPUR,MAHARASHTRA,9,94,5.7
479,WASHIMBE,WSB,NSG6,SOLAPUR,CR,SOLAPUR,MAHARASHTRA,9,94,5.7
480,YEDSHI,YSI,NSG6,SOLAPUR,CR,OSMANABAD,MAHARASHTRA,9,94,5.7
481,YEOLA,YL,NSG6,SOLAPUR,CR,NASHIK,MAHARASHTRA,9,94,5.7
482,BAGADIA PH,BGDI,HG2,KHURDA ROAD,ECOR,JAGATSINGHAPUR,ODISHA,2,145,3.84
483,BANABIHARI GWALIPUR,BNHR,HG2,KHURDA ROAD,ECOR,JAGATSINGHAPUR,ODISHA,2,145,3.84
484,CHATRAPUR COURT PH,CAPC,HG2,KHURDA ROAD,ECOR,GANJAM,ODISHA,2,145,3.84
485,DANDIMAL PH,DNDL,HG2,KHURDA ROAD,ECOR,DHENKANAL,ODISHA,2,145,3.84
486,DULAKHAPATNA PH,DLPT,HG2,KHURDA ROAD,ECOR,JAJAPUR,ODISHA,2,145,3.84
487,JANKIDEIPUR PH,JKDP,HG2,KHURDA ROAD,ECOR,PURI,ODISHA,2,145,3.84
488,JHANKADA SARALA ROAD,JSRD,HG2,KHURDA ROAD,ECOR,JAGATSINGHAPUR,ODISHA,2,145,3.84
489,KALIJAI - PH,KLJI,HG2,KHURDA ROAD,ECOR,GANJAM,ODISHA,2,145,3.84
490,KAPALI ROAD PH,KPLD,HG2,KHURDA ROAD,ECOR,BHADRAK,ODISHA,2,145,3.84
491,KATHAJORI PH,KTJI,HG2,KHURDA ROAD,ECOR,CUTTACK,ODISHA,2,145,3.84
492,LINGARAJ TEMPLE ROAD,LGTR,HG2,KHURDA ROAD,ECOR,KHORDHA,ODISHA,2,145,3.84
493,MUKTESWARPURI PH,MKTP,HG2,KHURDA ROAD,ECOR,KHORDHA,ODISHA,2,145,3.84
494,NIMAKANA PH,NIN,HG2,KHURDA ROAD,ECOR,JAGATSINGHAPUR,ODISHA,2,145,3.84
495,PATIA PH,PTAB,HG2,KHURDA ROAD,ECOR,KHORDHA,ODISHA,2,145,3.84
496,SHYAMACHARANPUR PH,SCPR,HG2,KHURDA ROAD,ECOR,DHENKANAL,ODISHA,2,145,3.84
497,TALCHER THERMAL PH,TTPT,HG2,KHURDA ROAD,ECOR,ANUGUL,ODISHA,2,145,3.84
498,VANIVIHAR PH,BNBH,HG2,KHURDA ROAD,ECOR,KHORDHA,ODISHA,2,145,3.84
499,ARGUL PH,ARGL,HG3,KHURDA ROAD,ECOR,KHORDHA,ODISHA,3,145,3.84
500,BADAKHANDIAITA,BDKT,HG3,KHURDA ROAD,ECOR,JAGATSINGHAPUR,ODISHA,3,145,3.84
501,BADAPADAGAON PH,BDPG,HG3,KHURDA ROAD,ECOR,CUTTACK,ODISHA,3,145,3.84
502,BOLAGARH TOWN PH,BORT,HG3,KHURDA ROAD,ECOR,KHORDHA,ODISHA,3,145,3.84
503,BRAHMANI PH,BRMI,HG3,KHURDA ROAD,ECOR,JAJAPUR,ODISHA,3,145,3.84
504,DHAULIMUHAN PH,DLMH,HG3,KHURDA ROAD,ECOR,KHORDHA,ODISHA,3,145,3.84
505,GOLABAI PH,GLBA,HG3,KHURDA ROAD,ECOR,KHORDHA,ODISHA,3,145,3.84
506,GOPALPUR BALIKUDA PH,GBK,HG3,KHURDA ROAD,ECOR,CUTTACK,ODISHA,3,145,3.84
507,GOPINATH JEW BAN,GNJB,HG3,KHURDA ROAD,ECOR,JAGATSINGHAPUR,ODISHA,3,145,3.84
508,JENAPUR ROAD PH,JPRD,HG3,KHURDA ROAD,ECOR,PURI,ODISHA,3,145,3.84
509,MAHADIA PH,MHDB,HG3,KHURDA ROAD,ECOR,DHENKANAL,ODISHA,3,145,3.84
510,MANGULI-CHOUDWAR PH,MACR,HG3,KHURDA ROAD,ECOR,CUTTACK,ODISHA,3,145,3.84
511,MATTAGAJAPUR,MTND,HG3,KHURDA ROAD,ECOR,CUTTACK,ODISHA,3,145,3.84
512,NAYABHAGIRATHIPUR PH,NBT,HG3,KHURDA ROAD,ECOR,DHENKANAL,ODISHA,3,145,3.84
513,SARPESWAR PH,SPSR,HG3,KHURDA ROAD,ECOR,CUTTACK,ODISHA,3,145,3.84
514,SRI JHADESWAR PH,SJDR,HG3,KHURDA ROAD,ECOR,CUTTACK,ODISHA,3,145,3.84
515,BHUBANESWAR,BBS,NSG2,KHURDA ROAD,ECOR,KHORDHA,ODISHA,5,145,3.84
516,PURI,PURI,NSG2,KHURDA ROAD,ECOR,PURI,ODISHA,5,145,3.84
517,BHADRAK,BHC,NSG3,KHURDA ROAD,ECOR,BHADRAK,ODISHA,6,145,3.84
518,BRAHMAPUR,BAM,NSG3,KHURDA ROAD,ECOR,GANJAM,ODISHA,6,145,3.84
519,CUTTACK,CTC,NSG3,KHURDA ROAD,ECOR,CUTTACK,ODISHA,6,145,3.84
520,KHURDA ROAD JN.,KUR,NSG3,KHURDA ROAD,ECOR,KHORDHA,ODISHA,6,145,3.84
521,PALASA,PSA,NSG3,KHURDA ROAD,ECOR,SRIKAKULAM,ANDHRA PRADESH,6,145,3.84
522,BALUGAON,BALU,NSG4,KHURDA ROAD,ECOR,KHORDHA,ODISHA,7,145,3.84
523,JAJPUR KEONJHAR ROAD,JJKR,NSG4,KHURDA ROAD,ECOR,JAJAPUR,ODISHA,7,145,3.84
524,ANGUL,ANGL,NSG5,KHURDA ROAD,ECOR,ANUGUL,ODISHA,8,145,3.84
525,CHATRAPUR,CAP,NSG5,KHURDA ROAD,ECOR,GANJAM,ODISHA,8,145,3.84
526,DHANMANDAL,DNM,NSG5,KHURDA ROAD,ECOR,JAJAPUR,ODISHA,8,145,3.84
527,DHENKANAL,DNKL,NSG5,KHURDA ROAD,ECOR,DHENKANAL,ODISHA,8,145,3.84
528,ICHCHAPURAM,IPM,NSG5,KHURDA ROAD,ECOR,SRIKAKULAM,ANDHRA PRADESH,8,145,3.84
529,KENDUJHARGARH,KDJR,NSG5,KHURDA ROAD,ECOR,KENDUJHAR,ODISHA,8,145,3.84
530,KHALLIKOTA,KIT,NSG5,KHURDA ROAD,ECOR,GANJAM,ODISHA,8,145,3.84
531,PARADEEP,PRDP,NSG5,KHURDA ROAD,ECOR,JAGATSINGHAPUR,ODISHA,8,145,3.84
532,SOMPETA,SPT,NSG5,KHURDA ROAD,ECOR,SRIKAKULAM,ANDHRA PRADESH,8,145,3.84
533,TALCHER,TLHR,NSG5,KHURDA ROAD,ECOR,ANUGUL,ODISHA,8,145,3.84
534,TALCHER ROAD,TLHD,NSG5,KHURDA ROAD,ECOR,ANUGUL,ODISHA,8,145,3.84
535,BADABANDHA,BDBA,NSG6,KHURDA ROAD,ECOR,JAGATSINGHAPUR,ODISHA,9,145,3.84
536,BAGHUAPAL,BGPL,NSG6,KHURDA ROAD,ECOR,JAJAPUR,ODISHA,9,145,3.84
537,BAITARNI ROAD,BTV,NSG6,KHURDA ROAD,ECOR,JAJAPUR,ODISHA,9,145,3.84
538,BAJIPADA,BJPD,NSG6,KHURDA ROAD,ECOR,KENDRAPARA,ODISHA,9,145,3.84
539,BARANG,BRAG,NSG6,KHURDA ROAD,ECOR,CUTTACK,ODISHA,9,145,3.84
540,BARITHENGARH PH,BRTG,NSG6,KHURDA ROAD,ECOR,JAJAPUR,ODISHA,9,145,3.84
541,BARUVA,BAV,NSG6,KHURDA ROAD,ECOR,SRIKAKULAM,ANDHRA PRADESH,9,145,3.84
542,BASANTAPUR,BSTP,NSG6,KHURDA ROAD,ECOR,KENDUJHAR,ODISHA,9,145,3.84
543,BAUDPUR,BUDR,NSG6,KHURDA ROAD,ECOR,BHADRAK,ODISHA,9,145,3.84
544,BEGUNIA,BYZA,NSG6,KHURDA ROAD,ECOR,KHORDHA,ODISHA,9,145,3.84
545,BHUBANESWAR NEW,BBSN,NSG6,KHURDA ROAD,ECOR,KHORDHA,ODISHA,9,145,3.84
546,BHUSANDPUR,BSDP,NSG6,KHURDA ROAD,ECOR,KHORDHA,ODISHA,9,145,3.84
547,BIRPURUSOTHAMPUR,BRST,NSG6,KHURDA ROAD,ECOR,PURI,ODISHA,9,145,3.84
548,BOLAGARH ROAD,BORD,NSG6,KHURDA ROAD,ECOR,KHORDHA,ODISHA,9,145,3.84
549,BUDHAPANK,BDPK,NSG6,KHURDA ROAD,ECOR,ANUGUL,ODISHA,9,145,3.84
550,BYREE,BYY,NSG6,KHURDA ROAD,ECOR,JAJAPUR,ODISHA,9,145,3.84
551,CHANDIKHOLE RD.,CIKR,NSG6,KHURDA ROAD,ECOR,JAJAPUR,ODISHA,9,145,3.84
552,CHARBATIA,CBT,NSG6,KHURDA ROAD,ECOR,CUTTACK,ODISHA,9,145,3.84
553,CHILIKDARA,CLDR,NSG6,KHURDA ROAD,ECOR,KENDUJHAR,ODISHA,9,145,3.84
554,CHILKA,CLKA,NSG6,KHURDA ROAD,ECOR,KHORDHA,ODISHA,9,145,3.84
555,DELANG,DEG,NSG6,KHURDA ROAD,ECOR,PURI,ODISHA,9,145,3.84
556,GANGADHARPUR,GNGD,NSG6,KHURDA ROAD,ECOR,KHORDHA,ODISHA,9,145,3.84
557,GANJAM,GAM,NSG6,KHURDA ROAD,ECOR,GANJAM,ODISHA,9,145,3.84
558,GHANTAKHAL NIDHIPUR,GHNH,NSG6,KHURDA ROAD,ECOR,CUTTACK,ODISHA,9,145,3.84
559,GOALDIH,GADH,NSG6,KHURDA ROAD,ECOR,KENDUJHAR,ODISHA,9,145,3.84
560,GOLANTHRA,GTA,NSG6,KHURDA ROAD,ECOR,GANJAM,ODISHA,9,145,3.84
561,GORAKHNATH,GRKN,NSG6,KHURDA ROAD,ECOR,JAGATSINGHAPUR,ODISHA,9,145,3.84
562,GURUDIJHATIA,GJTA,NSG6,KHURDA ROAD,ECOR,CUTTACK,ODISHA,9,145,3.84
563,HARICHANDANPUR,HCNR,NSG6,KHURDA ROAD,ECOR,KENDUJHAR,ODISHA,9,145,3.84
564,HARIDASPUR,HDS,NSG6,KHURDA ROAD,ECOR,JAJAPUR,ODISHA,9,145,3.84
565,HARIPURGRAM JN.,HPGM,NSG6,KHURDA ROAD,ECOR,PURI,ODISHA,9,145,3.84
566,HINDOL ROAD,HND,NSG6,KHURDA ROAD,ECOR,DHENKANAL,ODISHA,9,145,3.84
567,HUMMA,HMA,NSG6,KHURDA ROAD,ECOR,GANJAM,ODISHA,9,145,3.84
568,JAGANNATHAPUR,JNP,NSG6,KHURDA ROAD,ECOR,GANJAM,ODISHA,9,145,3.84
569,JAKHAPURA JN,JKPR,NSG6,KHURDA ROAD,ECOR,JAJAPUR,ODISHA,9,145,3.84
570,JENAPUR,JEN,NSG6,KHURDA ROAD,ECOR,JAJAPUR,ODISHA,9,145,3.84
571,JHADUPUDI,JPI,NSG6,KHURDA ROAD,ECOR,SRIKAKULAM,ANDHRA PRADESH,9,145,3.84
572,JORANDA ROAD,JRZ,NSG6,KHURDA ROAD,ECOR,DHENKANAL,ODISHA,9,145,3.84
573,KAIPADAR ROAD,KPXR,NSG6,KHURDA ROAD,ECOR,KHORDHA,ODISHA,9,145,3.84
574,KALAGAR,KLGA,NSG6,KHURDA ROAD,ECOR,KENDRAPARA,ODISHA,9,145,3.84
575,KALUPARA GHAT,KAPG,NSG6,KHURDA ROAD,ECOR,KHORDHA,ODISHA,9,145,3.84
576,KANAS ROAD,KASR,NSG6,KHURDA ROAD,ECOR,PURI,ODISHA,9,145,3.84
577,KANDARPUR,KDRP,NSG6,KHURDA ROAD,ECOR,CUTTACK,ODISHA,9,145,3.84
578,KAPILAS ROAD,KIS,NSG6,KHURDA ROAD,ECOR,CUTTACK,ODISHA,9,145,3.84
579,KENDRAPARA,KENP,NSG6,KHURDA ROAD,ECOR,KENDRAPARA,ODISHA,9,145,3.84
580,KENDRAPARA ROAD,KNPR,NSG6,KHURDA ROAD,ECOR,CUTTACK,ODISHA,9,145,3.84
581,KENDUAPADA,KED,NSG6,KHURDA ROAD,ECOR,BHADRAK,ODISHA,9,145,3.84
582,KEREJANGA,KPJG,NSG6,KHURDA ROAD,ECOR,ANUGUL,ODISHA,9,145,3.84
583,KHURDA TOWN,KURT,NSG6,KHURDA ROAD,ECOR,KHORDHA,ODISHA,9,145,3.84
584,KORAI,KRIH,NSG6,KHURDA ROAD,ECOR,JAJAPUR,ODISHA,9,145,3.84
585,KUHURI,KUU,NSG6,KHURDA ROAD,ECOR,KHORDHA,ODISHA,9,145,3.84
586,LALITGIRI,LLTG,NSG6,KHURDA ROAD,ECOR,JAJAPUR,ODISHA,9,145,3.84
587,MAHIPUR,MAHI,NSG6,KHURDA ROAD,ECOR,NAYAGARH,ODISHA,9,145,3.84
588,MALATIPATPUR,MLT,NSG6,KHURDA ROAD,ECOR,PURI,ODISHA,9,145,3.84
589,MANCHESWAR,MCS,NSG6,KHURDA ROAD,ECOR,KHORDHA,ODISHA,9,145,3.84
590,MANDASA ROAD,MMS,NSG6,KHURDA ROAD,ECOR,SRIKAKULAM,ANDHRA PRADESH,9,145,3.84
591,MANJURI ROAD,MZZ,NSG6,KHURDA ROAD,ECOR,BHADRAK,ODISHA,9,145,3.84
592,MARSHAGHAI ROAD,MSGR,NSG6,KHURDA ROAD,ECOR,KENDRAPARA,ODISHA,9,145,3.84
593,MERAMANDALI,MRDL,NSG6,KHURDA ROAD,ECOR,DHENKANAL,ODISHA,9,145,3.84
594,MOTARI HALT,MWQ,NSG6,KHURDA ROAD,ECOR,PURI,ODISHA,9,145,3.84
595,NARAJ MARTHAPUR,NQR,NSG6,KHURDA ROAD,ECOR,CUTTACK,ODISHA,9,145,3.84
596,NARANPUR,NANR,NSG6,KHURDA ROAD,ECOR,KENDUJHAR,ODISHA,9,145,3.84
597,NAYAGARH,NYG,NSG6,KHURDA ROAD,ECOR,KENDUJHAR,ODISHA,9,145,3.84
598,NAYAGARH TOWN,NYGT,NSG6,KHURDA ROAD,ECOR,NAYAGARH,ODISHA,9,145,3.84
599,NERGUNDI JN.,NRG,NSG6,KHURDA ROAD,ECOR,CUTTACK,ODISHA,9,145,3.84
600,NEW GARH MADHUPUR,NGMP,NSG6,KHURDA ROAD,ECOR,JAJAPUR,ODISHA,9,145,3.84
601,NILAKANTHESWAR,NKW,NSG6,KHURDA ROAD,ECOR,KENDUJHAR,ODISHA,9,145,3.84
602,NIRAKARPUR,NKP,NSG6,KHURDA ROAD,ECOR,KHORDHA,ODISHA,9,145,3.84
603,NUAGAN,NUGN,NSG6,KHURDA ROAD,ECOR,KENDRAPARA,ODISHA,9,145,3.84
604,NUAGAON ROAD,NXNR,NSG6,KHURDA ROAD,ECOR,NAYAGARH,ODISHA,9,145,3.84
605,PORJANPUR,PRNR,NSG6,KHURDA ROAD,ECOR,KENDUJHAR,ODISHA,9,145,3.84
606,RADHA KISHOREPUR,RQP,NSG6,KHURDA ROAD,ECOR,CUTTACK,ODISHA,9,145,3.84
607,RAGHUNATH PUR,RCTC,NSG6,KHURDA ROAD,ECOR,CUTTACK,ODISHA,9,145,3.84
608,RAHAMA,RHMA,NSG6,KHURDA ROAD,ECOR,GANJAM,ODISHA,9,145,3.84
609,RAJATH GARH,RJGR,NSG6,KHURDA ROAD,ECOR,CUTTACK,ODISHA,9,145,3.84
610,RAJSUNAKHALA,RSKA,NSG6,KHURDA ROAD,ECOR,NAYAGARH,ODISHA,9,145,3.84
611,RAMBHA,RBA,NSG6,KHURDA ROAD,ECOR,JAGATSINGHAPUR,ODISHA,9,145,3.84
612,RATNAGIRI ROAD,RTGR,NSG6,KHURDA ROAD,ECOR,JAJAPUR,ODISHA,9,145,3.84
613,RETANG,RTN,NSG6,KHURDA ROAD,ECOR,KHORDHA,ODISHA,9,145,3.84
614,SADASHIBAPUR,SSPR,NSG6,KHURDA ROAD,ECOR,DHENKANAL,ODISHA,9,145,3.84
615,SAGADAPATA,SGDP,NSG6,KHURDA ROAD,ECOR,KENDUJHAR,ODISHA,9,145,3.84
616,SAKHI GOPAL,SIL,NSG6,KHURDA ROAD,ECOR,PURI,ODISHA,9,145,3.84
617,SALEGAON,SQQ,NSG6,KHURDA ROAD,ECOR,CUTTACK,ODISHA,9,145,3.84
618,SIJU,SIJU,NSG6,KHURDA ROAD,ECOR,JAGATSINGHAPUR,ODISHA,9,145,3.84
619,SITABANJI,STBJ,NSG6,KHURDA ROAD,ECOR,KENDUJHAR,ODISHA,9,145,3.84
620,SOLARI,SLZ,NSG6,KHURDA ROAD,ECOR,KHORDHA,ODISHA,9,145,3.84
621,SUKINDA ROAD,SKND,NSG6,KHURDA ROAD,ECOR,JAJAPUR,ODISHA,9,145,3.84
622,SUMMADEVI,SUDV,NSG6,KHURDA ROAD,ECOR,SRIKAKULAM,ANDHRA PRADESH,9,145,3.84
623,SURLA ROAD,SLRD,NSG6,KHURDA ROAD,ECOR,GANJAM,ODISHA,9,145,3.84
624,TANGIRIAPAL,TGRL,NSG6,KHURDA ROAD,ECOR,KENDUJHAR,ODISHA,9,145,3.84
625,TAPANG,TAP,NSG6,KHURDA ROAD,ECOR,KHORDHA,ODISHA,9,145,3.84
626,TOMKA,TMKA,NSG6,KHURDA ROAD,ECOR,JAJAPUR,ODISHA,9,145,3.84
627,BALANGIR ROAD,BNRD,HG3,SAMBALPUR,ECOR,BALANGIR,ODISHA,3,64,3.84
628,DEPUR PH,DPUR,HG3,SAMBALPUR,ECOR,KALAHANDI,ODISHA,3,64,3.84
629,G RAMACHANDRAPUR PH,GRCP,HG3,SAMBALPUR,ECOR,KALAHANDI,ODISHA,3,64,3.84
630,KUTURUKHAMAR PH,KTRK,HG3,SAMBALPUR,ECOR,KALAHANDI,ODISHA,3,64,3.84
631,SAMBALPUR,SBP,NSG3,SAMBALPUR,ECOR,SAMBALPUR,ODISHA,6,64,3.84
632,BALANGIR,BLGR,NSG4,SAMBALPUR,ECOR,BALANGIR,ODISHA,7,64,3.84
633,KESINGA,KSNG,NSG4,SAMBALPUR,ECOR,KALAHANDI,ODISHA,7,64,3.84
634,TITLAGARH,TIG,NSG4,SAMBALPUR,ECOR,BALANGIR,ODISHA,7,64,3.84
635,AMBODALA,AMB,NSG5,SAMBALPUR,ECOR,RAYAGADA,ODISHA,8,64,3.84
636,BAGBAHRA,BGBR,NSG5,SAMBALPUR,ECOR,MAHASAMUND,CHHATTISGARH,8,64,3.84
637,BARGARH ROAD,BRGA,NSG5,SAMBALPUR,ECOR,BARGARH,ODISHA,8,64,3.84
638,BARPALI,BRPL,NSG5,SAMBALPUR,ECOR,BARGARH,ODISHA,8,64,3.84
639,BHAWANIPATNA,BWIP,NSG5,SAMBALPUR,ECOR,KALAHANDI,ODISHA,8,64,3.84
640,HARISHANKER ROAD,HSK,NSG5,SAMBALPUR,ECOR,BALANGIR,ODISHA,8,64,3.84
641,HIRAKUD,HKG,NSG5,SAMBALPUR,ECOR,SAMBALPUR,ODISHA,8,64,3.84
642,JUNAGARH ROAD,JNRD,NSG5,SAMBALPUR,ECOR,KALAHANDI,ODISHA,8,64,3.84
643,KANTABANJI,KBJ,NSG5,SAMBALPUR,ECOR,BALANGIR,ODISHA,8,64,3.84
644,KHARIAR ROAD,KRAR,NSG5,SAMBALPUR,ECOR,NUAPADA,ODISHA,8,64,3.84
645,MAHASAMUND,MSMD,NSG5,SAMBALPUR,ECOR,MAHASAMUND,CHHATTISGARH,8,64,3.84
646,MUNIGUDA,MNGD,NSG5,SAMBALPUR,ECOR,RAYAGADA,ODISHA,8,64,3.84
647,NAWAPARA ROAD,NPD,NSG5,SAMBALPUR,ECOR,NUAPADA,ODISHA,8,64,3.84
648,NORLA ROAD,NRLR,NSG5,SAMBALPUR,ECOR,KALAHANDI,ODISHA,8,64,3.84
649,RAIRAKHOL,RAIR,NSG5,SAMBALPUR,ECOR,SAMBALPUR,ODISHA,8,64,3.84
650,SAMBALPUR CITY,SBPY,NSG5,SAMBALPUR,ECOR,SAMBALPUR,ODISHA,8,64,3.84
651,ARAND,ARN,NSG6,SAMBALPUR,ECOR,MAHASAMUND,CHHATTISGARH,9,64,3.84
652,ARANG MAHANADI,ANMD,NSG6,SAMBALPUR,ECOR,MAHASAMUND,CHHATTISGARH,9,64,3.84
653,ATTABIRA,ATS,NSG6,SAMBALPUR,ECOR,BARGARH,ODISHA,9,64,3.84
654,BADMAL,BUDM,NSG6,SAMBALPUR,ECOR,BALANGIR,ODISHA,9,64,3.84
655,BAMUR,BAMR,NSG6,SAMBALPUR,ECOR,ANUGUL,ODISHA,9,64,3.84
656,BELSONDA,BLSN,NSG6,SAMBALPUR,ECOR,MAHASAMUND,CHHATTISGARH,9,64,3.84
657,BHIMKHOJ,BMKJ,NSG6,SAMBALPUR,ECOR,MAHASAMUND,CHHATTISGARH,9,64,3.84
658,BICHHUPALI,BHPI,NSG6,SAMBALPUR,ECOR,BALANGIR,ODISHA,9,64,3.84
659,BISSAMCUTTACK,BMCK,NSG6,SAMBALPUR,ECOR,RAYAGADA,ODISHA,9,64,3.84
660,BOINDA,BONA,NSG6,SAMBALPUR,ECOR,ANUGUL,ODISHA,9,64,3.84
661,BRUNDAMAL,BXQ,NSG6,SAMBALPUR,ECOR,JHARSUGUDA,ODISHA,9,64,3.84
662,CHARMAL,CHAR,NSG6,SAMBALPUR,ECOR,SAMBALPUR,ODISHA,9,64,3.84
663,DEOBAHAL,DOBH,NSG6,SAMBALPUR,ECOR,BARGARH,ODISHA,9,64,3.84
664,DEOGAN ROAD,DFR,NSG6,SAMBALPUR,ECOR,BALANGIR,ODISHA,9,64,3.84
665,DOIKALLU,DKLU,NSG6,SAMBALPUR,ECOR,RAYAGADA,ODISHA,9,64,3.84
666,DUNGRIPALI,DJX,NSG6,SAMBALPUR,ECOR,SONEPUR,ODISHA,9,64,3.84
667,GODBHAGA,GBQ,NSG6,SAMBALPUR,ECOR,BARGARH,ODISHA,9,64,3.84
668,HANDAPA,HNPA,NSG6,SAMBALPUR,ECOR,ANUGUL,ODISHA,9,64,3.84
669,HATIBARI,HATB,NSG6,SAMBALPUR,ECOR,SAMBALPUR,ODISHA,9,64,3.84
670,JARAPADA,JRPD,NSG6,SAMBALPUR,ECOR,ANUGUL,ODISHA,9,64,3.84
671,JHARSUGUDA ROAD,JSGR,NSG6,SAMBALPUR,ECOR,JHARSUGUDA,ODISHA,9,64,3.84
672,JUJOMURA,JUJA,NSG6,SAMBALPUR,ECOR,SAMBALPUR,ODISHA,9,64,3.84
673,KANDEL ROAD,KDLR,NSG6,SAMBALPUR,ECOR,KALAHANDI,ODISHA,9,64,3.84
674,KHALIAPALI,KHPL,NSG6,SAMBALPUR,ECOR,BALANGIR,ODISHA,9,64,3.84
675,KOMAKHAN,KMK,NSG6,SAMBALPUR,ECOR,MAHASAMUND,CHHATTISGARH,9,64,3.84
676,LAKHNA,LKNA,NSG6,SAMBALPUR,ECOR,NUAPADA,ODISHA,9,64,3.84
677,LANJIGARH ROAD,LJR,NSG6,SAMBALPUR,ECOR,KALAHANDI,ODISHA,9,64,3.84
678,LAPANGA,LPG,NSG6,SAMBALPUR,ECOR,SAMBALPUR,ODISHA,9,64,3.84
679,LOISINGHA,LSX,NSG6,SAMBALPUR,ECOR,BALANGIR,ODISHA,9,64,3.84
680,MANESWAR,MANE,NSG6,SAMBALPUR,ECOR,SAMBALPUR,ODISHA,9,64,3.84
681,MURIBAHAL,MRBL,NSG6,SAMBALPUR,ECOR,BALANGIR,ODISHA,9,64,3.84
682,RAHENBHATA,RNBT,NSG6,SAMBALPUR,ECOR,BALANGIR,ODISHA,9,64,3.84
683,RENGALI,RGL,NSG6,SAMBALPUR,ECOR,SAMBALPUR,ODISHA,9,64,3.84
684,RUPRA ROAD,RPRD,NSG6,SAMBALPUR,ECOR,KALAHANDI,ODISHA,9,64,3.84
685,SAINTALA,SFC,NSG6,SAMBALPUR,ECOR,BALANGIR,ODISHA,9,64,3.84
686,SARAGIPALI,SRGP,NSG6,SAMBALPUR,ECOR,ANUGUL,ODISHA,9,64,3.84
687,SASON,SSN,NSG6,SAMBALPUR,ECOR,SAMBALPUR,ODISHA,9,64,3.84
688,SIKIR,SFK,NSG6,SAMBALPUR,ECOR,BALANGIR,ODISHA,9,64,3.84
689,THERUBALI,THV,NSG6,SAMBALPUR,ECOR,RAYAGADA,ODISHA,9,64,3.84
690,TUREKALA ROAD,TRKR,NSG6,SAMBALPUR,ECOR,BALANGIR,ODISHA,9,64,3.84
691,MARRIPALEM PH,MIPM,HG1,WALTAIR,ECOR,VISAKHAPATANAM,ANDHRA PRADESH,1,115,3.84
692,BANSADHARA PH,BSDR,HG2,WALTAIR,ECOR,GAJAPATI,ODISHA,2,115,3.84
693,DANDU GOPALAPURARN H,DGB,HG2,WALTAIR,ECOR,SRIKAKULAM,ANDHRA PRADESH,2,115,3.84
694,HADOBHANGI PH,HBF,HG2,WALTAIR,ECOR,GAJAPATI,ODISHA,2,115,3.84
695,HARISHCHANDRAPURAM P,HCM,HG2,WALTAIR,ECOR,SRIKAKULAM,ANDHRA PRADESH,2,115,3.84
696,KASHINAGAR PH,KNGR,HG2,WALTAIR,ECOR,GAJAPATI,ODISHA,2,115,3.84
697,NARSIPURAM HALT,NSX,HG2,WALTAIR,ECOR,VIZIANAGARAM,ANDHRA PRADESH,2,115,3.84
698,PATAPATNAM,PHM,HG2,WALTAIR,ECOR,SRIKAKULAM,ANDHRA PRADESH,2,115,3.84
699,PEDDASANA,PDSN,HG2,WALTAIR,ECOR,SRIKAKULAM,ANDHRA PRADESH,2,115,3.84
700,ROUTHPURAM PH,RMZ,HG2,WALTAIR,ECOR,SRIKAKULAM,ANDHRA PRADESH,2,115,3.84
701,SITAPURAM PH,SPRM,HG2,WALTAIR,ECOR,GAJAPATI,ODISHA,2,115,3.84
702,TEKKALI PH,TEK,HG2,WALTAIR,ECOR,SRIKAKULAM,ANDHRA PRADESH,2,115,3.84
703,BATUVA PH,BTVA,HG3,WALTAIR,ECOR,SRIKAKULAM,ANDHRA PRADESH,3,115,3.84
704,GANGUWADA,BNPL,HG3,WALTAIR,ECOR,SRIKAKULAM,ANDHRA PRADESH,3,115,3.84
705,LIHURI PH,LRI,HG3,WALTAIR,ECOR,GAJAPATI,ODISHA,3,115,3.84
706,NARAYANAPPAVALASA HA,NGJA,HG3,WALTAIR,ECOR,VIZIANAGARAM,ANDHRA PRADESH,3,115,3.84
707,PALASINGI,PLSG,HG3,WALTAIR,ECOR,GAJAPATI,ODISHA,3,115,3.84
708,PARANNAVALASA,PRVA,HG3,WALTAIR,ECOR,VIZIANAGARAM,ANDHRA PRADESH,3,115,3.84
709,ROMPALLE PH,RML,HG3,WALTAIR,ECOR,VIZIANAGARAM,ANDHRA PRADESH,3,115,3.84
710,SALUR,SALR,HG3,WALTAIR,ECOR,VIZIANAGARAM,ANDHRA PRADESH,3,115,3.84
711,TEMBURU,TMB,HG3,WALTAIR,ECOR,SRIKAKULAM,ANDHRA PRADESH,3,115,3.84
712,VISAKHAPATNAM,VSKP,NSG2,WALTAIR,ECOR,VISAKHAPATANAM,ANDHRA PRADESH,5,115,3.84
713,VIZIANAGARAM JN.,VZM,NSG3,WALTAIR,ECOR,VIZIANAGARAM,ANDHRA PRADESH,6,115,3.84
714,ARAKU,ARK,NSG4,WALTAIR,ECOR,VISAKHAPATANAM,ANDHRA PRADESH,7,115,3.84
715,JAGDALPUR,JDB,NSG4,WALTAIR,ECOR,BASTAR,CHHATTISGARH,7,115,3.84
716,RAYAGADA,RGDA,NSG4,WALTAIR,ECOR,RAYAGADA,ODISHA,7,115,3.84
717,SIMHACHALAM,SCM,NSG4,WALTAIR,ECOR,VISAKHAPATANAM,ANDHRA PRADESH,7,115,3.84
718,SRIKAKULAM ROAD,CHE,NSG4,WALTAIR,ECOR,SRIKAKULAM,ANDHRA PRADESH,7,115,3.84
719,BOBBILI JN,VBL,NSG5,WALTAIR,ECOR,VIZIANAGARAM,ANDHRA PRADESH,8,115,3.84
720,CHIPURUPALLI,CPP,NSG5,WALTAIR,ECOR,VIZIANAGARAM,ANDHRA PRADESH,8,115,3.84
721,DUVVADA,DVD,NSG5,WALTAIR,ECOR,VISAKHAPATANAM,ANDHRA PRADESH,8,115,3.84
722,JEYPORE,JYP,NSG5,WALTAIR,ECOR,KORAPUT,ODISHA,8,115,3.84
723,KORAPUT JN,KRPU,NSG5,WALTAIR,ECOR,KORAPUT,ODISHA,8,115,3.84
724,KOTTAVALASA,KTV,NSG5,WALTAIR,ECOR,VIZIANAGARAM,ANDHRA PRADESH,8,115,3.84
725,NAUPADA JN.,NWP,NSG5,WALTAIR,ECOR,SRIKAKULAM,ANDHRA PRADESH,8,115,3.84
726,PARVATIPURAM,PVP,NSG5,WALTAIR,ECOR,VIZIANAGARAM,ANDHRA PRADESH,8,115,3.84
727,PARVATIPURAM TOWN,PVPT,NSG5,WALTAIR,ECOR,VIZIANAGARAM,ANDHRA PRADESH,8,115,3.84
728,PONDURU,PDU,NSG5,WALTAIR,ECOR,SRIKAKULAM,ANDHRA PRADESH,8,115,3.84
729,TILARU,TIU,NSG5,WALTAIR,ECOR,SRIKAKULAM,ANDHRA PRADESH,8,115,3.84
730,ALAMANDA,ALM,NSG6,WALTAIR,ECOR,VIZIANAGARAM,ANDHRA PRADESH,9,115,3.84
731,AMAGURA,AGZ,NSG6,WALTAIR,ECOR,BASTAR,CHHATTISGARH,9,115,3.84
732,AMBAGAON,AGB,NSG6,WALTAIR,ECOR,KORAPUT,ODISHA,9,115,3.84
733,BACHELI,BCHL,NSG6,WALTAIR,ECOR,DANTEWADA,CHHATTISGARH,9,115,3.84
734,BADE ARAPUR,BDXX,NSG6,WALTAIR,ECOR,BASTAR,CHHATTISGARH,9,115,3.84
735,BAIGUDA,BGUA,NSG6,WALTAIR,ECOR,KORAPUT,ODISHA,9,115,3.84
736,BHALUMASKA,BLMK,NSG6,WALTAIR,ECOR,RAYAGADA,ODISHA,9,115,3.84
737,BHANSI,BHNS,NSG6,WALTAIR,ECOR,DANTEWADA,CHHATTISGARH,9,115,3.84
738,BHEJA,BHJA,NSG6,WALTAIR,ECOR,KORAPUT,ODISHA,9,115,3.84
739,BODDAVARA,BDVR,NSG6,WALTAIR,ECOR,VIZIANAGARAM,ANDHRA PRADESH,9,115,3.84
740,BORRAGUHALU,BGHU,NSG6,WALTAIR,ECOR,VISAKHAPATANAM,ANDHRA PRADESH,9,115,3.84
741,CHARAMULA KUSUMI,CJS,NSG6,WALTAIR,ECOR,KORAPUT,ODISHA,9,115,3.84
742,CHHATRIPUT,CTS,NSG6,WALTAIR,ECOR,KORAPUT,ODISHA,9,115,3.84
743,CHIMIDIPAILI,CMDP,NSG6,WALTAIR,ECOR,VISAKHAPATANAM,ANDHRA PRADESH,9,115,3.84
744,DABPAL,DBF,NSG6,WALTAIR,ECOR,DANTEWADA,CHHATTISGARH,9,115,3.84
745,DAMANJODI,DMNJ,NSG6,WALTAIR,ECOR,KORAPUT,ODISHA,9,115,3.84
746,DANTEWARA,DWZ,NSG6,WALTAIR,ECOR,DANTEWADA,CHHATTISGARH,9,115,3.84
747,DARLIPUT,DPC,NSG6,WALTAIR,ECOR,KORAPUT,ODISHA,9,115,3.84
748,DHANAPUR,DIR,NSG6,WALTAIR,ECOR,KALAHANDI,ODISHA,9,115,3.84
749,DILMILI,DMK,NSG6,WALTAIR,ECOR,BASTAR,CHHATTISGARH,9,115,3.84
750,DONKINAVALASA,DNV,NSG6,WALTAIR,ECOR,VIZIANAGARAM,ANDHRA PRADESH,9,115,3.84
751,DUMURIPUT,DMRT,NSG6,WALTAIR,ECOR,KORAPUT,ODISHA,9,115,3.84
752,DUSI,DUSI,NSG6,WALTAIR,ECOR,SRIKAKULAM,ANDHRA PRADESH,9,115,3.84
753,GAJAPATINAGARAM,GPI,NSG6,WALTAIR,ECOR,VIZIANAGARAM,ANDHRA PRADESH,9,115,3.84
754,GARIVIDI,GVI,NSG6,WALTAIR,ECOR,VIZIANAGARAM,ANDHRA PRADESH,9,115,3.84
755,GIDAM,GIZ,NSG6,WALTAIR,ECOR,DANTEWADA,CHHATTISGARH,9,115,3.84
756,GORAPUR,GPJ,NSG6,WALTAIR,ECOR,VISAKHAPATANAM,ANDHRA PRADESH,9,115,3.84
757,GOTLAM,GTLM,NSG6,WALTAIR,ECOR,VIZIANAGARAM,ANDHRA PRADESH,9,115,3.84
758,GUMADA,GMDA,NSG6,WALTAIR,ECOR,VIZIANAGARAM,ANDHRA PRADESH,9,115,3.84
759,GUNUPUR,GNPR,NSG6,WALTAIR,ECOR,RAYAGADA,ODISHA,9,115,3.84
760,GURUDABILLI,GRBL,NSG6,WALTAIR,ECOR,VIZIANAGARAM,ANDHRA PRADESH,9,115,3.84
761,JARATI,JRT,NSG6,WALTAIR,ECOR,KORAPUT,ODISHA,9,115,3.84
762,JIMIDIPETA,JMPT,NSG6,WALTAIR,ECOR,RAYAGADA,ODISHA,9,115,3.84
763,KAKIRIGUMA,KKGM,NSG6,WALTAIR,ECOR,KORAPUT,ODISHA,9,115,3.84
764,KAKLUR,KKLU,NSG6,WALTAIR,ECOR,BASTAR,CHHATTISGARH,9,115,3.84
765,KAMALUR,KMLR,NSG6,WALTAIR,ECOR,DANTEWADA,CHHATTISGARH,9,115,3.84
766,KANTAKAPALLE,KPL,NSG6,WALTAIR,ECOR,VIZIANAGARAM,ANDHRA PRADESH,9,115,3.84
767,KARAKAVALASA,KVLS,NSG6,WALTAIR,ECOR,VISAKHAPATANAM,ANDHRA PRADESH,9,115,3.84
768,KAWARGAON,KWGN,NSG6,WALTAIR,ECOR,DANTEWADA,CHHATTISGARH,9,115,3.84
769,KEUTGUDA,KTGA,NSG6,WALTAIR,ECOR,RAYAGADA,ODISHA,9,115,3.84
770,KHADAPA,KDPA,NSG6,WALTAIR,ECOR,KORAPUT,ODISHA,9,115,3.84
771,KIRANDUL,KRDL,NSG6,WALTAIR,ECOR,DANTEWADA,CHHATTISGARH,9,115,3.84
772,KOMATIPALLI,KMX,NSG6,WALTAIR,ECOR,VIZIANAGARAM,ANDHRA PRADESH,9,115,3.84
773,KORUKONDA,KUK,NSG6,WALTAIR,ECOR,VIZIANAGARAM,ANDHRA PRADESH,9,115,3.84
774,KOTABOMMALI,KBM,NSG6,WALTAIR,ECOR,SRIKAKULAM,ANDHRA PRADESH,9,115,3.84
775,KOTAPAR ROAD,KPRR,NSG6,WALTAIR,ECOR,KORAPUT,ODISHA,9,115,3.84
776,KUMAR SADRA,KMSD,NSG6,WALTAIR,ECOR,BASTAR,CHHATTISGARH,9,115,3.84
777,KUMHAR MARANGA,KMEZ,NSG6,WALTAIR,ECOR,BASTAR,CHHATTISGARH,9,115,3.84
778,KUNERU,KNRT,NSG6,WALTAIR,ECOR,VIZIANAGARAM,ANDHRA PRADESH,9,115,3.84
779,LADDA,LDX,NSG6,WALTAIR,ECOR,RAYAGADA,ODISHA,9,115,3.84
780,LAKSHMIPUR ROAD,LKMR,NSG6,WALTAIR,ECOR,KORAPUT,ODISHA,9,115,3.84
781,LELLIGUMMA,LLGM,NSG6,WALTAIR,ECOR,RAYAGADA,ODISHA,9,115,3.84
782,MACHHKUNDA ROAD,MKRD,NSG6,WALTAIR,ECOR,KORAPUT,ODISHA,9,115,3.84
783,MALIGURA,MVG,NSG6,WALTAIR,ECOR,NABARANGPUR,ODISHA,9,115,3.84
784,MALLIVIDU,MVW,NSG6,WALTAIR,ECOR,VIZIANAGARAM,ANDHRA PRADESH,9,115,3.84
785,MANABAR,MVF,NSG6,WALTAIR,ECOR,KORAPUT,ODISHA,9,115,3.84
786,NAKTHISEMRA,NKX,NSG6,WALTAIR,ECOR,BASTAR,CHHATTISGARH,9,115,3.84
787,NELLIMARLA,NML,NSG6,WALTAIR,ECOR,VIZIANAGARAM,ANDHRA PRADESH,9,115,3.84
788,PADUA,PFU,NSG6,WALTAIR,ECOR,KORAPUT,ODISHA,9,115,3.84
789,PALIBA,PBV,NSG6,WALTAIR,ECOR,KORAPUT,ODISHA,9,115,3.84
790,PARALAKHEMUNDI,PLH,NSG6,WALTAIR,ECOR,GAJAPATI,ODISHA,9,115,3.84
791,PENDURTI,PDT,NSG6,WALTAIR,ECOR,VISAKHAPATANAM,ANDHRA PRADESH,9,115,3.84
792,PUNDI,PUN,NSG6,WALTAIR,ECOR,SRIKAKULAM,ANDHRA PRADESH,9,115,3.84
793,RAULI,RUL,NSG6,WALTAIR,ECOR,RAYAGADA,ODISHA,9,115,3.84
794,SHIMILIGUDA,SMLG,NSG6,WALTAIR,ECOR,VISAKHAPATANAM,ANDHRA PRADESH,9,115,3.84
795,SHRUNGAVARAPUKOTA,SUP,NSG6,WALTAIR,ECOR,VIZIANAGARAM,ANDHRA PRADESH,9,115,3.84
796,SIGADAM,SGDM,NSG6,WALTAIR,ECOR,SRIKAKULAM,ANDHRA PRADESH,9,115,3.84
797,SIKARPAI,SKPI,NSG6,WALTAIR,ECOR,RAYAGADA,ODISHA,9,115,3.84
798,SILAK-JHORI,SZY,NSG6,WALTAIR,ECOR,BASTAR,CHHATTISGARH,9,115,3.84
799,SINGAPURAM ROAD,SPRD,NSG6,WALTAIR,ECOR,RAYAGADA,ODISHA,9,115,3.84
800,SINGARAM,SGRM,NSG6,WALTAIR,ECOR,KORAPUT,ODISHA,9,115,3.84
801,SITANAGARM,SNM,NSG6,WALTAIR,ECOR,VIZIANAGARAM,ANDHRA PRADESH,9,115,3.84
802,SUKU,SUKU,NSG6,WALTAIR,ECOR,KORAPUT,ODISHA,9,115,3.84
803,TIKIRI,TKRI,NSG6,WALTAIR,ECOR,RAYAGADA,ODISHA,9,115,3.84
804,TOKAPAL,TPQ,NSG6,WALTAIR,ECOR,BASTAR,CHHATTISGARH,9,115,3.84
805,URLAM,ULM,NSG6,WALTAIR,ECOR,SRIKAKULAM,ANDHRA PRADESH,9,115,3.84
806,BAGHOIKUSA,BHKH,HG2,DEEN DAYAL UPADHYAYA,ECR,AURANGABAD,BIHAR,2,59,8.49
807,DHANIACHHA,DCX,HG2,DEEN DAYAL UPADHYAYA,ECR,KAIMUR,BIHAR,2,59,8.49
808,HASANBAZAR ST H,HBSH,HG2,DEEN DAYAL UPADHYAYA,ECR,BHOJPUR,BIHAR,2,59,8.49
809,SAHEED I C HALT,SICY,HG2,DEEN DAYAL UPADHYAYA,ECR,GAYA,BIHAR,2,59,8.49
810,SAJHAULI HALT,SJV,HG2,DEEN DAYAL UPADHYAYA,ECR,ROHTAS,BIHAR,2,59,8.49
811,BARAW MORE,BMHT,HG3,DEEN DAYAL UPADHYAYA,ECR,ROHTAS,BIHAR,3,59,8.49
812,CHARPOKHARI HALT,CRQ,HG3,DEEN DAYAL UPADHYAYA,ECR,BHOJPUR,BIHAR,3,59,8.49
813,CHIRAILLA PAUTHU,CPBH,HG3,DEEN DAYAL UPADHYAYA,ECR,AURANGABAD,BIHAR,3,59,8.49
814,DEO ROAD,DORD,HG3,DEEN DAYAL UPADHYAYA,ECR,AURANGABAD,BIHAR,3,59,8.49
815,DEORIA K NARESH,DKMN,HG3,DEEN DAYAL UPADHYAYA,ECR,AURANGABAD,BIHAR,3,59,8.49
816,GHUSIAKALAN H,GSK,HG3,DEEN DAYAL UPADHYAYA,ECR,ROHTAS,BIHAR,3,59,8.49
817,KHURMABAD ROAD,KVD,HG3,DEEN DAYAL UPADHYAYA,ECR,ROHTAS,BIHAR,3,59,8.49
818,MANI HALT,MANI,HG3,DEEN DAYAL UPADHYAYA,ECR,ROHTAS,BIHAR,3,59,8.49
819,NAGRI GRAM,NGIM,HG3,DEEN DAYAL UPADHYAYA,ECR,BHOJPUR,BIHAR,3,59,8.49
820,NONAR HALT,NON,HG3,DEEN DAYAL UPADHYAYA,ECR,BHOJPUR,BIHAR,3,59,8.49
821,PAHALEJA,PHE,HG3,DEEN DAYAL UPADHYAYA,ECR,ROHTAS,BIHAR,3,59,8.49
822,DD UPADHYAYA JN,DDU,NSG2,DEEN DAYAL UPADHYAYA,ECR,CHANDAULI,UTTAR PRADESH,5,59,8.49
823,GAYA JN.,GAYA,NSG2,DEEN DAYAL UPADHYAYA,ECR,GAYA,BIHAR,5,59,8.49
824,DEHRI-ON-SON,DOS,NSG3,DEEN DAYAL UPADHYAYA,ECR,ROHTAS,BIHAR,6,59,8.49
825,SASARAM,SSM,NSG3,DEEN DAYAL UPADHYAYA,ECR,ROHTAS,BIHAR,6,59,8.49
826,ANUGRAH NARAYAN ROAD,AUBR,NSG4,DEEN DAYAL UPADHYAYA,ECR,AURANGABAD,BIHAR,7,59,8.49
827,BHABUA ROAD,BBU,NSG4,DEEN DAYAL UPADHYAYA,ECR,KAIMUR,BIHAR,7,59,8.49
828,GURARU,GRRU,NSG5,DEEN DAYAL UPADHYAYA,ECR,GAYA,BIHAR,8,59,8.49
829,HAIDARNAGAR,HDN,NSG5,DEEN DAYAL UPADHYAYA,ECR,PALAMU,JHARKHAND,8,59,8.49
830,JAPLA,JPL,NSG5,DEEN DAYAL UPADHYAYA,ECR,PALAMU,JHARKHAND,8,59,8.49
831,KUDRA,KTQ,NSG5,DEEN DAYAL UPADHYAYA,ECR,KAIMUR (BHABUA),BIHAR,8,59,8.49
832,MUHAMMADGANJ,MDJ,NSG5,DEEN DAYAL UPADHYAYA,ECR,PALAMU,JHARKHAND,8,59,8.49
833,NABINAGAR ROAD,NBG,NSG5,DEEN DAYAL UPADHYAYA,ECR,AURANGABAD,BIHAR,8,59,8.49
834,RAFIGANJ,RFJ,NSG5,DEEN DAYAL UPADHYAYA,ECR,AURANGABAD,BIHAR,8,59,8.49
835,SON NAGAR JN.,SEB,NSG5,DEEN DAYAL UPADHYAYA,ECR,AURANGABAD,BIHAR,8,59,8.49
836,ANKORAH (AKORHA),ANH,NSG6,DEEN DAYAL UPADHYAYA,ECR,AURANGABAD,BIHAR,9,59,8.49
837,BAGAHA BISHNUPUR,BCJ,NSG6,DEEN DAYAL UPADHYAYA,ECR,AURANGABAD,BIHAR,9,59,8.49
838,BARKISALAIYA,BSYA,NSG6,DEEN DAYAL UPADHYAYA,ECR,AURANGABAD,BIHAR,9,59,8.49
839,BIKRAMGANJ,XBKJ,NSG6,DEEN DAYAL UPADHYAYA,ECR,ROHTAS,BIHAR,9,59,8.49
840,CHANDAULI MAJHWAR,CDMR,NSG6,DEEN DAYAL UPADHYAYA,ECR,CHANDAULI,UTTAR PRADESH,9,59,8.49
841,DURGAUTI,DGO,NSG6,DEEN DAYAL UPADHYAYA,ECR,KAIMUR,BIHAR,9,59,8.49
842,GANJ KHWAJA,GAQ,NSG6,DEEN DAYAL UPADHYAYA,ECR,CHANDAULI,UTTAR PRADESH,9,59,8.49
843,GARHANI,GQN,NSG6,DEEN DAYAL UPADHYAYA,ECR,BHOJPUR,BIHAR,9,59,8.49
844,GARHNOKHA,GNK,NSG6,DEEN DAYAL UPADHYAYA,ECR,ROHTAS,BIHAR,9,59,8.49
845,ISMAILPUR,IMGE,NSG6,DEEN DAYAL UPADHYAYA,ECR,GAYA,BIHAR,9,59,8.49
846,JAKHIM,JHN,NSG6,DEEN DAYAL UPADHYAYA,ECR,AURANGABAD,BIHAR,9,59,8.49
847,KAJRAT NAWADIH,KYF,NSG6,DEEN DAYAL UPADHYAYA,ECR,PALAMU,JHARKHAND,9,59,8.49
848,KARAMNASA,KMS,NSG6,DEEN DAYAL UPADHYAYA,ECR,KAIMUR,BIHAR,9,59,8.49
849,KARKATTA,KRTA,NSG6,DEEN DAYAL UPADHYAYA,ECR,PALAMU,JHARKHAND,9,59,8.49
850,KARWANDIYA,KWD,NSG6,DEEN DAYAL UPADHYAYA,ECR,ROHTAS,BIHAR,9,59,8.49
851,KASTHA,KSTA,NSG6,DEEN DAYAL UPADHYAYA,ECR,GAYA,BIHAR,9,59,8.49
852,KOSIARA,KVQ,NSG6,DEEN DAYAL UPADHYAYA,ECR,PALAMU,JHARKHAND,9,59,8.49
853,KUMAHU,KMGE,NSG6,DEEN DAYAL UPADHYAYA,ECR,ROHTAS,BIHAR,9,59,8.49
854,MANPUR JN.,MPO,NSG6,DEEN DAYAL UPADHYAYA,ECR,GAYA,BIHAR,9,59,8.49
855,MUTHANI,MTGE,NSG6,DEEN DAYAL UPADHYAYA,ECR,KAIMUR (BHABUA),BIHAR,9,59,8.49
856,PARAIYA,PRY,NSG6,DEEN DAYAL UPADHYAYA,ECR,GAYA,BIHAR,9,59,8.49
857,PHESAR,PES,NSG6,DEEN DAYAL UPADHYAYA,ECR,AURANGABAD,BIHAR,9,59,8.49
858,PIRO,PIRO,NSG6,DEEN DAYAL UPADHYAYA,ECR,BHOJPUR,BIHAR,9,59,8.49
859,PUSAULI,PSE,NSG6,DEEN DAYAL UPADHYAYA,ECR,KAIMUR (BHABUA),BIHAR,9,59,8.49
860,SAIDRAJA,SYJ,NSG6,DEEN DAYAL UPADHYAYA,ECR,CHANDAULI,UTTAR PRADESH,9,59,8.49
861,SATBAHINI,SZF,NSG6,DEEN DAYAL UPADHYAYA,ECR,PALAMU,JHARKHAND,9,59,8.49
862,SHIU SAGAR ROAD,SSG,NSG6,DEEN DAYAL UPADHYAYA,ECR,ROHTAS,BIHAR,9,59,8.49
863,SIGSIGI,SQS,NSG6,DEEN DAYAL UPADHYAYA,ECR,PALAMU,JHARKHAND,9,59,8.49
864,UNTARI ROAD,URD,NSG6,DEEN DAYAL UPADHYAYA,ECR,PALAMU,JHARKHAND,9,59,8.49
865,AMLO,AMLO,HG2,DHANBAD,ECR,BOKARO,JHARKHAND,2,146,8.49
866,BHULI,BHN,HG2,DHANBAD,ECR,DHANBAD,JHARKHAND,2,146,8.49
867,CHIANKI,CNF,HG2,DHANBAD,ECR,PALAMU,JHARKHAND,2,146,8.49
868,DASARA,DSME,HG2,DHANBAD,ECR,HAZARIBAGH,JHARKHAND,2,146,8.49
869,DEONAGAR,DNH,HG2,DHANBAD,ECR,DHANBAD,JHARKHAND,2,146,8.49
870,DHANWAR,DNWR,HG2,DHANBAD,ECR,GIRIDIH,JHARKHAND,2,146,8.49
871,JAMUA,JAUA,HG2,DHANBAD,ECR,GIRIDIH,JHARKHAND,2,146,8.49
872,KAJRI,KFT,HG2,DHANBAD,ECR,PALAMU,JHARKHAND,2,146,8.49
873,LALGARH BIHAR H,LBT,HG2,DHANBAD,ECR,PALAMU,JHARKHAND,2,146,8.49
874,NICHITPUR,NPJE,HG2,DHANBAD,ECR,DHANBAD,JHARKHAND,2,146,8.49
875,PATHARDIH BAZAR HALT,PBQ,HG2,DHANBAD,ECR,DHANBAD,JHARKHAND,2,146,8.49
876,RAKESHBAGH HALT,RHBH,HG2,DHANBAD,ECR,GIRIDIH,JHARKHAND,2,146,8.49
877,SONARDIH,SZE,HG2,DHANBAD,ECR,DHANBAD,JHARKHAND,2,146,8.49
878,YADUDIH,YDD,HG2,DHANBAD,ECR,KODERMA,JHARKHAND,2,146,8.49
879,BANSINALA HALT,BNSL,HG3,DHANBAD,ECR,GAYA,BIHAR,3,146,8.49
880,BASERIA,BZE,HG3,DHANBAD,ECR,DHANBAD,JHARKHAND,3,146,8.49
881,BHOLIDIH,BLME,HG3,DHANBAD,ECR,GIRIDIH,JHARKHAND,3,146,8.49
882,DEMU,DEMU,HG3,DHANBAD,ECR,LATEHAR,JHARKHAND,3,146,8.49
883,DIGWAR HALT,DIWR,HG3,DHANBAD,ECR,RAMGARH,JHARKHAND,3,146,8.49
884,DOKRA BH,DOKM,HG3,DHANBAD,ECR,DHANBAD,JHARKHAND,3,146,8.49
885,DURIATANR HALT,DUTR,HG3,DHANBAD,ECR,GIRIDIH,JHARKHAND,3,146,8.49
886,HEHEGARA HALT,HHG,HG3,DHANBAD,ECR,LATEHAR,JHARKHAND,3,146,8.49
887,HUNDUR HALT,HUDU,HG3,DHANBAD,ECR,RAMGARH,JHARKHAND,3,146,8.49
888,JAMUNIATAND HALT,JNN,HG3,DHANBAD,ECR,BOKARO,JHARKHAND,3,146,8.49
889,JHANJHITOLI H,JJTI,HG3,DHANBAD,ECR,RANCHI,JHARKHAND,3,146,8.49
890,JORASHANKH HALT,JASH,HG3,DHANBAD,ECR,GIRIDIH,JHARKHAND,3,146,8.49
891,KATHAUTIA,KAUA,HG3,DHANBAD,ECR,HAZARIBAGH,JHARKHAND,3,146,8.49
892,KAWAR,KWAR,HG3,DHANBAD,ECR,GIRIDIH,JHARKHAND,3,146,8.49
893,KESHWARI BH,KSHR,HG3,DHANBAD,ECR,HAZARIBAGH,JHARKHAND,3,146,8.49
894,KODERMA TOWN,KQRT,HG3,DHANBAD,ECR,KODERMA,JHARKHAND,3,146,8.49
895,MAHESHPUR,MHSA,HG3,DHANBAD,ECR,KODERMA,JHARKHAND,3,146,8.49
896,MANDU HALT,MNDU,HG3,DHANBAD,ECR,KODERMA,JHARKHAND,3,146,8.49
897,MANGRA,MAZ,HG3,DHANBAD,ECR,LATEHAR,JHARKHAND,3,146,8.49
898,NAWADIH,NWDH,HG3,DHANBAD,ECR,KODERMA,JHARKHAND,3,146,8.49
899,NAWAL SAHI HALT,NWSI,HG3,DHANBAD,ECR,KODERMA,JHARKHAND,3,146,8.49
900,NEW GIRIDIH,NGRH,HG3,DHANBAD,ECR,GIRIDIH,JHARKHAND,3,146,8.49
901,RAMAKUNDA IBP H,RIBP,HG3,DHANBAD,ECR,DHANBAD,JHARKHAND,3,146,8.49
902,REMA,REMA,HG3,DHANBAD,ECR,GIRIDIH,JHARKHAND,3,146,8.49
903,SALAIYA,SLIA,HG3,DHANBAD,ECR,GIRIDIH,JHARKHAND,3,146,8.49
904,SINDRI M YARD,SNMY,HG3,DHANBAD,ECR,DHANBAD,JHARKHAND,3,146,8.49
905,TOKISUD,TKS,HG3,DHANBAD,ECR,RAMGARH,JHARKHAND,3,146,8.49
906,TOLRA,TRZ,HG3,DHANBAD,ECR,PALAMU,JHARKHAND,3,146,8.49
907,URWAN,UWAN,HG3,DHANBAD,ECR,KODERMA,JHARKHAND,3,146,8.49
908,DHANBAD JN.,DHN,NSG2,DHANBAD,ECR,DHANBAD,JHARKHAND,5,146,8.49
909,KODERMA JN,KQR,NSG3,DHANBAD,ECR,KODERMA,JHARKHAND,6,146,8.49
910,DALTONGANJ,DTO,NSG4,DHANBAD,ECR,PALAMU,JHARKHAND,7,146,8.49
911,GARWA ROAD JN.,GHD,NSG4,DHANBAD,ECR,PALAMU,JHARKHAND,7,146,8.49
912,PARASNATH,PNME,NSG4,DHANBAD,ECR,GIRIDIH,JHARKHAND,7,146,8.49
913,SINGRAULI,SGRL,NSG4,DHANBAD,ECR,SINGRAULI,MADHYA PRADESH,7,146,8.49
914,ANPARA,ANPR,NSG5,DHANBAD,ECR,SONBHADRA,UTTAR PRADESH,8,146,8.49
915,BARKA KANA,BRKA,NSG5,DHANBAD,ECR,RAMGARH,JHARKHAND,8,146,8.49
916,BARWADIH JN.,BRWD,NSG5,DHANBAD,ECR,LATEHAR,JHARKHAND,8,146,8.49
917,BOKARO THERMAL,BKRO,NSG5,DHANBAD,ECR,BOKARO,JHARKHAND,8,146,8.49
918,CHANDRAPURA JN.,CRP,NSG5,DHANBAD,ECR,BOKARO,JHARKHAND,8,146,8.49
919,CHOPAN,CPU,NSG5,DHANBAD,ECR,SONBHADRA,UTTAR PRADESH,8,146,8.49
920,DUDHINAGAR,DXN,NSG5,DHANBAD,ECR,SONBHADRA,UTTAR PRADESH,8,146,8.49
921,GARHWA,GHQ,NSG5,DHANBAD,ECR,GARHWA,JHARKHAND,8,146,8.49
922,GUMIA,GMIA,NSG5,DHANBAD,ECR,BOKARO,JHARKHAND,8,146,8.49
923,HAZARIBAGH ROAD,HZD,NSG5,DHANBAD,ECR,HAZARIBAGH,JHARKHAND,8,146,8.49
924,KATRASGARH,KTH,NSG5,DHANBAD,ECR,DHANBAD,JHARKHAND,8,146,8.49
925,KHALARI,KLRE,NSG5,DHANBAD,ECR,RANCHI,JHARKHAND,8,146,8.49
926,LATEHER,LTHR,NSG5,DHANBAD,ECR,LATEHAR,JHARKHAND,8,146,8.49
927,NAGARUNTARI,NUQ,NSG5,DHANBAD,ECR,GARHWA,JHARKHAND,8,146,8.49
928,NSC BOSE J GOMO,GMO,NSG5,DHANBAD,ECR,DHANBAD,JHARKHAND,8,146,8.49
929,PAHARPUR,PRP,NSG5,DHANBAD,ECR,GAYA,BIHAR,8,146,8.49
930,PARSABAD,PSB,NSG5,DHANBAD,ECR,HAZARIBAGH,JHARKHAND,8,146,8.49
931,PATRATU,PTRU,NSG5,DHANBAD,ECR,RAMGARH,JHARKHAND,8,146,8.49
932,RANCHI ROAD,RRME,NSG5,DHANBAD,ECR,RAMGARH,JHARKHAND,8,146,8.49
933,RENUKUT,RNQ,NSG5,DHANBAD,ECR,SONBHADRA,UTTAR PRADESH,8,146,8.49
934,SHAKTINAGAR,SKTN,NSG5,DHANBAD,ECR,SONBHADRA,UTTAR PRADESH,8,146,8.49
935,TETULMARI,TET,NSG5,DHANBAD,ECR,DHANBAD,JHARKHAND,8,146,8.49
936,TORI,TORI,NSG5,DHANBAD,ECR,LATEHAR,JHARKHAND,8,146,8.49
937,WYNDHAMGANJ,WDM,NSG5,DHANBAD,ECR,SONBHADRA,UTTAR PRADESH,8,146,8.49
938,ARIGADA,ARGD,NSG6,DHANBAD,ECR,HAZARIBAGH,JHARKHAND,9,146,8.49
939,BANDHUA,BNF,NSG6,DHANBAD,ECR,GAYA,BIHAR,9,146,8.49
940,BANSJORA,BZS,NSG6,DHANBAD,ECR,DHANBAD,JHARKHAND,9,146,8.49
941,BARHI,BRHI,NSG6,DHANBAD,ECR,KODERMA,JHARKHAND,9,146,8.49
942,BERMO,BRMO,NSG6,DHANBAD,ECR,BOKARO,JHARKHAND,9,146,8.49
943,BES,BES,NSG6,DHANBAD,ECR,KODERMA,JHARKHAND,9,146,8.49
944,BHANDARIDAH,BHME,NSG6,DHANBAD,ECR,BOKARO,JHARKHAND,9,146,8.49
945,BHURKUNDA,BHKD,NSG6,DHANBAD,ECR,RAMGARH,JHARKHAND,9,146,8.49
946,BILLI,BXLL,NSG6,DHANBAD,ECR,SONBHADRA,UTTAR PRADESH,9,146,8.49
947,CHAINPUR,CNPR,NSG6,DHANBAD,ECR,RAMGARH,JHARKHAND,9,146,8.49
948,CHARHI,CHRI,NSG6,DHANBAD,ECR,HAZARIBAGH,JHARKHAND,9,146,8.49
949,CHAUBE,CBH,NSG6,DHANBAD,ECR,HAZARIBAGH,JHARKHAND,9,146,8.49
950,CHAUDHURIBANDH,CDB,NSG6,DHANBAD,ECR,GIRIDIH,JHARKHAND,9,146,8.49
951,CHHIPADOHAR,CPDR,NSG6,DHANBAD,ECR,LATEHAR,JHARKHAND,9,146,8.49
952,CHICHAKI,CCK,NSG6,DHANBAD,ECR,GIRIDIH,JHARKHAND,9,146,8.49
953,CHURKI,CHRK,NSG6,DHANBAD,ECR,SINGRAULI,MADHYA PRADESH,9,146,8.49
954,DANEA,DNEA,NSG6,DHANBAD,ECR,RAMGARH,JHARKHAND,9,146,8.49
955,DILWA,DLW,NSG6,DHANBAD,ECR,NAWADA,BIHAR,9,146,8.49
956,DUMRI BIHAR,DMBR,NSG6,DHANBAD,ECR,BOKARO,JHARKHAND,9,146,8.49
957,GUJHANDI,GJD,NSG6,DHANBAD,ECR,KODERMA,JHARKHAND,9,146,8.49
958,GURMURA,GMX,NSG6,DHANBAD,ECR,SONBHADRA,UTTAR PRADESH,9,146,8.49
959,GURPA,GAP,NSG6,DHANBAD,ECR,GAYA,BIHAR,9,146,8.49
960,HAZARIBAGH TOWN,HZBN,NSG6,DHANBAD,ECR,HAZARIBAGH,JHARKHAND,9,146,8.49
961,HENDEGIR,HNDR,NSG6,DHANBAD,ECR,HAZARIBAGH,JHARKHAND,9,146,8.49
962,HIRODIH,HRE,NSG6,DHANBAD,ECR,KODERMA,JHARKHAND,9,146,8.49
963,JARANGDIH,JAN,NSG6,DHANBAD,ECR,BOKARO,JHARKHAND,9,146,8.49
964,JHAROKHAS,JRQ,NSG6,DHANBAD,ECR,SONBHADRA,UTTAR PRADESH,9,146,8.49
965,JOGESWAR BIHAR,JGBR,NSG6,DHANBAD,ECR,RAMGARH,JHARKHAND,9,146,8.49
966,JOGIDIH,JGF,NSG6,DHANBAD,ECR,SONBHADRA,UTTAR PRADESH,9,146,8.49
967,KANASAR NAWADA,KSNA,NSG6,DHANBAD,ECR,KODERMA,JHARKHAND,9,146,8.49
968,KARAILA ROAD,KRLR,NSG6,DHANBAD,ECR,SINGRAULI,MADHYA PRADESH,9,146,8.49
969,KARMAHAT,KMHT,NSG6,DHANBAD,ECR,RAMGARH,JHARKHAND,9,146,8.49
970,KATKAMASANDI,KKAS,NSG6,DHANBAD,ECR,KODERMA,JHARKHAND,9,146,8.49
971,KECHKI,KCKI,NSG6,DHANBAD,ECR,LATEHAR,JHARKHAND,9,146,8.49
972,KHULDIL ROAD,KDRD,NSG6,DHANBAD,ECR,SONBHADRA,UTTAR PRADESH,9,146,8.49
973,KRISHNASHILA,KRSL,NSG6,DHANBAD,ECR,SONBHADRA,UTTAR PRADESH,9,146,8.49
974,KUJU,KUJU,NSG6,DHANBAD,ECR,KODERMA,JHARKHAND,9,146,8.49
975,KUMENDI,KMND,NSG6,DHANBAD,ECR,LATEHAR,JHARKHAND,9,146,8.49
976,KURHAGADA,KAGA,NSG6,DHANBAD,ECR,KODERMA,JHARKHAND,9,146,8.49
977,KUSUNDA JN.,KDS,NSG6,DHANBAD,ECR,DHANBAD,JHARKHAND,9,146,8.49
978,MAGARDAHA,MWF,NSG6,DHANBAD,ECR,SONBHADRA,UTTAR PRADESH,9,146,8.49
979,MAHADIYA,MHDA,NSG6,DHANBAD,ECR,SINGRAULI,MADHYA PRADESH,9,146,8.49
980,MAHUAMILAN,MMLN,NSG6,DHANBAD,ECR,LATEHAR,JHARKHAND,9,146,8.49
981,MAHUARIYA,MXY,NSG6,DHANBAD,ECR,SONBHADRA,UTTAR PRADESH,9,146,8.49
982,MATARI,MRQ,NSG6,DHANBAD,ECR,DHANBAD,JHARKHAND,9,146,8.49
983,MCCLUSKIEGANJ,MGME,NSG6,DHANBAD,ECR,RANCHI,JHARKHAND,9,146,8.49
984,MERALGRAM,MQX,NSG6,DHANBAD,ECR,GARHWA,JHARKHAND,9,146,8.49
985,MESRA,MESR,NSG6,DHANBAD,ECR,RANCHI,JHARKHAND,9,146,8.49
986,MIRCHADHORHI,MCQ,NSG6,DHANBAD,ECR,SONBHADRA,UTTAR PRADESH,9,146,8.49
987,MUIRPUR ROAD,MPF,NSG6,DHANBAD,ECR,SONBHADRA,UTTAR PRADESH,9,146,8.49
988,NIMIAGHAT,NMG,NSG6,DHANBAD,ECR,GIRIDIH,JHARKHAND,9,146,8.49
989,OBRADAM,OBR,NSG6,DHANBAD,ECR,SONBHADRA,UTTAR PRADESH,9,146,8.49
990,PADMA,PDMA,NSG6,DHANBAD,ECR,KODERMA,JHARKHAND,9,146,8.49
991,PAPRAKUND,PPKD,NSG6,DHANBAD,ECR,SONBHADRA,UTTAR PRADESH,9,146,8.49
992,PHULWARTANR,PLJE,NSG6,DHANBAD,ECR,DHANBAD,JHARKHAND,9,146,8.49
993,PHUSRO,PUS,NSG6,DHANBAD,ECR,BOKARO,JHARKHAND,9,146,8.49
994,PIPRADIH,PADH,NSG6,DHANBAD,ECR,KODERMA,JHARKHAND,9,146,8.49
995,PRADHAN KHUNTA,PKA,NSG6,DHANBAD,ECR,DHANBAD,JHARKHAND,9,146,8.49
996,RAJHAURA,RHR,NSG6,DHANBAD,ECR,PALAMU,JHARKHAND,9,146,8.49
997,RAKHITPUR,RKJE,NSG6,DHANBAD,ECR,DHANBAD,JHARKHAND,9,146,8.49
998,RAMNA,RMF,NSG6,DHANBAD,ECR,GARHWA,JHARKHAND,9,146,8.49
999,RAY,RAY,NSG6,DHANBAD,ECR,HAZARIBAGH,JHARKHAND,9,146,8.49
1000,RICHUGHUTA,RCGT,NSG6,DHANBAD,ECR,LATEHAR,JHARKHAND,9,146,8.49
1001,SALAI BANWA,SLBN,NSG6,DHANBAD,ECR,SONBHADRA,UTTAR PRADESH,9,146,8.49
1002,SARMATANR,SMND,NSG6,DHANBAD,ECR,HAZARIBAGH,JHARKHAND,9,146,8.49
1003,SHANKI,SANI,NSG6,DHANBAD,ECR,RAMGARH,JHARKHAND,9,146,8.49
1004,SIDHWAR,SDWR,NSG6,DHANBAD,ECR,RAMGARH,JHARKHAND,9,146,8.49
1005,SIJUA,SJA,NSG6,DHANBAD,ECR,DHANBAD,JHARKHAND,9,146,8.49
1006,SINDRI B.H.,SDBH,NSG6,DHANBAD,ECR,DHANBAD,JHARKHAND,9,146,8.49
1007,SINDRI TOWN,SNDT,NSG6,DHANBAD,ECR,DHANBAD,JHARKHAND,9,146,8.49
1008,SOUTH GOVINDPUR,SGK,NSG5,DHANBAD,ECR,DHANBAD,JHARKHAND,8,146,8.49
1009,TANKUPPA,TKN,NSG6,DHANBAD,ECR,GAYA,BIHAR,9,146,8.49
1010,TELO,TELO,NSG6,DHANBAD,ECR,BOKARO,JHARKHAND,9,146,8.49
1011,SACHIWALAYA HALT,SCY,HG1,DANAPUR,ECR,PATNA,BIHAR,1,219,8.49
1012,BARAKALAN,BQW,HG2,DANAPUR,ECR,GHAZIPUR,UTTAR PRADESH,2,219,8.49
1013,BHALUI,BFM,HG2,DANAPUR,ECR,LAKHISARAI,BIHAR,2,219,8.49
1014,CHAURA BH,CUX,HG2,DANAPUR,ECR,JAMUI,BIHAR,2,219,8.49
1015,DADPUR B.H.,DPX,HG2,DANAPUR,ECR,JAMUI,BIHAR,2,219,8.49
1016,DANIYAWAN BAZAR HALT,DNWH,HG2,DANAPUR,ECR,PATNA,BIHAR,2,219,8.49
1017,DUMARI HALT,DMRX,HG2,DANAPUR,ECR,LAKHISARAI,BIHAR,2,219,8.49
1018,GANDHI HALT,GNHI,HG2,DANAPUR,ECR,PATNA,BIHAR,2,219,8.49
1019,JAMIRA HALT,JMIR,HG2,DANAPUR,ECR,BHOJPUR,BIHAR,2,219,8.49
1020,JATDUMRI HALT,JTDM,HG2,DANAPUR,ECR,PATNA,BIHAR,2,219,8.49
1021,KARAHIYA HALT,KKRH,HG2,DANAPUR,ECR,GHAZIPUR,UTTAR PRADESH,2,219,8.49
1022,KARONA HALT,KRON,HG2,DANAPUR,ECR,JEHANABAD,BIHAR,2,219,8.49
1023,KUSALPUR H HALT,KPHH,HG2,DANAPUR,ECR,BUXAR,BIHAR,2,219,8.49
1024,MANJHAULI GRAM HALT,MJM,HG2,DANAPUR,ECR,PATNA,BIHAR,2,219,8.49
1025,NAGSAR HALT,NXR,HG2,DANAPUR,ECR,GHAZIPUR,UTTAR PRADESH,2,219,8.49
1026,PALI A,PAIL,HG2,DANAPUR,ECR,PATNA,BIHAR,2,219,8.49
1027,PUNPUNGHAT HALT,PNUG,HG2,DANAPUR,ECR,PATNA,BIHAR,2,219,8.49
1028,SOHSARAI,SOW,HG2,DANAPUR,ECR,NALANDA,BIHAR,2,219,8.49
1029,WANAWARKOTESWAR,WKND,HG2,DANAPUR,ECR,GAYA,BIHAR,2,219,8.49
1030,ACHUARA HALT,ACU,HG3,DANAPUR,ECR,PATNA,BIHAR,3,219,8.49
1031,ADARSH MANPUR,AHMP,HG3,DANAPUR,ECR,SHEIKHPURA,BIHAR,3,219,8.49
1032,AMBAPENDARPUR H,APP,HG3,DANAPUR,ECR,NALANDA,BIHAR,3,219,8.49
1033,AS JAGDEO PD H,ASJP,HG3,DANAPUR,ECR,BHOJPUR,BIHAR,3,219,8.49
1034,AUNGARIDHAM H,ANGM,HG3,DANAPUR,ECR,NALANDA,BIHAR,3,219,8.49
1035,AUNTA HALT,ANAH,HG3,DANAPUR,ECR,PATNA,BIHAR,3,219,8.49
1036,BADHAUNA HALT,BADH,HG3,DANAPUR,ECR,NALANDA,BIHAR,3,219,8.49
1037,BAGHI GHAUSPUR,BFX,HG3,DANAPUR,ECR,NAWADA,BIHAR,3,219,8.49
1038,BAHORA CHANDIL,BHCL,HG3,DANAPUR,ECR,GHAZIPUR,UTTAR PRADESH,3,219,8.49
1039,BALAHPUR HALT,BLHR,HG3,DANAPUR,ECR,PATNA,BIHAR,3,219,8.49
1040,BALHAPUR HALT,BHAD,HG3,DANAPUR,ECR,PATNA,BIHAR,3,219,8.49
1041,BARABAR HALT,BBHT,HG3,DANAPUR,ECR,JEHANABAD,BIHAR,3,219,8.49
1042,BARH COURT HALT,BCHT,HG3,DANAPUR,ECR,PATNA,BIHAR,3,219,8.49
1043,BASUCHAK HALT,BQSP,HG3,DANAPUR,ECR,LAKHISARAI,BIHAR,3,219,8.49
1044,BUDHDEV CY NGR,BCYN,HG3,DANAPUR,ECR,PATNA,BIHAR,3,219,8.49
1045,C MASAUDHI HALT,CKMI,HG3,DANAPUR,ECR,PATNA,BIHAR,3,219,8.49
1046,CHAKIA THERMAL H,BTPH,HG3,DANAPUR,ECR,BEGUSARAI,BIHAR,3,219,8.49
1047,CHAMPAPUR HALT,CPPR,HG3,DANAPUR,ECR,PATNA,BIHAR,3,219,8.49
1048,CHANDI HALT,CNDI,HG3,DANAPUR,ECR,NALANDA,BIHAR,3,219,8.49
1049,CHATAR,CTHT,HG3,DANAPUR,ECR,NAWADA,BIHAR,3,219,8.49
1050,DEEDAR GANJ,DDGJ,HG3,DANAPUR,ECR,PATNA,BIHAR,3,219,8.49
1051,DEEPNAGAR HALT,DPNR,HG3,DANAPUR,ECR,NALANDA,BIHAR,3,219,8.49
1052,DEKPURA HALT,DKR,HG3,DANAPUR,ECR,NALANDA,BIHAR,3,219,8.49
1053,DERGAON HALT,DGNH,HG3,DANAPUR,ECR,NAWADA,BIHAR,3,219,8.49
1054,DHURANT JWAS H,DJS,HG3,DANAPUR,ECR,LAKHISARAI,BIHAR,3,219,8.49
1055,DIGHA BRIDGE H,DGBH,HG3,DANAPUR,ECR,PATNA,BIHAR,3,219,8.49
1056,DIYAWAN HALT,DYW,HG3,DANAPUR,ECR,PATNA,BIHAR,3,219,8.49
1057,EKSARI,EKH,HG3,DANAPUR,ECR,SHEIKHPURA,BIHAR,3,219,8.49
1058,GANGASAHAI HALT,GGSY,HG3,DANAPUR,ECR,LAKHISARAI,BIHAR,3,219,8.49
1059,GARO BIGHA HALT,GBHA,HG3,DANAPUR,ECR,NAWADA,BIHAR,3,219,8.49
1060,GOHRIGRAM HALT,GIG,HG3,DANAPUR,ECR,LAKHISARAI,BIHAR,3,219,8.49
1061,GOKULNAGAR HALT,XGN,HG3,DANAPUR,ECR,PATNA,BIHAR,3,219,8.49
1062,HISUA,HIS,HG3,DANAPUR,ECR,NAWADA,BIHAR,3,219,8.49
1063,IMLI BIGHA HALT,IMBG,HG3,DANAPUR,ECR,NALANDA,BIHAR,3,219,8.49
1064,J P MAHULI HALT,JPML,HG3,DANAPUR,ECR,PATNA,BIHAR,3,219,8.49
1065,JAGJIWAN HALT,JGWL,HG3,DANAPUR,ECR,BHOJPUR,BIHAR,3,219,8.49
1066,JALALPUR HALT,JLPH,HG3,DANAPUR,ECR,PATNA,BIHAR,3,219,8.49
1067,JUNAIR HALT,JAR,HG3,DANAPUR,ECR,NALANDA,BIHAR,3,219,8.49
1068,KACHHIANA HALT,KCYN,HG3,DANAPUR,ECR,LAKHISARAI,BIHAR,3,219,8.49
1069,KAMTA HALT,KAMA,HG3,DANAPUR,ECR,NALANDA,BIHAR,3,219,8.49
1070,KANHAIPUR,KNHP,HG3,DANAPUR,ECR,PATNA,BIHAR,3,219,8.49
1071,KARAHDIH HALT,KHDH,HG3,DANAPUR,ECR,NALANDA,BIHAR,3,219,8.49
1072,KARNAUTI HALT,KRNN,HG3,DANAPUR,ECR,PATNA,BIHAR,3,219,8.49
1073,KAURIYA HALT,KYA,HG3,DANAPUR,ECR,BHOJPUR,BIHAR,3,219,8.49
1074,KHARUARA HALT,KHUH,HG3,DANAPUR,ECR,NALANDA,BIHAR,3,219,8.49
1075,KHURRAMPUR HALT,KAMR,HG3,DANAPUR,ECR,NALANDA,BIHAR,3,219,8.49
1076,KOLHANA HALT,KLNA,HG3,DANAPUR,ECR,GAYA,BIHAR,3,219,8.49
1077,KUNDER HALT,KDER,HG3,DANAPUR,ECR,LAKHISARAI,BIHAR,3,219,8.49
1078,KUSUMHA BIHAR H,KSMB,HG3,DANAPUR,ECR,SHEIKHPURA,BIHAR,3,219,8.49
1079,LACHHUBIGHA H,LUBA,HG3,DANAPUR,ECR,PATNA,BIHAR,3,219,8.49
1080,LAKHOCHAK HALT,LCK,HG3,DANAPUR,ECR,LAKHISARAI,BIHAR,3,219,8.49
1081,LEMUABAD HALT,LEB,HG3,DANAPUR,ECR,PATNA,BIHAR,3,219,8.49
1082,LOHANDA HALT,LHNA,HG3,DANAPUR,ECR,NALANDA,BIHAR,3,219,8.49
1083,MACHRIAWAN HALT,MCY,HG3,DANAPUR,ECR,PATNA,BIHAR,3,219,8.49
1084,MAHATBANIA HALT,MTBH,HG3,DANAPUR,ECR,BHOJPUR,BIHAR,3,219,8.49
1085,MAHESHLETA HALT,MHLT,HG3,DANAPUR,ECR,LAKHISARAI,BIHAR,3,219,8.49
1086,MAHURI HALT,MH,HG3,DANAPUR,ECR,NALANDA,BIHAR,3,219,8.49
1087,MAI HALT,IAM,HG3,DANAPUR,ECR,JEHANABAD,BIHAR,3,219,8.49
1088,MANJHWE HALT,MZW,HG3,DANAPUR,ECR,NAWADA,BIHAR,3,219,8.49
1089,MASAUDHI COURT,MDCR,HG3,DANAPUR,ECR,PATNA,BIHAR,3,219,8.49
1090,MEMRA MEMRAKHABAD,MMKB,HG3,DANAPUR,ECR,PATNA,BIHAR,3,219,8.49
1091,MIRABIGHA HALT,MBAH,HG3,DANAPUR,ECR,JEHANABAD,BIHAR,3,219,8.49
1092,MOHAMADPUR,MMDP,HG3,DANAPUR,ECR,NAWADA,BIHAR,3,219,8.49
1093,MURHARI HALT,MUHI,HG3,DANAPUR,ECR,NALANDA,BIHAR,3,219,8.49
1094,NADAON HALT,NDON,HG3,DANAPUR,ECR,BUXAR,BIHAR,3,219,8.49
1095,NAIKA ROAD HALT,NARD,HG3,DANAPUR,ECR,PATNA,BIHAR,3,219,8.49
1096,NEKPUR,NKPU,HG3,DANAPUR,ECR,NALANDA,BIHAR,3,219,8.49
1097,NEMA HALT,NEMA,HG3,DANAPUR,ECR,PATNA,BIHAR,3,219,8.49
1098,NER HALT,NERH,HG3,DANAPUR,ECR,GAYA,BIHAR,3,219,8.49
1099,NEYAMATPUR HALT,NYM,HG3,DANAPUR,ECR,GAYA,BIHAR,3,219,8.49
1100,NIYAZIPUR HALT,NZP,HG3,DANAPUR,ECR,JEHANABAD,BIHAR,3,219,8.49
1101,NOORSARAI HALT,NRSI,HG3,DANAPUR,ECR,NALANDA,BIHAR,3,219,8.49
1102,ORE HALT,OREH,HG3,DANAPUR,ECR,GAYA,BIHAR,3,219,8.49
1103,PAIMAR,PMI,HG3,DANAPUR,ECR,GAYA,BIHAR,3,219,8.49
1104,PATEL HALT,PATL,HG3,DANAPUR,ECR,PATNA,BIHAR,3,219,8.49
1105,PAWANI KPUR H,PWXP,HG3,DANAPUR,ECR,BUXAR,BIHAR,3,219,8.49
1106,PURA HALT,PAHB,HG3,DANAPUR,ECR,GAYA,BIHAR,3,219,8.49
1107,RAHUI ROAD,RRE,HG3,DANAPUR,ECR,NALANDA,BIHAR,3,219,8.49
1108,RAILEY E HALT,RLE,HG3,DANAPUR,ECR,PATNA,BIHAR,3,219,8.49
1109,RAMANAND T HALT,RNTE,HG3,DANAPUR,ECR,BHOJPUR,BIHAR,3,219,8.49
1110,RAMBHAWAN HALT,RPWN,HG3,DANAPUR,ECR,NALANDA,BIHAR,3,219,8.49
1111,RGS MAHULI HALT,RSMN,HG3,DANAPUR,ECR,PATNA,BIHAR,3,219,8.49
1112,RUKHAI HALT,RUKH,HG3,DANAPUR,ECR,PATNA,BIHAR,3,219,8.49
1113,S J H GOPALPUR,SJHG,HG3,DANAPUR,ECR,LAKHISARAI,BIHAR,3,219,8.49
1114,SADIPUR HALT,XSAD,HG3,DANAPUR,ECR,NAWADA,BIHAR,3,219,8.49
1115,SAHARI HALT,SHT,HG3,DANAPUR,ECR,PATNA,BIHAR,3,219,8.49
1116,SARAHULA HALT,SAHA,HG3,DANAPUR,ECR,GHAZIPUR,UTTAR PRADESH,3,219,8.49
1117,SARDAR PATEL H,SDPH,HG3,DANAPUR,ECR,NALANDA,BIHAR,3,219,8.49
1118,SARSOO,SRSO,HG3,DANAPUR,ECR,GAYA,BIHAR,3,219,8.49
1119,SARVODAYA HALT,XSAN,HG3,DANAPUR,ECR,BHOJPUR,BIHAR,3,219,8.49
1120,SEONAN HALT,SONH,HG3,DANAPUR,ECR,JEHANABAD,BIHAR,3,219,8.49
1121,SHUKDASGRAM H,SKDG,HG3,DANAPUR,ECR,JAMUI,BIHAR,3,219,8.49
1122,SIKARIA HALT,SKRI,HG3,DANAPUR,ECR,BHOJPUR,BIHAR,3,219,8.49
1123,SINGARIYAWAN H,SGYW,HG3,DANAPUR,ECR,PATNA,BIHAR,3,219,8.49
1124,SIVNAR HALT,SIVN,HG3,DANAPUR,ECR,PATNA,BIHAR,3,219,8.49
1125,SONEWARSHA HALT,SONW,HG3,DANAPUR,ECR,NAWADA,BIHAR,3,219,8.49
1126,SULTANPUR GRAM,SLNG,HG3,DANAPUR,ECR,PATNA,BIHAR,3,219,8.49
1127,TENERI HALT,TNRI,HG3,DANAPUR,ECR,PATNA,BIHAR,3,219,8.49
1128,TUNGI HALT,TNGI,HG3,DANAPUR,ECR,NALANDA,BIHAR,3,219,8.49
1129,USIAKHAS HALT,USK,HG3,DANAPUR,ECR,GHAZIPUR,UTTAR PRADESH,3,219,8.49
1130,V V GIRI HALT,VVG,HG3,DANAPUR,ECR,BUXAR,BIHAR,3,219,8.49
1131,VKS DHARAULI H,VKDH,HG3,DANAPUR,ECR,BHOJPUR,BIHAR,3,219,8.49
1132,PATNA JN.,PNBE,NSG1,DANAPUR,ECR,PATNA,BIHAR,4,219,8.49
1133,PATLIPUTRA,PPTA,NSG2,DANAPUR,ECR,PATNA,BIHAR,5,219,8.49
1134,ARA JN.,ARA,NSG3,DANAPUR,ECR,BHOJPUR,BIHAR,6,219,8.49
1135,BUXAR,BXR,NSG3,DANAPUR,ECR,BUXAR,BIHAR,6,219,8.49
1136,DANAPUR,DNR,NSG3,DANAPUR,ECR,PATNA,BIHAR,6,219,8.49
1137,KIUL JN.,KIUL,NSG3,DANAPUR,ECR,LAKHISARAI,BIHAR,6,219,8.49
1138,RAJENDRANAGAR T,RJPB,NSG3,DANAPUR,ECR,PATNA,BIHAR,6,219,8.49
1139,BAKHTIYARPUR JN.,BKP,NSG4,DANAPUR,ECR,PATNA,BIHAR,7,219,8.49
1140,BARH.,BARH,NSG4,DANAPUR,ECR,PATNA,BIHAR,7,219,8.49
1141,BIHTA,BTA,NSG4,DANAPUR,ECR,PATNA,BIHAR,7,219,8.49
1142,DILDARNAGAR JN.,DLN,NSG4,DANAPUR,ECR,GHAZIPUR,UTTAR PRADESH,7,219,8.49
1143,FATUHA,FUT,NSG4,DANAPUR,ECR,PATNA,BIHAR,7,219,8.49
1144,JAMUI,JMU,NSG4,DANAPUR,ECR,JAMUI,BIHAR,7,219,8.49
1145,JEHANABAD,JHD,NSG4,DANAPUR,ECR,JEHANABAD,BIHAR,7,219,8.49
1146,JHAJHA,JAJ,NSG4,DANAPUR,ECR,JAMUI,BIHAR,7,219,8.49
1147,MOKAMA JN.,MKA,NSG4,DANAPUR,ECR,PATNA,BIHAR,7,219,8.49
1148,PATNA SAHEB,PNC,NSG4,DANAPUR,ECR,PATNA,BIHAR,7,219,8.49
1149,RAJGIR,RGD,NSG4,DANAPUR,ECR,NALANDA,BIHAR,7,219,8.49
1150,TAREGNA,TEA,NSG4,DANAPUR,ECR,PATNA,BIHAR,7,219,8.49
1151,BARHIYA,BRYA,NSG5,DANAPUR,ECR,LAKHISARAI,BIHAR,8,219,8.49
1152,BIHAR SHARIF,BEHS,NSG5,DANAPUR,ECR,NALANDA,BIHAR,8,219,8.49
1153,BIHIYA,BEA,NSG5,DANAPUR,ECR,BHOJPUR,BIHAR,8,219,8.49
1154,DUMRAON,DURE,NSG5,DANAPUR,ECR,BUXAR,BIHAR,8,219,8.49
1155,EKANGAR SARAI FLAG,EKR,NSG5,DANAPUR,ECR,NALANDA,BIHAR,8,219,8.49
1156,GAHMAR,GMR,NSG5,DANAPUR,ECR,GHAZIPUR,UTTAR PRADESH,8,219,8.49
1157,GIDHAUR,GHR,NSG5,DANAPUR,ECR,JAMUI,BIHAR,8,219,8.49
1158,GULZARBAGH,GZH,NSG5,DANAPUR,ECR,PATNA,BIHAR,8,219,8.49
1159,HARNAUT,HRT,NSG5,DANAPUR,ECR,NALANDA,BIHAR,8,219,8.49
1160,HATHIDAH JN.,HTZ,NSG5,DANAPUR,ECR,PATNA,BIHAR,8,219,8.49
1161,HILSA BLOCK,HIL,NSG5,DANAPUR,ECR,NALANDA,BIHAR,8,219,8.49
1162,ISLAMPUR,IPR,NSG5,DANAPUR,ECR,NALANDA,BIHAR,8,219,8.49
1163,KHUSROPUR,KOO,NSG5,DANAPUR,ECR,PATNA,BIHAR,8,219,8.49
1164,LUCKEESARAI JN.,LKR,NSG5,DANAPUR,ECR,LAKHISARAI,BIHAR,8,219,8.49
1165,MAKHDUMPUR GAYA,MDE,NSG5,DANAPUR,ECR,JEHANABAD,BIHAR,8,219,8.49
1166,MANANPUR,MNP,NSG5,DANAPUR,ECR,LAKHISARAI,BIHAR,8,219,8.49
1167,NAWADAH,NWD,NSG5,DANAPUR,ECR,NAWADA,BIHAR,8,219,8.49
1168,RAGHUNATHPUR,RPR,NSG5,DANAPUR,ECR,BUXAR,BIHAR,8,219,8.49
1169,SHEIKHPURA,SHK,NSG5,DANAPUR,ECR,SHEIKHPURA,BIHAR,8,219,8.49
1170,WARISALIGANJ,WRS,NSG5,DANAPUR,ECR,NAWADA,BIHAR,8,219,8.49
1171,ZAMANIA,ZNA,NSG5,DANAPUR,ECR,GHAZIPUR,UTTAR PRADESH,8,219,8.49
1172,ATHMAL GOLA,ATL,NSG6,DANAPUR,ECR,PATNA,BIHAR,9,219,8.49
1173,BAGHI BARDIHA,BBE,NSG6,DANAPUR,ECR,NAWADA,BIHAR,9,219,8.49
1174,BANAHI,BYN,NSG6,DANAPUR,ECR,BUXAR,BIHAR,9,219,8.49
1175,BANKA GHAT,BKG,NSG6,DANAPUR,ECR,PATNA,BIHAR,9,219,8.49
1176,BANSIPUR,BSQP,NSG6,DANAPUR,ECR,LAKHISARAI,BIHAR,9,219,8.49
1177,BARUNA,BUE,NSG6,DANAPUR,ECR,BUXAR,BIHAR,9,219,8.49
1178,BELA,BELA,NSG6,DANAPUR,ECR,GAYA,BIHAR,9,219,8.49
1179,BHADAURA,BWH,NSG6,DANAPUR,ECR,GHAZIPUR,UTTAR PRADESH,9,219,8.49
1180,CHAKAND,CKH,NSG6,DANAPUR,ECR,GAYA,BIHAR,9,219,8.49
1181,CHAUSA,CSA,NSG6,DANAPUR,ECR,BUXAR,BIHAR,9,219,8.49
1182,DANIYAWAN JN,DHWN,NSG6,DANAPUR,ECR,PATNA,BIHAR,9,219,8.49
1183,DARAULI,DRV,NSG6,DANAPUR,ECR,GHAZIPUR,UTTAR PRADESH,9,219,8.49
1184,DHEENA,DHA,NSG6,DANAPUR,ECR,CHANDAULI,UTTAR PRADESH,9,219,8.49
1185,GARSANDA,GSDH,NSG6,DANAPUR,ECR,LAKHISARAI,BIHAR,9,219,8.49
1186,HARDAS BIGHA,HDE,NSG6,DANAPUR,ECR,PATNA,BIHAR,9,219,8.49
1187,JAHANABAD COUIRT FLA,JHDC,NSG6,DANAPUR,ECR,JEHANABAD,BIHAR,9,219,8.49
1188,JAMUAWAN FLAG,JMN,NSG6,DANAPUR,ECR,NAWADA,BIHAR,9,219,8.49
1189,JETHIAN,JTIN,NSG6,DANAPUR,ECR,GAYA,BIHAR,9,219,8.49
1190,KARAUTA,KWO,NSG6,DANAPUR,ECR,PATNA,BIHAR,9,219,8.49
1191,KARISATH,KRS,NSG6,DANAPUR,ECR,BHOJPUR,BIHAR,9,219,8.49
1192,KARJARA,KRJR,NSG6,DANAPUR,ECR,GAYA,BIHAR,9,219,8.49
1193,KAROTA PATNER,KRTR,NSG6,DANAPUR,ECR,LAKHISARAI,BIHAR,9,219,8.49
1194,KASHI CHAK,KSC,NSG6,DANAPUR,ECR,NAWADA,BIHAR,9,219,8.49
1195,KATARI,KTRI,NSG6,DANAPUR,ECR,GAYA,BIHAR,9,219,8.49
1196,KHUDAGANJ BAZAR,KDJB,NSG6,DANAPUR,ECR,NALANDA,BIHAR,9,219,8.49
1197,KOELWAR,KWR,NSG6,DANAPUR,ECR,BHOJPUR,BIHAR,9,219,8.49
1198,KUCHMAN,KCA,NSG6,DANAPUR,ECR,CHANDAULI,UTTAR PRADESH,9,219,8.49
1199,KULHARIA,KUA,NSG6,DANAPUR,ECR,BHOJPUR,BIHAR,9,219,8.49
1200,MANKATHA,MKB,NSG6,DANAPUR,ECR,LAKHISARAI,BIHAR,9,219,8.49
1201,MOR,MOR,NSG6,DANAPUR,ECR,PATNA,BIHAR,9,219,8.49
1202,NADAUL,NDU,NSG6,DANAPUR,ECR,PATNA,BIHAR,9,219,8.49
1203,NADWAN,NDW,NSG6,DANAPUR,ECR,PATNA,BIHAR,9,219,8.49
1204,NALANDA,NLD,NSG6,DANAPUR,ECR,NALANDA,BIHAR,9,219,8.49
1205,NATESAR,NES,NSG6,DANAPUR,ECR,GAYA,BIHAR,9,219,8.49
1206,NEORA,NEO,NSG6,DANAPUR,ECR,PATNA,BIHAR,9,219,8.49
1207,ORO,JDPR,NSG6,DANAPUR,ECR,NAWADA,BIHAR,9,219,8.49
1208,PARSA BAZAR,PRBZ,NSG6,DANAPUR,ECR,PATNA,BIHAR,9,219,8.49
1209,PAWAPURI ROAD,POE,NSG6,DANAPUR,ECR,NALANDA,BIHAR,9,219,8.49
1210,PHULWARI SHARIF,PWS,NSG6,DANAPUR,ECR,PATNA,BIHAR,9,219,8.49
1211,POTAHI,PFT,NSG6,DANAPUR,ECR,PATNA,BIHAR,9,219,8.49
1212,PUNARAKH,PHK,NSG6,DANAPUR,ECR,PATNA,BIHAR,9,219,8.49
1213,PUNPUN,PPN,NSG6,DANAPUR,ECR,PATNA,BIHAR,9,219,8.49
1214,RAJENDRA PUL,RJO,NSG6,DANAPUR,ECR,BEGUSARAI,BIHAR,9,219,8.49
1215,RAMPUR DUMRA,RDUM,NSG6,DANAPUR,ECR,PATNA,BIHAR,9,219,8.49
1216,SADISOPUR,SDE,NSG6,DANAPUR,ECR,PATNA,BIHAR,9,219,8.49
1217,SAKALDIHA,SLD,NSG6,DANAPUR,ECR,CHANDAULI,UTTAR PRADESH,9,219,8.49
1218,SALIMPUR BIHAR,SMBH,NSG6,DANAPUR,ECR,PATNA,BIHAR,9,219,8.49
1219,SILAO,SILO,NSG6,DANAPUR,ECR,NALANDA,BIHAR,9,219,8.49
1220,SIRARI,SRY,NSG6,DANAPUR,ECR,SHEIKHPURA,BIHAR,9,219,8.49
1221,TALL JN.,TALL,NSG6,DANAPUR,ECR,ARARIA,BIHAR,9,219,8.49
1222,TARIGHAT,TRG,NSG6,DANAPUR,ECR,GHAZIPUR,UTTAR PRADESH,9,219,8.49
1223,TEHTA,THA,NSG6,DANAPUR,ECR,JEHANABAD,BIHAR,9,219,8.49
1224,TEKA BIGHA,TKBG,NSG6,DANAPUR,ECR,PATNA,BIHAR,9,219,8.49
1225,TILAIYA,TIA,NSG6,DANAPUR,ECR,NAWADA,BIHAR,9,219,8.49
1226,TULSI ASHRARN,TLAM,NSG6,DANAPUR,ECR,GHAZIPUR,UTTAR PRADESH,9,219,8.49
1227,TWINING GANJ,TWG,NSG6,DANAPUR,ECR,BUXAR,BIHAR,9,219,8.49
1228,WAZERGANJ,WZJ,NSG6,DANAPUR,ECR,GAYA,BIHAR,9,219,8.49
1229,WENA,WENA,NSG6,DANAPUR,ECR,NALANDA,BIHAR,9,219,8.49
1230,DUMARI JUARA,DRI,HG2,SONPUR,ECR,SARAN,BIHAR,2,95,8.49
1231,HARPUR BOCHAHA,HBP,HG2,SONPUR,ECR,SAMASTIPUR,BIHAR,2,95,8.49
1232,AMBIKA BHAWANI H,AABH,HG3,SONPUR,ECR,SARAN,BIHAR,3,95,8.49
1233,BANGRIGRAM H,BIGH,HG3,SONPUR,ECR,BHAGALPUR,BIHAR,3,95,8.49
1234,BANIKPUR H,BNPR,HG3,SONPUR,ECR,BHAGALPUR,BIHAR,3,95,8.49
1235,BASADHIA,BSRA,HG3,SONPUR,ECR,SAMASTIPUR,BIHAR,3,95,8.49
1236,BEHAT H,BEHT,HG3,SONPUR,ECR,BEGUSARAI,BIHAR,3,95,8.49
1237,BELARI H,BLRI,HG3,SONPUR,ECR,SAMASTIPUR,BIHAR,3,95,8.49
1238,BENIPATTI PIRAPUR H,BNPT,HG3,SONPUR,ECR,MUZAFFARPUR,BIHAR,3,95,8.49
1239,BHARATKHAND,BRKD,HG3,SONPUR,ECR,KHAGARIA,BIHAR,3,95,8.49
1240,CHAIDABANNI H,CDBN,HG3,SONPUR,ECR,KHAGARIA,BIHAR,3,95,8.49
1241,DHABAULI H,DHBI,HG3,SONPUR,ECR,VAISHALI,BIHAR,3,95,8.49
1242,FATEHA,FAH,HG3,SONPUR,ECR,BEGUSARAI,BIHAR,3,95,8.49
1243,GARHARA,GHX,HG3,SONPUR,ECR,BEGUSARAI,BIHAR,3,95,8.49
1244,GHATARO,GTHT,HG3,SONPUR,ECR,VAISHALI,BIHAR,3,95,8.49
1245,GRAM KHARIKA HALT,GKHT,HG3,SONPUR,ECR,VAISHALI,BIHAR,3,95,8.49
1246,MAJNUPUR NAWADA H,MPNH,HG3,SONPUR,ECR,BEGUSARAI,BIHAR,3,95,8.49
1247,PANCHPATIA DEORIA H,PPDA,HG3,SONPUR,ECR,SARAN,BIHAR,3,95,8.49
1248,RAJAJAN H,RJJN,HG3,SONPUR,ECR,SAMASTIPUR,BIHAR,3,95,8.49
1249,SANHA H,SANH,HG3,SONPUR,ECR,BEGUSARAI,BIHAR,3,95,8.49
1250,SHERPUR DHIPURA,SPPA,HG3,SONPUR,ECR,SAMASTIPUR,BIHAR,3,95,8.49
1251,SINGHAUL H,SHHT,HG3,SONPUR,ECR,BEGUSARAI,BIHAR,3,95,8.49
1252,VISHNUPUR BATHUA,VBH,HG3,SONPUR,ECR,SAMASTIPUR,BIHAR,3,95,8.49
1253,MUZAFFARPUR JN.,MFP,NSG2,SONPUR,ECR,MUZAFFARPUR,BIHAR,5,95,8.49
1254,BARAUNI JN.,BJU,NSG3,SONPUR,ECR,BEGUSARAI,BIHAR,6,95,8.49
1255,HAJIPUR JN.,HJP,NSG3,SONPUR,ECR,VAISHALI,BIHAR,6,95,8.49
1256,KHAGARIA JN.,KGG,NSG3,SONPUR,ECR,KHAGARIA,BIHAR,6,95,8.49
1257,SONPUR JN.,SEE,NSG3,SONPUR,ECR,SARAN,BIHAR,6,95,8.49
1258,BEGUSARAI,BGS,NSG4,SONPUR,ECR,BEGUSARAI,BIHAR,7,95,8.49
1259,MANSI JN.,MNE,NSG4,SONPUR,ECR,KHAGARIA,BIHAR,7,95,8.49
1260,NAUGACHIA,NNA,NSG4,SONPUR,ECR,BHAGALPUR,BIHAR,7,95,8.49
1261,BACHWARA JN.,BCA,NSG5,SONPUR,ECR,BEGUSARAI,BIHAR,8,95,8.49
1262,DALSINGH SARAI,DSS,NSG5,SONPUR,ECR,SAMASTIPUR,BIHAR,8,95,8.49
1263,DESARI,DES,NSG5,SONPUR,ECR,VAISHALI,BIHAR,8,95,8.49
1264,DHOLI,DOL,NSG5,SONPUR,ECR,MUZAFFARPUR,BIHAR,8,95,8.49
1265,DIGHWARA,DGA,NSG5,SONPUR,ECR,SARAN,BIHAR,8,95,8.49
1266,GORAUL,GRL,NSG5,SONPUR,ECR,VAISHALI,BIHAR,8,95,8.49
1267,KARHAGOLA ROAD,CRR,NSG5,SONPUR,ECR,KATIHAR,BIHAR,8,95,8.49
1268,KHUDIRAMBOSE PUSA,KRBP,NSG5,SONPUR,ECR,SAMASTIPUR,BIHAR,8,95,8.49
1269,KURSELA,KUE,NSG5,SONPUR,ECR,KATIHAR,BIHAR,8,95,8.49
1270,LAKHMINIA,LKN,NSG5,SONPUR,ECR,BEGUSARAI,BIHAR,8,95,8.49
1271,MAHESHKHUNT,MSK,NSG5,SONPUR,ECR,KHAGARIA,BIHAR,8,95,8.49
1272,MEHNAR ROAD,MNO,NSG5,SONPUR,ECR,VAISHALI,BIHAR,8,95,8.49
1273,MOHIUDDINNAGAR,MOG,NSG5,SONPUR,ECR,SAMASTIPUR,BIHAR,8,95,8.49
1274,NARAYANPUR,NNR,NSG5,SONPUR,ECR,BHAGALPUR,BIHAR,8,95,8.49
1275,PASRAHA,PSR,NSG5,SONPUR,ECR,KHAGARIA,BIHAR,8,95,8.49
1276,SAHIBPUR KAMAL,SKJ,NSG5,SONPUR,ECR,BEGUSARAI,BIHAR,8,95,8.49
1277,SEMAPUR,SMO,NSG5,SONPUR,ECR,KATIHAR,BIHAR,8,95,8.49
1278,SHAHPUR PATORI,SPP,NSG5,SONPUR,ECR,SAMASTIPUR,BIHAR,8,95,8.49
1279,THANABIHPUR,THB,NSG5,SONPUR,ECR,BHAGALPUR,BIHAR,8,95,8.49
1280,AKSHAYWAT RAI NAGAR,AYRN,NSG6,SONPUR,ECR,VAISHALI,BIHAR,9,95,8.49
1281,AWTARNAGAR F,ATNR,NSG6,SONPUR,ECR,SARAN,BIHAR,9,95,8.49
1282,BAKHRI,BKHR,NSG6,SONPUR,ECR,KATIHAR,BIHAR,9,95,8.49
1283,BARA-GOPAL,BAGL,NSG6,SONPUR,ECR,SARAN,BIHAR,9,95,8.49
1284,BARAUNI FLAG,BUJ,NSG6,SONPUR,ECR,BEGUSARAI,BIHAR,9,95,8.49
1285,BASUDEOPUR CHANDEL,BDUA,NSG6,SONPUR,ECR,VAISHALI,BIHAR,9,95,8.49
1286,BHAGWANPUR,BNR,NSG6,SONPUR,ECR,VAISHALI,BIHAR,9,95,8.49
1287,BITHAULI F,BTHL,NSG6,SONPUR,ECR,VAISHALI,BIHAR,9,95,8.49
1288,CHAK SIKANDAR,CSR,NSG6,SONPUR,ECR,VAISHALI,BIHAR,9,95,8.49
1289,CHAKMAKRAND,CKRD,NSG6,SONPUR,ECR,VAISHALI,BIHAR,9,95,8.49
1290,DANAULI PHULWARIA,DPL,NSG6,SONPUR,ECR,BEGUSARAI,BIHAR,9,95,8.49
1291,DINKARGRAM SIM.,DKGS,NSG6,SONPUR,ECR,BEGUSARAI,BIHAR,9,95,8.49
1292,DUBAHA,DUBH,NSG6,SONPUR,ECR,MUZAFFARPUR,BIHAR,9,95,8.49
1293,GAUCHHARI,GAI,NSG6,SONPUR,ECR,KHAGARIA,BIHAR,9,95,8.49
1294,GHOSHWAR,GWH,NSG6,SONPUR,ECR,VAISHALI,BIHAR,9,95,8.49
1295,GOIDINGANJ,GJH,NSG6,SONPUR,ECR,SARAN,BIHAR,9,95,8.49
1296,HARAULI FATEHPUR,HUFP,NSG6,SONPUR,ECR,VAISHALI,BIHAR,9,95,8.49
1297,KARPOORIGRAM,KPGM,NSG6,SONPUR,ECR,SAMASTIPUR,BIHAR,9,95,8.49
1298,KATAREAH,KTRH,NSG6,SONPUR,ECR,BHAGALPUR,BIHAR,9,95,8.49
1299,KHARIK,KHQ,NSG6,SONPUR,ECR,BHAGALPUR,BIHAR,9,95,8.49
1300,KURHANI,KHI,NSG6,SONPUR,ECR,MUZAFFARPUR,BIHAR,9,95,8.49
1301,LAKHO,LAK,NSG6,SONPUR,ECR,BEGUSARAI,BIHAR,9,95,8.49
1302,LALGANJ PAKRI,LLJP,NSG6,SONPUR,ECR,VAISHALI,BIHAR,9,95,8.49
1303,NANDANI LAGUNIA,NNNL,NSG6,SONPUR,ECR,SAMASTIPUR,BIHAR,9,95,8.49
1304,NARAYANPUR ANANT,NRPA,NSG6,SONPUR,ECR,MUZAFFARPUR,BIHAR,9,95,8.49
1305,NAYAGAO,NYO,NSG6,SONPUR,ECR,SARAN,BIHAR,9,95,8.49
1306,NAZIRGANJ,NAZJ,NSG6,SONPUR,ECR,SAMASTIPUR,BIHAR,9,95,8.49
1307,NEW BARAUNI,NBJU,NSG6,SONPUR,ECR,BEGUSARAI,BIHAR,9,95,8.49
1308,PAHLEJA GHAT,PHLG,NSG6,SONPUR,ECR,SARAN,BIHAR,9,95,8.49
1309,PARMANANDPUR,PMU,NSG6,SONPUR,ECR,SARAN,BIHAR,9,95,8.49
1310,RAM DAYALU NAGAR,RD,NSG6,SONPUR,ECR,MUZAFFARPUR,BIHAR,9,95,8.49
1311,SABDALPUR,SBDP,NSG6,SONPUR,ECR,BEGUSARAI,BIHAR,9,95,8.49
1312,SAHADAI BUZURG,SDG,NSG6,SONPUR,ECR,VAISHALI,BIHAR,9,95,8.49
1313,SARAI,SAI,NSG6,SONPUR,ECR,VAISHALI,BIHAR,9,95,8.49
1314,SATHA JAGAT,STJT,NSG6,SONPUR,ECR,BEGUSARAI,BIHAR,9,95,8.49
1315,SIHO,SIHO,NSG6,SONPUR,ECR,MUZAFFARPUR,BIHAR,9,95,8.49
1316,SILAUT,SLT,NSG6,SONPUR,ECR,MUZAFFARPUR,BIHAR,9,95,8.49
1317,SITALPUR,STLR,NSG6,SONPUR,ECR,SARAN,BIHAR,9,95,8.49
1318,TEGHRA,TGA,NSG6,SONPUR,ECR,BEGUSARAI,BIHAR,9,95,8.49
1319,TILRATH,TIL,NSG6,SONPUR,ECR,BEGUSARAI,BIHAR,9,95,8.49
1320,TURKI,TUR,NSG6,SONPUR,ECR,MUZAFFARPUR,BIHAR,9,95,8.49
1321,UJIARPUR,UJP,NSG6,SONPUR,ECR,SAMASTIPUR,BIHAR,9,95,8.49
1322,UMESHNAGAR,UMNR,NSG6,SONPUR,ECR,KHAGARIA,BIHAR,9,95,8.49
1323,VAISHALI,VSHI,NSG6,SONPUR,ECR,VAISHALI,BIHAR,9,95,8.49
1324,VIDYAPATI DHAM,VPDA,NSG6,SONPUR,ECR,SAMASTIPUR,BIHAR,9,95,8.49
1325,BACHHARPUR HALT,BCPR,HG2,SAMASTIPUR,ECR,SITAMARHI,BIHAR,2,198,8.49
1326,BANGARI,BGAR,HG2,SAMASTIPUR,ECR,PURBI CHAMPARAN,BIHAR,2,198,8.49
1327,BARAIPURA HALT,BAPN,HG2,SAMASTIPUR,ECR,SAMASTIPUR,BIHAR,2,198,8.49
1328,BHISA HALT,BHSA,HG2,SAMASTIPUR,ECR,SITAMARHI,BIHAR,2,198,8.49
1329,CHANDAUNA HALT,CNX,HG2,SAMASTIPUR,ECR,SITAMARHI,BIHAR,2,198,8.49
1330,DEBRABANDHAULI HALT,DBLI,HG2,SAMASTIPUR,ECR,SITAMARHI,BIHAR,2,198,8.49
1331,JAGDISHPUR A HALT,JPAH,HG2,SAMASTIPUR,ECR,DARBHANGA,BIHAR,2,198,8.49
1332,KURIA,KXRA,HG2,SAMASTIPUR,ECR,PURBI CHAMPARAN,BIHAR,2,198,8.49
1333,LALIT LACHMIPUR,LLPR,HG2,SAMASTIPUR,ECR,MADHUBANI,BIHAR,2,198,8.49
1334,MABBI HALT,MABB,HG2,SAMASTIPUR,ECR,SAMASTIPUR,BIHAR,2,198,8.49
1335,MASNADIH,MSDH,HG2,SAMASTIPUR,ECR,PURBI CHAMPARAN,BIHAR,2,198,8.49
1336,MOHINI MANDAL,MMDL,HG2,SAMASTIPUR,ECR,SITAMARHI,BIHAR,2,198,8.49
1337,N.RUNISAIDPUR H,NRSD,HG2,SAMASTIPUR,ECR,SITAMARHI,BIHAR,2,198,8.49
1338,NEURI HALT,NUIH,HG2,SAMASTIPUR,ECR,DARBHANGA,BIHAR,2,198,8.49
1339,PAHARJAGANGAUR HALT,PRGA,HG2,SAMASTIPUR,ECR,KHAGARIA,BIHAR,2,198,8.49
1340,RUPAULI,RPLY,HG2,SAMASTIPUR,ECR,MADHEPURA,BIHAR,2,198,8.49
1341,SAHEED SURAJ NARAYAN,SSNS,HG2,SAMASTIPUR,ECR,DARBHANGA,BIHAR,2,198,8.49
1342,SHASAN HALT,SSRH,HG2,SAMASTIPUR,ECR,SAMASTIPUR,BIHAR,2,198,8.49
1343,ALINAGAR TOLA,ATX,HG3,SAMASTIPUR,ECR,PURNEA,BIHAR,3,198,8.49
1344,ASANPUR KUPHA H,APKH,HG3,SAMASTIPUR,ECR,SUPAUL,BIHAR,3,198,8.49
1345,AWASANI,AWS,HG3,SAMASTIPUR,ECR,PASHCHIM CHAMPARAN,BIHAR,3,198,8.49
1346,BABA RAGHUNI DH,BRHD,HG3,SAMASTIPUR,ECR,SAHARSA,BIHAR,3,198,8.49
1347,BAIJNATHPUR ANDOLI H,VDNP,HG3,SAMASTIPUR,ECR,SUPAUL,BIHAR,3,198,8.49
1348,BARHARA,BHHT,HG3,SAMASTIPUR,ECR,MADHUBANI,BIHAR,3,198,8.49
1349,BENIPUR A HALT,BPAH,HG3,SAMASTIPUR,ECR,DARBHANGA,BIHAR,3,198,8.49
1350,BENIPURGRAM H,BPGR,HG3,SAMASTIPUR,ECR,SAMASTIPUR,BIHAR,3,198,8.49
1351,BHAIROPATTI HALT,BHTH,HG3,SAMASTIPUR,ECR,SAHARSA,BIHAR,3,198,8.49
1352,BIJULI HALT,BJIH,HG3,SAMASTIPUR,ECR,DARBHANGA,BIHAR,3,198,8.49
1353,CHAILAHA HALT,CHAH,HG3,SAMASTIPUR,ECR,PURBI CHAMPARAN,BIHAR,3,198,8.49
1354,CHAKARDAHA HALT,CRDA,HG3,SAMASTIPUR,ECR,ARARIA,BIHAR,3,198,8.49
1355,CHANDESHWARSTHAN,CDMA,HG3,SAMASTIPUR,ECR,MADHUBANI,BIHAR,3,198,8.49
1356,CHANDPIPAR HALT,CAC,HG3,SAMASTIPUR,ECR,SUPAUL,BIHAR,3,198,8.49
1357,CHHATAPUR ROAD HALT,CTU,HG3,SAMASTIPUR,ECR,SUPAUL,BIHAR,3,198,8.49
1358,DEENAPATTI,DEPI,HG3,SAMASTIPUR,ECR,MADHEPURA,BIHAR,3,198,8.49
1359,DEVIGANJ,DGZ,HG3,SAMASTIPUR,ECR,SUPAUL,BIHAR,3,198,8.49
1360,FUNGO HALT,FNO,HG3,SAMASTIPUR,ECR,KHAGARIA,BIHAR,3,198,8.49
1361,HARAPATTI HALT,HPI,HG3,SAMASTIPUR,ECR,PURNEA,BIHAR,3,198,8.49
1362,HARPUR NAG,HRNG,HG3,SAMASTIPUR,ECR,PURBI CHAMPARAN,BIHAR,3,198,8.49
1363,JHANJHARPUR BAZAR HA,JJBR,HG3,SAMASTIPUR,ECR,DARBHANGA,BIHAR,3,198,8.49
1364,K.CHINTAMANPUR,KPCM,HG3,SAMASTIPUR,ECR,PURBI CHAMPARAN,BIHAR,3,198,8.49
1365,KADAMPURA HALT,KDRA,HG3,SAMASTIPUR,ECR,SUPAUL,BIHAR,3,198,8.49
1366,KANGALI H,KNLI,HG3,SAMASTIPUR,ECR,PASHCHIM CHAMPARAN,BIHAR,3,198,8.49
1367,KARUKHIRHARNAGAR HAL,KKNH,HG3,SAMASTIPUR,ECR,SAHARSA,BIHAR,3,198,8.49
1368,KORAHIA,KRHA,HG3,SAMASTIPUR,ECR,MADHUBANI,BIHAR,3,198,8.49
1369,MA JAGD NWDA H,MJNS,HG3,SAMASTIPUR,ECR,DARBHANGA,BIHAR,3,198,8.49
1370,MAHIKHAND HALT,MIKD,HG3,SAMASTIPUR,ECR,MADHEPURA,BIHAR,3,198,8.49
1371,MANDAN MISHRA,MNMA,HG3,SAMASTIPUR,ECR,DARBHANGA,BIHAR,3,198,8.49
1372,MANGARPATTI H,MGPI,HG3,SAMASTIPUR,ECR,MADHUBANI,BIHAR,3,198,8.49
1373,MITHILA DEEP,MTLP,HG3,SAMASTIPUR,ECR,MADHUBANI,BIHAR,3,198,8.49
1374,MUSHARWA HALT,MSHW,HG3,SAMASTIPUR,ECR,PASHCHIM CHAMPARAN,BIHAR,3,198,8.49
1375,NANDLALEE HALT,NDLH,HG3,SAMASTIPUR,ECR,SAHARSA,BIHAR,3,198,8.49
1376,NARAYANPUR MURLI HAL,NRPM,HG3,SAMASTIPUR,ECR,SUPAUL,BIHAR,3,198,8.49
1377,NARIYAR HALT,NRV,HG3,SAMASTIPUR,ECR,MUZAFFARPUR,BIHAR,3,198,8.49
1378,NEMUA HALT,NEUA,HG3,SAMASTIPUR,ECR,MADHUBANI,BIHAR,3,198,8.49
1379,PARMINIYA HALT,PMYA,HG3,SAMASTIPUR,ECR,SAHARSA,BIHAR,3,198,8.49
1380,PARSA BASUARI,PRBR,HG3,SAMASTIPUR,ECR,SUPAUL,BIHAR,3,198,8.49
1381,PARSA NAGAR H,PRSN,HG3,SAMASTIPUR,ECR,PURBI CHAMPARAN,BIHAR,3,198,8.49
1382,PRAJAPATI HALT,PJPT,HG3,SAMASTIPUR,ECR,PASHCHIM CHAMPARAN,BIHAR,3,198,8.49
1383,PURUSHOTAMPUR HALT,PSPH,HG3,SAMASTIPUR,ECR,PASHCHIM CHAMPARAN,BIHAR,3,198,8.49
1384,RAM BISHANPUR HALT,RBQ,HG3,SAMASTIPUR,ECR,SUPAUL,BIHAR,3,198,8.49
1385,RAMESHWAR NAGAR HALT,RSWN,HG3,SAMASTIPUR,ECR,PASHCHIM CHAMPARAN,BIHAR,3,198,8.49
1386,RAMRUPNAGAR HALT,RRNH,HG3,SAMASTIPUR,ECR,PURBI CHAMPARAN,BIHAR,3,198,8.49
1387,SAHARSA KACHERI HALT,SHKY,HG3,SAMASTIPUR,ECR,SAHARSA,BIHAR,3,198,8.49
1388,SALEMPUR HALT,SPRN,HG3,SAMASTIPUR,ECR,MADHUBANI,BIHAR,3,198,8.49
1389,SARDAR BALLABH BHAI,SBBP,HG3,SAMASTIPUR,ECR,MADHUBANI,BIHAR,3,198,8.49
1390,SHISHO H,SHEO,HG3,SAMASTIPUR,ECR,DARBHANGA,BIHAR,3,198,8.49
1391,SUKHASAN KOTHI H,SKHK,HG3,SAMASTIPUR,ECR,PURNEA,BIHAR,3,198,8.49
1392,SUKHSHENA HALT,SKEN,HG3,SAMASTIPUR,ECR,PURNEA,BIHAR,3,198,8.49
1393,SUNDERPUR HALT,SUDR,HG3,SAMASTIPUR,ECR,SUPAUL,BIHAR,3,198,8.49
1394,TAPASWINARAYAN NAGAR,TNNH,HG3,SAMASTIPUR,ECR,SITAMARHI,BIHAR,3,198,8.49
1395,UGNA,UGNA,HG3,SAMASTIPUR,ECR,DARBHANGA,BIHAR,3,198,8.49
1397,DARBHANGA JN.,DBG,NSG2,SAMASTIPUR,ECR,DARBHANGA,BIHAR,5,198,8.49
1398,BAPUDHAM MOTIHARI,BMKI,NSG3,SAMASTIPUR,ECR,PURBI CHAMPARAN,BIHAR,6,198,8.49
1400,BETTIAH,BTH,NSG3,SAMASTIPUR,ECR,PASHCHIM CHAMPARAN,BIHAR,6,198,8.49
1402,JAYNAGAR,JYG,NSG3,SAMASTIPUR,ECR,MADHUBANI,BIHAR,6,198,8.49
1404,MADHUBANI,MBI,NSG3,SAMASTIPUR,ECR,MADHUBANI,BIHAR,6,198,8.49
1405,RAXAUL JN.,RXL,NSG3,SAMASTIPUR,ECR,PURBI CHAMPARAN,BIHAR,6,198,8.49
1408,SAHARSA (D.D LINE),SHC (D.D LINE),NSG3,SAMASTIPUR,ECR,SAHARSA,BIHAR,6,198,8.49
1409,SAHARSA JN.,SHC,NSG3,SAMASTIPUR,ECR,SAHARSA,BIHAR,6,198,8.49
1410,SAMASTIPUR JN.,SPJ,NSG3,SAMASTIPUR,ECR,SAMASTIPUR,BIHAR,6,198,8.49
1411,BAGAHA,BUG,NSG4,SAMASTIPUR,ECR,PASHCHIM CHAMPARAN,BIHAR,7,198,8.49
1413,NARKATIAGANJ JN.,NKE,NSG4,SAMASTIPUR,ECR,PASHCHIM CHAMPARAN,BIHAR,7,198,8.49
1414,SAGAULI JN..,SGL,NSG4,SAMASTIPUR,ECR,PURBI CHAMPARAN,BIHAR,7,198,8.49
1415,SAKRI JN.,SKI,NSG4,SAMASTIPUR,ECR,DARBHANGA,BIHAR,7,198,8.49
1417,SITAMARHI,SMI,NSG4,SAMASTIPUR,ECR,SITAMARHI,BIHAR,7,198,8.49
1419,BADLA GHAT,BHB,NSG5,SAMASTIPUR,ECR,KHAGARIA,BIHAR,8,198,8.49
1421,BAIRAGNIA,BGU,NSG5,SAMASTIPUR,ECR,SITAMARHI,BIHAR,8,198,8.49
1422,BANMANKHI JN.,BNKI,NSG5,SAMASTIPUR,ECR,PURNEA,BIHAR,8,198,8.49
1423,BARHARA KOTHI,BAKT,NSG5,SAMASTIPUR,ECR,PURNEA,BIHAR,8,198,8.49
1424,CHAKIA,CAA,NSG5,SAMASTIPUR,ECR,PASHCHIM CHAMPARAN,BIHAR,8,198,8.49
1426,CHANPATIA,CAI,NSG5,SAMASTIPUR,ECR,PASHCHIM CHAMPARAN,BIHAR,8,198,8.49
1427,DAURAM MADHEPURA,DMH,NSG5,SAMASTIPUR,ECR,MADHEPURA,BIHAR,8,198,8.49
1429,GHORASAHAN,GRH,NSG5,SAMASTIPUR,ECR,PURBI CHAMPARAN,BIHAR,8,198,8.49
1430,HARINAGAR,HIR,NSG5,SAMASTIPUR,ECR,PASHCHIM CHAMPARAN,BIHAR,8,198,8.49
1432,HASANPUR ROAD,HPO,NSG5,SAMASTIPUR,ECR,SAMASTIPUR,BIHAR,8,198,8.49
1434,JANAKPUR ROAD,JNR,NSG5,SAMASTIPUR,ECR,SITAMARHI,BIHAR,8,198,8.49
1436,KAMTAUL,KML,NSG5,SAMASTIPUR,ECR,DARBHANGA,BIHAR,8,198,8.49
1437,KOPARIA,KFA,NSG5,SAMASTIPUR,ECR,SAHARSA,BIHAR,8,198,8.49
1438,LAHERIA SARAI,LSI,NSG5,SAMASTIPUR,ECR,DARBHANGA,BIHAR,8,198,8.49
1440,MEHSI,MAI,NSG5,SAMASTIPUR,ECR,PURBI CHAMPARAN,BIHAR,8,198,8.49
1441,MOTIPUR,MTR,NSG5,SAMASTIPUR,ECR,MUZAFFARPUR,BIHAR,8,198,8.49
1442,MUHAMMADPUR,MHP,NSG5,SAMASTIPUR,ECR,DARBHANGA,BIHAR,8,198,8.49
1443,MURLIGANJ,MRIJ,NSG5,SAMASTIPUR,ECR,MADHEPURA,BIHAR,8,198,8.49
1444,RAJNAGAR,RJA,NSG5,SAMASTIPUR,ECR,MADHUBANI,BIHAR,8,198,8.49
1445,RAMGARHWA,RGH,NSG5,SAMASTIPUR,ECR,MOTIHARI,BIHAR,8,198,8.49
1446,RAMGARHWA F,RGH,NSG5,SAMASTIPUR,ECR,PURBI CHAMPARAN,BIHAR,8,198,8.49
1447,RUSERA GHAT,ROA,NSG5,SAMASTIPUR,ECR,SAMASTIPUR,BIHAR,8,198,8.49
1448,SALAUNA,SLNA,NSG5,SAMASTIPUR,ECR,BEGUSARAI,BIHAR,8,198,8.49
1450,SIMRI BAKHTIYARPUR,SBV,NSG5,SAMASTIPUR,ECR,SAHARSA,BIHAR,8,198,8.49
1451,SONBARSA KACHERI,SBM,NSG5,SAMASTIPUR,ECR,SAHARSA,BIHAR,8,198,8.49
1453,SUPAUL,SOU,NSG5,SAMASTIPUR,ECR,SUPAUL,BIHAR,8,198,8.49
1454,ADAPUR,ADX,NSG6,SAMASTIPUR,ECR,PURBI CHAMPARAN,BIHAR,9,198,8.49
1455,ANGAR GHAT,ARG,NSG6,SAMASTIPUR,ECR,SAMASTIPUR,BIHAR,9,198,8.49
1456,AURAHI F,AUI,NSG6,SAMASTIPUR,ECR,PURNEA,BIHAR,9,198,8.49
1457,AWAPUR F,AWPR,NSG6,SAMASTIPUR,ECR,SITAMARHI,BIHAR,9,198,8.49
1458,BAIJNATHPUR,BYP,NSG6,SAMASTIPUR,ECR,SAHARSA,BIHAR,9,198,8.49
1459,BAJPATTI,BJT,NSG6,SAMASTIPUR,ECR,SITAMARHI,BIHAR,9,198,8.49
1460,BARHARA KOTHI F,BAKT,NSG6,SAMASTIPUR,ECR,MADHEPURA,BIHAR,9,198,8.49
1461,BHAGWANPUR DESUA,BGDS,NSG6,SAMASTIPUR,ECR,SAMASTIPUR,BIHAR,9,198,8.49
1463,BHELWA,BLV,NSG6,SAMASTIPUR,ECR,PURBI CHAMPARAN,BIHAR,9,198,8.49
1464,BHITIHARWA ASHRAM F,BHWR,NSG6,SAMASTIPUR,ECR,PASHCHIM CHAMPARAN,BIHAR,9,198,8.49
1465,BIHAIROGANJ,BRU,NSG6,SAMASTIPUR,ECR,PASHCHIM CHAMPARAN,BIHAR,9,198,8.49
1466,BIHARIGANJ,BHGJ,NSG6,SAMASTIPUR,ECR,MADHEPURA,BIHAR,9,198,8.49
1467,BIRAUL,BIRL,NSG6,SAMASTIPUR,ECR,DARBHANGA,BIHAR,9,198,8.49
1468,BUDHMA,BDMA,NSG6,SAMASTIPUR,ECR,MADHEPURA,BIHAR,9,198,8.49
1470,CHAMUA F,CAMU,NSG6,SAMASTIPUR,ECR,PASHCHIM CHAMPARAN,BIHAR,9,198,8.49
1471,CHAURADANO,CAO,NSG6,SAMASTIPUR,ECR,PURBI CHAMPARAN,BIHAR,9,198,8.49
1472,CHIKNA F,CKNA,NSG6,SAMASTIPUR,ECR,MADHUBANI,BIHAR,9,198,8.49
1473,DHAMARA GHAT,DHT,NSG6,SAMASTIPUR,ECR,KHAGARIA,BIHAR,9,198,8.49
1474,DHANG,DAG,NSG6,SAMASTIPUR,ECR,SITAMARHI,BIHAR,9,198,8.49
1476,DHARMINIYA HALT,DRQ,NSG6,SAMASTIPUR,ECR,PURBI CHAMPARAN,BIHAR,9,198,8.49
1477,DRSKSN GARHPURA,DSKG,NSG6,SAMASTIPUR,ECR,SAMASTIPUR,BIHAR,9,198,8.49
1478,DUMRA,DUMR,NSG6,SAMASTIPUR,ECR,SITAMARHI,BIHAR,9,198,8.49
1479,GARH BARUARI,GEB,NSG6,SAMASTIPUR,ECR,SUPAUL,BIHAR,9,198,8.49
1480,GARHA,GARA,NSG6,SAMASTIPUR,ECR,SITAMARHI,BIHAR,9,198,8.49
1481,GHOGARDIHA,GGH,NSG6,SAMASTIPUR,ECR,MADHUBANI,BIHAR,9,198,8.49
1482,GOKHULA,GKA,NSG6,SAMASTIPUR,ECR,PASHCHIM CHAMPARAN,BIHAR,9,198,8.49
1483,GURHANWA F,GRNA,NSG6,SAMASTIPUR,ECR,PURBI CHAMPARAN,BIHAR,9,198,8.49
1484,HAIAGHAT,HYT,NSG6,SAMASTIPUR,ECR,DARBHANGA,BIHAR,9,198,8.49
1485,HARNAGAR,HRGR,NSG6,SAMASTIPUR,ECR,DARBHANGA,BIHAR,9,198,8.49
1486,IMLI,IMLI,NSG6,SAMASTIPUR,ECR,KHAGARIA,BIHAR,9,198,8.49
1487,JAIMURTINAGAR F,JMM,NSG6,SAMASTIPUR,ECR,PURBI CHAMPARAN,BIHAR,9,198,8.49
1488,JANAKINAGAR,JNKR,NSG6,SAMASTIPUR,ECR,PURNEA,BIHAR,9,198,8.49
1489,JHANJHARPUR JN.,JJP,NSG6,SAMASTIPUR,ECR,MADHUBANI,BIHAR,9,198,8.49
1490,JIWDHARA,JDR,NSG6,SAMASTIPUR,ECR,PURBI CHAMPARAN,BIHAR,9,198,8.49
1491,JOGIARA,JGA,NSG6,SAMASTIPUR,ECR,DARBHANGA,BIHAR,9,198,8.49
1492,JUBBASAHANI,JUBS,NSG6,SAMASTIPUR,ECR,MUZAFFARPUR,BIHAR,9,198,8.49
1493,KAKARGHATTI,KKHT,NSG6,SAMASTIPUR,ECR,DARBHANGA,BIHAR,9,198,8.49
1494,KANTI,KTI,NSG6,SAMASTIPUR,ECR,MUZAFFARPUR,BIHAR,9,198,8.49
1496,KAPARPURA,KVC,NSG6,SAMASTIPUR,ECR,MUZAFFARPUR,BIHAR,9,198,8.49
1497,KHAJAULI,KJI,NSG6,SAMASTIPUR,ECR,MADHUBANI,BIHAR,9,198,8.49
1499,KHARPOKHRA,KPB,NSG6,SAMASTIPUR,ECR,PASHCHIM CHAMPARAN,BIHAR,9,198,8.49
1500,KIRTYANAND NAGAR,KTNR,NSG6,SAMASTIPUR,ECR,PURNEA,BIHAR,9,198,8.49
1501,KISHANPUR,KSP,NSG6,SAMASTIPUR,ECR,SAMASTIPUR,BIHAR,9,198,8.49
1502,KUMARBAGH,KUMB,NSG6,SAMASTIPUR,ECR,PASHCHIM CHAMPARAN,BIHAR,9,198,8.49
1504,KUNDWA CHAINPUR,KWC,NSG6,SAMASTIPUR,ECR,PURBI CHAMPARAN,BIHAR,9,198,8.49
1505,LALIT GRAM,LLP,NSG6,SAMASTIPUR,ECR,SUPAUL,BIHAR,9,198,8.49
1506,LOHNA ROAD,LNO,NSG6,SAMASTIPUR,ECR,DARBHANGA,BIHAR,9,198,8.49
1507,MAHWAL,MHL,NSG6,SAMASTIPUR,ECR,MUZAFFARPUR,BIHAR,9,198,8.49
1509,MAJHOWALIA,MJL,NSG6,SAMASTIPUR,ECR,PASHCHIM CHAMPARAN,BIHAR,9,198,8.49
1510,MANIGACHI,MGI,NSG6,SAMASTIPUR,ECR,DARBHANGA,BIHAR,9,198,8.49
1511,MARJADWA,MRJD,NSG6,SAMASTIPUR,ECR,PASHCHIM CHAMPARAN,BIHAR,9,198,8.49
1512,METHAI F,MEE,NSG6,SAMASTIPUR,ECR,MADHEPURA,BIHAR,9,198,8.49
1513,MOTIHARI COURT F,MCO,NSG6,SAMASTIPUR,ECR,PURBI CHAMPARAN,BIHAR,9,198,8.49
1514,MUKTAPUR,MKPR,NSG6,SAMASTIPUR,ECR,SAMASTIPUR,BIHAR,9,198,8.49
1516,MURAITHA HALT,MRTA,NSG6,SAMASTIPUR,ECR,DARBHANGA,BIHAR,9,198,8.49
1517,NAKARDEI,NKU,NSG6,SAMASTIPUR,ECR,PURBI CHAMPARAN,BIHAR,9,198,8.49
1518,NAYA NAGAR,NWC,NSG6,SAMASTIPUR,ECR,SAMASTIPUR,BIHAR,9,198,8.49
1519,NIRMALI,NMA,NSG6,SAMASTIPUR,ECR,SUPAUL,BIHAR,9,198,8.49
1520,OLAPUR,OLP,NSG6,SAMASTIPUR,ECR,KHAGARIA,BIHAR,9,198,8.49
1521,PACHPOKHARIA F,PPK,NSG6,SAMASTIPUR,ECR,PURBI CHAMPARAN,BIHAR,9,198,8.49
1522,PANCHGACHIA,PGC,NSG6,SAMASTIPUR,ECR,SAHARSA,BIHAR,9,198,8.49
1523,PANDAUL,PDW,NSG6,SAMASTIPUR,ECR,MADHUBANI,BIHAR,9,198,8.49
1524,PARAMJTARAJIVAR,PATR,NSG6,SAMASTIPUR,ECR,MUZAFFARPUR,BIHAR,9,198,8.49
1525,PARSAUNI,PSZ,NSG6,SAMASTIPUR,ECR,SITAMARHI,BIHAR,9,198,8.49
1526,PIPRA,PPA,NSG6,SAMASTIPUR,ECR,PURBI CHAMPARAN,BIHAR,9,198,8.49
1527,PIPRAHAN,PPRH,NSG6,SAMASTIPUR,ECR,MUZAFFARPUR,BIHAR,9,198,8.49
1528,PRATAPGANJ,PPV,NSG6,SAMASTIPUR,ECR,SUPAUL,BIHAR,9,198,8.49
1529,PURNEA COURT,PRNC,NSG6,SAMASTIPUR,ECR,PURNEA,BIHAR,9,198,8.49
1531,RAGHOPUR,RGV,NSG6,SAMASTIPUR,ECR,SUPAUL,BIHAR,9,198,8.49
1532,RAGHUBANS NAGAR F,RBN,NSG6,SAMASTIPUR,ECR,MADHEPURA,BIHAR,9,198,8.49
1533,RAMBHADDARPUR,RBZ,NSG6,SAMASTIPUR,ECR,SAMASTIPUR,BIHAR,9,198,8.49
1534,RIGA,RIGA,NSG6,SAMASTIPUR,ECR,SITAMARHI,BIHAR,9,198,8.49
1536,RUNNISAID PUR,RUSD,NSG6,SAMASTIPUR,ECR,SITAMARHI,BIHAR,9,198,8.49
1537,SARAYGARH,SRGR,NSG6,SAMASTIPUR,ECR,SUPAUL,BIHAR,9,198,8.49
1538,SARSI,SRSI,NSG6,SAMASTIPUR,ECR,PURNEA,BIHAR,9,198,8.49
1540,SATHI,SAHI,NSG6,SAMASTIPUR,ECR,PASHCHIM CHAMPARAN,BIHAR,9,198,8.49
1541,SEMRA,SRA,NSG6,SAMASTIPUR,ECR,PURBI CHAMPARAN,BIHAR,9,198,8.49
1542,SIKTA,STF,NSG6,SAMASTIPUR,ECR,PASHCHIM CHAMPARAN,BIHAR,9,198,8.49
1543,SINGHIAGHAT,NRN,NSG6,SAMASTIPUR,ECR,SAMASTIPUR,BIHAR,9,198,8.49
1544,SONMA PRANPUR F,SOPR,NSG6,SAMASTIPUR,ECR,BEGUSARAI,BIHAR,9,198,8.49
1545,TAMURIA,TMA,NSG6,SAMASTIPUR,ECR,MADHUBANI,BIHAR,9,198,8.49
1546,TARSARAI,TRS,NSG6,SAMASTIPUR,ECR,DARBHANGA,BIHAR,9,198,8.49
1548,TEKTAR F,TQR,NSG6,SAMASTIPUR,ECR,ARARIA,BIHAR,9,198,8.49
1549,THALWARA,TLWA,NSG6,SAMASTIPUR,ECR,DARBHANGA,BIHAR,9,198,8.49
1550,THARBITIA,TB,NSG6,SAMASTIPUR,ECR,SUPAUL,BIHAR,9,198,8.49
1551,VALMIKINAGAR ROAD,VKNR,NSG6,SAMASTIPUR,ECR,PASHCHIM CHAMPARAN,BIHAR,9,198,8.49
1552,VINAEKMA HALT,BNKM,NSG6,SAMASTIPUR,ECR,SUPAUL,BIHAR,9,198,8.49
1553,JAMURIA,JMA,HG2,ASANSOL,ER,PASCHIM BARDHAMAN,WEST BENGAL,2,82,6.91
1554,JORAMOW,JRW,HG2,ASANSOL,ER,DEOGHAR,JHARKHAND,2,82,6.91
1555,KACHUJOR,KOX,HG2,ASANSOL,ER,BIRBHUM,WEST BENGAL,2,82,6.91
1556,KASEETANR HALT,KEE,HG2,ASANSOL,ER,JAMTARA,JHARKHAND,2,82,6.91
1557,KRISHNA BALLAH SAHAY,KBSH,HG2,ASANSOL,ER,GIRIDIH,JHARKHAND,2,82,6.91
1558,NARGANJO HALT,NRGO,HG2,ASANSOL,ER,JAMUI,BIHAR,2,82,6.91
1559,RAJLA,RJLA,HG2,ASANSOL,ER,JAMUI,BIHAR,2,82,6.91
1560,SATSANGNAGAR,SSNR,HG2,ASANSOL,ER,DEOGHAR,JHARKHAND,2,82,6.91
1561,SIDULI,SXD,HG2,ASANSOL,ER,PASCHIM BARDHAMAN,WEST BENGAL,2,82,6.91
1562,TALWA BAZAR,TLB,HG2,ASANSOL,ER,JAMUI,BIHAR,2,82,6.91
1563,ARJUN NAGAR,ANMP,HG3,ASANSOL,ER,DEOGHAR,JHARKHAND,3,82,6.91
1564,BHALUA,BHAU,HG3,ASANSOL,ER,BANKA,BIHAR,3,82,6.91
1565,CHANDANPAHARI,CNPI,HG3,ASANSOL,ER,DUMKA,JHARKHAND,3,82,6.91
1566,CHINCHURIYA,CCR,HG3,ASANSOL,ER,PASCHIM BARDHAMAN,WEST BENGAL,3,82,6.91
1567,DHANPATDIH,DPDH,HG3,ASANSOL,ER,DUMKA,JHARKHAND,3,82,6.91
1568,ISHAN CHANDI HALT,INCI,HG3,ASANSOL,ER,PURBA BARDHAMAN,WEST BENGAL,3,82,6.91
1569,JAMA,JAMA,HG3,ASANSOL,ER,DUMKA,JHARKHAND,3,82,6.91
1570,KAKBARA,KKBA,HG3,ASANSOL,ER,BANKA,BIHAR,3,82,6.91
1571,LKRA JN.,IKRA,HG3,ASANSOL,ER,PASCHIM BARDHAMAN,WEST BENGAL,3,82,6.91
1572,MAHISHADAHARI,MWZ,HG3,ASANSOL,ER,BIRBHUM,WEST BENGAL,3,82,6.91
1573,MOHANPUR,MHUR,HG3,ASANSOL,ER,DEOGHAR,JHARKHAND,3,82,6.91
1574,NEW MADANPUR,MPUR,HG3,ASANSOL,ER,DUMKA,JHARKHAND,3,82,6.91
1575,NEW NAWADIH,NNWH,HG3,ASANSOL,ER,DEOGHAR,JHARKHAND,3,82,6.91
1576,SIRSA NUNTHAR HALT,SSNT,HG3,ASANSOL,ER,DEOGHAR,JHARKHAND,3,82,6.91
1577,TP NO. 6/3(SUGA,SGPA,HG3,ASANSOL,ER,DEOGHAR,JHARKHAND,3,82,6.91
1578,TP NO. 7/11 (SUGAPAH,SAPT,HG3,ASANSOL,ER,DEOGHAR,JHARKHAND,3,82,6.91
1579,ASANSOL JN.,ASN,NSG2,ASANSOL,ER,PASCHIM BARDHAMAN,WEST BENGAL,5,82,6.91
1580,DURGAPUR,DGR,NSG3,ASANSOL,ER,PASCHIM BARDHAMAN,WEST BENGAL,6,82,6.91
1581,JASIDIH JN.,JSME,NSG3,ASANSOL,ER,DEOGHAR,JHARKHAND,6,82,6.91
1582,ANDAL JN.,UDL,NSG4,ASANSOL,ER,PASCHIM BARDHAMAN,WEST BENGAL,7,82,6.91
1583,BAIDYANATHDHAM,BDME,NSG4,ASANSOL,ER,DEOGHAR,JHARKHAND,7,82,6.91
1584,BASUKINATH,BSKH,NSG4,ASANSOL,ER,DUMKA,JHARKHAND,7,82,6.91
1585,DEOGHAR,DGHR,NSG4,ASANSOL,ER,DEOGHAR,JHARKHAND,7,82,6.91
1586,MADHUPUR JN.,MDP,NSG4,ASANSOL,ER,DEOGHAR,JHARKHAND,7,82,6.91
1587,RANIGANJ,RNG,NSG4,ASANSOL,ER,PASCHIM BARDHAMAN,WEST BENGAL,7,82,6.91
1588,BARAKAR,BRR,NSG5,ASANSOL,ER,PASCHIM BARDHAMAN,WEST BENGAL,8,82,6.91
1589,CHITTARANJAN,CRJ,NSG5,ASANSOL,ER,JAMTARA,JHARKHAND,8,82,6.91
1590,DUMKA,DUMK,NSG5,ASANSOL,ER,DUMKA,JHARKHAND,8,82,6.91
1591,GIRIDIH,GRD,NSG5,ASANSOL,ER,GIRIDIH,JHARKHAND,8,82,6.91
1592,JAMTARA,JMT,NSG5,ASANSOL,ER,JAMTARA,JHARKHAND,8,82,6.91
1593,KULTI,ULT,NSG5,ASANSOL,ER,PASCHIM BARDHAMAN,WEST BENGAL,8,82,6.91
1594,KUMARDUBI,KMME,NSG5,ASANSOL,ER,DHANBAD,JHARKHAND,8,82,6.91
1595,MANKAR,MNAE,NSG5,ASANSOL,ER,PURBA BARDHAMAN,WEST BENGAL,8,82,6.91
1596,PANAGARH,PAN,NSG5,ASANSOL,ER,PASCHIM BARDHAMAN,WEST BENGAL,8,82,6.91
1597,PANDABESWAR,PAW,NSG5,ASANSOL,ER,PASCHIM BARDHAMAN,WEST BENGAL,8,82,6.91
1598,SIMULTALA,STL,NSG5,ASANSOL,ER,JAMUI,BIHAR,8,82,6.91
1599,SITARAMPUR,STN,NSG5,ASANSOL,ER,PASCHIM BARDHAMAN,WEST BENGAL,8,82,6.91
1600,SIURI,SURI,NSG5,ASANSOL,ER,BIRBHUM,WEST BENGAL,8,82,6.91
1601,UKHRA,UKA,NSG5,ASANSOL,ER,PASCHIM BARDHAMAN,WEST BENGAL,8,82,6.91
1602,VIDYASAGAR,VDS,NSG5,ASANSOL,ER,JAMTARA,JHARKHAND,8,82,6.91
1603,BARABANI,BBI,NSG6,ASANSOL,ER,PASCHIM BARDHAMAN,WEST BENGAL,9,82,6.91
1604,BARACHAK,BCQ,NSG6,ASANSOL,ER,PASCHIM BARDHAMAN,WEST BENGAL,9,82,6.91
1605,BHIMGARA JN.,BMGA,NSG6,ASANSOL,ER,BIRBHUM,WEST BENGAL,9,82,6.91
1606,CHANDAN,CNDN,NSG6,ASANSOL,ER,BANKA,BIHAR,9,82,6.91
1607,CHHOTA AMBANA,CAM,NSG6,ASANSOL,ER,DHANBAD,JHARKHAND,9,82,6.91
1608,CHINPAI,CPLE,NSG6,ASANSOL,ER,BIRBHUM,WEST BENGAL,9,82,6.91
1609,DUBRAJPUR,DUJ,NSG6,ASANSOL,ER,BIRBHUM,WEST BENGAL,9,82,6.91
1610,GALSI,GLI,NSG6,ASANSOL,ER,PURBA BARDHAMAN,WEST BENGAL,9,82,6.91
1611,GHORMARA,GRMA,NSG6,ASANSOL,ER,DEOGHAR,JHARKHAND,9,82,6.91
1612,JAGADISHPUR,JGD,NSG6,ASANSOL,ER,DEOGHAR,JHARKHAND,9,82,6.91
1613,KAJORAGRAM,KJME,NSG6,ASANSOL,ER,PASCHIM BARDHAMAN,WEST BENGAL,9,82,6.91
1614,KALIPAHARI,KPK,NSG6,ASANSOL,ER,PASCHIM BARDHAMAN,WEST BENGAL,9,82,6.91
1615,KALUBATHAN,KAO,NSG6,ASANSOL,ER,DHANBAD,JHARKHAND,9,82,6.91
1616,KARJHAUSA,KARJ,NSG6,ASANSOL,ER,BANKA,BIHAR,9,82,6.91
1617,KATORIYA,KTOR,NSG6,ASANSOL,ER,BANKA,BIHAR,9,82,6.91
1618,KUMRABAD ROHINI,KBQ,NSG6,ASANSOL,ER,DEOGHAR,JHARKHAND,9,82,6.91
1619,KUNURI,KNRI,NSG6,ASANSOL,ER,BIRBHUM,WEST BENGAL,9,82,6.91
1620,LAHABON,LHB,NSG6,ASANSOL,ER,JAMUI,BIHAR,9,82,6.91
1621,MADANKATA H,MNC,NSG6,ASANSOL,ER,DEOGHAR,JHARKHAND,9,82,6.91
1622,MAHESHAMUNDA,MMD,NSG6,ASANSOL,ER,GIRIDIH,JHARKHAND,9,82,6.91
1623,MATHURAPUR,MUW,NSG6,ASANSOL,ER,DEOGHAR,JHARKHAND,9,82,6.91
1624,MUGMA,MMU,NSG6,ASANSOL,ER,DHANBAD,JHARKHAND,9,82,6.91
1625,PANCHRA,PCR,NSG6,ASANSOL,ER,BIRBHUM,WEST BENGAL,9,82,6.91
1626,PARAJ,PAJ,NSG6,ASANSOL,ER,PURBA BARDHAMAN,WEST BENGAL,9,82,6.91
1627,RAJBANDH,RBH,NSG6,ASANSOL,ER,PASCHIM BARDHAMAN,WEST BENGAL,9,82,6.91
1628,RUPNARAYANPUR,RNPR,NSG6,ASANSOL,ER,PASCHIM BARDHAMAN,WEST BENGAL,9,82,6.91
1629,SALANPUR,SLS,NSG6,ASANSOL,ER,PASCHIM BARDHAMAN,WEST BENGAL,9,82,6.91
1630,SANKARPUR,SNQ,NSG6,ASANSOL,ER,DEOGHAR,JHARKHAND,9,82,6.91
1631,SONACHARA,SSCR,NSG6,ASANSOL,ER,PASCHIM BARDHAMAN,WEST BENGAL,9,82,6.91
1632,TAPASI,TOP,NSG6,ASANSOL,ER,PASCHIM BARDHAMAN,WEST BENGAL,9,82,6.91
1633,THAPARNAGAR,TNW,NSG6,ASANSOL,ER,DHANBAD,JHARKHAND,9,82,6.91
1634,WARIA,OYR,NSG6,ASANSOL,ER,PASCHIM BARDHAMAN,WEST BENGAL,9,82,6.91
1635,BISNUPRIYA HALT,VSPR,HG1,HOWRAH,ER,NADIA,WEST BENGAL,1,193,6.91
1636,DHANIAKHALI HALT,DNHL,HG1,HOWRAH,ER,HOOGHLY,WEST BENGAL,1,193,6.91
1637,MALIYA HALT,MLYA,HG1,HOWRAH,ER,HOOGHLY,WEST BENGAL,1,193,6.91
1638,MERTALA PHALEYA HALT,MTFA,HG1,HOWRAH,ER,PURBA BARDHAMAN,WEST BENGAL,1,193,6.91
1639,RAJCHANDRAPUR,RCD,HG1,HOWRAH,ER,HOWRAH,WEST BENGAL,1,193,6.91
1640,AMARUN,ARNB,HG2,HOWRAH,ER,PURBA BARDHAMAN,WEST BENGAL,2,193,6.91
1641,MIAGRAM HALT,MIAN,HG2,HOWRAH,ER,MURSHIDABAD,WEST BENGAL,2,193,6.91
1642,NIMO HALT,NMF,HG2,HOWRAH,ER,PURBA BARDHAMAN,WEST BENGAL,2,193,6.91
1643,SHIBLUN H,SHBL,HG2,HOWRAH,ER,PURBA BARDHAMAN,WEST BENGAL,2,193,6.91
1644,TAKIPUR HALT,TKPH,HG2,HOWRAH,ER,HOOGHLY,WEST BENGAL,2,193,6.91
1645,TALPUR HALT,TLPH,HG2,HOWRAH,ER,HOOGHLY,WEST BENGAL,2,193,6.91
1646,ADALPAHARI,ALPD,HG3,HOWRAH,ER,BIRBHUM,WEST BENGAL,3,193,6.91
1647,AMBALGRAM,ABGM,HG3,HOWRAH,ER,PURBA BARDHAMAN,WEST BENGAL,3,193,6.91
1648,BHATAR H,BTRH,HG3,HOWRAH,ER,PURBA BARDHAMAN,WEST BENGAL,3,193,6.91
1649,BIRSHAMUNDA HALT,BSMH,HG3,HOWRAH,ER,BANKURA,WEST BENGAL,3,193,6.91
1650,CHAMARDIGHI,CMDG,HG3,HOWRAH,ER,PURBA BARDHAMAN,WEST BENGAL,3,193,6.91
1651,CHANCHAI H,CHC,HG3,HOWRAH,ER,PURBA BARDHAMAN,WEST BENGAL,3,193,6.91
1652,DAHAPARA DHAM,DHPD,HG3,HOWRAH,ER,MURSHIDABAD,WEST BENGAL,3,193,6.91
1653,DASKALGRAM,DLM,HG3,HOWRAH,ER,BIRBHUM,WEST BENGAL,3,193,6.91
1654,GOGHAT,GOGT,HG3,HOWRAH,ER,HOOGHLY,WEST BENGAL,3,193,6.91
1655,GOPALPURGRAM,GPLG,HG3,HOWRAH,ER,BIRBHUM,WEST BENGAL,3,193,6.91
1656,ISLAMPARA HALT,IPRA,HG3,HOWRAH,ER,HOOGHLY,WEST BENGAL,3,193,6.91
1657,JIBANTI HALT,JVT,HG3,HOWRAH,ER,MURSHIDABAD,WEST BENGAL,3,193,6.91
1658,KAICHAR,KCY,HG3,HOWRAH,ER,PURBA BARDHAMAN,WEST BENGAL,3,193,6.91
1659,KAMNARA,KMRA,HG3,HOWRAH,ER,PURBA BARDHAMAN,WEST BENGAL,3,193,6.91
1660,KANTHALIA ROAD HALT,KTLR,HG3,HOWRAH,ER,MURSHIDABAD,WEST BENGAL,3,193,6.91
1661,KARJANAGRAM,KJRM,HG3,HOWRAH,ER,PURBA BARDHAMAN,WEST BENGAL,3,193,6.91
1662,KAZIPARA HALT,KZPE,HG3,HOWRAH,ER,MURSHIDABAD,WEST BENGAL,3,193,6.91
1663,KHETIA,KSHT,HG3,HOWRAH,ER,PURBA BARDHAMAN,WEST BENGAL,3,193,6.91
1664,KOMARPUR,KMPR,HG3,HOWRAH,ER,BIRBHUM,WEST BENGAL,3,193,6.91
1665,KURMADANGA H,KMDC,HG3,HOWRAH,ER,BIRBHUM,WEST BENGAL,3,193,6.91
1666,KURVA,KURV,HG3,HOWRAH,ER,DUMKA,JHARKHAND,3,193,6.91
1667,NABAGRAM KANKURHATI,NBKH,HG3,HOWRAH,ER,PURBA BARDHAMAN,WEST BENGAL,3,193,6.91
1668,NANDAIGRAM,NDIM,HG3,HOWRAH,ER,PURBA BARDHAMAN,WEST BENGAL,3,193,6.91
1669,NIROL F,NXL,HG3,HOWRAH,ER,PURBA BARDHAMAN,WEST BENGAL,3,193,6.91
1670,NIYALISH PARA,NLSF,HG3,HOWRAH,ER,MURSHIDABAD,WEST BENGAL,3,193,6.91
1671,SAHEBTALA HALT,SHBA,HG3,HOWRAH,ER,PURBA BARDHAMAN,WEST BENGAL,3,193,6.91
1672,SAOTA,SOF,HG3,HOWRAH,ER,BIRBHUM,WEST BENGAL,3,193,6.91
1673,SHRIKHANDA,SIZ,HG3,HOWRAH,ER,PURBA BARDHAMAN,WEST BENGAL,3,193,6.91
1674,HOWRAH,HWH,NSG1,HOWRAH,ER,HOWRAH,WEST BENGAL,4,193,6.91
1675,BARDDHAMAN,BWN,NSG2,HOWRAH,ER,PURBA BARDHAMAN,WEST BENGAL,5,193,6.91
1676,BANDEL JN.,BDC,NSG3,HOWRAH,ER,HOOGHLY,WEST BENGAL,6,193,6.91
1677,RAMPUR HAT,RPH,NSG3,HOWRAH,ER,BIRBHUM,WEST BENGAL,6,193,6.91
1678,BOLPUR SHANTINIKETAN,BHP,NSG4,HOWRAH,ER,BIRBHUM,WEST BENGAL,7,193,6.91
1679,AHAMADPUR JN.,AMP,NSG5,HOWRAH,ER,BIRBHUM,WEST BENGAL,8,193,6.91
1680,AZIMGANJ,AZ,NSG5,HOWRAH,ER,MURSHIDABAD,WEST BENGAL,8,193,6.91
1681,BAZARSAU,BZLE,NSG5,HOWRAH,ER,MURSHIDABAD,WEST BENGAL,8,193,6.91
1682,GUSKARA,GKH,NSG5,HOWRAH,ER,PURBA BARDHAMAN,WEST BENGAL,8,193,6.91
1683,KHAGRAGHAT ROAD,KGLE,NSG5,HOWRAH,ER,MURSHIDABAD,WEST BENGAL,8,193,6.91
1684,MALLARPUR,MLV,NSG5,HOWRAH,ER,BIRBHUM,WEST BENGAL,8,193,6.91
1685,MORGRAM,MGAE,NSG5,HOWRAH,ER,MURSHIDABAD,WEST BENGAL,8,193,6.91
1686,MURARAI,MRR,NSG5,HOWRAH,ER,BIRBHUM,WEST BENGAL,8,193,6.91
1687,NALHATI JN.,NHT,NSG5,HOWRAH,ER,BIRBHUM,WEST BENGAL,8,193,6.91
1688,PAKUR,PKR,NSG5,HOWRAH,ER,PAKUR,JHARKHAND,8,193,6.91
1689,RAJGRAM,RJG,NSG5,HOWRAH,ER,BIRBHUM,WEST BENGAL,8,193,6.91
1690,SAGARDIGHI,SDI,NSG5,HOWRAH,ER,MURSHIDABAD,WEST BENGAL,8,193,6.91
1691,SAINTHIA JN,SNT,NSG5,HOWRAH,ER,BIRBHUM,WEST BENGAL,8,193,6.91
1692,SALAR,SALE,NSG5,HOWRAH,ER,MURSHIDABAD,WEST BENGAL,8,193,6.91
1693,AZIMGANJ CITY,ACLE,NSG6,HOWRAH,ER,MURSHIDABAD,WEST BENGAL,9,193,6.91
1694,BANPAS,BPS,NSG6,HOWRAH,ER,PURBA BARDHAMAN,WEST BENGAL,9,193,6.91
1695,BANSHLAI BRIDGE,BSBR,NSG6,HOWRAH,ER,BIRBHUM,WEST BENGAL,9,193,6.91
1696,BARALA,BAA,NSG6,HOWRAH,ER,MURSHIDABAD,WEST BENGAL,9,193,6.91
1697,BARMASIA,BRMA,NSG6,HOWRAH,ER,DUMKA,JHARKHAND,9,193,6.91
1698,BATASPUR,BSLE,NSG6,HOWRAH,ER,BIRBHUM,WEST BENGAL,9,193,6.91
1699,BHEDIA,BDH,NSG6,HOWRAH,ER,PURBA BARDHAMAN,WEST BENGAL,9,193,6.91
1700,CHATRA,CTR,NSG6,HOWRAH,ER,BIRBHUM,WEST BENGAL,9,193,6.91
1701,CHOWHATTA,CWT,NSG6,HOWRAH,ER,BIRBHUM,WEST BENGAL,9,193,6.91
1702,CHOWRIGACHA,CWLE,NSG6,HOWRAH,ER,MURSHIDABAD,WEST BENGAL,9,193,6.91
1703,GADADHARPUR,GHLE,NSG6,HOWRAH,ER,BIRBHUM,WEST BENGAL,9,193,6.91
1704,GANGATIKURI,GGLE,NSG6,HOWRAH,ER,PURBA BARDHAMAN,WEST BENGAL,9,193,6.91
1705,GOSAINGRAM,GSGB,NSG6,HOWRAH,ER,MURSHIDABAD,WEST BENGAL,9,193,6.91
1706,GUMANI,GMAN,NSG6,HOWRAH,ER,PAKUR,JHARKHAND,9,193,6.91
1707,HARINSING,HRNS,NSG6,HOWRAH,ER,DUMKA,JHARKHAND,9,193,6.91
1708,JHAMATPUR BAHARAN,JHBN,NSG6,HOWRAH,ER,PURBA BARDHAMAN,WEST BENGAL,9,193,6.91
1709,JHAPATER DHAL,JTL,NSG6,HOWRAH,ER,PURBA BARDHAMAN,WEST BENGAL,9,193,6.91
1710,JNANDAS KANDRA,GNND,NSG6,HOWRAH,ER,BIRBHUM,WEST BENGAL,9,193,6.91
1711,KARNA SUBARNA,KNSN,NSG6,HOWRAH,ER,MURSHIDABAD,WEST BENGAL,9,193,6.91
1712,KHANA JN.,KAN,NSG6,HOWRAH,ER,PURBA BARDHAMAN,WEST BENGAL,9,193,6.91
1713,KIRNAHAR,KNHR,NSG6,HOWRAH,ER,BIRBHUM,WEST BENGAL,9,193,6.91
1714,KOPAI,KPLE,NSG6,HOWRAH,ER,BIRBHUM,WEST BENGAL,9,193,6.91
1715,KOTALPUKUR,KLP,NSG6,HOWRAH,ER,PAKUR,JHARKHAND,9,193,6.91
1716,LABPUR,LBP,NSG6,HOWRAH,ER,BIRBHUM,WEST BENGAL,9,193,6.91
1717,LALBAGH COURT ROAD,LCAE,NSG6,HOWRAH,ER,MURSHIDABAD,WEST BENGAL,9,193,6.91
1718,LOHAPUR,LAP,NSG6,HOWRAH,ER,BIRBHUM,WEST BENGAL,9,193,6.91
1719,MALIHATI TALIBPUR RO,MHTR,NSG6,HOWRAH,ER,MURSHIDABAD,WEST BENGAL,9,193,6.91
1720,NAGARNABI,NGF,NSG6,HOWRAH,ER,PAKUR,JHARKHAND,9,193,6.91
1721,NOADAR DHAL,NRX,NSG6,HOWRAH,ER,PURBA BARDHAMAN,WEST BENGAL,9,193,6.91
1722,PACHANDI,PNDI,NSG6,HOWRAH,ER,PURBA BARDHAMAN,WEST BENGAL,9,193,6.91
1723,PICHKURIR DHAL,PCQ,NSG6,HOWRAH,ER,PURBA BARDHAMAN,WEST BENGAL,9,193,6.91
1724,PINARGARIA,PRGR,NSG6,HOWRAH,ER,DUMKA,JHARKHAND,9,193,6.91
1725,PRANTIK,PNE,NSG6,HOWRAH,ER,BIRBHUM,WEST BENGAL,9,193,6.91
1726,SIKARIPARA,SKIP,NSG6,HOWRAH,ER,DUMKA,JHARKHAND,9,193,6.91
1727,SWADINPUR,SDLE,NSG6,HOWRAH,ER,BIRBHUM,WEST BENGAL,9,193,6.91
1728,TAKIPUR,TKP,NSG6,HOWRAH,ER,BIRBHUM,WEST BENGAL,9,193,6.91
1729,TALIT,TIT,NSG6,HOWRAH,ER,PURBA BARDHAMAN,WEST BENGAL,9,193,6.91
1730,TARAPITH ROAD,TPF,NSG6,HOWRAH,ER,BIRBHUM,WEST BENGAL,9,193,6.91
1731,TENYA,TYAE,NSG6,HOWRAH,ER,MURSHIDABAD,WEST BENGAL,9,193,6.91
1732,TILBHITA,TBB,NSG6,HOWRAH,ER,PAKUR,JHARKHAND,9,193,6.91
1733,KONNAGAR,KOG,SG2,HOWRAH,ER,HOOGHLY,WEST BENGAL,11,193,6.91
1734,RISHRA,RIS,SG2,HOWRAH,ER,HOOGHLY,WEST BENGAL,11,193,6.91
1735,SHEORAPHULLY JN.,SHE,SG2,HOWRAH,ER,HOOGHLY,WEST BENGAL,11,193,6.91
1736,SHRIRAMPUR,SRP,SG2,HOWRAH,ER,HOOGHLY,WEST BENGAL,11,193,6.91
1737,ADI SAPTAGRAM,ADST,SG3,HOWRAH,ER,HOOGHLY,WEST BENGAL,12,193,6.91
1738,AGRADWIP,AGAE,SG3,HOWRAH,ER,PURBA BARDHAMAN,WEST BENGAL,12,193,6.91
1739,AMBIKA KALNA,ABKA,SG3,HOWRAH,ER,PURBA BARDHAMAN,WEST BENGAL,12,193,6.91
1740,ARAMBAG,AMBG,SG3,HOWRAH,ER,HOOGHLY,WEST BENGAL,12,193,6.91
1741,BAGHNAPARA,BGRA,SG3,HOWRAH,ER,PURBA BARDHAMAN,WEST BENGAL,12,193,6.91
1742,BAGILA,BGF,SG3,HOWRAH,ER,PURBA BARDHAMAN,WEST BENGAL,12,193,6.91
1743,BAHIR KHANDA,BAHW,SG3,HOWRAH,ER,HOOGHLY,WEST BENGAL,12,193,6.91
1744,BAIDYABATI,BBAE,SG3,HOWRAH,ER,HOOGHLY,WEST BENGAL,12,193,6.91
1745,BAINCHI,BOI,SG3,HOWRAH,ER,HOOGHLY,WEST BENGAL,12,193,6.91
1746,BAINCHIGRAM,BCGM,SG3,HOWRAH,ER,HOOGHLY,WEST BENGAL,12,193,6.91
1747,BALAGARH,BGAE,SG3,HOWRAH,ER,HOOGHLY,WEST BENGAL,12,193,6.91
1748,BALARAMBATI,BLAE,SG3,HOWRAH,ER,HOOGHLY,WEST BENGAL,12,193,6.91
1749,BALGONA,BGNA,SG3,HOWRAH,ER,PURBA BARDHAMAN,WEST BENGAL,12,193,6.91
1750,BALLY,BLY,SG3,HOWRAH,ER,HOWRAH,WEST BENGAL,12,193,6.91
1751,BANKAPASI F,BCF,SG3,HOWRAH,ER,PURBA BARDHAMAN,WEST BENGAL,12,193,6.91
1752,BANSH BARIA,BSAE,SG3,HOWRAH,ER,HOOGHLY,WEST BENGAL,12,193,6.91
1753,BARUI PARA,BRPA,SG3,HOWRAH,ER,HOOGHLY,WEST BENGAL,12,193,6.91
1754,BEGAMPUR,BPAE,SG3,HOWRAH,ER,HOOGHLY,WEST BENGAL,12,193,6.91
1755,BEHULA,BHLA,SG3,HOWRAH,ER,HOOGHLY,WEST BENGAL,12,193,6.91
1756,BELANAGAR,BZL,SG3,HOWRAH,ER,HOWRAH,WEST BENGAL,12,193,6.91
1757,BELERHAT,BQY,SG3,HOWRAH,ER,PURBA BARDHAMAN,WEST BENGAL,12,193,6.91
1758,BELMURI,BMAE,SG3,HOWRAH,ER,HOOGHLY,WEST BENGAL,12,193,6.91
1759,BELUR,BEQ,SG3,HOWRAH,ER,HOWRAH,WEST BENGAL,12,193,6.91
1760,BELUR MATH,BRMH,SG3,HOWRAH,ER,HOWRAH,WEST BENGAL,12,193,6.91
1761,BHADRESHWAR,BHR,SG3,HOWRAH,ER,HOOGHLY,WEST BENGAL,12,193,6.91
1762,BHANDARTIKURI,BFZ,SG3,HOWRAH,ER,PURBA BARDHAMAN,WEST BENGAL,12,193,6.91
1763,CHANDAN NAGAR,CGR,SG3,HOWRAH,ER,HOOGHLY,WEST BENGAL,12,193,6.91
1764,CHANDANPUR,CDAE,SG3,HOWRAH,ER,HOOGHLY,WEST BENGAL,12,193,6.91
1765,CHUCHURA,CNS,SG3,HOWRAH,ER,HOOGHLY,WEST BENGAL,12,193,6.91
1766,DAINHAT,DHAE,SG3,HOWRAH,ER,PURBA BARDHAMAN,WEST BENGAL,12,193,6.91
1767,DANKUNI,DKAE,SG3,HOWRAH,ER,HOOGHLY,WEST BENGAL,12,193,6.91
1768,DEBIPUR,DBP,SG3,HOWRAH,ER,PURBA BARDHAMAN,WEST BENGAL,12,193,6.91
1769,DHATRIGRAM,DTAE,SG3,HOWRAH,ER,PURBA BARDHAMAN,WEST BENGAL,12,193,6.91
1770,DIARA,DEA,SG3,HOWRAH,ER,HOOGHLY,WEST BENGAL,12,193,6.91
1771,DUMURDAHA,DMLE,SG3,HOWRAH,ER,HOOGHLY,WEST BENGAL,12,193,6.91
1772,GANGPUR,GRP,SG3,HOWRAH,ER,PURBA BARDHAMAN,WEST BENGAL,12,193,6.91
1773,GARIFA,GFAE,SG3,HOWRAH,ER,24 PARAGANAS NORTH,WEST BENGAL,12,193,6.91
1774,GOBRA,GBRA,SG3,HOWRAH,ER,HOOGHLY,WEST BENGAL,12,193,6.91
1775,GOKULNAGAR JOYPUR,GNJP,SG3,HOWRAH,ER,BANKURA,WEST BENGAL,12,193,6.91
1776,GUPTIPARA,GPAE,SG3,HOWRAH,ER,HOOGHLY,WEST BENGAL,12,193,6.91
1777,GURAP,GRAE,SG3,HOWRAH,ER,HOOGHLY,WEST BENGAL,12,193,6.91
1778,HAJIGARH,HIH,SG3,HOWRAH,ER,HOOGHLY,WEST BENGAL,12,193,6.91
1779,HARIPAL,HPL,SG3,HOWRAH,ER,HOOGHLY,WEST BENGAL,12,193,6.91
1780,HIND MOTOR,HMZ,SG3,HOWRAH,ER,HOOGHLY,WEST BENGAL,12,193,6.91
1781,HOOGHLY,HGY,SG3,HOWRAH,ER,HOOGHLY,WEST BENGAL,12,193,6.91
1782,HOOGHLY GHAT,HYG,SG3,HOWRAH,ER,HOOGHLY,WEST BENGAL,12,193,6.91
1783,JANAI ROAD,JOX,SG3,HOWRAH,ER,HOOGHLY,WEST BENGAL,12,193,6.91
1784,JAUGRAM,JRAE,SG3,HOWRAH,ER,PURBA BARDHAMAN,WEST BENGAL,12,193,6.91
1785,JHAPANDANGA,JPQ,SG3,HOWRAH,ER,PURBA BARDHAMAN,WEST BENGAL,12,193,6.91
1786,JIRAT,JIT,SG3,HOWRAH,ER,HOOGHLY,WEST BENGAL,12,193,6.91
1787,KAIKALA,KKAE,SG3,HOWRAH,ER,HOOGHLY,WEST BENGAL,12,193,6.91
1788,KALINAGAR,KLNT,SG3,HOWRAH,ER,NADIA,WEST BENGAL,12,193,6.91
1789,KAMARKUNDU,KQU,SG3,HOWRAH,ER,HOOGHLY,WEST BENGAL,12,193,6.91
1790,KARJANA,KJRA,SG3,HOWRAH,ER,PURBA BARDHAMAN,WEST BENGAL,12,193,6.91
1791,KATWA JN.,KWAE,SG3,HOWRAH,ER,PURBA BARDHAMAN,WEST BENGAL,12,193,6.91
1792,KHAMARGACHHI,KMAE,SG3,HOWRAH,ER,HOOGHLY,WEST BENGAL,12,193,6.91
1793,KHANYAN,KHN,SG3,HOWRAH,ER,HOOGHLY,WEST BENGAL,12,193,6.91
1794,KUNTIGHAT,KJU,SG3,HOWRAH,ER,HOOGHLY,WEST BENGAL,12,193,6.91
1795,LAKSHMIPUR,LKX,SG3,HOWRAH,ER,PURBA BARDHAMAN,WEST BENGAL,12,193,6.91
1796,LILUAH,LLH,SG3,HOWRAH,ER,HOWRAH,WEST BENGAL,12,193,6.91
1797,LOKNATH,LOK,SG3,HOWRAH,ER,HOOGHLY,WEST BENGAL,12,193,6.91
1798,MADHU SUDANPUR,MDSE,SG3,HOWRAH,ER,HOOGHLY,WEST BENGAL,12,193,6.91
1799,MAGRA,MUG,SG3,HOWRAH,ER,HOOGHLY,WEST BENGAL,12,193,6.91
1800,MANKUNDU,MUU,SG3,HOWRAH,ER,HOOGHLY,WEST BENGAL,12,193,6.91
1801,MASAGRAM,MSAE,SG3,HOWRAH,ER,PURBA BARDHAMAN,WEST BENGAL,12,193,6.91
1802,MAYAPUR,MAYP,SG3,HOWRAH,ER,HOOGHLY,WEST BENGAL,12,193,6.91
1803,MEMARI,MYM,SG3,HOWRAH,ER,HOOGHLY,WEST BENGAL,12,193,6.91
1804,MIRZAPUR-BANKIPUR,MBE,SG3,HOWRAH,ER,HOOGHLY,WEST BENGAL,12,193,6.91
1805,NABADWIP DHAM,NDAE,SG3,HOWRAH,ER,NADIA,WEST BENGAL,12,193,6.91
1806,NABAGRAM,NBAE,SG3,HOWRAH,ER,PURBA BARDHAMAN,WEST BENGAL,12,193,6.91
1807,NALIKUL,NKL,SG3,HOWRAH,ER,HOOGHLY,WEST BENGAL,12,193,6.91
1808,NASIBPUR,NSF,SG3,HOWRAH,ER,HOOGHLY,WEST BENGAL,12,193,6.91
1809,NEGUN HALT,NGX,SG3,HOWRAH,ER,PURBA BARDHAMAN,WEST BENGAL,12,193,6.91
1810,PALLA ROAD,PRAE,SG3,HOWRAH,ER,PURBA BARDHAMAN,WEST BENGAL,12,193,6.91
1811,PALSIT,PLAE,SG3,HOWRAH,ER,PURBA BARDHAMAN,WEST BENGAL,12,193,6.91
1812,PANDOOAH,PDA,SG3,HOWRAH,ER,HOOGHLY,WEST BENGAL,12,193,6.91
1813,PATULI,PTAE,SG3,HOWRAH,ER,PURBA BARDHAMAN,WEST BENGAL,12,193,6.91
1814,PORABAZAR,PBZ,SG3,HOWRAH,ER,HOOGHLY,WEST BENGAL,12,193,6.91
1815,PURBASTHALI,PSAE,SG3,HOWRAH,ER,PURBA BARDHAMAN,WEST BENGAL,12,193,6.91
1816,RASULPUR,RSLR,SG3,HOWRAH,ER,PURBA BARDHAMAN,WEST BENGAL,12,193,6.91
1817,SAKTIGARH,SKG,SG3,HOWRAH,ER,PURBA BARDHAMAN,WEST BENGAL,12,193,6.91
1818,SAMUDRAGARH,SMAE,SG3,HOWRAH,ER,PURBA BARDHAMAN,WEST BENGAL,12,193,6.91
1819,SHRIPAT SHRIKHANDA,SPS,SG3,HOWRAH,ER,PURBA BARDHAMAN,WEST BENGAL,12,193,6.91
1820,SIBAICHANDI,SHBC,SG3,HOWRAH,ER,HOOGHLY,WEST BENGAL,12,193,6.91
1821,SIMLAGARH,SLG,SG3,HOWRAH,ER,HOOGHLY,WEST BENGAL,12,193,6.91
1822,SINGUR,SIU,SG3,HOWRAH,ER,HOOGHLY,WEST BENGAL,12,193,6.91
1823,SOMRA BAZAR,SOAE,SG3,HOWRAH,ER,HOOGHLY,WEST BENGAL,12,193,6.91
1824,TALANDU,TLO,SG3,HOWRAH,ER,HOOGHLY,WEST BENGAL,12,193,6.91
1825,TARAKESWAR,TAK,SG3,HOWRAH,ER,HOOGHLY,WEST BENGAL,12,193,6.91
1826,TRIBENI,TBAE,SG3,HOWRAH,ER,HOOGHLY,WEST BENGAL,12,193,6.91
1827,UTTARPARA,UPA,SG3,HOWRAH,ER,HOOGHLY,WEST BENGAL,12,193,6.91
1828,ABJUGANJ,AJUG,HG2,MALDA,ER,BHAGALPUR,BIHAR,2,103,6.91
1829,AMMAPALI,AMPL,HG2,MALDA,ER,BHAGALPUR,BIHAR,2,103,6.91
1830,BASUDEBPUR H,BDBP,HG2,MALDA,ER,MURSHIDABAD,WEST BENGAL,2,103,6.91
1831,BINDUBASINI,BDBS,HG2,MALDA,ER,SAHEBGANJ,JHARKHAND,2,103,6.91
1832,KHARIAPIPRA HALT,KAPP,HG2,MALDA,ER,BHAGALPUR,BIHAR,2,103,6.91
1833,MURARPUR HALT,MPY,HG2,MALDA,ER,BHAGALPUR,BIHAR,2,103,6.91
1834,AHIRAN H,AHN,HG3,MALDA,ER,MURSHIDABAD,WEST BENGAL,3,103,6.91
1835,BELA HALT,BELT,HG3,MALDA,ER,BANKA,BIHAR,3,103,6.91
1836,CHHIT MAKHANDPUR,CTMP,HG3,MALDA,ER,BHAGALPUR,BIHAR,3,103,6.91
1837,DANRE,DANE,HG3,MALDA,ER,GODDA,JHARKHAND,3,103,6.91
1838,GANGWARA HALT,GGWA,HG3,MALDA,ER,DUMKA,JHARKHAND,3,103,6.91
1839,GANI DHAM HALT,GIF,HG3,MALDA,ER,BHAGALPUR,BIHAR,3,103,6.91
1840,GHOGI BARIARPUR,GIBP,HG3,MALDA,ER,LAKHISARAI,BIHAR,3,103,6.91
1841,GHORGHAT,GOG,HG3,MALDA,ER,MUNGER,BIHAR,3,103,6.91
1842,HATPURAINI H,HPLE,HG3,MALDA,ER,BHAGALPUR,BIHAR,3,103,6.91
1843,JAGADISHPUR HALT,JDPT,HG3,MALDA,ER,BHAGALPUR,BIHAR,3,103,6.91
1844,KAMARGANJ,KMGH,HG3,MALDA,ER,BHAGALPUR,BIHAR,3,103,6.91
1845,KOLLIKHUTAHA H,KKTA,HG3,MALDA,ER,BHAGALPUR,BIHAR,3,103,6.91
1846,KUMRADOL,KADL,HG3,MALDA,ER,GODDA,JHARKHAND,3,103,6.91
1847,KURMAHAT,KUMT,HG3,MALDA,ER,DUMKA,JHARKHAND,3,103,6.91
1848,LAKSHMIPUR BHORANG,LKB,HG3,MALDA,ER,BHAGALPUR,BIHAR,3,103,6.91
1849,MAHESHI,MVV,HG3,MALDA,ER,BHAGALPUR,BIHAR,3,103,6.91
1850,MAHIPAL HALT,MPLE,HG3,MALDA,ER,MURSHIDABAD,WEST BENGAL,3,103,6.91
1851,MANDAR VIDYAPITH HAL,MDVB,HG3,MALDA,ER,BANKA,BIHAR,3,103,6.91
1852,NOAPARA MAHISHASUR,NWMS,HG3,MALDA,ER,MURSHIDABAD,WEST BENGAL,3,103,6.91
1853,PANDETOLA,PETA,HG3,MALDA,ER,BANKA,BIHAR,3,103,6.91
1854,PANJWARA ROAD,PJLE,HG3,MALDA,ER,BANKA,BIHAR,3,103,6.91
1855,PATAM,PATM,HG3,MALDA,ER,MUNGER,BIHAR,3,103,6.91
1856,PAWAI BROHMASTHAN HA,PWBN,HG3,MALDA,ER,LAKHISARAI,BIHAR,3,103,6.91
1857,PIPRADIH,PPDI,HG3,MALDA,ER,BANKA,BIHAR,3,103,6.91
1858,PRAYAHAT HALT,PYHT,HG3,MALDA,ER,GODDA,JHARKHAND,3,103,6.91
1859,PUNSIA H,PNSA,HG3,MALDA,ER,BANKA,BIHAR,3,103,6.91
1860,RAMPUR HALT,RMPR,HG3,MALDA,ER,LAKHISARAI,BIHAR,3,103,6.91
1861,RISHIKUND,RIKD,HG3,MALDA,ER,MUNGER,BIHAR,3,103,6.91
1862,SANJHA H,SJJ,HG3,MALDA,ER,BANKA,BIHAR,3,103,6.91
1863,SANKOPARA H,SXP,HG3,MALDA,ER,MURSHIDABAD,WEST BENGAL,3,103,6.91
1864,SAROBAG,SRB,HG3,MALDA,ER,MUNGER,BIHAR,3,103,6.91
1865,TELIA,TELY,HG3,MALDA,ER,BANKA,BIHAR,3,103,6.91
1866,BHAGALPUR,BGP,NSG2,MALDA,ER,BHAGALPUR,BIHAR,5,103,6.91
1867,JAMALPUR JN.,JMP,NSG3,MALDA,ER,MUNGER,BIHAR,6,103,6.91
1868,MALDA TOWN,MLDT,NSG3,MALDA,ER,MALDAH,WEST BENGAL,6,103,6.91
1869,NEW FARAKKA,NFK,NSG4,MALDA,ER,MURSHIDABAD,WEST BENGAL,7,103,6.91
1870,SULTANGANJ,SGG,NSG4,MALDA,ER,BHAGALPUR,BIHAR,7,103,6.91
1871,ABHAIPUR,AHA,NSG5,MALDA,ER,LAKHISARAI,BIHAR,8,103,6.91
1872,BARHARWA JN.,BHW,NSG5,MALDA,ER,SAHEBGANJ,JHARKHAND,8,103,6.91
1873,BARIARPUR,BUP,NSG5,MALDA,ER,MUNGER,BIHAR,8,103,6.91
1874,DHULIAN GANGA,DGLE,NSG5,MALDA,ER,MURSHIDABAD,WEST BENGAL,8,103,6.91
1875,GHOGHA,GGA,NSG5,MALDA,ER,BHAGALPUR,BIHAR,8,103,6.91
1876,JANGIPUR ROAD,JRLE,NSG5,MALDA,ER,MURSHIDABAD,WEST BENGAL,8,103,6.91
1877,KAHALGAON,CLG,NSG5,MALDA,ER,BHAGALPUR,BIHAR,8,103,6.91
1878,KAJRAH,KJH,NSG5,MALDA,ER,LAKHISARAI,BIHAR,8,103,6.91
1879,KHALTIPUR,KTJ,NSG5,MALDA,ER,MALDAH,WEST BENGAL,8,103,6.91
1880,MIRZA-CHEUKI,MZC,NSG5,MALDA,ER,SAHEBGANJ,JHARKHAND,8,103,6.91
1881,NIMTITA,NILE,NSG5,MALDA,ER,MURSHIDABAD,WEST BENGAL,8,103,6.91
1882,PIRPAINTI,PPT,NSG5,MALDA,ER,BHAGALPUR,BIHAR,8,103,6.91
1883,RAJMAHAL,RJL,NSG5,MALDA,ER,SAHEBGANJ,JHARKHAND,8,103,6.91
1884,SAHIBGANJ,SBG,NSG5,MALDA,ER,SAHEBGANJ,JHARKHAND,8,103,6.91
1885,TINPAHAR JN.,TPH,NSG5,MALDA,ER,SAHEBGANJ,JHARKHAND,8,103,6.91
1886,AKBARNAGAR,AKN,NSG6,MALDA,ER,BHAGALPUR,BIHAR,9,103,6.91
1887,BAKUDI,BKLE,NSG6,MALDA,ER,SAHEBGANJ,JHARKHAND,9,103,6.91
1888,BALLALPUR,BPBS,NSG6,MALDA,ER,MURSHIDABAD,WEST BENGAL,9,103,6.91
1889,BANKA,BAKA,NSG6,MALDA,ER,BANKA,BIHAR,9,103,6.91
1890,BARAHAT,BHLE,NSG6,MALDA,ER,BANKA,BIHAR,9,103,6.91
1891,BARAPALASI,BRPS,NSG6,MALDA,ER,DUMKA,JHARKHAND,9,103,6.91
1892,BIKRAMSHILA,BKSL,NSG6,MALDA,ER,BHAGALPUR,BIHAR,9,103,6.91
1893,BONIDANGA,BDAG,NSG6,MALDA,ER,SAHEBGANJ,JHARKHAND,9,103,6.91
1894,CHAMAGRAM,CMX,NSG6,MALDA,ER,MALDAH,WEST BENGAL,9,103,6.91
1895,DASHRATHPUR,DRTP,NSG6,MALDA,ER,MUNGER,BIHAR,9,103,6.91
1896,DHAMDHAMIA,DDX,NSG6,MALDA,ER,SAHEBGANJ,JHARKHAND,9,103,6.91
1897,DHANAURI,DNRE,NSG6,MALDA,ER,LAKHISARAI,BIHAR,9,103,6.91
1898,DHARHARA,DRH,NSG6,MALDA,ER,MUNGER,BIHAR,9,103,6.91
1899,DHAUNI,DWLE,NSG6,MALDA,ER,BANKA,BIHAR,9,103,6.91
1900,EKCHARI,EKC,NSG6,MALDA,ER,BHAGALPUR,BIHAR,9,103,6.91
1901,GANGANIA,GNNA,NSG6,MALDA,ER,BHAGALPUR,BIHAR,9,103,6.91
1902,GANKAR,GALE,NSG6,MALDA,ER,MURSHIDABAD,WEST BENGAL,9,103,6.91
1903,GODDA,GODA,NSG6,MALDA,ER,GODDA,JHARKHAND,9,103,6.91
1904,GOUR MALDA,GZM,NSG6,MALDA,ER,MALDAH,WEST BENGAL,9,103,6.91
1905,HANSDIHA,HSDA,NSG6,MALDA,ER,DUMKA,JHARKHAND,9,103,6.91
1906,JAMIRGHATA,JMQ,NSG6,MALDA,ER,MALDAH,WEST BENGAL,9,103,6.91
1907,KALYAN CHAK,KXE,NSG6,MALDA,ER,SAHEBGANJ,JHARKHAND,9,103,6.91
1908,KALYANPUR ROAD,KPRD,NSG6,MALDA,ER,MUNGER,BIHAR,9,103,6.91
1909,KARAMTOLLA,KRMA,NSG6,MALDA,ER,SAHEBGANJ,JHARKHAND,9,103,6.91
1910,KARANPURATO,KPTO,NSG6,MALDA,ER,SAHEBGANJ,JHARKHAND,9,103,6.91
1911,LAILAKH MAMALKHA,LMM,NSG6,MALDA,ER,BHAGALPUR,BIHAR,9,103,6.91
1912,MAHIPAL ROAD,MPLR,NSG6,MALDA,ER,MURSHIDABAD,WEST BENGAL,9,103,6.91
1913,MANDAR HILL,MDLE,NSG6,MALDA,ER,BANKA,BIHAR,9,103,6.91
1914,MANIGRAM,MGLE,NSG6,MALDA,ER,MURSHIDABAD,WEST BENGAL,9,103,6.91
1915,MASUDAN,MSDN,NSG6,MALDA,ER,LAKHISARAI,BIHAR,9,103,6.91
1916,MOHARAJPUR,MJP,NSG6,MALDA,ER,SAHEBGANJ,JHARKHAND,9,103,6.91
1917,MONGHYR,MGR,NSG6,MALDA,ER,MUNGER,BIHAR,9,103,6.91
1918,MURAHARA,MRHA,NSG6,MALDA,ER,BANKA,BIHAR,9,103,6.91
1919,NATHNAGAR,NAT,NSG6,MALDA,ER,BHAGALPUR,BIHAR,9,103,6.91
1920,NONIHAT,NNHT,NSG6,MALDA,ER,DUMKA,JHARKHAND,9,103,6.91
1921,PORADANGA,PRDG,NSG6,MALDA,ER,MURSHIDABAD,WEST BENGAL,9,103,6.91
1922,RATANPUR,RPUR,NSG6,MALDA,ER,MUNGER,BIHAR,9,103,6.91
1923,SABOUR,SBO,NSG6,MALDA,ER,BHAGALPUR,BIHAR,9,103,6.91
1924,SAKRIGALI,SLJ,NSG6,MALDA,ER,SAHEBGANJ,JHARKHAND,9,103,6.91
1925,SHIVNARAYANPUR,SVRP,NSG6,MALDA,ER,BHAGALPUR,BIHAR,9,103,6.91
1926,SUJNIPARA,SPLE,NSG6,MALDA,ER,MURSHIDABAD,WEST BENGAL,9,103,6.91
1927,TALJHARI,TLJ,NSG6,MALDA,ER,SAHEBGANJ,JHARKHAND,9,103,6.91
1928,TIKANI,TKLE,NSG6,MALDA,ER,BHAGALPUR,BIHAR,9,103,6.91
1929,TILDANGA,TDLE,NSG6,MALDA,ER,MURSHIDABAD,WEST BENGAL,9,103,6.91
1930,UREN,UREN,NSG6,MALDA,ER,LAKHISARAI,BIHAR,9,103,6.91
1931,AKAIPUR H,AKIP,HG3,SEALDAH,ER,24 PARAGANAS NORTH,WEST BENGAL,3,206,6.91
1932,AMGHATA H,AHT,HG3,SEALDAH,ER,NADIA,WEST BENGAL,3,206,6.91
1933,BAHIRA KALIBARI,BHKA,HG3,SEALDAH,ER,24 PARAGANAS NORTH,WEST BENGAL,3,206,6.91
1934,BAHIRGACHHI H,BHGH,HG3,SEALDAH,ER,NADIA,WEST BENGAL,3,206,6.91
1935,BAHIRPUYA HALT,BHPA,HG3,SEALDAH,ER,24 PARAGANAS SOUTH,WEST BENGAL,3,206,6.91
1936,BALLY HALT,BLYH,HG3,SEALDAH,ER,HOWRAH,WEST BENGAL,3,206,6.91
1937,BANKIMNAGAR HALT,BNKA,HG3,SEALDAH,ER,NADIA,WEST BENGAL,3,206,6.91
1938,BATHNA KIRTTIBAS HAL,BTKB,HG3,SEALDAH,ER,NADIA,WEST BENGAL,3,206,6.91
1939,BELIAGHATA ROAD,BGRD,HG3,SEALDAH,ER,24 PARAGANAS NORTH,WEST BENGAL,3,206,6.91
1940,BETBERIA GHOLA HALT,BTPG,HG3,SEALDAH,ER,24 PARAGANAS SOUTH,WEST BENGAL,3,206,6.91
1941,BHAYNA H,BHNA,HG3,SEALDAH,ER,NADIA,WEST BENGAL,3,206,6.91
1942,BHYABLA,BBLA,HG3,SEALDAH,ER,24 PARAGANAS NORTH,WEST BENGAL,3,206,6.91
1943,BIBHUTI BHUSHAN H,BNAA,HG3,SEALDAH,ER,24 PARAGANAS NORTH,WEST BENGAL,3,206,6.91
1944,COOPERS HALT,CPHT,HG3,SEALDAH,ER,NADIA,WEST BENGAL,3,206,6.91
1945,DIGNAGAR,DTG,HG3,SEALDAH,ER,NADIA,WEST BENGAL,3,206,6.91
1946,GAURDAHA HALT,GQD,HG3,SEALDAH,ER,24 PARAGANAS SOUTH,WEST BENGAL,3,206,6.91
1947,GHORARAS GHONA HALT,GGV,HG3,SEALDAH,ER,24 PARAGANAS NORTH,WEST BENGAL,3,206,6.91
1948,HARISHNAGAR HALT,HRSR,HG3,SEALDAH,ER,NADIA,WEST BENGAL,3,206,6.91
1949,HOGLA H,HGA,HG3,SEALDAH,ER,24 PARAGANAS SOUTH,WEST BENGAL,3,206,6.91
1950,JALAKHALI HALT,JKL,HG3,SEALDAH,ER,NADIA,WEST BENGAL,3,206,6.91
1951,KAJIPARA,KZPR,HG3,SEALDAH,ER,24 PARAGANAS NORTH,WEST BENGAL,3,206,6.91
1952,KANKRA MIRZANAGAR,KMZA,HG3,SEALDAH,ER,24 PARAGANAS NORTH,WEST BENGAL,3,206,6.91
1953,KARANJALI HALT,KNJI,HG3,SEALDAH,ER,24 PARAGANAS SOUTH,WEST BENGAL,3,206,6.91
1954,KAREA-KADAMBAGACHI,KBGH,HG3,SEALDAH,ER,24 PARAGANAS NORTH,WEST BENGAL,3,206,6.91
1955,KHIDIRPUR,KIRP,HG3,SEALDAH,ER,KOLKATA,WEST BENGAL,3,206,6.91
1956,KRISHNAMOHAN HALT,KRXM,HG3,SEALDAH,ER,24 PARAGANAS SOUTH,WEST BENGAL,3,206,6.91
1957,KULPI F,KLW,HG3,SEALDAH,ER,24 PARAGANAS SOUTH,WEST BENGAL,3,206,6.91
1958,LABUTALA HALT,LBTL,HG3,SEALDAH,ER,24 PARAGANAS NORTH,WEST BENGAL,3,206,6.91
1959,MADHABNAGAR HALT,MDGB,HG3,SEALDAH,ER,24 PARAGANAS SOUTH,WEST BENGAL,3,206,6.91
1960,MADHABPUR H,MDBP,HG3,SEALDAH,ER,24 PARAGANAS SOUTH,WEST BENGAL,3,206,6.91
1961,MADHYAMPUR,MPN,HG3,SEALDAH,ER,24 PARAGANAS NORTH,WEST BENGAL,3,206,6.91
1962,MATLA,MATL,HG3,SEALDAH,ER,24 PARAGANAS SOUTH,WEST BENGAL,3,206,6.91
1963,MATNIA ANANTAPU,MNAP,HG3,SEALDAH,ER,24 PARAGANAS NORTH,WEST BENGAL,3,206,6.91
1964,MAYURHAT HALT,MYHT,HG3,SEALDAH,ER,NADIA,WEST BENGAL,3,206,6.91
1965,NABA RAYNAGAR H,NBRN,HG3,SEALDAH,ER,NADIA,WEST BENGAL,3,206,6.91
1966,NARENDRAPUR HALT,NRPR,HG3,SEALDAH,ER,24 PARAGANAS SOUTH,WEST BENGAL,3,206,6.91
1967,NEW BALARAMPUR H,NBPH,HG3,SEALDAH,ER,MURSHIDABAD,WEST BENGAL,3,206,6.91
1968,NIMDANRI,NMDR,HG3,SEALDAH,ER,24 PARAGANAS NORTH,WEST BENGAL,3,206,6.91
1969,NISCHINDAPUR,NCP,HG3,SEALDAH,ER,24 PARAGANAS SOUTH,WEST BENGAL,3,206,6.91
1970,NISCHINDAPUR MARKET,NCPM,HG3,SEALDAH,ER,24 PARAGANAS SOUTH,WEST BENGAL,3,206,6.91
1971,PANCHBERIA H,PNCB,HG3,SEALDAH,ER,NADIA,WEST BENGAL,3,206,6.91
1972,PIRTALA,PRTL,HG3,SEALDAH,ER,MURSHIDABAD,WEST BENGAL,3,206,6.91
1973,RE- MOUNT ROAD,RMTR,HG3,SEALDAH,ER,KOLKATA,WEST BENGAL,3,206,6.91
1974,SANHATI H,SNHT,HG3,SEALDAH,ER,24 PARAGANAS NORTH,WEST BENGAL,3,206,6.91
1975,SATBERIA H,STBB,HG3,SEALDAH,ER,24 PARAGANAS NORTH,WEST BENGAL,3,206,6.91
1976,SHANTINAGAR HAL,SNTR,HG3,SEALDAH,ER,NADIA,WEST BENGAL,3,206,6.91
1977,SIR GURUDASS BANERJE,SGBA,HG3,SEALDAH,ER,KOLKATA,WEST BENGAL,3,206,6.91
1978,SIRAJNAGAR H,SRJN,HG3,SEALDAH,ER,MURSHIDABAD,WEST BENGAL,3,206,6.91
1979,SOVABAZAR-AHIRITOLA,SOLA,HG3,SEALDAH,ER,KOLKATA,WEST BENGAL,3,206,6.91
1980,SUBARNAMRIGI H,SBNM,HG3,SEALDAH,ER,MURSHIDABAD,WEST BENGAL,3,206,6.91
1981,TARAK NAGAR H,TNX,HG3,SEALDAH,ER,NADIA,WEST BENGAL,3,206,6.91
1982,UDAYRAMPUR H,URP,HG3,SEALDAH,ER,24 PARAGANAS SOUTH,WEST BENGAL,3,206,6.91
1983,UKILERHAT HALT,UKLR,HG3,SEALDAH,ER,24 PARAGANAS SOUTH,WEST BENGAL,3,206,6.91
1984,UTTAR RADHA NAGAR HA,UTN,HG3,SEALDAH,ER,24 PARAGANAS SOUTH,WEST BENGAL,3,206,6.91
1985,SEALDAH,SDAH,NSG1,SEALDAH,ER,KOLKATA,WEST BENGAL,4,206,6.91
1986,KOLKATA,KOAA,NSG2,SEALDAH,ER,KOLKATA,WEST BENGAL,5,206,6.91
1987,NAIHATI JN.,NH,NSG2,SEALDAH,ER,24 PARAGANAS NORTH,WEST BENGAL,5,206,6.91
1988,BERHAMPORE COURT,BPC,NSG4,SEALDAH,ER,MURSHIDABAD,WEST BENGAL,7,206,6.91
1989,BELDANGA,BEB,NSG5,SEALDAH,ER,MURSHIDABAD,WEST BENGAL,8,206,6.91
1990,BETHUADAHARI,BTY,NSG5,SEALDAH,ER,NADIA,WEST BENGAL,8,206,6.91
1991,BHAGWANGOLA,BQG,NSG5,SEALDAH,ER,MURSHIDABAD,WEST BENGAL,8,206,6.91
1992,COSSIMBAZAR,CSZ,NSG5,SEALDAH,ER,MURSHIDABAD,WEST BENGAL,8,206,6.91
1993,DEBAGRAM,DEB,NSG5,SEALDAH,ER,NADIA,WEST BENGAL,8,206,6.91
1994,JIAGANJ,JJG,NSG5,SEALDAH,ER,MURSHIDABAD,WEST BENGAL,8,206,6.91
1995,KRISHNAPUR,KRP,NSG5,SEALDAH,ER,MURSHIDABAD,WEST BENGAL,8,206,6.91
1996,LALGOLA,LGL,NSG5,SEALDAH,ER,MURSHIDABAD,WEST BENGAL,8,206,6.91
1997,MURSHIDABAD,MBB,NSG5,SEALDAH,ER,MURSHIDABAD,WEST BENGAL,8,206,6.91
1998,PLASSEY,PLY,NSG5,SEALDAH,ER,MURSHIDABAD,WEST BENGAL,8,206,6.91
1999,BAHADURPUR,BPD,NSG6,SEALDAH,ER,NADIA,WEST BENGAL,9,206,6.91
2000,BHABTA,BFT,NSG6,SEALDAH,ER,MURSHIDABAD,WEST BENGAL,9,206,6.91
2001,DHUBULIA,DHU,NSG6,SEALDAH,ER,NADIA,WEST BENGAL,9,206,6.91
2002,MURAGACHHA,MGM,NSG6,SEALDAH,ER,NADIA,WEST BENGAL,9,206,6.91
2003,NABADWIP GHAT F,NDF,NSG6,SEALDAH,ER,NADIA,WEST BENGAL,9,206,6.91
2004,PAGLA CHANDI,PCX,NSG6,SEALDAH,ER,NADIA,WEST BENGAL,9,206,6.91
2005,REJINAGAR,REJ,NSG6,SEALDAH,ER,MURSHIDABAD,WEST BENGAL,9,206,6.91
2006,SARGACHHI,SGV,NSG6,SEALDAH,ER,MURSHIDABAD,WEST BENGAL,9,206,6.91
2007,SONADANGA,SVH,NSG6,SEALDAH,ER,NADIA,WEST BENGAL,9,206,6.91
2008,BARASAT JN.,BT,SG2,SEALDAH,ER,24 PARAGANAS NORTH,WEST BENGAL,11,206,6.91
2009,BARRACKPORE,BP,SG2,SEALDAH,ER,24 PARAGANAS NORTH,WEST BENGAL,11,206,6.91
2010,BARUIPUR JN.,BRP,SG2,SEALDAH,ER,24 PARAGANAS SOUTH,WEST BENGAL,11,206,6.91
2011,BELGHARIA,BLH,SG2,SEALDAH,ER,24 PARAGANAS NORTH,WEST BENGAL,11,206,6.91
2012,BIDHANNAGAR ROAD,BNXR,SG2,SEALDAH,ER,KOLKATA,WEST BENGAL,11,206,6.91
2013,CHAKDAHA,CDH,SG2,SEALDAH,ER,NADIA,WEST BENGAL,11,206,6.91
2014,DUMDUM JN.,DDJ,SG2,SEALDAH,ER,KOLKATA,WEST BENGAL,11,206,6.91
2015,HABRA,HB,SG2,SEALDAH,ER,24 PARAGANAS NORTH,WEST BENGAL,11,206,6.91
2016,KHARDAHA,KDH,SG2,SEALDAH,ER,24 PARAGANAS NORTH,WEST BENGAL,11,206,6.91
2017,KRISHNANAGAR CITY JN,KNJ,SG2,SEALDAH,ER,NADIA,WEST BENGAL,11,206,6.91
2018,MADHYAMGRAM,MMG,SG2,SEALDAH,ER,24 PARAGANAS NORTH,WEST BENGAL,11,206,6.91
2019,RANAGHAT JN.,RHA,SG2,SEALDAH,ER,NADIA,WEST BENGAL,11,206,6.91
2020,SHYAMNAGAR,SNR,SG2,SEALDAH,ER,24 PARAGANAS NORTH,WEST BENGAL,11,206,6.91
2021,SODEPUR,SEP,SG2,SEALDAH,ER,24 PARAGANAS NORTH,WEST BENGAL,11,206,6.91
2022,SONARPUR JN.,SPR,SG2,SEALDAH,ER,24 PARAGANAS SOUTH,WEST BENGAL,11,206,6.91
2023,SUBHAS GRAM,SBGR,SG2,SEALDAH,ER,24 PARAGANAS SOUTH,WEST BENGAL,11,206,6.91
2024,AGARPARA,AGP,SG3,SEALDAH,ER,24 PARAGANAS NORTH,WEST BENGAL,12,206,6.91
2025,AKRA,AKRA,SG3,SEALDAH,ER,24 PARAGANAS SOUTH,WEST BENGAL,12,206,6.91
2026,ARANGHATA,AG,SG3,SEALDAH,ER,NADIA,WEST BENGAL,12,206,6.91
2027,ASHOKNAGAR ROAD,ASKR,SG3,SEALDAH,ER,24 PARAGANAS NORTH,WEST BENGAL,12,206,6.91
2028,BADKULLA,BDZ,SG3,SEALDAH,ER,NADIA,WEST BENGAL,12,206,6.91
2029,BAGH BAZAR,BBR,SG3,SEALDAH,ER,KOLKATA,WEST BENGAL,12,206,6.91
2030,BAGHA JATIN F,BGJT,SG3,SEALDAH,ER,KOLKATA,WEST BENGAL,12,206,6.91
2031,BAGULA,BGL,SG3,SEALDAH,ER,NADIA,WEST BENGAL,12,206,6.91
2032,BAHARU F,BARU,SG3,SEALDAH,ER,24 PARAGANAS SOUTH,WEST BENGAL,12,206,6.91
2033,BALLY GHAT,BLYG,SG3,SEALDAH,ER,HOOGHLY,WEST BENGAL,12,206,6.91
2034,BALLYGUNGE JN.,BLN,SG3,SEALDAH,ER,KOLKATA,WEST BENGAL,12,206,6.91
2035,BAMANGACHHI,BMG,SG3,SEALDAH,ER,24 PARAGANAS NORTH,WEST BENGAL,12,206,6.91
2036,BANGAON JN.,BNJ,SG3,SEALDAH,ER,24 PARAGANAS NORTH,WEST BENGAL,12,206,6.91
2037,BANPUR,BPN,SG3,SEALDAH,ER,NADIA,WEST BENGAL,12,206,6.91
2038,BARANAGAR ROAD,BARN,SG3,SEALDAH,ER,24 PARAGANAS NORTH,WEST BENGAL,12,206,6.91
2039,BARRA BAZAR,BZB,SG3,SEALDAH,ER,KOLKATA,WEST BENGAL,12,206,6.91
2040,BASIRHAT,BSHT,SG3,SEALDAH,ER,24 PARAGANAS NORTH,WEST BENGAL,12,206,6.91
2041,BASULDANGA,BSD,SG3,SEALDAH,ER,24 PARAGANAS SOUTH,WEST BENGAL,12,206,6.91
2042,BENOY BADAL DINESH B,BBDB,SG3,SEALDAH,ER,KOLKATA,WEST BENGAL,12,206,6.91
2043,BHASILA,BSLA,SG3,SEALDAH,ER,24 PARAGANAS NORTH,WEST BENGAL,12,206,6.91
2044,BIDYADHARPUR F,BDYP,SG3,SEALDAH,ER,24 PARAGANAS SOUTH,WEST BENGAL,12,206,6.91
2045,BIRA,BIRA,SG3,SEALDAH,ER,24 PARAGANAS NORTH,WEST BENGAL,12,206,6.91
2046,BIRATI,BBT,SG3,SEALDAH,ER,24 PARAGANAS NORTH,WEST BENGAL,12,206,6.91
2047,BIRNAGAR,BIJ,SG3,SEALDAH,ER,NADIA,WEST BENGAL,12,206,6.91
2048,BISHARPARA-KODALIYA,BRPK,SG3,SEALDAH,ER,24 PARAGANAS NORTH,WEST BENGAL,12,206,6.91
2049,BRACE BRIDGE,BRJ,SG3,SEALDAH,ER,KOLKATA,WEST BENGAL,12,206,6.91
2050,BUDGE-BUDGE,BGB,SG3,SEALDAH,ER,24 PARAGANAS SOUTH,WEST BENGAL,12,206,6.91
2051,CANNING,CG,SG3,SEALDAH,ER,24 PARAGANAS SOUTH,WEST BENGAL,12,206,6.91
2052,CHAMPAHATI,CHT,SG3,SEALDAH,ER,24 PARAGANAS SOUTH,WEST BENGAL,12,206,6.91
2053,CHAMPAPUKUR,CQR,SG3,SEALDAH,ER,24 PARAGANAS NORTH,WEST BENGAL,12,206,6.91
2054,CHANDPARA,CDP,SG3,SEALDAH,ER,24 PARAGANAS NORTH,WEST BENGAL,12,206,6.91
2055,DAKHINESWAR,DAKE,SG3,SEALDAH,ER,KOLKATA,WEST BENGAL,12,206,6.91
2056,DAKSHIN BARASAT,DBT,SG3,SEALDAH,ER,24 PARAGANAS SOUTH,WEST BENGAL,12,206,6.91
2057,DAKSHIN DURGAPUR HAL,DKDP,SG3,SEALDAH,ER,24 PARAGANAS SOUTH,WEST BENGAL,12,206,6.91
2058,DEULA,D,SG3,SEALDAH,ER,24 PARAGANAS SOUTH,WEST BENGAL,12,206,6.91
2059,DHAKURIA F,DHK,SG3,SEALDAH,ER,KOLKATA,WEST BENGAL,12,206,6.91
2060,DHAMUA,DMU,SG3,SEALDAH,ER,24 PARAGANAS SOUTH,WEST BENGAL,12,206,6.91
2061,DHAPDHAPI,DPDP,SG3,SEALDAH,ER,24 PARAGANAS SOUTH,WEST BENGAL,12,206,6.91
2062,DIAMOND HARBOUR,DH,SG3,SEALDAH,ER,24 PARAGANAS SOUTH,WEST BENGAL,12,206,6.91
2063,DUMDUM CANTONMENT,DDC,SG3,SEALDAH,ER,KOLKATA,WEST BENGAL,12,206,6.91
2064,DURGANAGAR F,DGNR,SG3,SEALDAH,ER,KOLKATA,WEST BENGAL,12,206,6.91
2065,DUTTAPUKUR,DTK,SG3,SEALDAH,ER,24 PARAGANAS NORTH,WEST BENGAL,12,206,6.91
2066,EDEN GARDEN,EDG,SG3,SEALDAH,ER,KOLKATA,WEST BENGAL,12,206,6.91
2067,GANGNAPUR F,GGP,SG3,SEALDAH,ER,NADIA,WEST BENGAL,12,206,6.91
2068,GARIA F,GIA,SG3,SEALDAH,ER,24 PARAGANAS SOUTH,WEST BENGAL,12,206,6.91
2069,GEDE,GEDE,SG3,SEALDAH,ER,NADIA,WEST BENGAL,12,206,6.91
2070,GHUTIARI SHARIFF,GOF,SG3,SEALDAH,ER,24 PARAGANAS SOUTH,WEST BENGAL,12,206,6.91
2071,GOBORDANGA,GBG,SG3,SEALDAH,ER,24 PARAGANAS NORTH,WEST BENGAL,12,206,6.91
2072,GOCHARAN,GCN,SG3,SEALDAH,ER,24 PARAGANAS SOUTH,WEST BENGAL,12,206,6.91
2073,GOPALNAGAR F,GN,SG3,SEALDAH,ER,24 PARAGANAS NORTH,WEST BENGAL,12,206,6.91
2074,GUMA,GUMA,SG3,SEALDAH,ER,24 PARAGANAS NORTH,WEST BENGAL,12,206,6.91
2075,GURUDAS NAGAR,GURN,SG3,SEALDAH,ER,24 PARAGANAS SOUTH,WEST BENGAL,12,206,6.91
2076,HABIBPUR,HBE,SG3,SEALDAH,ER,NADIA,WEST BENGAL,12,206,6.91
2077,HALISHAHAR,HLR,SG3,SEALDAH,ER,24 PARAGANAS NORTH,WEST BENGAL,12,206,6.91
2078,HARUA ROAD,HRO,SG3,SEALDAH,ER,24 PARAGANAS NORTH,WEST BENGAL,12,206,6.91
2079,HASNABAD JN,HNB,SG3,SEALDAH,ER,24 PARAGANAS NORTH,WEST BENGAL,12,206,6.91
2080,HOTAR,HT,SG3,SEALDAH,ER,24 PARAGANAS SOUTH,WEST BENGAL,12,206,6.91
2081,HRIDAYPUR,HHR,SG3,SEALDAH,ER,24 PARAGANAS NORTH,WEST BENGAL,12,206,6.91
2082,ICHHAPUR,IP,SG3,SEALDAH,ER,24 PARAGANAS NORTH,WEST BENGAL,12,206,6.91
2083,JADABPUR,JDP,SG3,SEALDAH,ER,KOLKATA,WEST BENGAL,12,206,6.91
2084,JAGHDDAL,JGDL,SG3,SEALDAH,ER,24 PARAGANAS NORTH,WEST BENGAL,12,206,6.91
2085,JAYANAGAR MAJILPUR H,JNM,SG3,SEALDAH,ER,24 PARAGANAS SOUTH,WEST BENGAL,12,206,6.91
2086,KAKDWIP,KWDP,SG3,SEALDAH,ER,24 PARAGANAS SOUTH,WEST BENGAL,12,206,6.91
2087,KALIKAPUR F,KLKR,SG3,SEALDAH,ER,24 PARAGANAS SOUTH,WEST BENGAL,12,206,6.91
2088,KALINARAYANPUR JN.,KLNP,SG3,SEALDAH,ER,NADIA,WEST BENGAL,12,206,6.91
2089,KALYANI GHOSHPARA,KLYG,SG3,SEALDAH,ER,NADIA,WEST BENGAL,12,206,6.91
2090,KALYANI JN,KYI,SG3,SEALDAH,ER,NADIA,WEST BENGAL,12,206,6.91
2091,KALYANI SILPANCHAL,KLYS,SG3,SEALDAH,ER,NADIA,WEST BENGAL,12,206,6.91
2092,KALYANI SIMANTA,KLYM,SG3,SEALDAH,ER,NADIA,WEST BENGAL,12,206,6.91
2093,KALYANPUR,KYP,SG3,SEALDAH,ER,24 PARAGANAS SOUTH,WEST BENGAL,12,206,6.91
2094,KANCHRAPARA,KPA,SG3,SEALDAH,ER,24 PARAGANAS NORTH,WEST BENGAL,12,206,6.91
2095,KANKINARA,KNR,SG3,SEALDAH,ER,24 PARAGANAS NORTH,WEST BENGAL,12,206,6.91
2096,KASHINAGAR HALT,KHGR,SG3,SEALDAH,ER,24 PARAGANAS SOUTH,WEST BENGAL,12,206,6.91
2097,KOMAGATAMARUBGB,KBGB,SG3,SEALDAH,ER,24 PARAGANAS SOUTH,WEST BENGAL,12,206,6.91
2098,LAKE GARDEN F,LKF,SG3,SEALDAH,ER,KOLKATA,WEST BENGAL,12,206,6.91
2099,LAKSHMIKANTAPUR,LKPR,SG3,SEALDAH,ER,24 PARAGANAS SOUTH,WEST BENGAL,12,206,6.91
2100,MACHLANDAPUR,MSL,SG3,SEALDAH,ER,24 PARAGANAS NORTH,WEST BENGAL,12,206,6.91
2101,MADANPUR,MPJ,SG3,SEALDAH,ER,NADIA,WEST BENGAL,12,206,6.91
2102,MAGRA HAT,MGT,SG3,SEALDAH,ER,24 PARAGANAS SOUTH,WEST BENGAL,12,206,6.91
2103,MAJHDIA,MIJ,SG3,SEALDAH,ER,NADIA,WEST BENGAL,12,206,6.91
2104,MAJHERGRAM,MAJ,SG3,SEALDAH,ER,NADIA,WEST BENGAL,12,206,6.91
2105,MAJHERHAT,MJT,SG3,SEALDAH,ER,KOLKATA,WEST BENGAL,12,206,6.91
2106,MALATIPUR,MPE,SG3,SEALDAH,ER,24 PARAGANAS NORTH,WEST BENGAL,12,206,6.91
2107,MALLIKPUR,MAK,SG3,SEALDAH,ER,24 PARAGANAS SOUTH,WEST BENGAL,12,206,6.91
2108,MATHURAPUR ROAD,MPRD,SG3,SEALDAH,ER,24 PARAGANAS NORTH,WEST BENGAL,12,206,6.91
2109,NAMKHANA,NMKA,SG3,SEALDAH,ER,24 PARAGANAS SOUTH,WEST BENGAL,12,206,6.91
2110,NANGI,NAI,SG3,SEALDAH,ER,24 PARAGANAS SOUTH,WEST BENGAL,12,206,6.91
2111,NETRA,NTA,SG3,SEALDAH,ER,24 PARAGANAS SOUTH,WEST BENGAL,12,206,6.91
2112,NEW ALIPORE (CALCUTT,NACC,SG3,SEALDAH,ER,KOLKATA,WEST BENGAL,12,206,6.91
2113,NEW BARRACKPUR,NBE,SG3,SEALDAH,ER,24 PARAGANAS NORTH,WEST BENGAL,12,206,6.91
2114,NEW GARIA,NGRI,SG3,SEALDAH,ER,24 PARAGANAS SOUTH,WEST BENGAL,12,206,6.91
2115,PALPARA,PXR,SG3,SEALDAH,ER,NADIA,WEST BENGAL,12,206,6.91
2116,PALTA,PTF,SG3,SEALDAH,ER,24 PARAGANAS NORTH,WEST BENGAL,12,206,6.91
2117,PARK CIRCUS,PQS,SG3,SEALDAH,ER,KOLKATA,WEST BENGAL,12,206,6.91
2118,PATIPUKUR,PTKR,SG3,SEALDAH,ER,24 PARAGANAS NORTH,WEST BENGAL,12,206,6.91
2119,PAYRADANGA,PDX,SG3,SEALDAH,ER,NADIA,WEST BENGAL,12,206,6.91
2120,PHULIA,FLU,SG3,SEALDAH,ER,NADIA,WEST BENGAL,12,206,6.91
2121,PIALI,PLF,SG3,SEALDAH,ER,24 PARAGANAS SOUTH,WEST BENGAL,12,206,6.91
2122,PRINCEPGHAT,PPGT,SG3,SEALDAH,ER,KOLKATA,WEST BENGAL,12,206,6.91
2123,SANGRAMPUR,SNU,SG3,SEALDAH,ER,24 PARAGANAS SOUTH,WEST BENGAL,12,206,6.91
2124,SANTOSHPUR F,SSP,SG3,SEALDAH,ER,24 PARAGANAS SOUTH,WEST BENGAL,12,206,6.91
2125,SHANTIPUR,STB,SG3,SEALDAH,ER,NADIA,WEST BENGAL,12,206,6.91
2126,SHASAN ROAD F,SSRD,SG3,SEALDAH,ER,24 PARAGANAS SOUTH,WEST BENGAL,12,206,6.91
2127,SIMURALI,SMX,SG3,SEALDAH,ER,NADIA,WEST BENGAL,12,206,6.91
2128,SONDALIA,SXC,SG3,SEALDAH,ER,24 PARAGANAS NORTH,WEST BENGAL,12,206,6.91
2129,SURJYAPUR F,SJPR,SG3,SEALDAH,ER,24 PARAGANAS SOUTH,WEST BENGAL,12,206,6.91
2130,TAHERPUR,THP,SG3,SEALDAH,ER,NADIA,WEST BENGAL,12,206,6.91
2131,TAKI ROAD,TKF,SG3,SEALDAH,ER,24 PARAGANAS NORTH,WEST BENGAL,12,206,6.91
2132,TALA,TALA,SG3,SEALDAH,ER,KOLKATA,WEST BENGAL,12,206,6.91
2133,TALDI,TLX,SG3,SEALDAH,ER,24 PARAGANAS SOUTH,WEST BENGAL,12,206,6.91
2134,THAKURNAGAR,TKNR,SG3,SEALDAH,ER,24 PARAGANAS NORTH,WEST BENGAL,12,206,6.91
2135,TITAGARH,TGH,SG3,SEALDAH,ER,24 PARAGANAS NORTH,WEST BENGAL,12,206,6.91
2136,TOLLYGANJ,TLG,SG3,SEALDAH,ER,KOLKATA,WEST BENGAL,12,206,6.91
2137,AULENDA,AED,HG2,AGRA,NCR,AGRA,UTTAR PRADESH,2,101,4.85
2138,BANCHARI,BNCR,HG2,AGRA,NCR,PALWAL,HARYANA,2,101,4.85
2139,BIRAMBAD,BAMA,HG2,AGRA,NCR,BHARATPUR,RAJASTHAN,2,101,4.85
2140,DEEN DAYAL DHAM,DDDM,HG2,AGRA,NCR,MATHURA,UTTAR PRADESH,2,101,4.85
2141,DHANA KHERLI HALT,DXK,HG2,AGRA,NCR,BHARATPUR,RAJASTHAN,2,101,4.85
2142,KHERA SANDHAN HALT,KHSN,HG2,AGRA,NCR,AGRA,UTTAR PRADESH,2,101,4.85
2143,NAGLA TULA,NGLT,HG2,AGRA,NCR,BHARATPUR,RAJASTHAN,2,101,4.85
2144,ANGAI HALT,AGE,HG3,AGRA,NCR,DHOLPUR,RAJASTHAN,3,101,4.85
2145,BAGTHAR,BFG,HG3,AGRA,NCR,DHOLPUR,RAJASTHAN,3,101,4.85
2146,BAH,HAB,HG3,AGRA,NCR,AGRA,UTTAR PRADESH,3,101,4.85
2147,BASERI,BED,HG3,AGRA,NCR,DHOLPUR,RAJASTHAN,3,101,4.85
2148,BATESAR,BASR,HG3,AGRA,NCR,AGRA,UTTAR PRADESH,3,101,4.85
2149,BHADRAULI,BDRI,HG3,AGRA,NCR,AGRA,UTTAR PRADESH,3,101,4.85
2150,BHUDA,BUDA,HG3,AGRA,NCR,ALWAR,RAJASTHAN,3,101,4.85
2151,DANTIA,DTF,HG3,AGRA,NCR,ALWAR,RAJASTHAN,3,101,4.85
2152,DHIMSIRI,DMSR,HG3,AGRA,NCR,AGRA,UTTAR PRADESH,3,101,4.85
2153,FATEHABAD,FAB,HG3,AGRA,NCR,AGRA,UTTAR PRADESH,3,101,4.85
2154,GARHI BERI,GBPM,HG3,AGRA,NCR,MATHURA,UTTAR PRADESH,3,101,4.85
2155,GARHI SANDRA,GIS,HG3,AGRA,NCR,DHOLPUR,RAJASTHAN,3,101,4.85
2156,JAITPUR KALAN,JTKN,HG3,AGRA,NCR,AGRA,UTTAR PRADESH,3,101,4.85
2157,JAITPURA,JATP,HG3,AGRA,NCR,AGRA,UTTAR PRADESH,3,101,4.85
2158,KARAUNDHANA,KRDN,HG3,AGRA,NCR,AGRA,UTTAR PRADESH,3,101,4.85
2159,MANIKPURA,MAKP,HG3,AGRA,NCR,AGRA,UTTAR PRADESH,3,101,4.85
2160,MANISINGH KA PURA,MGKP,HG3,AGRA,NCR,AGRA,UTTAR PRADESH,3,101,4.85
2161,NOHBACHHAMADI,NHB,HG3,AGRA,NCR,BHARATPUR,RAJASTHAN,3,101,4.85
2162,NURPURA HALT,NPH,HG3,AGRA,NCR,DHOLPUR,RAJASTHAN,3,101,4.85
2163,RANPURA,RNB,HG3,AGRA,NCR,DHOLPUR,RAJASTHAN,3,101,4.85
2164,SHAMSHABAD TOWN,SSDT,HG3,AGRA,NCR,AGRA,UTTAR PRADESH,3,101,4.85
2165,SHRI GHASI NAGAR,SHGN,HG3,AGRA,NCR,DAUSA,RAJASTHAN,3,101,4.85
2166,SINGARPUR,SNPR,HG3,AGRA,NCR,AGRA,UTTAR PRADESH,3,101,4.85
2167,SOOROTHEE,SRTE,HG3,AGRA,NCR,DHOLPUR,RAJASTHAN,3,101,4.85
2168,TARCHHERA BARAOLIRAN,TBL,HG3,AGRA,NCR,BHARATPUR,RAJASTHAN,3,101,4.85
2169,AGRA CANTT,AGC,NSG2,AGRA,NCR,AGRA,UTTAR PRADESH,5,101,4.85
2170,MATHURA JN,MTJ,NSG2,AGRA,NCR,MATHURA,UTTAR PRADESH,5,101,4.85
2171,AGRA FORT,AF,NSG3,AGRA,NCR,AGRA,UTTAR PRADESH,6,101,4.85
2172,KOSI KALAN,KSV,NSG4,AGRA,NCR,MATHURA,UTTAR PRADESH,7,101,4.85
2173,RAJA-KI-MANDI,RKM,NSG4,AGRA,NCR,AGRA,UTTAR PRADESH,7,101,4.85
2174,ACHHNERA JN.,AH,NSG5,AGRA,NCR,AGRA,UTTAR PRADESH,8,101,4.85
2175,BHUTESHWAR,BTSR,NSG5,AGRA,NCR,MATHURA,UTTAR PRADESH,8,101,4.85
2176,DHAULPUR,DHO,NSG5,AGRA,NCR,DHOLPUR,RAJASTHAN,8,101,4.85
2177,GOVERDHAN,GDO,NSG5,AGRA,NCR,MATHURA,UTTAR PRADESH,8,101,4.85
2178,HODAL,HDL,NSG5,AGRA,NCR,PALWAL,HARYANA,8,101,4.85
2179,IDGAH,IDH,NSG5,AGRA,NCR,AGRA,UTTAR PRADESH,8,101,4.85
2180,KHERLI,KL,NSG5,AGRA,NCR,ALWAR,RAJASTHAN,8,101,4.85
2181,MANDAWAR MAHWA ROAD,MURD,NSG5,AGRA,NCR,DAUSA,RAJASTHAN,8,101,4.85
2182,NADBAI,NBI,NSG5,AGRA,NCR,BHARATPUR,RAJASTHAN,8,101,4.85
2183,AGRA CITY,AGA,NSG6,AGRA,NCR,AGRA,UTTAR PRADESH,9,101,4.85
2184,AJHAI,AJH,NSG6,AGRA,NCR,MATHURA,UTTAR PRADESH,9,101,4.85
2185,BAAD,BAD,NSG6,AGRA,NCR,MATHURA,UTTAR PRADESH,9,101,4.85
2186,BANDH BARETHA,BR,NSG6,AGRA,NCR,BHARATPUR,RAJASTHAN,9,101,4.85
2187,BANSI PAHARPUR,BIQ,NSG6,AGRA,NCR,BHARATPUR,RAJASTHAN,9,101,4.85
2188,BARI,BARI,NSG6,AGRA,NCR,DHOLPUR,RAJASTHAN,9,101,4.85
2189,BEDHAM,BEDM,NSG6,AGRA,NCR,BHARATPUR,RAJASTHAN,9,101,4.85
2190,BEHAJ,BEHJ,NSG6,AGRA,NCR,BHARATPUR,RAJASTHAN,9,101,4.85
2191,BHAINSA,BSA,NSG6,AGRA,NCR,MATHURA,UTTAR PRADESH,9,101,4.85
2192,BHAJERA,BJRA,NSG6,AGRA,NCR,ALWAR,RAJASTHAN,9,101,4.85
2193,BHANDAI,BHA,NSG6,AGRA,NCR,AGRA,UTTAR PRADESH,9,101,4.85
2194,BICHPURI,BCP,NSG6,AGRA,NCR,AGRA,UTTAR PRADESH,9,101,4.85
2195,BILOCHPURA AGRA,BFP,NSG6,AGRA,NCR,AGRA,UTTAR PRADESH,9,101,4.85
2196,BIWAI,BW,NSG6,AGRA,NCR,DAUSA,RAJASTHAN,9,101,4.85
2197,BRIJ NAGAR,BINR,NSG6,AGRA,NCR,BHARATPUR,RAJASTHAN,9,101,4.85
2198,CHATA,CHJ,NSG6,AGRA,NCR,MATHURA,UTTAR PRADESH,9,101,4.85
2199,CHHALESAR,CHLR,NSG6,AGRA,NCR,AGRA,UTTAR PRADESH,9,101,4.85
2200,CHIKASANA,CIK,NSG6,AGRA,NCR,BHARATPUR,RAJASTHAN,9,101,4.85
2201,DEEG,DEEG,NSG6,AGRA,NCR,BHARATPUR,RAJASTHAN,9,101,4.85
2202,ETMADPUR,ETUE,NSG6,AGRA,NCR,AGRA,UTTAR PRADESH,9,101,4.85
2203,FARAH,FAR,NSG6,AGRA,NCR,MATHURA,UTTAR PRADESH,9,101,4.85
2204,FATEHPUR-SIKRI,FTS,NSG6,AGRA,NCR,AGRA,UTTAR PRADESH,9,101,4.85
2205,GAZIKA,GZKA,NSG6,AGRA,NCR,ALWAR,RAJASTHAN,9,101,4.85
2206,GHOSRANA,GOS,NSG6,AGRA,NCR,ALWAR,RAJASTHAN,9,101,4.85
2207,GOVINDGARH,GVH,NSG6,AGRA,NCR,ALWAR,RAJASTHAN,9,101,4.85
2208,HELAK,HK,NSG6,AGRA,NCR,BHARATPUR,RAJASTHAN,9,101,4.85
2209,IKRAN,IK,NSG6,AGRA,NCR,BHARATPUR,RAJASTHAN,9,101,4.85
2210,JADOLI KA BAS,JBS,NSG6,AGRA,NCR,ALWAR,RAJASTHAN,9,101,4.85
2211,JAJAU,JJ,NSG6,AGRA,NCR,AGRA,UTTAR PRADESH,9,101,4.85
2212,JHAREDA,JREA,NSG6,AGRA,NCR,ALWAR,RAJASTHAN,9,101,4.85
2213,KARANPURA,KPO,NSG6,AGRA,NCR,ALWAR,RAJASTHAN,9,101,4.85
2214,KIRAOLI,KLB,NSG6,AGRA,NCR,AGRA,UTTAR PRADESH,9,101,4.85
2215,KITHAM,KXM,NSG6,AGRA,NCR,AGRA,UTTAR PRADESH,9,101,4.85
2216,KUBERPUR,KBP,NSG6,AGRA,NCR,AGRA,UTTAR PRADESH,9,101,4.85
2217,MANIA,MIA,NSG6,AGRA,NCR,DHOLPUR,RAJASTHAN,9,101,4.85
2218,MIRHAKUR,MIQ,NSG6,AGRA,NCR,AGRA,UTTAR PRADESH,9,101,4.85
2219,MOHARI,MHF,NSG6,AGRA,NCR,DHOLPUR,RAJASTHAN,9,101,4.85
2220,MORA,MROA,NSG6,AGRA,NCR,MATHURA,UTTAR PRADESH,9,101,4.85
2221,OOTWARD,OTD,NSG6,AGRA,NCR,ALWAR,RAJASTHAN,9,101,4.85
2222,PAPARERA,PPEA,NSG6,AGRA,NCR,BHARATPUR,RAJASTHAN,9,101,4.85
2223,PARKHAM,PRK,NSG6,AGRA,NCR,MATHURA,UTTAR PRADESH,9,101,4.85
2224,PATHAULI,PTLI,NSG6,AGRA,NCR,AGRA,UTTAR PRADESH,9,101,4.85
2225,RADHAKUND,RAKD,NSG6,AGRA,NCR,MATHURA,UTTAR PRADESH,9,101,4.85
2226,RAIBHA,RAI,NSG6,AGRA,NCR,AGRA,UTTAR PRADESH,9,101,4.85
2227,RAMGARH,RAH,NSG6,AGRA,NCR,ALWAR,RAJASTHAN,9,101,4.85
2228,RUNDHI,RDE,NSG6,AGRA,NCR,PALWAL,HARYANA,9,101,4.85
2229,RUNKUTA,RNKA,NSG6,AGRA,NCR,AGRA,UTTAR PRADESH,9,101,4.85
2230,RUPBAS,RBS,NSG6,AGRA,NCR,BHARATPUR,RAJASTHAN,9,101,4.85
2231,SHOLAKA,SHLK,NSG6,AGRA,NCR,PALWAL,HARYANA,9,101,4.85
2232,SIRMUTTRA,SRMT,NSG6,AGRA,NCR,DHOLPUR,RAJASTHAN,9,101,4.85
2233,TANTPUR,TPO,NSG6,AGRA,NCR,DHOLPUR,RAJASTHAN,9,101,4.85
2234,UDI MOR JN.,UDMR,NSG6,AGRA,NCR,ETAWAH,UTTAR PRADESH,9,101,4.85
2235,VRINDABAN ROAD,VRBD,NSG6,AGRA,NCR,MATHURA,UTTAR PRADESH,9,101,4.85
2236,VRINDAVAN,BDB,NSG6,AGRA,NCR,MATHURA,UTTAR PRADESH,9,101,4.85
2237,YAMUNA BRIDGE,JAB,NSG6,AGRA,NCR,AGRA,UTTAR PRADESH,9,101,4.85
2238,CHARKHARI ROAD,CRC,HG2,JHANSI,NCR,MAHOBA,UTTAR PRADESH,2,158,4.85
2239,DAPSAURA,DPSR,HG2,JHANSI,NCR,HAMIRPUR,UTTAR PRADESH,2,158,4.85
2240,GHUTAI,GTI,HG2,JHANSI,NCR,MAHOBA,UTTAR PRADESH,2,158,4.85
2241,INGOHTA,IGTA,HG2,JHANSI,NCR,HAMIRPUR,UTTAR PRADESH,2,158,4.85
2242,ITEHAR,AAH,HG2,JHANSI,NCR,BHIND,MADHYA PRADESH,2,158,4.85
2243,RAJNAGAR K HALT,RJAK,HG2,JHANSI,NCR,CHHATARPUR,MADHYA PRADESH,2,158,4.85
2244,SIRHI ITARA,SIRA,HG2,JHANSI,NCR,KANPUR NAGAR,UTTAR PRADESH,2,158,4.85
2245,AMBIKESHWAR,ABE,HG3,JHANSI,NCR,MORENA,MADHYA PRADESH,3,158,4.85
2246,ASOKHAR,AXK,HG3,JHANSI,NCR,BHIND,MADHYA PRADESH,3,158,4.85
2247,BARIPURA,BPRA,HG3,JHANSI,NCR,MAHOBA,UTTAR PRADESH,3,158,4.85
2248,BASARI,BSRI,HG3,JHANSI,NCR,RAJGARH,MADHYA PRADESH,3,158,4.85
2249,BHADROLI HALT,BBY,HG3,JHANSI,NCR,GWALIOR,MADHYA PRADESH,3,158,4.85
2250,BHATPURA,BHAT,HG3,JHANSI,NCR,MORENA,MADHYA PRADESH,3,158,4.85
2251,BIJAIPUR ROAD,BJPR,HG3,JHANSI,NCR,MORENA,MADHYA PRADESH,3,158,4.85
2252,BINAUR,BNAR,HG3,JHANSI,NCR,KANPUR NAGAR,UTTAR PRADESH,3,158,4.85
2253,CHITHARI HALT,CHIT,HG3,JHANSI,NCR,CHHATARPUR,MADHYA PRADESH,3,158,4.85
2254,DATARDA KALAN,DTQ,HG3,JHANSI,NCR,SHEOPUR,MADHYA PRADESH,3,158,4.85
2255,DOHRU,DXU,HG3,JHANSI,NCR,KANPUR NAGAR,UTTAR PRADESH,3,158,4.85
2256,DURGAPURI,DURP,HG3,JHANSI,NCR,SHEOPUR,MADHYA PRADESH,3,158,4.85
2257,KAIMARAKALAN,KAKN,HG3,JHANSI,NCR,SHEOPUR,MADHYA PRADESH,3,158,4.85
2258,MAGARPUR,MGRR,HG3,JHANSI,NCR,JHANSI,UTTAR PRADESH,3,158,4.85
2259,MALASA,MLS,HG3,JHANSI,NCR,KANPUR DEHAT,UTTAR PRADESH,3,158,4.85
2260,MAWAI,MWAI,HG3,JHANSI,NCR,TIKAMGARH,MADHYA PRADESH,3,158,4.85
2261,NONERA,NNE,HG3,JHANSI,NCR,BHIND,MADHYA PRADESH,3,158,4.85
2262,NURABAD,NUB,HG3,JHANSI,NCR,MORENA,MADHYA PRADESH,3,158,4.85
2263,PHOOP,PHOP,HG3,JHANSI,NCR,BHIND,MADHYA PRADESH,3,158,4.85
2264,PIPALWALI CHOWKI,PPCK,HG3,JHANSI,NCR,MORENA,MADHYA PRADESH,3,158,4.85
2265,RAGHOULI,RGLI,HG3,JHANSI,NCR,CHHATARPUR,MADHYA PRADESH,3,158,4.85
2266,RAMPAHARI,RMPH,HG3,JHANSI,NCR,MORENA,MADHYA PRADESH,3,158,4.85
2267,RAMPURA,RAPU,HG3,JHANSI,NCR,CHHATARPUR,MADHYA PRADESH,3,158,4.85
2268,RASULPUR GOGUMAU,RPGU,HG3,JHANSI,NCR,KANPUR DEHAT,UTTAR PRADESH,3,158,4.85
2269,RAYATPURA,RYT,HG3,JHANSI,NCR,BHIND,MADHYA PRADESH,3,158,4.85
2270,RETHORAKALAN,RAKL,HG3,JHANSI,NCR,MORENA,MADHYA PRADESH,3,158,4.85
2271,SEMAI,SYF,HG3,JHANSI,NCR,MORENA,MADHYA PRADESH,3,158,4.85
2272,SERONI ROAD,SEX,HG3,JHANSI,NCR,SHEOPUR,MADHYA PRADESH,3,158,4.85
2273,SIKRODA,SKU,HG3,JHANSI,NCR,MORENA,MADHYA PRADESH,3,158,4.85
2274,SILLIPUR,SPRA,HG3,JHANSI,NCR,SHEOPUR,MADHYA PRADESH,3,158,4.85
2275,SIMARIATAL,SMTL,HG3,JHANSI,NCR,GWALIOR,MADHYA PRADESH,3,158,4.85
2276,SONDHA ROAD,SCN,HG3,JHANSI,NCR,BHIND,MADHYA PRADESH,3,158,4.85
2277,TARRA KALAN,TKLN,HG3,JHANSI,NCR,SHEOPUR,MADHYA PRADESH,3,158,4.85
2278,THARA,THR,HG3,JHANSI,NCR,MORENA,MADHYA PRADESH,3,158,4.85
2279,TILA,TILA,HG3,JHANSI,NCR,TIKAMGARH,MADHYA PRADESH,3,158,4.85
2280,TILAUNCHI,TLNH,HG3,JHANSI,NCR,KANPUR DEHAT,UTTAR PRADESH,3,158,4.85
2281,GWALIOR JN.,GWL,NSG2,JHANSI,NCR,GWALIOR,MADHYA PRADESH,5,158,4.85
2282,V LAKSHMIBAI,VGLB,NSG2,JHANSI,NCR,JHANSI,UTTAR PRADESH,5,158,4.85
2283,BANDA JN.,BNDA,NSG3,JHANSI,NCR,BANDA,UTTAR PRADESH,6,158,4.85
2284,MORENA,MRA,NSG3,JHANSI,NCR,MORENA,MADHYA PRADESH,6,158,4.85
2285,CHITRAKUTDHAM KARWI,CKTD,NSG4,JHANSI,NCR,CHITRAKOOT,UTTAR PRADESH,7,158,4.85
2286,DABRA,DBA,NSG4,JHANSI,NCR,GWALIOR,MADHYA PRADESH,7,158,4.85
2287,DATIA,DAA,NSG4,JHANSI,NCR,DATIA,MADHYA PRADESH,7,158,4.85
2288,KHAJAURAHO,KURJ,NSG4,JHANSI,NCR,CHHATARPUR,MADHYA PRADESH,7,158,4.85
2289,LALITPUR JN.,LAR,NSG4,JHANSI,NCR,LALITPUR,UTTAR PRADESH,7,158,4.85
2290,MAHOBA JN.,MBA,NSG4,JHANSI,NCR,MAHOBA,UTTAR PRADESH,7,158,4.85
2291,ORAI,ORAI,NSG4,JHANSI,NCR,JALAUN,UTTAR PRADESH,7,158,4.85
2292,ATARRA,ATE,NSG5,JHANSI,NCR,BANDA,UTTAR PRADESH,8,158,4.85
2293,BABINA,BAB,NSG5,JHANSI,NCR,JHANSI,UTTAR PRADESH,8,158,4.85
2294,BELA TAL,BTX,NSG5,JHANSI,NCR,MAHOBA,UTTAR PRADESH,8,158,4.85
2295,BHARWA-SUMERPUR,BSZ,NSG5,JHANSI,NCR,HAMIRPUR,UTTAR PRADESH,8,158,4.85
2296,BHIND,BIX,NSG5,JHANSI,NCR,BHIND,MADHYA PRADESH,8,158,4.85
2297,GHATAMPUR,GTM,NSG5,JHANSI,NCR,KANPUR DEHAT,UTTAR PRADESH,8,158,4.85
2298,HARPALPUR,HPP,NSG5,JHANSI,NCR,CHHATARPUR,MADHYA PRADESH,8,158,4.85
2299,KALPI,KPI,NSG5,JHANSI,NCR,JALAUN,UTTAR PRADESH,8,158,4.85
2300,KULPAHAR,KLAR,NSG5,JHANSI,NCR,MAHOBA,UTTAR PRADESH,8,158,4.85
2301,MAU RANIPUR,MRPR,NSG5,JHANSI,NCR,JHANSI,UTTAR PRADESH,8,158,4.85
2302,NIWARI,NEW,NSG5,JHANSI,NCR,TIKAMGARH,MADHYA PRADESH,8,158,4.85
2303,POKHRAYAN,PHN,NSG5,JHANSI,NCR,KANPUR DEHAT,UTTAR PRADESH,8,158,4.85
2304,RAGAUL,RGU,NSG5,JHANSI,NCR,HAMIRPUR,UTTAR PRADESH,8,158,4.85
2305,TALBAHAT,TBT,NSG5,JHANSI,NCR,LALITPUR,UTTAR PRADESH,8,158,4.85
2306,AGASOD,AGD,NSG6,JHANSI,NCR,SAGAR,MADHYA PRADESH,9,158,4.85
2307,AIT JN.,AIT,NSG6,JHANSI,NCR,JALAUN,UTTAR PRADESH,9,158,4.85
2308,AKONA,AKW,NSG6,JHANSI,NCR,HAMIRPUR,UTTAR PRADESH,9,158,4.85
2309,ANANTPAITH,AEH,NSG6,JHANSI,NCR,GWALIOR,MADHYA PRADESH,9,158,4.85
2310,ANTRI,ARI,NSG6,JHANSI,NCR,GWALIOR,MADHYA PRADESH,9,158,4.85
2311,ATA,ATA,NSG6,JHANSI,NCR,JALAUN,UTTAR PRADESH,9,158,4.85
2312,BADAUSA,BUS,NSG6,JHANSI,NCR,BANDA,UTTAR PRADESH,9,158,4.85
2313,BAHILPURWA,BIP,NSG6,JHANSI,NCR,CHITRAKOOT,UTTAR PRADESH,9,158,4.85
2314,BAMOUR GAON,BMZ,NSG6,JHANSI,NCR,MORENA,MADHYA PRADESH,9,158,4.85
2315,BANMORE,BAO,NSG6,JHANSI,NCR,MORENA,MADHYA PRADESH,9,158,4.85
2316,BARWA SAGAR,BWR,NSG6,JHANSI,NCR,JHANSI,UTTAR PRADESH,9,158,4.85
2317,BASAI,BZY,NSG6,JHANSI,NCR,DATIA,MADHYA PRADESH,9,158,4.85
2318,BHARAT KUP,BTKP,NSG6,JHANSI,NCR,CHITRAKOOT,UTTAR PRADESH,9,158,4.85
2319,BHIMSEN,BZM,NSG6,JHANSI,NCR,KANPUR NAGAR,UTTAR PRADESH,9,158,4.85
2320,BHUA,BHUA,NSG6,JHANSI,NCR,JALAUN,UTTAR PRADESH,9,158,4.85
2321,BIJAULI,BJI,NSG6,JHANSI,NCR,JHANSI,UTTAR PRADESH,9,158,4.85
2322,BIJROTHA,BJA,NSG6,JHANSI,NCR,LALITPUR,UTTAR PRADESH,9,158,4.85
2323,BIRARI,BRRI,NSG6,JHANSI,NCR,LALITPUR,UTTAR PRADESH,9,158,4.85
2324,BIRLANAGAR,BLNR,NSG6,JHANSI,NCR,GWALIOR,MADHYA PRADESH,9,158,4.85
2325,BIRPUR,BIB,NSG6,JHANSI,NCR,SHEOPUR,MADHYA PRADESH,9,158,4.85
2326,BURHPURA,BPW,NSG6,JHANSI,NCR,JHANSI,UTTAR PRADESH,9,158,4.85
2327,CHAUNRAH,CNH,NSG6,JHANSI,NCR,KANPUR DEHAT,UTTAR PRADESH,9,158,4.85
2328,CHIRGAON,CGN,NSG6,JHANSI,NCR,JHANSI,UTTAR PRADESH,9,158,4.85
2329,DAILWARA,DWA,NSG6,JHANSI,NCR,LALITPUR,UTTAR PRADESH,9,158,4.85
2330,DARIYAGANJ,DAYG,NSG6,JHANSI,NCR,CHHATARPUR,MADHYA PRADESH,9,158,4.85
2331,DHAURA,DUA,NSG6,JHANSI,NCR,LALITPUR,UTTAR PRADESH,9,158,4.85
2332,DINGWAI,DWI,NSG6,JHANSI,NCR,BANDA,UTTAR PRADESH,9,158,4.85
2333,ERICH ROAD,ERC,NSG6,JHANSI,NCR,JHANSI,UTTAR PRADESH,9,158,4.85
2334,GARHMAU,GRM,NSG6,JHANSI,NCR,JHANSI,UTTAR PRADESH,9,158,4.85
2335,GHOSIPURA,GOPA,NSG6,JHANSI,NCR,GWALIOR,MADHYA PRADESH,9,158,4.85
2336,GIRDHARPUR,GIW,NSG6,JHANSI,NCR,SHEOPUR,MADHYA PRADESH,9,158,4.85
2337,GOHAD ROAD HALT,GOA,NSG6,JHANSI,NCR,BHIND,MADHYA PRADESH,9,158,4.85
2338,HAMIRPUR ROAD,HAR,NSG6,JHANSI,NCR,HAMIRPUR,UTTAR PRADESH,9,158,4.85
2339,HETAMPUR,HET,NSG6,JHANSI,NCR,MORENA,MADHYA PRADESH,9,158,4.85
2340,ICHAULI,ICL,NSG6,JHANSI,NCR,HAMIRPUR,UTTAR PRADESH,9,158,4.85
2341,IKDORI,IKD,NSG6,JHANSI,NCR,SHEOPUR,MADHYA PRADESH,9,158,4.85
2342,ISHANAGAR,ISHN,NSG6,JHANSI,NCR,CHHATARPUR,MADHYA PRADESH,9,158,4.85
2343,JAKHAURA,JHA,NSG6,JHANSI,NCR,LALITPUR,UTTAR PRADESH,9,158,4.85
2344,JAKHLAUN,JLN,NSG6,JHANSI,NCR,LALITPUR,UTTAR PRADESH,9,158,4.85
2345,JIRON,JRO,NSG6,JHANSI,NCR,LALITPUR,UTTAR PRADESH,9,158,4.85
2346,JORA ALAPUR,JPO,NSG6,JHANSI,NCR,MORENA,MADHYA PRADESH,9,158,4.85
2347,KABRAI,KBR,NSG6,JHANSI,NCR,MAHOBA,UTTAR PRADESH,9,158,4.85
2348,KAILARAS,KQS,NSG6,JHANSI,NCR,MORENA,MADHYA PRADESH,9,158,4.85
2349,KARARI,KRQ,NSG6,JHANSI,NCR,JHANSI,UTTAR PRADESH,9,158,4.85
2350,KARONDA,KOA,NSG6,JHANSI,NCR,SAGAR,MADHYA PRADESH,9,158,4.85
2351,KATHARA ROAD,KTRR,NSG6,JHANSI,NCR,KANPUR NAGAR,UTTAR PRADESH,9,158,4.85
2352,KHAIRAR JN.,KID,NSG6,JHANSI,NCR,BANDA,UTTAR PRADESH,9,158,4.85
2353,KHAJRAHA,KHJ,NSG6,JHANSI,NCR,JHANSI,UTTAR PRADESH,9,158,4.85
2354,KHARGAPUR,KHGP,NSG6,JHANSI,NCR,TIKAMGARH,MADHYA PRADESH,9,158,4.85
2355,KHOH,KHOH,NSG6,JHANSI,NCR,CHITRAKOOT,UTTAR PRADESH,9,158,4.85
2356,KHOJEEPURA,KJP,NSG6,JHANSI,NCR,SHEOPUR,MADHYA PRADESH,9,158,4.85
2357,KHURHAND,KHU,NSG6,JHANSI,NCR,BANDA,UTTAR PRADESH,9,158,4.85
2358,KONCH,KNH,NSG6,JHANSI,NCR,JALAUN,UTTAR PRADESH,9,158,4.85
2359,KOTRA,KTRA,NSG6,JHANSI,NCR,DATIA,MADHYA PRADESH,9,158,4.85
2360,LALPUR,LLR,NSG6,JHANSI,NCR,KANPUR DEHAT,UTTAR PRADESH,9,158,4.85
2361,M C CHHATARPUR,MCSC,NSG6,JHANSI,NCR,CHHATARPUR,MADHYA PRADESH,9,158,4.85
2362,MALANPUR,MLAR,NSG6,JHANSI,NCR,MORENA,MADHYA PRADESH,9,158,4.85
2363,MATATILA,MZX,NSG6,JHANSI,NCR,LALITPUR,UTTAR PRADESH,9,158,4.85
2364,MATAUNDH,MTH,NSG6,JHANSI,NCR,BANDA,UTTAR PRADESH,9,158,4.85
2365,MOHASA,MXS,NSG6,JHANSI,NCR,SAGAR,MADHYA PRADESH,9,158,4.85
2366,MOTH,MOTH,NSG6,JHANSI,NCR,JHANSI,UTTAR PRADESH,9,158,4.85
2367,MOTIJHEEL,MTJL,NSG6,JHANSI,NCR,GWALIOR,MADHYA PRADESH,9,158,4.85
2368,MUSTARA,MSV,NSG6,JHANSI,NCR,JHANSI,UTTAR PRADESH,9,158,4.85
2369,NANDKHAS,NDK,NSG6,JHANSI,NCR,JHANSI,UTTAR PRADESH,9,158,4.85
2370,ORCHHA,ORC,NSG6,JHANSI,NCR,TIKAMGARH,MADHYA PRADESH,9,158,4.85
2371,PAMAN,PMN,NSG6,JHANSI,NCR,KANPUR DEHAT,UTTAR PRADESH,9,158,4.85
2372,PARAUNA,PRN,NSG6,JHANSI,NCR,JHANSI,UTTAR PRADESH,9,158,4.85
2373,PARICHA,PIC,NSG6,JHANSI,NCR,JHANSI,UTTAR PRADESH,9,158,4.85
2374,PATARA,PTRE,NSG6,JHANSI,NCR,KANPUR NAGAR,UTTAR PRADESH,9,158,4.85
2375,RANIPUR ROAD,RNRD,NSG6,JHANSI,NCR,JHANSI,UTTAR PRADESH,9,158,4.85
2376,RAYARU,RRU,NSG6,JHANSI,NCR,GWALIOR,MADHYA PRADESH,9,158,4.85
2377,RORA,RORA,NSG6,JHANSI,NCR,JHANSI,UTTAR PRADESH,9,158,4.85
2378,SABALGARH,SBL,NSG6,JHANSI,NCR,MORENA,MADHYA PRADESH,9,158,4.85
2379,SANICHARA,SAC,NSG6,JHANSI,NCR,MORENA,MADHYA PRADESH,9,158,4.85
2380,SANK,SANK,NSG6,JHANSI,NCR,MORENA,MADHYA PRADESH,9,158,4.85
2381,SARKANPUR,SKNP,NSG6,JHANSI,NCR,TIKAMGARH,MADHYA PRADESH,9,158,4.85
2382,SARSOKI,SSKI,NSG6,JHANSI,NCR,JALAUN,UTTAR PRADESH,9,158,4.85
2383,SHEOPUR KALAN,SOE,NSG6,JHANSI,NCR,SHEOPUR,MADHYA PRADESH,9,158,4.85
2384,SHIVRAMPUR,SWC,NSG6,JHANSI,NCR,CHITRAKOOT,UTTAR PRADESH,9,158,4.85
2385,SIKRODA KWANRI,SIKD,NSG6,JHANSI,NCR,MORENA,MADHYA PRADESH,9,158,4.85
2386,SINGHPURDUMRA,SPDM,NSG6,JHANSI,NCR,CHHATARPUR,MADHYA PRADESH,9,158,4.85
2387,SITHOULI,STLI,NSG6,JHANSI,NCR,GWALIOR,MADHYA PRADESH,9,158,4.85
2388,SONAGIR,SOR,NSG6,JHANSI,NCR,DATIA,MADHYA PRADESH,9,158,4.85
2389,SONI,SONI,NSG6,JHANSI,NCR,BHIND,MADHYA PRADESH,9,158,4.85
2390,SUMAOLI,SMV,NSG6,JHANSI,NCR,MORENA,MADHYA PRADESH,9,158,4.85
2391,TEHARKA,TKA,NSG6,JHANSI,NCR,TIKAMGARH,MADHYA PRADESH,9,158,4.85
2392,TIKAMGARH,TKMG,NSG6,JHANSI,NCR,TIKAMGARH,MADHYA PRADESH,9,158,4.85
2393,UDAIPURA,UDPR,NSG6,JHANSI,NCR,LALITPUR,UTTAR PRADESH,9,158,4.85
2394,USARGAON,URG,NSG6,JHANSI,NCR,JALAUN,UTTAR PRADESH,9,158,4.85
2395,YAMUNA SOUTH BANK,JSB,NSG6,JHANSI,NCR,HAMIRPUR,UTTAR PRADESH,9,158,4.85
2396,ARAON,AON,HG2,PRAYAGRAJ,NCR,FIROZABAD,UTTAR PRADESH,2,151,4.85
2397,BABA LAKSHMAN DAS PU,BBLK,HG2,PRAYAGRAJ,NCR,FARRUKHABAD,UTTAR PRADESH,2,151,4.85
2398,BORAKI HALT,BRKY,HG2,PRAYAGRAJ,NCR,GAUTAM BUDDHA NAGAR,UTTAR PRADESH,2,151,4.85
2399,GANGRAUL HALT,GNRL,HG2,PRAYAGRAJ,NCR,BULANDSHAHR,UTTAR PRADESH,2,151,4.85
2400,KAMALPUR HALT,KAMP,HG2,PRAYAGRAJ,NCR,BULANDSHAHR,UTTAR PRADESH,2,151,4.85
2401,MAINPURI KACHERI HAL,MPUE,HG2,PRAYAGRAJ,NCR,MAINPURI,UTTAR PRADESH,2,151,4.85
2402,PAKHNA,PKNA,HG2,PRAYAGRAJ,NCR,FARRUKHABAD,UTTAR PRADESH,2,151,4.85
2403,PARJANI HALT,PJY,HG2,PRAYAGRAJ,NCR,KANPUR DEHAT,UTTAR PRADESH,2,151,4.85
2404,PATRA,PTRA,HG2,PRAYAGRAJ,NCR,KANPUR DEHAT,UTTAR PRADESH,2,151,4.85
2405,ROSHAN MAU HALT,RMW,HG2,PRAYAGRAJ,NCR,KANPUR DEHAT,UTTAR PRADESH,2,151,4.85
2406,SHIWALA TEHU HALT,SWT,HG2,PRAYAGRAJ,NCR,AGRA,UTTAR PRADESH,2,151,4.85
2407,UGARPUR,UGP,HG2,PRAYAGRAJ,NCR,FARRUKHABAD,UTTAR PRADESH,2,151,4.85
2408,AWA GARH,AWG,HG3,PRAYAGRAJ,NCR,ETAH,UTTAR PRADESH,3,151,4.85
2409,BAIDPUR,BPUR,HG3,PRAYAGRAJ,NCR,ETAWAH,UTTAR PRADESH,3,151,4.85
2410,BHUJIA,BUJA,HG3,PRAYAGRAJ,NCR,MAINPURI,UTTAR PRADESH,3,151,4.85
2411,BUDA BHARTHARA HALT,BUBT,HG3,PRAYAGRAJ,NCR,FIROZABAD,UTTAR PRADESH,3,151,4.85
2412,FATEHPUR MAKRANDPUR,FPMP,HG3,PRAYAGRAJ,NCR,BULANDSHAHR,UTTAR PRADESH,3,151,4.85
2413,GHASARA HALT,GHSR,HG3,PRAYAGRAJ,NCR,AURAIYA,UTTAR PRADESH,3,151,4.85
2414,KIRATPUR,KAPU,HG3,PRAYAGRAJ,NCR,MAINPURI,UTTAR PRADESH,3,151,4.85
2415,KUSWA HALT,KWW,HG3,PRAYAGRAJ,NCR,ETAH,UTTAR PRADESH,3,151,4.85
2416,SAIPHAI,SIPI,HG3,PRAYAGRAJ,NCR,ETAWAH,UTTAR PRADESH,3,151,4.85
2417,SHAHANAGAR TIMARUA,SWW,HG3,PRAYAGRAJ,NCR,ETAH,UTTAR PRADESH,3,151,4.85
2418,SHRIMAD DWARIKAPURI,SRDW,HG3,PRAYAGRAJ,NCR,FARRUKHABAD,UTTAR PRADESH,3,151,4.85
2419,TAKHA,TKHA,HG3,PRAYAGRAJ,NCR,FIROZABAD,UTTAR PRADESH,3,151,4.85
2420,TAKHRAU HALT,TKRU,HG3,PRAYAGRAJ,NCR,MAINPURI,UTTAR PRADESH,3,151,4.85
2421,TINDAULI,TNUE,HG3,PRAYAGRAJ,NCR,MAINPURI,UTTAR PRADESH,3,151,4.85
2422,KANPUR CENTRAL JN.,CNB,NSG2,PRAYAGRAJ,NCR,KANPUR NAGAR,UTTAR PRADESH,5,151,4.85
2423,PRAYAGRAJ JN.,PRYJ,NSG2,PRAYAGRAJ,NCR,PRAYAGRAJ,UTTAR PRADESH,5,151,4.85
2424,ALIGARH JN.,ALJN,NSG3,PRAYAGRAJ,NCR,ALIGARH,UTTAR PRADESH,6,151,4.85
2425,ETAWAH JN.,ETW,NSG3,PRAYAGRAJ,NCR,ETAWAH,UTTAR PRADESH,6,151,4.85
2426,MIRZAPUR,MZP,NSG3,PRAYAGRAJ,NCR,MIRZAPUR,UTTAR PRADESH,6,151,4.85
2427,PRAYAGRAJ CHHEOKI,PCOI,NSG3,PRAYAGRAJ,NCR,PRAYAGRAJ,UTTAR PRADESH,6,151,4.85
2428,TUNDLA JN.,TDL,NSG3,PRAYAGRAJ,NCR,FIROZABAD,UTTAR PRADESH,6,151,4.85
2429,DADRI,DER,NSG4,PRAYAGRAJ,NCR,GAUTAM BUDDHA NAGAR,UTTAR PRADESH,7,151,4.85
2430,FATEHPUR,FTP,NSG4,PRAYAGRAJ,NCR,FATEHPUR,UTTAR PRADESH,7,151,4.85
2431,KANPUR ANWARGANJ,CPA,NSG4,PRAYAGRAJ,NCR,KANPUR NAGAR,UTTAR PRADESH,7,151,4.85
2432,KHURJA JN.,KRJ,NSG4,PRAYAGRAJ,NCR,BULANDSHAHR,UTTAR PRADESH,7,151,4.85
2433,MANIKPUR JN.,MKP,NSG4,PRAYAGRAJ,NCR,CHITRAKOOT,UTTAR PRADESH,7,151,4.85
2434,PHAPHUND,PHD,NSG4,PRAYAGRAJ,NCR,AURAIYA,UTTAR PRADESH,7,151,4.85
2435,SUBEDARGANJ,SFG,NSG4,PRAYAGRAJ,NCR,PRAYAGRAJ,UTTAR PRADESH,7,151,4.85
2436,ACHALDA,ULD,NSG5,PRAYAGRAJ,NCR,AURAIYA,UTTAR PRADESH,8,151,4.85
2437,BHARTHANA,BNT,NSG5,PRAYAGRAJ,NCR,ETAWAH,UTTAR PRADESH,8,151,4.85
2438,BHARWARI,BRE,NSG5,PRAYAGRAJ,NCR,KAUSHAMBI,UTTAR PRADESH,8,151,4.85
2439,BHONGAON,BGQ,NSG5,PRAYAGRAJ,NCR,MAINPURI,UTTAR PRADESH,8,151,4.85
2440,CHOLA,CHL,NSG5,PRAYAGRAJ,NCR,BULANDSHAHR,UTTAR PRADESH,8,151,4.85
2441,CHUNAR JN.,CAR,NSG5,PRAYAGRAJ,NCR,MIRZAPUR,UTTAR PRADESH,8,151,4.85
2442,DABHAURA,DBR,NSG5,PRAYAGRAJ,NCR,REWA,MADHYA PRADESH,8,151,4.85
2443,DANKAUR,DKDE,NSG5,PRAYAGRAJ,NCR,GAUTAM BUDDHA NAGAR,UTTAR PRADESH,8,151,4.85
2444,FIROZABAD,FZD,NSG5,PRAYAGRAJ,NCR,FIROZABAD,UTTAR PRADESH,8,151,4.85
2445,GOVINDPURI,GOY,NSG5,PRAYAGRAJ,NCR,KANPUR NAGAR,UTTAR PRADESH,8,151,4.85
2446,HATHRAS JN.,HRS,NSG5,PRAYAGRAJ,NCR,HATHRAS,UTTAR PRADESH,8,151,4.85
2447,JHINJHAK,JJK,NSG5,PRAYAGRAJ,NCR,KANPUR DEHAT,UTTAR PRADESH,8,151,4.85
2448,KHAGA,KGA,NSG5,PRAYAGRAJ,NCR,FATEHPUR,UTTAR PRADESH,8,151,4.85
2449,MAINPURI JN.,MNQ,NSG5,PRAYAGRAJ,NCR,MAINPURI,UTTAR PRADESH,8,151,4.85
2450,MANDA ROAD,MNF,NSG5,PRAYAGRAJ,NCR,PRAYAGRAJ,UTTAR PRADESH,8,151,4.85
2451,MEJA ROAD,MJA,NSG5,PRAYAGRAJ,NCR,PRAYAGRAJ,UTTAR PRADESH,8,151,4.85
2452,NAINI JN.,NYN,NSG5,PRAYAGRAJ,NCR,PRAYAGRAJ,UTTAR PRADESH,8,151,4.85
2453,PANKI DHAM,PNKD,NSG5,PRAYAGRAJ,NCR,KANPUR NAGAR,UTTAR PRADESH,8,151,4.85
2454,RURA,RURA,NSG5,PRAYAGRAJ,NCR,KANPUR DEHAT,UTTAR PRADESH,8,151,4.85
2455,SHANKARGARH,SRJ,NSG5,PRAYAGRAJ,NCR,PRAYAGRAJ,UTTAR PRADESH,8,151,4.85
2456,SHIKOHABAD JN.,SKB,NSG5,PRAYAGRAJ,NCR,FIROZABAD,UTTAR PRADESH,8,151,4.85
2457,SIRATHU,SRO,NSG5,PRAYAGRAJ,NCR,KAUSHAMBI,UTTAR PRADESH,8,151,4.85
2458,SONBHADRA,SBDR,NSG5,PRAYAGRAJ,NCR,SONBHADRA,UTTAR PRADESH,8,151,4.85
2459,VINDHYACHAL,BDL,NSG5,PRAYAGRAJ,NCR,MIRZAPUR,UTTAR PRADESH,8,151,4.85
2460,WAIR,WAIR,NSG5,PRAYAGRAJ,NCR,BULANDSHAHR,UTTAR PRADESH,8,151,4.85
2461,AGORI KHAS,AGY,NSG6,PRAYAGRAJ,NCR,SONBHADRA,UTTAR PRADESH,9,151,4.85
2462,AHRAURA ROAD,ARW,NSG6,PRAYAGRAJ,NCR,MIRZAPUR,UTTAR PRADESH,9,151,4.85
2463,AJAIBPUR,AJR,NSG6,PRAYAGRAJ,NCR,GAUTAM BUDDHA NAGAR,UTTAR PRADESH,9,151,4.85
2464,AMBIAPUR,AAP,NSG6,PRAYAGRAJ,NCR,KANPUR DEHAT,UTTAR PRADESH,9,151,4.85
2465,ATHSARAI,ASCE,NSG6,PRAYAGRAJ,NCR,KAUSHAMBI,UTTAR PRADESH,9,151,4.85
2466,AUNG,AUNG,NSG6,PRAYAGRAJ,NCR,FATEHPUR,UTTAR PRADESH,9,151,4.85
2467,BALRAI,BBL,NSG6,PRAYAGRAJ,NCR,ETAWAH,UTTAR PRADESH,9,151,4.85
2468,BAMHRAULI,BMU,NSG6,PRAYAGRAJ,NCR,PRAYAGRAJ,UTTAR PRADESH,9,151,4.85
2469,BARGARH,BRG,NSG6,PRAYAGRAJ,NCR,CHITRAKOOT,UTTAR PRADESH,9,151,4.85
2470,BARHAN JN.,BRN,NSG6,PRAYAGRAJ,NCR,AGRA,UTTAR PRADESH,9,151,4.85
2471,BHADAN,BDN,NSG6,PRAYAGRAJ,NCR,FIROZABAD,UTTAR PRADESH,9,151,4.85
2472,BHAUPUR,BPU,NSG6,PRAYAGRAJ,NCR,KANPUR DEHAT,UTTAR PRADESH,9,151,4.85
2473,BHEERPUR,BEP,NSG6,PRAYAGRAJ,NCR,PRAYAGRAJ,UTTAR PRADESH,9,151,4.85
2474,BIDANPUR,BDNP,NSG6,PRAYAGRAJ,NCR,KAUSHAMBI,UTTAR PRADESH,9,151,4.85
2475,BINDKI ROAD,BKO,NSG6,PRAYAGRAJ,NCR,FATEHPUR,UTTAR PRADESH,9,151,4.85
2476,BIROHE,BEO,NSG6,PRAYAGRAJ,NCR,MIRZAPUR,UTTAR PRADESH,9,151,4.85
2477,CHAKERI,CHK,NSG6,PRAYAGRAJ,NCR,KANPUR NAGAR,UTTAR PRADESH,9,151,4.85
2478,CHAMROLA,CMR,NSG6,PRAYAGRAJ,NCR,AGRA,UTTAR PRADESH,9,151,4.85
2479,CHANDARI,CNBI,NSG6,PRAYAGRAJ,NCR,KANPUR NAGAR,UTTAR PRADESH,9,151,4.85
2480,CHURK,CUK,NSG6,PRAYAGRAJ,NCR,SONBHADRA,UTTAR PRADESH,9,151,4.85
2481,DAGMAGPUR,DAP,NSG6,PRAYAGRAJ,NCR,MIRZAPUR,UTTAR PRADESH,9,151,4.85
2482,DANWAR,DAR,NSG6,PRAYAGRAJ,NCR,BULANDSHAHR,UTTAR PRADESH,9,151,4.85
2483,DAUD KHAN,DAQ,NSG6,PRAYAGRAJ,NCR,ALIGARH,UTTAR PRADESH,9,151,4.85
2484,EKDIL,EKL,NSG6,PRAYAGRAJ,NCR,ETAWAH,UTTAR PRADESH,9,151,4.85
2485,ETAH,ETAH,NSG6,PRAYAGRAJ,NCR,ETAH,UTTAR PRADESH,9,151,4.85
2486,FAIZULLAPUR,FYZ,NSG6,PRAYAGRAJ,NCR,FATEHPUR,UTTAR PRADESH,9,151,4.85
2487,GAIPURA,GAE,NSG6,PRAYAGRAJ,NCR,MIRZAPUR,UTTAR PRADESH,9,151,4.85
2488,HARDUAGANJ,HGJ,NSG6,PRAYAGRAJ,NCR,ALIGARH,UTTAR PRADESH,9,151,4.85
2489,HATHRAS QILAH,HRF,NSG6,PRAYAGRAJ,NCR,HATHRAS,UTTAR PRADESH,9,151,4.85
2490,HIRANGAON,HNG,NSG6,PRAYAGRAJ,NCR,FIROZABAD,UTTAR PRADESH,9,151,4.85
2491,IRADATGANJ,IDGJ,NSG6,PRAYAGRAJ,NCR,PRAYAGRAJ,UTTAR PRADESH,9,151,4.85
2492,JALESAR CITY,JSC,NSG6,PRAYAGRAJ,NCR,ETAH,UTTAR PRADESH,9,151,4.85
2493,JALESAR ROAD,JLS,NSG6,PRAYAGRAJ,NCR,HATHRAS,UTTAR PRADESH,9,151,4.85
2494,JASRA,JSR,NSG6,PRAYAGRAJ,NCR,PRAYAGRAJ,UTTAR PRADESH,9,151,4.85
2495,JASWANTNAGAR,JGR,NSG6,PRAYAGRAJ,NCR,ETAWAH,UTTAR PRADESH,9,151,4.85
2496,JEONATHPUR,JEP,NSG6,PRAYAGRAJ,NCR,MIRZAPUR,UTTAR PRADESH,9,151,4.85
2497,JHINGURA,JHG,NSG6,PRAYAGRAJ,NCR,MIRZAPUR,UTTAR PRADESH,9,151,4.85
2498,JIGNA,JIA,NSG6,PRAYAGRAJ,NCR,MIRZAPUR,UTTAR PRADESH,9,151,4.85
2499,KAILAHAT,KYT,NSG6,PRAYAGRAJ,NCR,MIRZAPUR,UTTAR PRADESH,9,151,4.85
2500,KANCHAUSI,KNS,NSG6,PRAYAGRAJ,NCR,KANPUR NAGAR,UTTAR PRADESH,9,151,4.85
2501,KANSPUR GUGAULI,KSQ,NSG6,PRAYAGRAJ,NCR,FATEHPUR,UTTAR PRADESH,9,151,4.85
2502,KARBIGWAN,KBN,NSG6,PRAYAGRAJ,NCR,KANPUR NAGAR,UTTAR PRADESH,9,151,4.85
2503,KARCHANA,KCN,NSG6,PRAYAGRAJ,NCR,PRAYAGRAJ,UTTAR PRADESH,9,151,4.85
2504,KARHAL,KAHL,NSG6,PRAYAGRAJ,NCR,MAINPURI,UTTAR PRADESH,9,151,4.85
2505,KATAIYA DANDI HALT,KTDD,NSG6,PRAYAGRAJ,NCR,CHITRAKOOT,UTTAR PRADESH,9,151,4.85
2506,KATOGHAN,KTCE,NSG6,PRAYAGRAJ,NCR,FATEHPUR,UTTAR PRADESH,9,151,4.85
2507,KAURARA,KAA,NSG6,PRAYAGRAJ,NCR,FIROZABAD,UTTAR PRADESH,9,151,4.85
2508,KHAIRAHI,KHRY,NSG6,PRAYAGRAJ,NCR,SONBHADRA,UTTAR PRADESH,9,151,4.85
2509,KOSMA,KOZ,NSG6,PRAYAGRAJ,NCR,MAINPURI,UTTAR PRADESH,9,151,4.85
2510,KULWA,KLA,NSG6,PRAYAGRAJ,NCR,ALIGARH,UTTAR PRADESH,9,151,4.85
2511,KUNWAR,KUW,NSG6,PRAYAGRAJ,NCR,KAUSHAMBI,UTTAR PRADESH,9,151,4.85
2512,KURASTI KALAN,KKS,NSG6,PRAYAGRAJ,NCR,FATEHPUR,UTTAR PRADESH,9,151,4.85
2513,LOHGARA,LOG,NSG6,PRAYAGRAJ,NCR,PRAYAGRAJ,UTTAR PRADESH,9,151,4.85
2514,LUSA,LUSA,NSG6,PRAYAGRAJ,NCR,MIRZAPUR,UTTAR PRADESH,9,151,4.85
2515,MADARAHA,MFX,NSG6,PRAYAGRAJ,NCR,PRAYAGRAJ,UTTAR PRADESH,9,151,4.85
2516,MAHRAWAL,MWUE,NSG6,PRAYAGRAJ,NCR,ALIGARH,UTTAR PRADESH,9,151,4.85
2517,MAITHA,MTO,NSG6,PRAYAGRAJ,NCR,KANPUR DEHAT,UTTAR PRADESH,9,151,4.85
2518,MAJHIARI,MJHR,NSG6,PRAYAGRAJ,NCR,REWA,MADHYA PRADESH,9,151,4.85
2519,MAKKHANPUR,MNR,NSG6,PRAYAGRAJ,NCR,FIROZABAD,UTTAR PRADESH,9,151,4.85
2520,MALWAN,MWH,NSG6,PRAYAGRAJ,NCR,FATEHPUR,UTTAR PRADESH,9,151,4.85
2521,MANAURI,MRE,NSG6,PRAYAGRAJ,NCR,KAUSHAMBI,UTTAR PRADESH,9,151,4.85
2522,MANDRAK,MXK,NSG6,PRAYAGRAJ,NCR,ALIGARH,UTTAR PRADESH,9,151,4.85
2523,MANOHARGANJ,MNJ,NSG6,PRAYAGRAJ,NCR,KAUSHAMBI,UTTAR PRADESH,9,151,4.85
2524,MANZOORGARHI,MZGI,NSG6,PRAYAGRAJ,NCR,ALIGARH,UTTAR PRADESH,9,151,4.85
2525,MARIPAT,MIU,NSG6,PRAYAGRAJ,NCR,GAUTAM BUDDHA NAGAR,UTTAR PRADESH,9,151,4.85
2526,MITAWALI,MTI,NSG6,PRAYAGRAJ,NCR,AGRA,UTTAR PRADESH,9,151,4.85
2527,MOTA,MOTA,NSG6,PRAYAGRAJ,NCR,MAINPURI,UTTAR PRADESH,9,151,4.85
2528,NIBKARORI,NBUE,NSG6,PRAYAGRAJ,NCR,FARRUKHABAD,UTTAR PRADESH,9,151,4.85
2529,PAHARA,PRE,NSG6,PRAYAGRAJ,NCR,MIRZAPUR,UTTAR PRADESH,9,151,4.85
2530,PANHAI,PNHI,NSG6,PRAYAGRAJ,NCR,CHITRAKOOT,UTTAR PRADESH,9,151,4.85
2531,PATA,PATA,NSG6,PRAYAGRAJ,NCR,AURAIYA,UTTAR PRADESH,9,151,4.85
2532,PORA,PORA,NSG6,PRAYAGRAJ,NCR,HATHRAS,UTTAR PRADESH,9,151,4.85
2533,PREMPUR,PMPR,NSG6,PRAYAGRAJ,NCR,KANPUR NAGAR,UTTAR PRADESH,9,151,4.85
2534,RASULABAD,RUB,NSG6,PRAYAGRAJ,NCR,FATEHPUR,UTTAR PRADESH,9,151,4.85
2535,ROOMA,RXM,NSG6,PRAYAGRAJ,NCR,KANPUR NAGAR,UTTAR PRADESH,9,151,4.85
2536,SAIYID SARAWAN,SYWN,NSG6,PRAYAGRAJ,NCR,KAUSHAMBI,UTTAR PRADESH,9,151,4.85
2537,SAKTESGARH,SKGH,NSG6,PRAYAGRAJ,NCR,MIRZAPUR,UTTAR PRADESH,9,151,4.85
2538,SAMHON,SHW,NSG6,PRAYAGRAJ,NCR,ETAWAH,UTTAR PRADESH,9,151,4.85
2539,SARAI BHOPAT,SB,NSG6,PRAYAGRAJ,NCR,ETAWAH,UTTAR PRADESH,9,151,4.85
2540,SASNI,SNS,NSG6,PRAYAGRAJ,NCR,HATHRAS,UTTAR PRADESH,9,151,4.85
2541,SATH NARAINI,SNIE,NSG6,PRAYAGRAJ,NCR,FATEHPUR,UTTAR PRADESH,9,151,4.85
2542,SHUJATPUR,SJT,NSG6,PRAYAGRAJ,NCR,KAUSHAMBI,UTTAR PRADESH,9,151,4.85
2543,SIKANDARPUR,SKQ,NSG6,PRAYAGRAJ,NCR,BULANDSHAHR,UTTAR PRADESH,9,151,4.85
2544,SIRSAUL,SSL,NSG6,PRAYAGRAJ,NCR,KANPUR NAGAR,UTTAR PRADESH,9,151,4.85
2545,SOMNA,SOM,NSG6,PRAYAGRAJ,NCR,ALIGARH,UTTAR PRADESH,9,151,4.85
2546,UNCHDIH,UND,NSG6,PRAYAGRAJ,NCR,PRAYAGRAJ,UTTAR PRADESH,9,151,4.85
2547,BARHAJ BAZAR,BHJ,HG2,BANARAS,NER,DEORIA,UTTAR PRADESH,2,203,5.88
2548,BASUCHAK HALT,BSCK,HG2,BANARAS,NER,GHAZIPUR,UTTAR PRADESH,2,203,5.88
2549,BHULANPUR F,BHLP,HG2,BANARAS,NER,VARANASI,UTTAR PRADESH,2,203,5.88
2550,CHAF HALT,CHAF,HG2,BANARAS,NER,KUSHI NAGAR,UTTAR PRADESH,2,203,5.88
2551,DAL CHAPRA F,DCP,HG2,BANARAS,NER,BALLIA,UTTAR PRADESH,2,203,5.88
2552,DOHRIGHAT,DIT,HG2,BANARAS,NER,MAU,UTTAR PRADESH,2,203,5.88
2553,DUDHAUNDA HALT,DDNA,HG2,BANARAS,NER,JAUNPUR,UTTAR PRADESH,2,203,5.88
2554,GAURI SHRI RAM HALT,GSRM,HG2,BANARAS,NER,KUSHI NAGAR,UTTAR PRADESH,2,203,5.88
2555,GHAZIPUR GHAT F,GZT,HG2,BANARAS,NER,GHAZIPUR,UTTAR PRADESH,2,203,5.88
2556,GHOSI,GSI,HG2,BANARAS,NER,MAU,UTTAR PRADESH,2,203,5.88
2557,GURLI RAMGARHWA HALT,GRRG,HG2,BANARAS,NER,MAHARAJGANJ,UTTAR PRADESH,2,203,5.88
2558,HURMUJPUR HALT,HMPR,HG2,BANARAS,NER,GHAZIPUR,UTTAR PRADESH,2,203,5.88
2559,KARCHHUE HALT,KYW,HG2,BANARAS,NER,SIWAN,BIHAR,2,203,5.88
2560,KHUSHAL NAGAR F,KSNR,HG2,BANARAS,NER,MAHARAJGANJ,UTTAR PRADESH,2,203,5.88
2561,KIRAKAT,KCT,HG2,BANARAS,NER,JAUNPUR,UTTAR PRADESH,2,203,5.88
2562,KOPAGANJ HALT,KPJ,HG2,BANARAS,NER,MAU,UTTAR PRADESH,2,203,5.88
2563,MAHARAJGANJ,MGZ,HG2,BANARAS,NER,GOPALGANJ,BIHAR,2,203,5.88
2564,MAHENDRANATH HALT,MHRN,HG2,BANARAS,NER,SARAN,BIHAR,2,203,5.88
2565,MANJHI F,MHT,HG2,BANARAS,NER,SARAN,BIHAR,2,203,5.88
2566,NAYAK DIH HALT,NAKD,HG2,BANARAS,NER,GHAZIPUR,UTTAR PRADESH,2,203,5.88
2567,NONAPAR F,NNPR,HG2,BANARAS,NER,DEORIA,UTTAR PRADESH,2,203,5.88
2568,RAJMALPUR ROAD HALT,RJMP,HG2,BANARAS,NER,BALLIA,UTTAR PRADESH,2,203,5.88
2569,SIDHARI HALT,SDHA,HG2,BANARAS,NER,AZAMGARH,UTTAR PRADESH,2,203,5.88
2570,SIPAYA HALT,SPYA,HG2,BANARAS,NER,GOPALGANJ,BIHAR,2,203,5.88
2571,SIWAN KACHERI F,SVC,HG2,BANARAS,NER,SIWAN,BIHAR,2,203,5.88
2572,TINPHERIA HALT,TPV,HG2,BANARAS,NER,GOPALGANJ,BIHAR,2,203,5.88
2573,AGAUTHAR HALT,AGTR,HG3,BANARAS,NER,SARAN,BIHAR,3,203,5.88
2574,AHALYAPUR F,AHLR,HG3,BANARAS,NER,DEORIA,UTTAR PRADESH,3,203,5.88
2575,ALEHPUR HALT,APRH,HG3,BANARAS,NER,SARAN,BIHAR,3,203,5.88
2576,ALMAW HALT,ALMW,HG3,BANARAS,NER,BHADOHI,UTTAR PRADESH,3,203,5.88
2577,AMILA HALT,AMD,HG3,BANARAS,NER,MAU,UTTAR PRADESH,3,203,5.88
2578,ATRAURA HALT,ATRR,HG3,BANARAS,NER,PRAYAGRAJ,UTTAR PRADESH,3,203,5.88
2579,BAHERWA HALT,BRWH,HG3,BANARAS,NER,MIRZAPUR,UTTAR PRADESH,3,203,5.88
2580,BAHUARA HALT,BURA,HG3,BANARAS,NER,SARAN,BIHAR,3,203,5.88
2581,BANNI MAHAMMANPATTI,BMPT,HG3,BANARAS,NER,SARAN,BIHAR,3,203,5.88
2582,BARKAGAON HALT,BGHT,HG3,BANARAS,NER,SIWAN,BIHAR,3,203,5.88
2583,BASANTPUR HALT,BNPH,HG3,BANARAS,NER,SIWAN,BIHAR,3,203,5.88
2584,BATHUA BAZAR HALT,BHBR,HG3,BANARAS,NER,GOPALGANJ,BIHAR,3,203,5.88
2585,BISHUNPUR MAHUARI HA,BPMH,HG3,BANARAS,NER,SIWAN,BIHAR,3,203,5.88
2586,BRIJ KISHOR HALT,BKRH,HG3,BANARAS,NER,GOPALGANJ,BIHAR,3,203,5.88
2587,CHAKRA ROAD HALT,CKYD,HG3,BANARAS,NER,MAU,UTTAR PRADESH,3,203,5.88
2588,CHHATA-ASCHAURA HALT,CATA,HG3,BANARAS,NER,BALLIA,UTTAR PRADESH,3,203,5.88
2589,DEORAHA BABA ROAD HA,DRBR,HG3,BANARAS,NER,DEORIA,UTTAR PRADESH,3,203,5.88
2590,FARIDAHA,FRDH,HG3,BANARAS,NER,GHAZIPUR,UTTAR PRADESH,3,203,5.88
2591,FATEHPUR ATWA HALT,FPAW,HG3,BANARAS,NER,GHAZIPUR,UTTAR PRADESH,3,203,5.88
2592,GANGAULI HALT,GNGL,HG3,BANARAS,NER,JAUNPUR,UTTAR PRADESH,3,203,5.88
2593,GOBINDPUR DUGAULI HA,GOX,HG3,BANARAS,NER,BALLIA,UTTAR PRADESH,3,203,5.88
2594,GUNRAJPUR DHAMA HALT,GNDM,HG3,BANARAS,NER,SARAN,BIHAR,3,203,5.88
2595,HALDHARPUR F,HLP,HG3,BANARAS,NER,MAU,UTTAR PRADESH,3,203,5.88
2596,JIGNI KHAS HALT,JGKS,HG3,BANARAS,NER,BALLIA,UTTAR PRADESH,3,203,5.88
2597,KATALPUR HALT,KTLP,HG3,BANARAS,NER,GOPALGANJ,BIHAR,3,203,5.88
2598,KHANJA HALT,KHJA,HG3,BANARAS,NER,AZAMGARH,UTTAR PRADESH,3,203,5.88
2599,LAIN BAZAR,LB,HG3,BANARAS,NER,GOPALGANJ,BIHAR,3,203,5.88
2600,MAHUAWA KHURD HALT,MUUA,HG3,BANARAS,NER,KUSHI NAGAR,UTTAR PRADESH,3,203,5.88
2601,MATHIA BARGHAT HALT,MTBG,HG3,BANARAS,NER,KUSHI NAGAR,UTTAR PRADESH,3,203,5.88
2602,MURADPUR HALT,MRDP,HG3,BANARAS,NER,MAU,UTTAR PRADESH,3,203,5.88
2603,NARKATIA BAZAR HALT,NKBR,HG3,BANARAS,NER,GOPALGANJ,BIHAR,3,203,5.88
2604,PALIGARH HALT,PLGH,HG3,BANARAS,NER,AZAMGARH,UTTAR PRADESH,3,203,5.88
2605,PANCHDEORI HALT,PCDR,HG3,BANARAS,NER,GOPALGANJ,BIHAR,3,203,5.88
2606,PANIARA HALT,PNRA,HG3,BANARAS,NER,MAU,UTTAR PRADESH,3,203,5.88
2607,PARSA KERWAN HALT,PKRH,HG3,BANARAS,NER,SARAN,BIHAR,3,203,5.88
2608,PEOKOL HALT,POKL,HG3,BANARAS,NER,DEORIA,UTTAR PRADESH,3,203,5.88
2609,PHULWARIA,PLWR,HG3,BANARAS,NER,GOPALGANJ,BIHAR,3,203,5.88
2610,SAGHAR SULTANPUR HAL,SSHT,HG3,BANARAS,NER,SIWAN,BIHAR,3,203,5.88
2611,SAHERI HALT,SAHR,HG3,BANARAS,NER,GHAZIPUR,UTTAR PRADESH,3,203,5.88
2612,SALAR KHURD,SRKR,HG3,BANARAS,NER,GOPALGANJ,BIHAR,3,203,5.88
2613,SANJARPUR HALT,SJER,HG3,BANARAS,NER,AZAMGARH,UTTAR PRADESH,3,203,5.88
2614,SANWARA HALT),SNRA,HG3,BANARAS,NER,BALLIA,UTTAR PRADESH,3,203,5.88
2615,SARAI JAGDISH HALT,SJGH,HG3,BANARAS,NER,BHADOHI,UTTAR PRADESH,3,203,5.88
2616,SARHARI HALT,SHIH,HG3,BANARAS,NER,SIWAN,BIHAR,3,203,5.88
2617,SATRAON F,STZ,HG3,BANARAS,NER,DEORIA,UTTAR PRADESH,3,203,5.88
2618,SHER HALT,SHER,HG3,BANARAS,NER,GOPALGANJ,BIHAR,3,203,5.88
2619,SHILHAURI HALT,SLHI,HG3,BANARAS,NER,SARAN,BIHAR,3,203,5.88
2620,SIDHAUNA RAMPUR HALT,SARR,HG3,BANARAS,NER,GHAZIPUR,UTTAR PRADESH,3,203,5.88
2621,SISAI GULAB RAI HALT,SSGR,HG3,BANARAS,NER,DEORIA,UTTAR PRADESH,3,203,5.88
2622,TEJPURWA HALT,TJW,HG3,BANARAS,NER,SARAN,BIHAR,3,203,5.88
2623,TENUA DUMARIA HALT,TMUR,HG3,BANARAS,NER,SARAN,BIHAR,3,203,5.88
2624,TERHA HALT,TERH,HG3,BANARAS,NER,SARAN,BIHAR,3,203,5.88
2625,TRIVIKARAMDEO NAGAR,TKND,HG3,BANARAS,NER,GOPALGANJ,BIHAR,3,203,5.88
2626,TURTIPAR F,TTI,HG3,BANARAS,NER,DEORIA,UTTAR PRADESH,3,203,5.88
2627,YADVENDRANAGAR HALT,YDV,HG3,BANARAS,NER,JAUNPUR,UTTAR PRADESH,3,203,5.88
2628,AZAMGARH,AMH,NSG3,BANARAS,NER,AZAMGARH,UTTAR PRADESH,6,203,5.88
2629,BALLIA,BUI,NSG3,BANARAS,NER,BALLIA,UTTAR PRADESH,6,203,5.88
2630,BANARAS,BSBS,NSG3,BANARAS,NER,VARANASI,UTTAR PRADESH,6,203,5.88
2631,CHHAPRA JN.,CPR,NSG3,BANARAS,NER,SARAN,BIHAR,6,203,5.88
2632,DEORIA SADAR,DEOS,NSG3,BANARAS,NER,DEORIA,UTTAR PRADESH,6,203,5.88
2633,MAU JN.,MAU,NSG3,BANARAS,NER,MAU,UTTAR PRADESH,6,203,5.88
2634,SIWAN JN.,SV,NSG3,BANARAS,NER,SIWAN,BIHAR,6,203,5.88
2635,BELTHARA ROAD,BLTR,NSG4,BANARAS,NER,BALLIA,UTTAR PRADESH,7,203,5.88
2636,BHATNI JN.,BTT,NSG4,BANARAS,NER,DEORIA,UTTAR PRADESH,7,203,5.88
2637,GHAZIPUR CITY,GCT,NSG4,BANARAS,NER,GHAZIPUR,UTTAR PRADESH,7,203,5.88
2638,KHORASON ROAD,KRND,NSG4,BANARAS,NER,AZAMGARH,UTTAR PRADESH,7,203,5.88
2639,VARANASI CITY,BCY,NSG4,BANARAS,NER,VARANASI,UTTAR PRADESH,7,203,5.88
2640,AUNRIHAR JN.,ARJ,NSG5,BANARAS,NER,GHAZIPUR,UTTAR PRADESH,8,203,5.88
2641,BHATPAR RANI,BHTR,NSG5,BANARAS,NER,DEORIA,UTTAR PRADESH,8,203,5.88
2642,CHAURI CHAURA,CC,NSG5,BANARAS,NER,GORAKHPUR,UTTAR PRADESH,8,203,5.88
2643,DULLAHAPUR,DLR,NSG5,BANARAS,NER,GHAZIPUR,UTTAR PRADESH,8,203,5.88
2644,DURAUNDHA JN.,DDA,NSG5,BANARAS,NER,SIWAN,BIHAR,8,203,5.88
2645,EKMA,EKMA,NSG5,BANARAS,NER,SARAN,BIHAR,8,203,5.88
2646,GHUGHULI,GH,NSG5,BANARAS,NER,MAHARAJGANJ,UTTAR PRADESH,8,203,5.88
2647,GYANPUR ROAD,GYN,NSG5,BANARAS,NER,BHADOHI,UTTAR PRADESH,8,203,5.88
2648,INDARA JN.,IAA,NSG5,BANARAS,NER,MAU,UTTAR PRADESH,8,203,5.88
2649,JAKHANIAN,JKN,NSG5,BANARAS,NER,GHAZIPUR,UTTAR PRADESH,8,203,5.88
2650,KAPTANGANJ JN.,CPJ,NSG5,BANARAS,NER,KUSHI NAGAR,UTTAR PRADESH,8,203,5.88
2651,KHADA,KZA,NSG5,BANARAS,NER,KUSHI NAGAR,UTTAR PRADESH,8,203,5.88
2652,LAR ROAD,LRD,NSG5,BANARAS,NER,DEORIA,UTTAR PRADESH,8,203,5.88
2653,MAIRWA,MW,NSG5,BANARAS,NER,SIWAN,BIHAR,8,203,5.88
2654,MUHAMMADABAD,MMA,NSG5,BANARAS,NER,MAU,UTTAR PRADESH,8,203,5.88
2655,PADRAUNA,POU,NSG5,BANARAS,NER,KUSHI NAGAR,UTTAR PRADESH,8,203,5.88
2656,PIPRAICH,PPC,NSG5,BANARAS,NER,GORAKHPUR,UTTAR PRADESH,8,203,5.88
2657,PRAYAGRAJ RAMBAG,PRRB,NSG5,BANARAS,NER,PRAYAGRAJ,UTTAR PRADESH,8,203,5.88
2658,RASRA,RSR,NSG5,BANARAS,NER,BALLIA,UTTAR PRADESH,8,203,5.88
2659,SAHATWAR,STW,NSG5,BANARAS,NER,BALLIA,UTTAR PRADESH,8,203,5.88
2660,SALEMPUR JN.,SRU,NSG5,BANARAS,NER,DEORIA,UTTAR PRADESH,8,203,5.88
2661,SARAIMIR,SMZ,NSG5,BANARAS,NER,AZAMGARH,UTTAR PRADESH,8,203,5.88
2662,SISWA BAZAR,SBZ,NSG5,BANARAS,NER,MAHARAJGANJ,UTTAR PRADESH,8,203,5.88
2663,SURAIMANPUR,SIP,NSG5,BANARAS,NER,BALLIA,UTTAR PRADESH,8,203,5.88
2664,TAMKUHI ROAD,TOI,NSG5,BANARAS,NER,KUSHI NAGAR,UTTAR PRADESH,8,203,5.88
2665,THAWE JN,THE,NSG5,BANARAS,NER,GOPALGANJ,BIHAR,8,203,5.88
2666,YUSUFPUR,YFP,NSG5,BANARAS,NER,BALLIA,UTTAR PRADESH,8,203,5.88
2667,AHIMANPUR,AHM,NSG6,BANARAS,NER,BHADOHI,UTTAR PRADESH,9,203,5.88
2668,AMLORI SARSAR,ALS,NSG6,BANARAS,NER,SIWAN,BIHAR,9,203,5.88
2669,ANKUSPUR,AKS,NSG6,BANARAS,NER,GHAZIPUR,UTTAR PRADESH,9,203,5.88
2670,BAITALPUR,BALR,NSG6,BANARAS,NER,DEORIA,UTTAR PRADESH,9,203,5.88
2671,BAKULHA,BKLA,NSG6,BANARAS,NER,BALLIA,UTTAR PRADESH,9,203,5.88
2672,BANKATA,BTK,NSG6,BANARAS,NER,DEORIA,UTTAR PRADESH,9,203,5.88
2673,BANSDIH ROAD,BCD,NSG6,BANARAS,NER,BALLIA,UTTAR PRADESH,9,203,5.88
2674,BARHARAGANJ,BAGJ,NSG6,BANARAS,NER,KUSHI NAGAR,UTTAR PRADESH,9,203,5.88
2675,BHITI,BYH,NSG6,BANARAS,NER,PRAYAGRAJ,UTTAR PRADESH,9,203,5.88
2676,BODARWAR,BBW,NSG6,BANARAS,NER,KUSHI NAGAR,UTTAR PRADESH,9,203,5.88
2677,CHAINWA,CW,NSG6,BANARAS,NER,SARAN,BIHAR,9,203,5.88
2678,CHHAPRA KACHEHRI,CI,NSG6,BANARAS,NER,SARAN,BIHAR,9,203,5.88
2679,CHILKAHAR,CHR,NSG6,BANARAS,NER,BALLIA,UTTAR PRADESH,9,203,5.88
2680,CHIT BARAGAON,CBN,NSG6,BANARAS,NER,BALLIA,UTTAR PRADESH,9,203,5.88
2681,DARAGANJ,DRGJ,NSG6,BANARAS,NER,PRAYAGRAJ,UTTAR PRADESH,9,203,5.88
2682,DAUDPUR,DDP,NSG6,BANARAS,NER,SARAN,BIHAR,9,203,5.88
2683,DHONDHA DIH,DDD,NSG6,BANARAS,NER,BALLIA,UTTAR PRADESH,9,203,5.88
2684,DIDARGANJ ROAD,DJD,NSG6,BANARAS,NER,AZAMGARH,UTTAR PRADESH,9,203,5.88
2685,DIGHWA DUBAULI,DWDI,NSG6,BANARAS,NER,GOPALGANJ,BIHAR,9,203,5.88
2686,DOBHI,DHE,NSG6,BANARAS,NER,JAUNPUR,UTTAR PRADESH,9,203,5.88
2687,DUDAHI,DUE,NSG6,BANARAS,NER,KUSHI NAGAR,UTTAR PRADESH,9,203,5.88
2688,GAURI BAZAR,GB,NSG6,BANARAS,NER,DEORIA,UTTAR PRADESH,9,203,5.88
2689,GAUTAM STHAN,GTST,NSG6,BANARAS,NER,SARAN,BIHAR,9,203,5.88
2690,GOPALGANJ,GOPG,NSG6,BANARAS,NER,GOPALGANJ,BIHAR,9,203,5.88
2691,HANDIA KHAS,HDK,NSG6,BANARAS,NER,PRAYAGRAJ,UTTAR PRADESH,9,203,5.88
2692,HARDATTPUR F,HDT,NSG6,BANARAS,NER,VARANASI,UTTAR PRADESH,9,203,5.88
2693,HATHUA,HTW,NSG6,BANARAS,NER,GOPALGANJ,BIHAR,9,203,5.88
2694,JALALPUR,JGP,NSG6,BANARAS,NER,GOPALGANJ,BIHAR,9,203,5.88
2695,JANGIGANJ,JGG,NSG6,BANARAS,NER,BHADOHI,UTTAR PRADESH,9,203,5.88
2696,JHUSI,JI,NSG6,BANARAS,NER,PRAYAGRAJ,UTTAR PRADESH,9,203,5.88
2697,JIRADEI,ZRDE,NSG6,BANARAS,NER,SIWAN,BIHAR,9,203,5.88
2698,KACHHWA ROAD,KWH,NSG6,BANARAS,NER,MIRZAPUR,UTTAR PRADESH,9,203,5.88
2699,KADIPUR,KDQ,NSG6,BANARAS,NER,VARANASI,UTTAR PRADESH,9,203,5.88
2700,KARIMUDDINPUR,KMDR,NSG6,BANARAS,NER,BALLIA,UTTAR PRADESH,9,203,5.88
2701,KATH KUIYAN,KKT,NSG6,BANARAS,NER,KUSHI NAGAR,UTTAR PRADESH,9,203,5.88
2702,KATKA,KFK,NSG6,BANARAS,NER,BHADOHI,UTTAR PRADESH,9,203,5.88
2703,KHAIRAH.,KYH,NSG6,BANARAS,NER,SARAN,BIHAR,9,203,5.88
2704,KHURAHAT,KRT,NSG6,BANARAS,NER,MAU,UTTAR PRADESH,9,203,5.88
2705,KIRIHARAPUR,KER,NSG6,BANARAS,NER,BALLIA,UTTAR PRADESH,9,203,5.88
2706,KOPA SAMHOTA,KPS,NSG6,BANARAS,NER,SARAN,BIHAR,9,203,5.88
2707,KUSMHI,KHM,NSG6,BANARAS,NER,GORAKHPUR,UTTAR PRADESH,9,203,5.88
2708,LAKSHMIGANJ,LIJ,NSG6,BANARAS,NER,KUSHI NAGAR,UTTAR PRADESH,9,203,5.88
2709,MADHOSINGH,MBS,NSG6,BANARAS,NER,BHADOHI,UTTAR PRADESH,9,203,5.88
2710,MAHPUR,MHO,NSG6,BANARAS,NER,GHAZIPUR,UTTAR PRADESH,9,203,5.88
2711,MANJHAGARH,MJV,NSG6,BANARAS,NER,GOPALGANJ,BIHAR,9,203,5.88
2712,MARHAURA,MEW,NSG6,BANARAS,NER,SARAN,BIHAR,9,203,5.88
2713,MASRAKH,MHC,NSG6,BANARAS,NER,SARAN,BIHAR,9,203,5.88
2714,MUFTIGANJ HALT,MFJ,NSG6,BANARAS,NER,JAUNPUR,UTTAR PRADESH,9,203,5.88
2715,NANDGANJ,NDJ,NSG6,BANARAS,NER,GHAZIPUR,UTTAR PRADESH,9,203,5.88
2716,NIGATPUR,NTU,NSG6,BANARAS,NER,MIRZAPUR,UTTAR PRADESH,9,203,5.88
2717,NUNKHAR,NRA,NSG6,BANARAS,NER,DEORIA,UTTAR PRADESH,9,203,5.88
2718,PACHRUKHI,PCK,NSG6,BANARAS,NER,SIWAN,BIHAR,9,203,5.88
2719,PANIYAHAWA,PNYA,NSG6,BANARAS,NER,KUSHI NAGAR,UTTAR PRADESH,9,203,5.88
2720,PATERHI,PEE,NSG6,BANARAS,NER,SARAN,BIHAR,9,203,5.88
2721,PHARIHA,PHY,NSG6,BANARAS,NER,AZAMGARH,UTTAR PRADESH,9,203,5.88
2722,PHEPHNA JN.,PEP,NSG6,BANARAS,NER,BALLIA,UTTAR PRADESH,9,203,5.88
2723,PIPRIDIH,PPH,NSG6,BANARAS,NER,MAU,UTTAR PRADESH,9,203,5.88
2724,RAJA TALAB,RTB,NSG6,BANARAS,NER,VARANASI,UTTAR PRADESH,9,203,5.88
2725,RAJAPATTI,RPV,NSG6,BANARAS,NER,GOPALGANJ,BIHAR,9,203,5.88
2726,RAJAWARI,RJI,NSG6,BANARAS,NER,VARANASI,UTTAR PRADESH,9,203,5.88
2727,RAMKOLA,RKL,NSG6,BANARAS,NER,KUSHI NAGAR,UTTAR PRADESH,9,203,5.88
2728,RAMNATHPUR,RTR,NSG6,BANARAS,NER,PRAYAGRAJ,UTTAR PRADESH,9,203,5.88
2729,RATAN SARAI,RTU,NSG6,BANARAS,NER,GOPALGANJ,BIHAR,9,203,5.88
2730,RATANPURA,RTP,NSG6,BANARAS,NER,MAU,UTTAR PRADESH,9,203,5.88
2731,REOTI,ROI,NSG6,BANARAS,NER,BALLIA,UTTAR PRADESH,9,203,5.88
2732,REVELGANJ GHAT HALT,RVG,NSG6,BANARAS,NER,SARAN,BIHAR,9,203,5.88
2733,SADAT,SDT,NSG6,BANARAS,NER,GHAZIPUR,UTTAR PRADESH,9,203,5.88
2734,SAGARPALI,SVI,NSG6,BANARAS,NER,BALLIA,UTTAR PRADESH,9,203,5.88
2735,SAIDABAD,SDC,NSG6,BANARAS,NER,PRAYAGRAJ,UTTAR PRADESH,9,203,5.88
2736,SAIYEDPUR BHITRI,SYH,NSG6,BANARAS,NER,GHAZIPUR,UTTAR PRADESH,9,203,5.88
2737,SARAI RANI,RKS,NSG6,BANARAS,NER,AZAMGARH,UTTAR PRADESH,9,203,5.88
2738,SARDARNAGAR F,SANR,NSG6,BANARAS,NER,GORAKHPUR,UTTAR PRADESH,9,203,5.88
2739,SARNATH,SRNT,NSG6,BANARAS,NER,VARANASI,UTTAR PRADESH,9,203,5.88
2740,SASAMUSA,SSU,NSG6,BANARAS,NER,GOPALGANJ,BIHAR,9,203,5.88
2741,SATHIAON,SAA,NSG6,BANARAS,NER,AZAMGARH,UTTAR PRADESH,9,203,5.88
2742,SHAHBAZ KULI,SBK,NSG6,BANARAS,NER,BALLIA,UTTAR PRADESH,9,203,5.88
2743,SHAM KAURIA F,SMKR,NSG6,BANARAS,NER,SARAN,BIHAR,9,203,5.88
2744,SIDHWALIA,SQW,NSG6,BANARAS,NER,GOPALGANJ,BIHAR,9,203,5.88
2745,TAJPUR DEHMA,TJD,NSG6,BANARAS,NER,BALLIA,UTTAR PRADESH,9,203,5.88
2746,TARAON,TRN,NSG6,BANARAS,NER,GHAZIPUR,UTTAR PRADESH,9,203,5.88
2747,TARIASUJAN,TRJ,NSG6,BANARAS,NER,KUSHI NAGAR,UTTAR PRADESH,9,203,5.88
2748,TEK NEWAS,TKV,NSG6,BANARAS,NER,SARAN,BIHAR,9,203,5.88
2749,UNAULA,UNLA,NSG6,BANARAS,NER,GORAKHPUR,UTTAR PRADESH,9,203,5.88
2750,BALLUPUR FLAG,BAPR,HG1,IZZATNAGAR,NER,KASGANJ,UTTAR PRADESH,1,135,5.88
2751,AKELA HANSPUR HALT,ALNP,HG2,IZZATNAGAR,NER,PILIBHIT,UTTAR PRADESH,2,135,5.88
2752,ATAMANDA,AMA,HG2,IZZATNAGAR,NER,BAREILLY,UTTAR PRADESH,2,135,5.88
2753,BASTOI HALT,BTRO,HG2,IZZATNAGAR,NER,HATHRAS,UTTAR PRADESH,2,135,5.88
2754,BERIA DAULAT HALT,BRDT,HG2,IZZATNAGAR,NER,UDAM SINGH NAGAR,UTTARAKHAND,2,135,5.88
2755,BHATASA HALT,BHTS,HG2,IZZATNAGAR,NER,FARRUKHABAD,UTTAR PRADESH,2,135,5.88
2756,CHAKSAFAURA HALT,CKSR,HG2,IZZATNAGAR,NER,SHAHJAHANPUR,UTTAR PRADESH,2,135,5.88
2757,DHAURSALAR HALT,DUO,HG2,IZZATNAGAR,NER,KANPUR NAGAR,UTTAR PRADESH,2,135,5.88
2758,GANGWA PUR HALT,GWP,HG2,IZZATNAGAR,NER,KANPUR DEHAT,UTTAR PRADESH,2,135,5.88
2759,GARKHA F,GRAK,HG2,IZZATNAGAR,NER,KASGANJ,UTTAR PRADESH,2,135,5.88
2760,GAUSHALA F,GWS,HG2,IZZATNAGAR,NER,UDAM SINGH NAGAR,UTTARAKHAND,2,135,5.88
2761,GOT HALT,GOT,HG2,IZZATNAGAR,NER,MORADABAD,UTTAR PRADESH,2,135,5.88
2762,HARSINGHPUR GOBA,HSY,HG2,IZZATNAGAR,NER,FARRUKHABAD,UTTAR PRADESH,2,135,5.88
2763,HATHRAS ROAD,HTJ,HG2,IZZATNAGAR,NER,HATHRAS,UTTAR PRADESH,2,135,5.88
2764,JALALPUR-PANWARA F,JPP,HG2,IZZATNAGAR,NER,KANNAUJ,UTTAR PRADESH,2,135,5.88
2765,JALPUR HALT,JLQ,HG2,IZZATNAGAR,NER,MORADABAD,UTTAR PRADESH,2,135,5.88
2766,KACHHLA,KCU,HG2,IZZATNAGAR,NER,BUDAUN,UTTAR PRADESH,2,135,5.88
2767,KACHHLA BRIDGE HALT,KCO,HG2,IZZATNAGAR,NER,BUDAUN,UTTAR PRADESH,2,135,5.88
2768,KANNAUJ CITY FLAG,KJNC,HG2,IZZATNAGAR,NER,KANNAUJ,UTTAR PRADESH,2,135,5.88
2769,KEMRI HALT,KEMR,HG2,IZZATNAGAR,NER,RAMPUR,UTTAR PRADESH,2,135,5.88
2770,KHUDLAPUR F,KHDP,HG2,IZZATNAGAR,NER,KANNAUJ,UTTAR PRADESH,2,135,5.88
2771,KURRAIYA,KRYA,HG2,IZZATNAGAR,NER,PILIBHIT,UTTAR PRADESH,2,135,5.88
2772,MALIKPUR HALT,MLKP,HG2,IZZATNAGAR,NER,KANNAUJ,UTTAR PRADESH,2,135,5.88
2773,MANI MAU,MNMU,HG2,IZZATNAGAR,NER,KANNAUJ,UTTAR PRADESH,2,135,5.88
2774,MIGHAUNA HALT,MIW,HG2,IZZATNAGAR,NER,PILIBHIT,UTTAR PRADESH,2,135,5.88
2775,NARTHAR HALT,NHX,HG2,IZZATNAGAR,NER,KASGANJ,UTTAR PRADESH,2,135,5.88
2776,PADIYA NAGLA HALT,PAQ,HG2,IZZATNAGAR,NER,MORADABAD,UTTAR PRADESH,2,135,5.88
2777,PAUTA HALT,PUF,HG2,IZZATNAGAR,NER,PILIBHIT,UTTAR PRADESH,2,135,5.88
2778,PIRUMADARA HALT,PRM,HG2,IZZATNAGAR,NER,NAINITAL,UTTARAKHAND,2,135,5.88
2779,PRASADPUR HALT,PRSP,HG2,IZZATNAGAR,NER,PILIBHIT,UTTAR PRADESH,2,135,5.88
2780,RICHHA ROAD,RR,HG2,IZZATNAGAR,NER,BAREILLY,UTTAR PRADESH,2,135,5.88
2781,RUDRAPUR SIDCUL HALT,RPSC,HG2,IZZATNAGAR,NER,UDAM SINGH NAGAR,UTTARAKHAND,2,135,5.88
2782,SARKARA,SKX,HG2,IZZATNAGAR,NER,UDAM SINGH NAGAR,UTTARAKHAND,2,135,5.88
2783,SEHAL HALT,SEW,HG2,IZZATNAGAR,NER,MORADABAD,UTTAR PRADESH,2,135,5.88
2784,SHEIKHUPUR,SKW,HG2,IZZATNAGAR,NER,BUDAUN,UTTAR PRADESH,2,135,5.88
2785,SHERGANJ HALT,SNZ,HG2,IZZATNAGAR,NER,PILIBHIT,UTTAR PRADESH,2,135,5.88
2786,SHUKARULLAHPUR HALT,SHX,HG2,IZZATNAGAR,NER,FARRUKHABAD,UTTAR PRADESH,2,135,5.88
2787,SINGHIRAMPUR HALT,SGRP,HG2,IZZATNAGAR,NER,FARRUKHABAD,UTTAR PRADESH,2,135,5.88
2788,UDAYPUR KHURD HALT,UDKN,HG2,IZZATNAGAR,NER,PILIBHIT,UTTAR PRADESH,2,135,5.88
2789,VAZEER PUR,VZPH,HG2,IZZATNAGAR,NER,SHAHJAHANPUR,UTTAR PRADESH,2,135,5.88
2790,YAQUTGANJ HALT,YAG,HG2,IZZATNAGAR,NER,FARRUKHABAD,UTTAR PRADESH,2,135,5.88
2791,ZINDPURA HALT,ZNP,HG2,IZZATNAGAR,NER,SHAHJAHANPUR,UTTAR PRADESH,2,135,5.88
2792,ARELI HALT,ARX,HG3,IZZATNAGAR,NER,SHAHJAHANPUR,UTTAR PRADESH,3,135,5.88
2793,BAKHOTI KHAS HALT,BKTS,HG3,IZZATNAGAR,NER,KANPUR DEHAT,UTTAR PRADESH,3,135,5.88
2794,CHAKARPUR HALT,CKK,HG3,IZZATNAGAR,NER,UDAM SINGH NAGAR,UTTARAKHAND,3,135,5.88
2795,DHAKIA TIWARI HALT,DOT,HG3,IZZATNAGAR,NER,SHAHJAHANPUR,UTTAR PRADESH,3,135,5.88
2796,DIBNAPUR HALT,DBNR,HG3,IZZATNAGAR,NER,BAREILLY,UTTAR PRADESH,3,135,5.88
2797,DIYURI HALT,DYU,HG3,IZZATNAGAR,NER,PILIBHIT,UTTAR PRADESH,3,135,5.88
2798,GANGAGARH HALT,GGG,HG3,IZZATNAGAR,NER,KASGANJ,UTTAR PRADESH,3,135,5.88
2799,KARTAULI HALT,KRTL,HG3,IZZATNAGAR,NER,BUDAUN,UTTAR PRADESH,3,135,5.88
2800,KHIRIA KHURD HALT,KIE,HG3,IZZATNAGAR,NER,SHAHJAHANPUR,UTTAR PRADESH,3,135,5.88
2801,LALAURI KHERA,LUA,HG3,IZZATNAGAR,NER,PILIBHIT,UTTAR PRADESH,3,135,5.88
2802,MALLAN NAGAR HALT,MQW,HG3,IZZATNAGAR,NER,BUDAUN,UTTAR PRADESH,3,135,5.88
2803,PRATABPUR HALT,PTPR,HG3,IZZATNAGAR,NER,PILIBHIT,UTTAR PRADESH,3,135,5.88
2804,SANDAI HALT,SNDY,HG3,IZZATNAGAR,NER,PILIBHIT,UTTAR PRADESH,3,135,5.88
2805,KATHGODAM,KGM,NSG3,IZZATNAGAR,NER,NAINITAL,UTTARAKHAND,6,135,5.88
2806,BAREILLY CITY,BC,NSG4,IZZATNAGAR,NER,BAREILLY,UTTAR PRADESH,7,135,5.88
2807,FARRUKHABAD JN.,FBD,NSG4,IZZATNAGAR,NER,FARRUKHABAD,UTTAR PRADESH,7,135,5.88
2808,HALDWANI,HDW,NSG4,IZZATNAGAR,NER,NAINITAL,UTTARAKHAND,7,135,5.88
2809,KANNAUJ,KJN,NSG4,IZZATNAGAR,NER,KANNAUJ,UTTAR PRADESH,7,135,5.88
2810,KASGANJ JN.,KSJ,NSG4,IZZATNAGAR,NER,KASGANJ,UTTAR PRADESH,7,135,5.88
2811,KASHIPUR JN.,KPV,NSG4,IZZATNAGAR,NER,UDAM SINGH NAGAR,UTTARAKHAND,7,135,5.88
2812,LALKUA JN.,LKU,NSG4,IZZATNAGAR,NER,NAINITAL,UTTARAKHAND,7,135,5.88
2813,PILIBHIT JN.,PBE,NSG4,IZZATNAGAR,NER,PILIBHIT,UTTAR PRADESH,7,135,5.88
2814,RUDRAPUR CITY,RUPC,NSG4,IZZATNAGAR,NER,UDAM SINGH NAGAR,UTTARAKHAND,7,135,5.88
2815,ALIGANJ,ALJ,NSG5,IZZATNAGAR,NER,MORADABAD,UTTAR PRADESH,8,135,5.88
2816,BADAUN,BEM,NSG5,IZZATNAGAR,NER,BUDAUN,UTTAR PRADESH,8,135,5.88
2817,BAHERI,BHI,NSG5,IZZATNAGAR,NER,BAREILLY,UTTAR PRADESH,8,135,5.88
2818,BARRAJPUR,BJR,NSG5,IZZATNAGAR,NER,KANPUR NAGAR,UTTAR PRADESH,8,135,5.88
2819,BAZPUR,BPZ,NSG5,IZZATNAGAR,NER,UDAM SINGH NAGAR,UTTARAKHAND,8,135,5.88
2820,BILHAUR,BLU,NSG5,IZZATNAGAR,NER,KANPUR NAGAR,UTTAR PRADESH,8,135,5.88
2821,BISALPUR,BSUR,NSG5,IZZATNAGAR,NER,PILIBHIT,UTTAR PRADESH,8,135,5.88
2822,DARYAOGANJ,DRO,NSG5,IZZATNAGAR,NER,KASGANJ,UTTAR PRADESH,8,135,5.88
2823,FATEHGARH,FGR,NSG5,IZZATNAGAR,NER,FARRUKHABAD,UTTAR PRADESH,8,135,5.88
2824,GANJ DUNDWARA,GWA,NSG5,IZZATNAGAR,NER,KASGANJ,UTTAR PRADESH,8,135,5.88
2825,GURSAHAIGANJ,GHJ,NSG5,IZZATNAGAR,NER,KANNAUJ,UTTAR PRADESH,8,135,5.88
2826,HATHRAS CITY,HTC,NSG5,IZZATNAGAR,NER,HATHRAS,UTTAR PRADESH,8,135,5.88
2827,IZZATNAGAR JN.,IZN,NSG5,IZZATNAGAR,NER,BAREILLY,UTTAR PRADESH,8,135,5.88
2828,KAIMGANJ,KMJ,NSG5,IZZATNAGAR,NER,FARRUKHABAD,UTTAR PRADESH,8,135,5.88
2829,KALIANPUR,KAP,NSG5,IZZATNAGAR,NER,KANPUR NAGAR,UTTAR PRADESH,8,135,5.88
2830,KAMALGANJ,KLJ,NSG5,IZZATNAGAR,NER,FARRUKHABAD,UTTAR PRADESH,8,135,5.88
2831,KICHHA,KHH,NSG5,IZZATNAGAR,NER,UDAM SINGH NAGAR,UTTARAKHAND,8,135,5.88
2832,MATHURA CANT,MRT,NSG5,IZZATNAGAR,NER,MATHURA,UTTAR PRADESH,8,135,5.88
2833,PATIALI,PTI,NSG5,IZZATNAGAR,NER,KASGANJ,UTTAR PRADESH,8,135,5.88
2834,RAMNAGAR,RMR,NSG5,IZZATNAGAR,NER,NAINITAL,UTTARAKHAND,8,135,5.88
2835,RAWATPUR,RPO,NSG5,IZZATNAGAR,NER,KANPUR NAGAR,UTTAR PRADESH,8,135,5.88
2836,ROSHANPUR,RHN,NSG5,IZZATNAGAR,NER,MORADABAD,UTTAR PRADESH,8,135,5.88
2837,RUDAIN,RDN,NSG5,IZZATNAGAR,NER,FARRUKHABAD,UTTAR PRADESH,8,135,5.88
2838,SAHAWAR TOWN,SWRT,NSG5,IZZATNAGAR,NER,KASGANJ,UTTAR PRADESH,8,135,5.88
2839,SIKANDRA RAO,SKA,NSG5,IZZATNAGAR,NER,HATHRAS,UTTAR PRADESH,8,135,5.88
2840,TANAKPUR,TPU,NSG5,IZZATNAGAR,NER,CHAMPAWAT,UTTARAKHAND,8,135,5.88
2841,AGSAULI,AUL,NSG6,IZZATNAGAR,NER,HATHRAS,UTTAR PRADESH,9,135,5.88
2842,ARAUL MAKANPUR,ARL,NSG6,IZZATNAGAR,NER,KANPUR NAGAR,UTTAR PRADESH,9,135,5.88
2843,BADHARI KALAN,BHK,NSG6,IZZATNAGAR,NER,KASGANJ,UTTAR PRADESH,9,135,5.88
2844,BAMIANA,BMY,NSG6,IZZATNAGAR,NER,BAREILLY,UTTAR PRADESH,9,135,5.88
2845,BANBASA,BNSA,NSG6,IZZATNAGAR,NER,CHAMPAWAT,UTTARAKHAND,9,135,5.88
2846,BHOJIPURA JN.,BPR,NSG6,IZZATNAGAR,NER,BAREILLY,UTTAR PRADESH,9,135,5.88
2847,BHOPATPUR,BFPA,NSG6,IZZATNAGAR,NER,PILIBHIT,UTTAR PRADESH,9,135,5.88
2848,BIJAURIA,BJV,NSG6,IZZATNAGAR,NER,BAREILLY,UTTAR PRADESH,9,135,5.88
2849,BILASPUR ROAD,BLQR,NSG6,IZZATNAGAR,NER,RAMPUR,UTTAR PRADESH,9,135,5.88
2850,BITROI,BTRI,NSG6,IZZATNAGAR,NER,BUDAUN,UTTAR PRADESH,9,135,5.88
2851,BRAHMAVART,BRT,NSG6,IZZATNAGAR,NER,KANPUR NAGAR,UTTAR PRADESH,9,135,5.88
2852,CHAMRUA,CHRU,NSG6,IZZATNAGAR,NER,RAMPUR,UTTAR PRADESH,9,135,5.88
2853,CHAUBEPUR,CBR,NSG6,IZZATNAGAR,NER,KANPUR NAGAR,UTTAR PRADESH,9,135,5.88
2854,DEORANIAN,DRN,NSG6,IZZATNAGAR,NER,BAREILLY,UTTAR PRADESH,9,135,5.88
2855,DOHNA,DOX,NSG6,IZZATNAGAR,NER,BAREILLY,UTTAR PRADESH,9,135,5.88
2856,GHATPURI,GTP,NSG6,IZZATNAGAR,NER,BUDAUN,UTTAR PRADESH,9,135,5.88
2857,GULARBHOJ,GUB,NSG6,IZZATNAGAR,NER,UDAM SINGH NAGAR,UTTARAKHAND,9,135,5.88
2858,HALDI ROAD,HLDD,NSG6,IZZATNAGAR,NER,UDAM SINGH NAGAR,UTTARAKHAND,9,135,5.88
2859,JASODA,JDA,NSG6,IZZATNAGAR,NER,KANNAUJ,UTTAR PRADESH,9,135,5.88
2860,KAMPIL ROAD,KXF,NSG6,IZZATNAGAR,NER,FARRUKHABAD,UTTAR PRADESH,9,135,5.88
2861,KASGANJ CITY,KJC,NSG6,IZZATNAGAR,NER,KASGANJ,UTTAR PRADESH,9,135,5.88
2862,KHATIMA,KHMA,NSG6,IZZATNAGAR,NER,UDAM SINGH NAGAR,UTTARAKHAND,9,135,5.88
2863,KHUDAGANJ,KDJ,NSG6,IZZATNAGAR,NER,FARRUKHABAD,UTTAR PRADESH,9,135,5.88
2864,MAJHOLA PAKARIYA,MJZ,NSG6,IZZATNAGAR,NER,PILIBHIT,UTTAR PRADESH,9,135,5.88
2865,MAKRANDPUR,MQP,NSG6,IZZATNAGAR,NER,BAREILLY,UTTAR PRADESH,9,135,5.88
2866,MANDHANA JN.,MDA,NSG6,IZZATNAGAR,NER,KANPUR NAGAR,UTTAR PRADESH,9,135,5.88
2867,MANPUR NAGARIA,MPG,NSG6,IZZATNAGAR,NER,KASGANJ,UTTAR PRADESH,9,135,5.88
2868,MARAHRA,MHA,NSG6,IZZATNAGAR,NER,ETAH,UTTAR PRADESH,9,135,5.88
2869,MENDU HALT,MEU,NSG6,IZZATNAGAR,NER,HATHRAS,UTTAR PRADESH,9,135,5.88
2870,MURSAN,MSN,NSG6,IZZATNAGAR,NER,HATHRAS,UTTAR PRADESH,9,135,5.88
2871,NIGOHI,NOH,NSG6,IZZATNAGAR,NER,SHAHJAHANPUR,UTTAR PRADESH,9,135,5.88
2872,NYORIYA HUSENPUR,NRY,NSG6,IZZATNAGAR,NER,PILIBHIT,UTTAR PRADESH,9,135,5.88
2873,PANTNAGAR,PBW,NSG6,IZZATNAGAR,NER,UDAM SINGH NAGAR,UTTARAKHAND,9,135,5.88
2874,PIPALSANA,PLS,NSG6,IZZATNAGAR,NER,MORADABAD,UTTAR PRADESH,9,135,5.88
2875,RATI-KA-NAGLA,RKN,NSG6,IZZATNAGAR,NER,HATHRAS,UTTAR PRADESH,9,135,5.88
2876,RAYA,RAYA,NSG6,IZZATNAGAR,NER,MATHURA,UTTAR PRADESH,9,135,5.88
2877,SAITHAL,STH,NSG6,IZZATNAGAR,NER,BAREILLY,UTTAR PRADESH,9,135,5.88
2878,SHAHBAZNAGAR,SZN,NSG6,IZZATNAGAR,NER,SHAHJAHANPUR,UTTAR PRADESH,9,135,5.88
2879,SHAHI,SSC,NSG6,IZZATNAGAR,NER,PILIBHIT,UTTAR PRADESH,9,135,5.88
2880,SHAMSABAD,SSD,NSG6,IZZATNAGAR,NER,FARRUKHABAD,UTTAR PRADESH,9,135,5.88
2881,SONAI,SYZ,NSG6,IZZATNAGAR,NER,MATHURA,UTTAR PRADESH,9,135,5.88
2882,SORON SHUKAR KSHETRA,SRNK,NSG6,IZZATNAGAR,NER,KASGANJ,UTTAR PRADESH,9,135,5.88
2883,UJHANI,UJH,NSG6,IZZATNAGAR,NER,BUDAUN,UTTAR PRADESH,9,135,5.88
2884,UTRI PURA,UTP,NSG6,IZZATNAGAR,NER,KANPUR NAGAR,UTTAR PRADESH,9,135,5.88
2885,AHIRAULI HALT,AHU,HG2,LUCKNOW,NER,SIDDHARTH NAGAR,UTTAR PRADESH,2,355,5.88
2886,BABAGANJ HALT,BBJ,HG2,LUCKNOW,NER,BAHRAICH,UTTAR PRADESH,2,355,5.88
2887,BABUPUR HALT,BBPR,HG2,LUCKNOW,NER,SITAPUR,UTTAR PRADESH,2,355,5.88
2888,BARWA KALAN HALT,BRSA,HG2,LUCKNOW,NER,MAHARAJGANJ,UTTAR PRADESH,2,355,5.88
2889,BHAGIRATHPUR HALT,BHGP,HG2,LUCKNOW,NER,MAHARAJGANJ,UTTAR PRADESH,2,355,5.88
2890,JHAMAT HALT,JLT,HG2,LUCKNOW,NER,MAHARAJGANJ,UTTAR PRADESH,2,355,5.88
2891,KAKRAHA REST HOUSE,KARH,HG2,LUCKNOW,NER,BAHRAICH,UTTAR PRADESH,2,355,5.88
2892,KASTURI HALT,KSR,HG2,LUCKNOW,NER,GONDA,UTTAR PRADESH,2,355,5.88
2893,KATHOLA HALT,KTHL,HG2,LUCKNOW,NER,GONDA,UTTAR PRADESH,2,355,5.88
2894,KAURIA JUNGLE HALT,JKI,HG2,LUCKNOW,NER,GORAKHPUR,UTTAR PRADESH,2,355,5.88
2895,KHIRI TOWN HALT,KITN,HG2,LUCKNOW,NER,KHERI,UTTAR PRADESH,2,355,5.88
2896,LEHRA F,LER,HG2,LUCKNOW,NER,MAHARAJGANJ,UTTAR PRADESH,2,355,5.88
2897,LOHARPURWA HALT,LPW,HG2,LUCKNOW,NER,GORAKHPUR,UTTAR PRADESH,2,355,5.88
2898,LOK VIDYAPITH NAGAR,LVR,HG2,LUCKNOW,NER,MAHARAJGANJ,UTTAR PRADESH,2,355,5.88
2899,MAHADEVA BUZURG HALT,MHBG,HG2,LUCKNOW,NER,SIDDHARTH NAGAR,UTTAR PRADESH,2,355,5.88
2900,MAHAWAN KHOR HALT,MVKR,HG2,LUCKNOW,NER,GORAKHPUR,UTTAR PRADESH,2,355,5.88
2901,MAHTHA BAZAR HALT,MHBZ,HG2,LUCKNOW,NER,SIDDHARTH NAGAR,UTTAR PRADESH,2,355,5.88
2902,NAIKOT F,NIT,HG2,LUCKNOW,NER,MAHARAJGANJ,UTTAR PRADESH,2,355,5.88
2903,NAWABGANJ(GONDA) HAL,NGB,HG2,LUCKNOW,NER,GONDA,UTTAR PRADESH,2,355,5.88
2904,OEL HALT,OEL,HG2,LUCKNOW,NER,KHERI,UTTAR PRADESH,2,355,5.88
2905,PAINTEPUR,PPE,HG2,LUCKNOW,NER,BARABANKI,UTTAR PRADESH,2,355,5.88
2906,PHARADAHAN HALT,PD,HG2,LUCKNOW,NER,KHERI,UTTAR PRADESH,2,355,5.88
2907,PURANDARPUR HALT,PDPR,HG2,LUCKNOW,NER,MAHARAJGANJ,UTTAR PRADESH,2,355,5.88
2908,RAMAIPUR,RAMR,HG2,LUCKNOW,NER,SITAPUR,UTTAR PRADESH,2,355,5.88
2909,RAMCHAURA HALT,RCRA,HG2,LUCKNOW,NER,GORAKHPUR,UTTAR PRADESH,2,355,5.88
2910,RAMGHAT HALT,RMBG,HG2,LUCKNOW,NER,AYODHYA,UTTAR PRADESH,2,355,5.88
2911,SHANKERPUR HALT,SKLP,HG2,LUCKNOW,NER,SITAPUR,UTTAR PRADESH,2,355,5.88
2912,TAPPA KHAJURIA,TKUR,HG2,LUCKNOW,NER,SITAPUR,UTTAR PRADESH,2,355,5.88
2913,TIKRI,TRE,HG2,LUCKNOW,NER,GONDA,UTTAR PRADESH,2,355,5.88
2914,BABHANJYOTIYA HALT,BNGY,HG3,LUCKNOW,NER,GONDA,UTTAR PRADESH,3,355,5.88
2915,BAHELIA BUZURG HALT,BFV,HG3,LUCKNOW,NER,KHERI,UTTAR PRADESH,3,355,5.88
2916,BHAWANIPUR KALAN,BWP,HG3,LUCKNOW,NER,GONDA,UTTAR PRADESH,3,355,5.88
2917,BHIKAMPUR HALT,BKHP,HG3,LUCKNOW,NER,KHERI,UTTAR PRADESH,3,355,5.88
2918,BHURJIHA BARAGAON HA,BUGN,HG3,LUCKNOW,NER,SITAPUR,UTTAR PRADESH,3,355,5.88
2919,GAIGHAT HALT,GIHT,HG3,LUCKNOW,NER,BAHRAICH,UTTAR PRADESH,3,355,5.88
2920,GAINJAHWA,GAW,HG3,LUCKNOW,NER,BALRAMPUR,UTTAR PRADESH,3,355,5.88
2921,JHAREKAPUR,JKP,HG3,LUCKNOW,NER,SITAPUR,UTTAR PRADESH,3,355,5.88
2922,KADIPUR SANI HALT,KDPS,HG3,LUCKNOW,NER,KHERI,UTTAR PRADESH,3,355,5.88
2923,KHAIRATIYA BANDH ROA,KYBR,HG3,LUCKNOW,NER,KHERI,UTTAR PRADESH,3,355,5.88
2924,LAIBURWA HALT,LBW,HG3,LUCKNOW,NER,BALRAMPUR,UTTAR PRADESH,3,355,5.88
2925,LAKSHMANPUR HALT,LHNR,HG3,LUCKNOW,NER,BALRAMPUR,UTTAR PRADESH,3,355,5.88
2926,MANWA HALT,MANW,HG3,LUCKNOW,NER,SITAPUR,UTTAR PRADESH,3,355,5.88
2927,MUNDA GOPAL ASHRAM H,MGPA,HG3,LUCKNOW,NER,BARABANKI,UTTAR PRADESH,3,355,5.88
2928,PERSEHRA MAL HALT,PMM,HG3,LUCKNOW,NER,SITAPUR,UTTAR PRADESH,3,355,5.88
2929,RAFINAGAR F,RFR,HG3,LUCKNOW,NER,BARABANKI,UTTAR PRADESH,3,355,5.88
2930,RAWATGANJ F,RJ,HG3,LUCKNOW,NER,GORAKHPUR,UTTAR PRADESH,3,355,5.88
2931,REHTA,RTS,HG3,LUCKNOW,NER,BAHRAICH,UTTAR PRADESH,3,355,5.88
2932,SIHAPAR HALT,SIPR,HG3,LUCKNOW,NER,GORAKHPUR,UTTAR PRADESH,3,355,5.88
2933,SITAPUR KUTCHERY HAL,STRK,HG3,LUCKNOW,NER,SITAPUR,UTTAR PRADESH,3,355,5.88
2934,SURAINCHA HALT,SUIA,HG3,LUCKNOW,NER,SITAPUR,UTTAR PRADESH,3,355,5.88
2935,TRILOKPUR HALT,TPB,HG3,LUCKNOW,NER,BALRAMPUR,UTTAR PRADESH,3,355,5.88
2936,YOGENDRA DHAM HALT,YEAM,HG3,LUCKNOW,NER,BAHRAICH,UTTAR PRADESH,3,355,5.88
2937,GORAKHPUR JN.,GKP,NSG2,LUCKNOW,NER,GORAKHPUR,UTTAR PRADESH,5,355,5.88
2938,LUCKNOW JN.,LJN,NSG2,LUCKNOW,NER,LUCKNOW,UTTAR PRADESH,5,355,5.88
2939,BASTI,BST,NSG3,LUCKNOW,NER,BASTI,UTTAR PRADESH,6,355,5.88
2940,GONDA JN.,GD,NSG3,LUCKNOW,NER,GONDA,UTTAR PRADESH,6,355,5.88
2941,BADSHAHNAGAR,BNZ,NSG4,LUCKNOW,NER,LUCKNOW,UTTAR PRADESH,7,355,5.88
2942,KHALILABAD,KLD,NSG4,LUCKNOW,NER,SANT KABEER NAGAR,UTTAR PRADESH,7,355,5.88
2943,MANKAPUR JN.,MUR,NSG4,LUCKNOW,NER,GONDA,UTTAR PRADESH,7,355,5.88
2944,ANAND NAGAR JN.,ANDN,NSG5,LUCKNOW,NER,MAHARAJGANJ,UTTAR PRADESH,8,355,5.88
2945,BABHNAN,BV,NSG5,LUCKNOW,NER,BASTI,UTTAR PRADESH,8,355,5.88
2946,BAHRAICH,BRK,NSG5,LUCKNOW,NER,BAHRAICH,UTTAR PRADESH,8,355,5.88
2947,BALRAMPUR,BLP,NSG5,LUCKNOW,NER,BALRAMPUR,UTTAR PRADESH,8,355,5.88
2948,BARHNI,BNY,NSG5,LUCKNOW,NER,SIDDHARTH NAGAR,UTTAR PRADESH,8,355,5.88
2949,BISWAN,BVN,NSG5,LUCKNOW,NER,SITAPUR,UTTAR PRADESH,8,355,5.88
2950,BURHWAL JN.,BUW,NSG5,LUCKNOW,NER,BARABANKI,UTTAR PRADESH,8,355,5.88
2951,COLONELGANJ,CLJ,NSG5,LUCKNOW,NER,GONDA,UTTAR PRADESH,8,355,5.88
2952,GOMTINAGAR F,GTNR,NSG5,LUCKNOW,NER,LUCKNOW,UTTAR PRADESH,8,355,5.88
2953,JARWAL ROAD,JLD,NSG5,LUCKNOW,NER,BAHRAICH,UTTAR PRADESH,8,355,5.88
2954,JHARKHANDI F,JKNI,NSG5,LUCKNOW,NER,BALRAMPUR,UTTAR PRADESH,8,355,5.88
2955,LAKHIMPUR,LMP,NSG5,LUCKNOW,NER,KHERI,UTTAR PRADESH,8,355,5.88
2956,LUCKNOW CITY,LC,NSG5,LUCKNOW,NER,LUCKNOW,UTTAR PRADESH,8,355,5.88
2957,MAHMUDABAD (AVADH),MMB,NSG5,LUCKNOW,NER,SITAPUR,UTTAR PRADESH,8,355,5.88
2958,MAILANI JN.,MLN,NSG5,LUCKNOW,NER,KHERI,UTTAR PRADESH,8,355,5.88
2959,MASKANWA,MSW,NSG5,LUCKNOW,NER,GONDA,UTTAR PRADESH,8,355,5.88
2960,NANPARA JN.,NNP,NSG5,LUCKNOW,NER,BAHRAICH,UTTAR PRADESH,8,355,5.88
2961,NAUTANWA,NTV,NSG5,LUCKNOW,NER,MAHARAJGANJ,UTTAR PRADESH,8,355,5.88
2962,PALIA KALAN,PLK,NSG5,LUCKNOW,NER,KHERI,UTTAR PRADESH,8,355,5.88
2963,SHOHRATGARH,SOT,NSG5,LUCKNOW,NER,SIDDHARTH NAGAR,UTTAR PRADESH,8,355,5.88
2964,SIDDHARTH NAGAR,SDDN,NSG5,LUCKNOW,NER,SIDDHARTH NAGAR,UTTAR PRADESH,8,355,5.88
2965,SITAPUR JN.,STP,NSG5,LUCKNOW,NER,SITAPUR,UTTAR PRADESH,8,355,5.88
2966,TULSIPUR,TLR,NSG5,LUCKNOW,NER,BALRAMPUR,UTTAR PRADESH,8,355,5.88
2967,AISHBAGH,ASH,NSG6,LUCKNOW,NER,LUCKNOW,UTTAR PRADESH,9,355,5.88
2968,ATARIA,AA,NSG6,LUCKNOW,NER,SITAPUR,UTTAR PRADESH,9,355,5.88
2969,BAKSHI KA TALAB,BKT,NSG6,LUCKNOW,NER,LUCKNOW,UTTAR PRADESH,9,355,5.88
2970,BANGAIN,BGAN,NSG6,LUCKNOW,NER,GONDA,UTTAR PRADESH,9,355,5.88
2971,BANKEGANJ,BNKJ,NSG6,LUCKNOW,NER,KHERI,UTTAR PRADESH,9,355,5.88
2972,BARAI JALALPUR,BJLP,NSG6,LUCKNOW,NER,SITAPUR,UTTAR PRADESH,9,355,5.88
2973,BARUA CHAK,BRCK,NSG6,LUCKNOW,NER,GONDA,UTTAR PRADESH,9,355,5.88
2974,BELRAYAN,BXM,NSG6,LUCKNOW,NER,KHERI,UTTAR PRADESH,9,355,5.88
2975,BHIRA KHERI,BIK,NSG6,LUCKNOW,NER,KHERI,UTTAR PRADESH,9,355,5.88
2976,BICHIA,BIC,NSG6,LUCKNOW,NER,BAHRAICH,UTTAR PRADESH,9,355,5.88
2977,BINDAURA,BUR,NSG6,LUCKNOW,NER,BARABANKI,UTTAR PRADESH,9,355,5.88
2978,BISHESHWARGANJ,BEU,NSG6,LUCKNOW,NER,BAHRAICH,UTTAR PRADESH,9,355,5.88
2979,BRIJMANGANJ,BMJ,NSG6,LUCKNOW,NER,MAHARAJGANJ,UTTAR PRADESH,9,355,5.88
2980,CAMPIERGANJ,CM,NSG6,LUCKNOW,NER,GORAKHPUR,UTTAR PRADESH,9,355,5.88
2981,CHILHIA,CIH,NSG6,LUCKNOW,NER,SIDDHARTH NAGAR,UTTAR PRADESH,9,355,5.88
2982,CHILWARIYA,CLW,NSG6,LUCKNOW,NER,BAHRAICH,UTTAR PRADESH,9,355,5.88
2983,CHOWKA GHAT,CKG,NSG6,LUCKNOW,NER,BARABANKI,UTTAR PRADESH,9,355,5.88
2984,CHUREB,CRV,NSG6,LUCKNOW,NER,SANT KABEER NAGAR,UTTAR PRADESH,9,355,5.88
2985,DALIGANJ JN.,DAL,NSG6,LUCKNOW,NER,LUCKNOW,UTTAR PRADESH,9,355,5.88
2986,DEOKALI HALT,DEO,NSG6,LUCKNOW,NER,KHERI,UTTAR PRADESH,9,355,5.88
2987,DOMINGARH,DMG,NSG6,LUCKNOW,NER,GORAKHPUR,UTTAR PRADESH,9,355,5.88
2988,DUDWA,DDW,NSG6,LUCKNOW,NER,KHERI,UTTAR PRADESH,9,355,5.88
2989,GAINSARI JN.,GIR,NSG6,LUCKNOW,NER,BALRAMPUR,UTTAR PRADESH,9,355,5.88
2990,GANGA DHAM,GADM,NSG6,LUCKNOW,NER,GONDA,UTTAR PRADESH,9,355,5.88
2991,GAUR,GAUR,NSG6,LUCKNOW,NER,BASTI,UTTAR PRADESH,9,355,5.88
2992,GHAGHARA GHAT,GHT,NSG6,LUCKNOW,NER,BAHRAICH,UTTAR PRADESH,9,355,5.88
2993,GOLA GOKARANATH,GK,NSG6,LUCKNOW,NER,KHERI,UTTAR PRADESH,9,355,5.88
2994,GONDA KACHAHRI,GDK,NSG6,LUCKNOW,NER,GONDA,UTTAR PRADESH,9,355,5.88
2995,GORAKHPUR CANTT.,GKC,NSG6,LUCKNOW,NER,GORAKHPUR,UTTAR PRADESH,9,355,5.88
2996,GOVINDNAGAR,GOVR,NSG6,LUCKNOW,NER,BASTI,UTTAR PRADESH,9,355,5.88
2997,HARGAON,HA,NSG6,LUCKNOW,NER,SITAPUR,UTTAR PRADESH,9,355,5.88
2998,INTIYATHOK,ITE,NSG6,LUCKNOW,NER,GONDA,UTTAR PRADESH,9,355,5.88
2999,ITAUNJA,IJ,NSG6,LUCKNOW,NER,LUCKNOW,UTTAR PRADESH,9,355,5.88
3000,JAGATBELA,JTB,NSG6,LUCKNOW,NER,GORAKHPUR,UTTAR PRADESH,9,355,5.88
3001,JAHANGIRABAD RAJ,JBR,NSG6,LUCKNOW,NER,BARABANKI,UTTAR PRADESH,9,355,5.88
3002,JARWA,JAW,NSG6,LUCKNOW,NER,BALRAMPUR,UTTAR PRADESH,9,355,5.88
3003,JHILAHI,JLHI,NSG6,LUCKNOW,NER,GONDA,UTTAR PRADESH,9,355,5.88
3004,KAMALAPUR,KMP,NSG6,LUCKNOW,NER,SITAPUR,UTTAR PRADESH,9,355,5.88
3005,KATRA,KEA,NSG6,LUCKNOW,NER,GONDA,UTTAR PRADESH,9,355,5.88
3006,KAUWAPUR,KPE,NSG6,LUCKNOW,NER,BALRAMPUR,UTTAR PRADESH,9,355,5.88
3007,KHAIRABAD (AVADH),KB,NSG6,LUCKNOW,NER,SITAPUR,UTTAR PRADESH,9,355,5.88
3008,LACHMIPUR,LIR,NSG6,LUCKNOW,NER,MAHARAJGANJ,UTTAR PRADESH,9,355,5.88
3009,LAKHPAT NAGAR,LKNR,NSG6,LUCKNOW,NER,GONDA,UTTAR PRADESH,9,355,5.88
3010,MAGHAR,MHH,NSG6,LUCKNOW,NER,SANT KABEER NAGAR,UTTAR PRADESH,9,355,5.88
3011,MAIJAPUR,MIR,NSG6,LUCKNOW,NER,GONDA,UTTAR PRADESH,9,355,5.88
3012,MANIRAM,MIM,NSG6,LUCKNOW,NER,GORAKHPUR,UTTAR PRADESH,9,355,5.88
3013,MANJHRA PURAB,MJPB,NSG6,LUCKNOW,NER,KHERI,UTTAR PRADESH,9,355,5.88
3014,MATERA,MT,NSG6,LUCKNOW,NER,BAHRAICH,UTTAR PRADESH,9,355,5.88
3015,MIHINPURWA,MIN,NSG6,LUCKNOW,NER,BAHRAICH,UTTAR PRADESH,9,355,5.88
3016,MOHIBULLAPUR,MBP,NSG6,LUCKNOW,NER,LUCKNOW,UTTAR PRADESH,9,355,5.88
3017,MOTIGANJ,MOTG,NSG6,LUCKNOW,NER,GONDA,UTTAR PRADESH,9,355,5.88
3018,MUNDERWA,MND,NSG6,LUCKNOW,NER,BASTI,UTTAR PRADESH,9,355,5.88
3019,MURTIHA,MUH,NSG6,LUCKNOW,NER,BAHRAICH,UTTAR PRADESH,9,355,5.88
3020,NAKAHA JUNGLE,JEA,NSG6,LUCKNOW,NER,GORAKHPUR,UTTAR PRADESH,9,355,5.88
3021,NEPALGANJ ROAD,NPR,NSG6,LUCKNOW,NER,BAHRAICH,UTTAR PRADESH,9,355,5.88
3022,NISHANGARA,NSA,NSG6,LUCKNOW,NER,BAHRAICH,UTTAR PRADESH,9,355,5.88
3023,ORWARA,ORW,NSG6,LUCKNOW,NER,BASTI,UTTAR PRADESH,9,355,5.88
3024,PACHPERWA,PPW,NSG6,LUCKNOW,NER,BALRAMPUR,UTTAR PRADESH,9,355,5.88
3025,PARSA,PRZ,NSG6,LUCKNOW,NER,SIDDHARTH NAGAR,UTTAR PRADESH,9,355,5.88
3026,PARSA TIWARI,PATI,NSG6,LUCKNOW,NER,GONDA,UTTAR PRADESH,9,355,5.88
3027,PARSENDI,PSN,NSG6,LUCKNOW,NER,SITAPUR,UTTAR PRADESH,9,355,5.88
3028,PAYAGPUR,PDR,NSG6,LUCKNOW,NER,BAHRAICH,UTTAR PRADESH,9,355,5.88
3029,PEPPEGANJ,PJ,NSG6,LUCKNOW,NER,GORAKHPUR,UTTAR PRADESH,9,355,5.88
3030,RAIBOJHA,RBJ,NSG6,LUCKNOW,NER,BAHRAICH,UTTAR PRADESH,9,355,5.88
3031,RAZAGANJ HALT,RZJ,NSG6,LUCKNOW,NER,KHERI,UTTAR PRADESH,9,355,5.88
3032,RISIA,RS,NSG6,LUCKNOW,NER,BAHRAICH,UTTAR PRADESH,9,355,5.88
3033,SAHJANWA,SWA,NSG6,LUCKNOW,NER,GORAKHPUR,UTTAR PRADESH,9,355,5.88
3034,SARAYAN,SYU,NSG6,LUCKNOW,NER,SITAPUR,UTTAR PRADESH,9,355,5.88
3035,SARJU,SUJ,NSG6,LUCKNOW,NER,GONDA,UTTAR PRADESH,9,355,5.88
3036,SIDHAULI,SD,NSG6,LUCKNOW,NER,SITAPUR,UTTAR PRADESH,9,355,5.88
3037,SUBHAGPUR,SUBR,NSG6,LUCKNOW,NER,GONDA,UTTAR PRADESH,9,355,5.88
3038,SUNDHIA MAU,SDAM,NSG6,LUCKNOW,NER,BARABANKI,UTTAR PRADESH,9,355,5.88
3039,SWAMI N CHHAPIA,SNC,NSG6,LUCKNOW,NER,GONDA,UTTAR PRADESH,9,355,5.88
3040,TAHSIL FATEHPUR,TSF,NSG6,LUCKNOW,NER,BARABANKI,UTTAR PRADESH,9,355,5.88
3041,TIKUNIA,TQN,NSG6,LUCKNOW,NER,KHERI,UTTAR PRADESH,9,355,5.88
3042,TINICH,TH,NSG6,LUCKNOW,NER,BASTI,UTTAR PRADESH,9,355,5.88
3043,USKA BAZAR,UB,NSG6,LUCKNOW,NER,SIDDHARTH NAGAR,UTTAR PRADESH,9,355,5.88
3044,ABUTARA HALT,ABW,HG2,ALIPURDUAR,NFR,COOCHBEHAR,WEST BENGAL,2,85,6.62
3045,ALIPUR DUAR COURT,APDC,HG2,ALIPURDUAR,NFR,ALIPURDUAR,WEST BENGAL,2,85,6.62
3046,BHETAGURI,VTG,HG2,ALIPURDUAR,NFR,COOCHBEHAR,WEST BENGAL,2,85,6.62
3047,DINHATA COLLEGE HALT,DCH,HG2,ALIPURDUAR,NFR,COOCHBEHAR,WEST BENGAL,2,85,6.62
3048,FALIMARI,FLM,HG2,ALIPURDUAR,NFR,COOCHBEHAR,WEST BENGAL,2,85,6.62
3049,GAROPARA HALT,GRU,HG2,ALIPURDUAR,NFR,ALIPURDUAR,WEST BENGAL,2,85,6.62
3050,MOTERJHAR,MTJR,HG2,ALIPURDUAR,NFR,DHUBRI,ASSAM,2,85,6.62
3051,BASBARI,BSI,HG3,ALIPURDUAR,NFR,DHUBRI,ASSAM,3,85,6.62
3052,BIDYADABRI,BDYR,HG3,ALIPURDUAR,NFR,DHUBRI,ASSAM,3,85,6.62
3053,MONGLAJHORA,MONJ,HG3,ALIPURDUAR,NFR,KOKRAJHAR,ASSAM,3,85,6.62
3054,RAJA BHAT KHAWA,RVK,HG3,ALIPURDUAR,NFR,ALIPURDUAR,WEST BENGAL,3,85,6.62
3055,TIPKAI,TPK,HG3,ALIPURDUAR,NFR,KOKRAJHAR,ASSAM,3,85,6.62
3056,NEW ALIPURDUAR,NOQ,NSG3,ALIPURDUAR,NFR,ALIPURDUAR,WEST BENGAL,6,85,6.62
3057,NEW COOCH BEHAR,NCB,NSG3,ALIPURDUAR,NFR,COOCHBEHAR,WEST BENGAL,6,85,6.62
3058,ALIPUR DUAR JN.,APDJ,NSG4,ALIPURDUAR,NFR,ALIPURDUAR,WEST BENGAL,7,85,6.62
3059,DHUPGURI,DQG,NSG4,ALIPURDUAR,NFR,JALPAIGURI,WEST BENGAL,7,85,6.62
3060,KOKRAJHAR,KOJ,NSG4,ALIPURDUAR,NFR,KOKRAJHAR,ASSAM,7,85,6.62
3061,BINNAGURI,BNV,NSG5,ALIPURDUAR,NFR,JALPAIGURI,WEST BENGAL,8,85,6.62
3062,DALGAON,DLO,NSG5,ALIPURDUAR,NFR,ALIPURDUAR,WEST BENGAL,8,85,6.62
3063,DHUBRI,DBB,NSG5,ALIPURDUAR,NFR,DHUBRI,ASSAM,8,85,6.62
3064,DINHATA,DHH,NSG5,ALIPURDUAR,NFR,COOCHBEHAR,WEST BENGAL,8,85,6.62
3065,FAKIRAGRAM JN.,FKM,NSG5,ALIPURDUAR,NFR,KOKRAJHAR,ASSAM,8,85,6.62
3066,FALAKATA,FLK,NSG5,ALIPURDUAR,NFR,ALIPURDUAR,WEST BENGAL,8,85,6.62
3067,GOSAI GAON HAT,GOGH,NSG5,ALIPURDUAR,NFR,KOKRAJHAR,ASSAM,8,85,6.62
3068,HASIMARA,HSA,NSG5,ALIPURDUAR,NFR,ALIPURDUAR,WEST BENGAL,8,85,6.62
3069,JALPAIGURI ROAD,JPE,NSG5,ALIPURDUAR,NFR,JALPAIGURI,WEST BENGAL,8,85,6.62
3070,KAMAKHYAGURI,KAMG,NSG5,ALIPURDUAR,NFR,ALIPURDUAR,WEST BENGAL,8,85,6.62
3071,NEW MAL JN.,NMZ,NSG5,ALIPURDUAR,NFR,JALPAIGURI,WEST BENGAL,8,85,6.62
3072,NEW MAYNAGURI,NMX,NSG5,ALIPURDUAR,NFR,JALPAIGURI,WEST BENGAL,8,85,6.62
3073,AGOMONI,AGMN,NSG6,ALIPURDUAR,NFR,DHUBRI,ASSAM,9,85,6.62
3074,ALIPUR DUAR,APD,NSG6,ALIPURDUAR,NFR,ALIPURDUAR,WEST BENGAL,9,85,6.62
3075,ALTAGRAM,ATM,NSG6,ALIPURDUAR,NFR,JALPAIGURI,WEST BENGAL,9,85,6.62
3076,BAGRAKOT,BRQ,NSG6,ALIPURDUAR,NFR,JALPAIGURI,WEST BENGAL,9,85,6.62
3077,BAMANHAT,BXT,NSG6,ALIPURDUAR,NFR,COOCHBEHAR,WEST BENGAL,9,85,6.62
3078,BANARHAT,BNQ,NSG6,ALIPURDUAR,NFR,JALPAIGURI,WEST BENGAL,9,85,6.62
3079,BANESWAR,BSW,NSG6,ALIPURDUAR,NFR,COOCHBEHAR,WEST BENGAL,9,85,6.62
3080,BARADIGHI,BDS,NSG6,ALIPURDUAR,NFR,JALPAIGURI,WEST BENGAL,9,85,6.62
3081,BASUGAON,BSGN,NSG6,ALIPURDUAR,NFR,CHIRANG,ASSAM,9,85,6.62
3082,BETGARA,BYXA,NSG6,ALIPURDUAR,NFR,JALPAIGURI,WEST BENGAL,9,85,6.62
3083,BHOTEPATTI,BPV,NSG6,ALIPURDUAR,NFR,JALPAIGURI,WEST BENGAL,9,85,6.62
3084,BOXIRHAT,BXHT,NSG6,ALIPURDUAR,NFR,COOCHBEHAR,WEST BENGAL,9,85,6.62
3085,CARRON,CRX,NSG6,ALIPURDUAR,NFR,JALPAIGURI,WEST BENGAL,9,85,6.62
3086,CHALSA,CLD,NSG6,ALIPURDUAR,NFR,JALPAIGURI,WEST BENGAL,9,85,6.62
3087,CHANGRABANDHA,CBD,NSG6,ALIPURDUAR,NFR,COOCHBEHAR,WEST BENGAL,9,85,6.62
3088,CHAPAGURI,CAPG,NSG6,ALIPURDUAR,NFR,COOCHBEHAR,WEST BENGAL,9,85,6.62
3089,CHAUTARA,CROA,NSG6,ALIPURDUAR,NFR,KOKRAJHAR,ASSAM,9,85,6.62
3090,COOCH BEHAR,COB,NSG6,ALIPURDUAR,NFR,COOCHBEHAR,WEST BENGAL,9,85,6.62
3091,DAM DIM,DDM,NSG6,ALIPURDUAR,NFR,JALPAIGURI,WEST BENGAL,9,85,6.62
3092,DANGTAL,DTX,NSG6,ALIPURDUAR,NFR,BONGAIGAON,ASSAM,9,85,6.62
3093,DEWAN HAT,DWT,NSG6,ALIPURDUAR,NFR,COOCHBEHAR,WEST BENGAL,9,85,6.62
3094,DOMOHANI,DOI,NSG6,ALIPURDUAR,NFR,JALPAIGURI,WEST BENGAL,9,85,6.62
3095,GAURIPUR,GUP,NSG6,ALIPURDUAR,NFR,DHUBRI,ASSAM,9,85,6.62
3096,GHOKSADANGA,GDX,NSG6,ALIPURDUAR,NFR,COOCHBEHAR,WEST BENGAL,9,85,6.62
3097,GOLAKGANJ,GKJ,NSG6,ALIPURDUAR,NFR,DHUBRI,ASSAM,9,85,6.62
3098,GULMA,GLMA,NSG6,ALIPURDUAR,NFR,DARJEELING,WEST BENGAL,9,85,6.62
3099,GUMANIHAT,GUZ,NSG6,ALIPURDUAR,NFR,COOCHBEHAR,WEST BENGAL,9,85,6.62
3100,HAMILTONGANJ,HOJ,NSG6,ALIPURDUAR,NFR,ALIPURDUAR,WEST BENGAL,9,85,6.62
3101,JAMALDAGOPALPUR,JDGP,NSG6,ALIPURDUAR,NFR,COOCHBEHAR,WEST BENGAL,9,85,6.62
3102,JORAI,JOQ,NSG6,ALIPURDUAR,NFR,COOCHBEHAR,WEST BENGAL,9,85,6.62
3103,KALCHINI,KCF,NSG6,ALIPURDUAR,NFR,ALIPURDUAR,WEST BENGAL,9,85,6.62
3104,KOLAIGRAM,KLGR,NSG6,ALIPURDUAR,NFR,JALPAIGURI,WEST BENGAL,9,85,6.62
3105,LATAGURI,LTG,NSG6,ALIPURDUAR,NFR,JALPAIGURI,WEST BENGAL,9,85,6.62
3106,MADARIHAT,MDT,NSG6,ALIPURDUAR,NFR,ALIPURDUAR,WEST BENGAL,9,85,6.62
3107,MAL BAZAR,MLBZ,NSG6,ALIPURDUAR,NFR,JALPAIGURI,WEST BENGAL,9,85,6.62
3108,MARADANGA,MRDG,NSG6,ALIPURDUAR,NFR,COOCHBEHAR,WEST BENGAL,9,85,6.62
3109,MATHABHANGA,MHBA,NSG6,ALIPURDUAR,NFR,COOCHBEHAR,WEST BENGAL,9,85,6.62
3110,MAYNAGURI ROAD,MYGD,NSG6,ALIPURDUAR,NFR,JALPAIGURI,WEST BENGAL,9,85,6.62
3111,MUJNAI,MJE,NSG6,ALIPURDUAR,NFR,ALIPURDUAR,WEST BENGAL,9,85,6.62
3112,NAGRAKATA,NKB,NSG6,ALIPURDUAR,NFR,JALPAIGURI,WEST BENGAL,9,85,6.62
3113,NAYARHAT,NYRH,NSG6,ALIPURDUAR,NFR,COOCHBEHAR,WEST BENGAL,9,85,6.62
3114,NEORANADI,NOR,NSG6,ALIPURDUAR,NFR,JALPAIGURI,WEST BENGAL,9,85,6.62
3115,NEW BANESWAR,NBS,NSG6,ALIPURDUAR,NFR,COOCHBEHAR,WEST BENGAL,9,85,6.62
3116,NEW CHANGRABANDHA,NCBD,NSG6,ALIPURDUAR,NFR,COOCHBEHAR,WEST BENGAL,9,85,6.62
3117,NEW DOMOHANI,NQH,NSG6,ALIPURDUAR,NFR,JALPAIGURI,WEST BENGAL,9,85,6.62
3118,NEW GITALDAHA,NGTG,NSG6,ALIPURDUAR,NFR,COOCHBEHAR,WEST BENGAL,9,85,6.62
3119,OODLABARI,ODB,NSG6,ALIPURDUAR,NFR,JALPAIGURI,WEST BENGAL,9,85,6.62
3120,PUNDIBARI,PQZ,NSG6,ALIPURDUAR,NFR,COOCHBEHAR,WEST BENGAL,9,85,6.62
3121,SAJERPAR,SJRR,NSG6,ALIPURDUAR,NFR,COOCHBEHAR,WEST BENGAL,9,85,6.62
3122,SALAKATI,SLKX,NSG6,ALIPURDUAR,NFR,KOKRAJHAR,ASSAM,9,85,6.62
3123,SALBARI,SXX,NSG6,ALIPURDUAR,NFR,ALIPURDUAR,WEST BENGAL,9,85,6.62
3124,SAMUKTALA ROAD,SMTA,NSG6,ALIPURDUAR,NFR,ALIPURDUAR,WEST BENGAL,9,85,6.62
3125,SAPATGRAM,SPX,NSG6,ALIPURDUAR,NFR,DHUBRI,ASSAM,9,85,6.62
3126,SIVOK,SVQ,NSG6,ALIPURDUAR,NFR,DARJEELING,WEST BENGAL,9,85,6.62
3127,SRIRAMPUR (ASSAM),SRPB,NSG6,ALIPURDUAR,NFR,KOKRAJHAR,ASSAM,9,85,6.62
3128,TUFANGANJ,TFGN,NSG6,ALIPURDUAR,NFR,COOCHBEHAR,WEST BENGAL,9,85,6.62
3129,BAMANGRAM,BMGR,HG2,KATIHAR,NFR,DINAJPUR UTTAR,WEST BENGAL,2,132,6.62
3130,DALIMGAON,DLX,HG2,KATIHAR,NFR,DINAJPUR UTTAR,WEST BENGAL,2,132,6.62
3131,DHACHNA,DHNA,HG2,KATIHAR,NFR,KATIHAR,BIHAR,2,132,6.62
3132,JHITKIA,JTK,HG2,KATIHAR,NFR,DINAJPUR UTTAR,WEST BENGAL,2,132,6.62
3133,KANTAKOSH HALT,KTKS,HG2,KATIHAR,NFR,KATIHAR,BIHAR,2,132,6.62
3134,MAHANANDA BRIDGE,MBC,HG2,KATIHAR,NFR,MALDAH,WEST BENGAL,2,132,6.62
3135,SAHJHA HALT,SAJH,HG2,KATIHAR,NFR,KATIHAR,BIHAR,2,132,6.62
3136,SANJOY GRAM,SJGM,HG2,KATIHAR,NFR,KATIHAR,BIHAR,2,132,6.62
3137,SATAR HALT,SATR,HG2,KATIHAR,NFR,PURNEA,BIHAR,2,132,6.62
3138,TAIABPUR,TBR,HG2,KATIHAR,NFR,KISHANGANJ,BIHAR,2,132,6.62
3139,AJHARAIL,AHL,HG3,KATIHAR,NFR,KATIHAR,BIHAR,3,132,6.62
3140,BABHAN GAON HALT,BAHN,HG3,KATIHAR,NFR,KATIHAR,BIHAR,3,132,6.62
3141,BAGHMARA HALT,BHMA,HG3,KATIHAR,NFR,KATIHAR,BIHAR,3,132,6.62
3142,BATASI,BTSI,HG3,KATIHAR,NFR,DARJEELING,WEST BENGAL,3,132,6.62
3143,BHAWANIPUR BIHAR,BWPB,HG3,KATIHAR,NFR,KATIHAR,BIHAR,3,132,6.62
3144,BISHANPUR HALT,BHNP,HG3,KATIHAR,NFR,KATIHAR,BIHAR,3,132,6.62
3145,DAULATPUR HALT,DLPH,HG3,KATIHAR,NFR,DINAJPUR DAKSHIN,WEST BENGAL,3,132,6.62
3146,DEOTALA,DOTL,HG3,KATIHAR,NFR,MALDAH,WEST BENGAL,3,132,6.62
3147,DHOLBAZA,DLZ,HG3,KATIHAR,NFR,ARARIA,BIHAR,3,132,6.62
3148,GOGI POTHIA,GPE,HG3,KATIHAR,NFR,ARARIA,BIHAR,3,132,6.62
3149,GORPHAR,GRR,HG3,KATIHAR,NFR,KATIHAR,BIHAR,3,132,6.62
3150,HALDIA BIHAR HALT,HOD,HG3,KATIHAR,NFR,ARARIA,BIHAR,3,132,6.62
3151,KADABARI HAT,KDX,HG3,KATIHAR,NFR,JALPAIGURI,WEST BENGAL,3,132,6.62
3152,KAMALPUR HALT,KMPH,HG3,KATIHAR,NFR,KATIHAR,BIHAR,3,132,6.62
3153,KASHIABARI,KSBI,HG3,KATIHAR,NFR,JALPAIGURI,WEST BENGAL,3,132,6.62
3154,KUMARIPUR,KRMP,HG3,KATIHAR,NFR,KATIHAR,BIHAR,3,132,6.62
3155,MAHANAGAR,MANG,HG3,KATIHAR,NFR,DINAJPUR DAKSHIN,WEST BENGAL,3,132,6.62
3156,MALANCHA,MLNH,HG3,KATIHAR,NFR,DINAJPUR DAKSHIN,WEST BENGAL,3,132,6.62
3157,MALLICKPURHAT,MKRH,HG3,KATIHAR,NFR,DINAJPUR DAKSHIN,WEST BENGAL,3,132,6.62
3158,MANSHAHI,MNS,HG3,KATIHAR,NFR,KATIHAR,BIHAR,3,132,6.62
3159,MATIGARA,MTRA,HG3,KATIHAR,NFR,DARJEELING,WEST BENGAL,3,132,6.62
3160,MEENAPUR,MENP,HG3,KATIHAR,NFR,KATIHAR,BIHAR,3,132,6.62
3161,MOHITNAGAR,MOP,HG3,KATIHAR,NFR,JALPAIGURI,WEST BENGAL,3,132,6.62
3162,NAYATOLA,NYT,HG3,KATIHAR,NFR,KATIHAR,BIHAR,3,132,6.62
3163,PIPRITHAN,PPTN,HG3,KATIHAR,NFR,KISHANGANJ,BIHAR,3,132,6.62
3164,POTHIA,POT,HG3,KATIHAR,NFR,KISHANGANJ,BIHAR,3,132,6.62
3165,RAMPUR BAZAR,RMPB,HG3,KATIHAR,NFR,DINAJPUR DAKSHIN,WEST BENGAL,3,132,6.62
3166,SRIPUR HALT,SRPU,HG3,KATIHAR,NFR,MALDAH,WEST BENGAL,3,132,6.62
3167,NEW JALPAIGURI JN.,NJP,NSG2,KATIHAR,NFR,JALPAIGURI,WEST BENGAL,5,132,6.62
3168,BARSOI JN.,BOE,NSG3,KATIHAR,NFR,KATIHAR,BIHAR,6,132,6.62
3169,KISHANGANJ,KNE,NSG3,KATIHAR,NFR,KISHANGANJ,BIHAR,6,132,6.62
3170,ARARIYA COURT,ARQ,NSG4,KATIHAR,NFR,ARARIA,BIHAR,7,132,6.62
3171,JOGBANI,JBN,NSG4,KATIHAR,NFR,ARARIA,BIHAR,7,132,6.62
3172,PURNEA JN.,PRNA,NSG4,KATIHAR,NFR,PURNEA,BIHAR,7,132,6.62
3173,RAIGANJ,RGJ,NSG4,KATIHAR,NFR,DINAJPUR UTTAR,WEST BENGAL,7,132,6.62
3174,SILIGURI JN.,SGUJ,NSG4,KATIHAR,NFR,DARJEELING,WEST BENGAL,7,132,6.62
3175,ALUABARI ROAD,AUB,NSG5,KATIHAR,NFR,DINAJPUR UTTAR,WEST BENGAL,8,132,6.62
3176,AZAMNAGAR ROAD,AZR,NSG5,KATIHAR,NFR,KATIHAR,BIHAR,8,132,6.62
3177,BALURGHAT,BLGT,NSG5,KATIHAR,NFR,DINAJPUR DAKSHIN,WEST BENGAL,8,132,6.62
3178,BHALUKA ROAD,BKRD,NSG5,KATIHAR,NFR,MALDAH,WEST BENGAL,8,132,6.62
3179,BUNIADPUR,BNDP,NSG5,KATIHAR,NFR,DINAJPUR DAKSHIN,WEST BENGAL,8,132,6.62
3180,DALKOLHA,DLK,NSG5,KATIHAR,NFR,DINAJPUR UTTAR,WEST BENGAL,8,132,6.62
3181,DARJEELING,DJ,NSG5,KATIHAR,NFR,DARJEELING,WEST BENGAL,8,132,6.62
3182,FORBESGANJ,FBG,NSG5,KATIHAR,NFR,ARARIA,BIHAR,8,132,6.62
3183,HALDIBARI,HDB,NSG5,KATIHAR,NFR,JALPAIGURI,WEST BENGAL,8,132,6.62
3184,HARISHCHANDRAPUR,HCR,NSG5,KATIHAR,NFR,MALDAH,WEST BENGAL,8,132,6.62
3185,JALPAIGURI,JPG,NSG5,KATIHAR,NFR,JALPAIGURI,WEST BENGAL,8,132,6.62
3186,KALIYAGANJ,KAJ,NSG5,KATIHAR,NFR,DINAJPUR UTTAR,WEST BENGAL,8,132,6.62
3187,LABHA,LAV,NSG5,KATIHAR,NFR,KATIHAR,BIHAR,8,132,6.62
3188,RADHIKAPUR,RDP,NSG5,KATIHAR,NFR,DINAJPUR UTTAR,WEST BENGAL,8,132,6.62
3189,SALMARI,SRI,NSG5,KATIHAR,NFR,KATIHAR,BIHAR,8,132,6.62
3190,SAMSI,SM,NSG5,KATIHAR,NFR,MALDAH,WEST BENGAL,8,132,6.62
3191,SONAILI,SI,NSG5,KATIHAR,NFR,KATIHAR,BIHAR,8,132,6.62
3192,ADHIKARI,ADQ,NSG6,KATIHAR,NFR,DARJEELING,WEST BENGAL,9,132,6.62
3193,ADINA,ADF,NSG6,KATIHAR,NFR,MALDAH,WEST BENGAL,9,132,6.62
3194,AMBARI FALAKATA,ABFC,NSG6,KATIHAR,NFR,JALPAIGURI,WEST BENGAL,9,132,6.62
3195,ARARIYA,ARR,NSG6,KATIHAR,NFR,ARARIA,BIHAR,9,132,6.62
3196,BAGHDOGRA,BORA,NSG6,KATIHAR,NFR,DARJEELING,WEST BENGAL,9,132,6.62
3197,BANGALBAREE,BJY,NSG6,KATIHAR,NFR,DINAJPUR UTTAR,WEST BENGAL,9,132,6.62
3198,BATHNAHA,BTF,NSG6,KATIHAR,NFR,ARARIA,BIHAR,9,132,6.62
3199,BELAKOBA,BLK,NSG6,KATIHAR,NFR,JALPAIGURI,WEST BENGAL,9,132,6.62
3200,BULBULCHANDI,BBCE,NSG6,KATIHAR,NFR,MALDAH,WEST BENGAL,9,132,6.62
3201,CHATTAR HAT,CAT,NSG6,KATIHAR,NFR,DARJEELING,WEST BENGAL,9,132,6.62
3202,DALAN,DLF,NSG6,KATIHAR,NFR,KATIHAR,BIHAR,9,132,6.62
3203,DANDKHORA,DNQ,NSG6,KATIHAR,NFR,KATIHAR,BIHAR,9,132,6.62
3204,DILLIDEWANGANJ,DVJ,NSG6,KATIHAR,NFR,KATIHAR,BIHAR,9,132,6.62
3205,DUMDANGI,DMZ,NSG6,KATIHAR,NFR,DINAJPUR UTTAR,WEST BENGAL,9,132,6.62
3206,EKLAKHI,EKI,NSG6,KATIHAR,NFR,MALDAH,WEST BENGAL,9,132,6.62
3207,GAISAL,GIL,NSG6,KATIHAR,NFR,DINAJPUR UTTAR,WEST BENGAL,9,132,6.62
3208,GALGALIA,GAGA,NSG6,KATIHAR,NFR,KISHANGANJ,BIHAR,9,132,6.62
3209,GANGARAMPUR,GRMP,NSG6,KATIHAR,NFR,DINAJPUR DAKSHIN,WEST BENGAL,9,132,6.62
3211,GARHBANAILI,GBN,NSG6,KATIHAR,NFR,PURNEA,BIHAR,9,132,6.62
3212,GAYABARI,GBE,NSG6,KATIHAR,NFR,DARJEELING,WEST BENGAL,9,132,6.62
3213,GAZOLE,GZO,NSG6,KATIHAR,NFR,MALDAH,WEST BENGAL,9,132,6.62
3214,GHUM,GHUM,NSG6,KATIHAR,NFR,DARJEELING,WEST BENGAL,9,132,6.62
3215,GUNJARIA,GEOR,NSG6,KATIHAR,NFR,DINAJPUR UTTAR,WEST BENGAL,9,132,6.62
3216,HATWAR,HWR,NSG6,KATIHAR,NFR,DINAJPUR UTTAR,WEST BENGAL,9,132,6.62
3217,JALALGARH,JAG,NSG6,KATIHAR,NFR,PURNEA,BIHAR,9,132,6.62
3218,JHAUA,JAU,NSG6,KATIHAR,NFR,KATIHAR,BIHAR,9,132,6.62
3219,KACHNA,KAU,NSG6,KATIHAR,NFR,KATIHAR,BIHAR,9,132,6.62
3220,KANKI,KKA,NSG6,KATIHAR,NFR,DINAJPUR UTTAR,WEST BENGAL,9,132,6.62
3221,KASBA,KUB,NSG6,KATIHAR,NFR,PURNEA,BIHAR,9,132,6.62
3222,KATIHAR JN.,KIR,NSG6,KATIHAR,NFR,KATIHAR,BIHAR,9,132,6.62
3223,KHURIAL,KWE,NSG6,KATIHAR,NFR,KATIHAR,BIHAR,9,132,6.62
3224,KUMARGANJ,KMRJ,NSG6,KATIHAR,NFR,MALDAH,WEST BENGAL,9,132,6.62
3225,KUMEDPUR,KDPR,NSG6,KATIHAR,NFR,MALDAH,WEST BENGAL,9,132,6.62
3226,KURETHA,KUQ,NSG6,KATIHAR,NFR,KATIHAR,BIHAR,9,132,6.62
3227,KURSEONG,KGN,NSG6,KATIHAR,NFR,DARJEELING,WEST BENGAL,9,132,6.62
3228,KUSIARGAON,KSY,NSG6,KATIHAR,NFR,ARARIA,BIHAR,9,132,6.62
3229,MAHANADI,MHN,NSG6,KATIHAR,NFR,DARJEELING,WEST BENGAL,9,132,6.62
3230,MAHIYARPUR,MHPR,NSG6,KATIHAR,NFR,KATIHAR,BIHAR,9,132,6.62
3231,MALAHAR,MFZ,NSG6,KATIHAR,NFR,MALDAH,WEST BENGAL,9,132,6.62
3232,MALDA COURT,MLFC,NSG6,KATIHAR,NFR,MALDAH,WEST BENGAL,9,132,6.62
3233,MANDALGHAT,MDG,NSG6,KATIHAR,NFR,JALPAIGURI,WEST BENGAL,9,132,6.62
3234,MANGURJAN,MXJ,NSG6,KATIHAR,NFR,KISHANGANJ,BIHAR,9,132,6.62
3235,MANIHARI,MHI,NSG6,KATIHAR,NFR,KATIHAR,BIHAR,9,132,6.62
3236,MANIYAN,MIYN,NSG6,KATIHAR,NFR,KATIHAR,BIHAR,9,132,6.62
3237,MILANGARH,MQG,NSG6,KATIHAR,NFR,MALDAH,WEST BENGAL,9,132,6.62
3238,MUKURIA,MFA,NSG6,KATIHAR,NFR,KATIHAR,BIHAR,9,132,6.62
3239,NAKSALBARI,NAK,NSG6,KATIHAR,NFR,DARJEELING,WEST BENGAL,9,132,6.62
3240,NIJBARI,NJB,NSG6,KATIHAR,NFR,DARJEELING,WEST BENGAL,9,132,6.62
3241,OLD MALDA,OMLF,NSG6,KATIHAR,NFR,MALDAH,WEST BENGAL,9,132,6.62
3242,PANJIPARA,PJP,NSG6,KATIHAR,NFR,DINAJPUR UTTAR,WEST BENGAL,9,132,6.62
3243,PRANPUR ROAD,PQD,NSG6,KATIHAR,NFR,KATIHAR,BIHAR,9,132,6.62
3244,RANGAPANI,RNI,NSG6,KATIHAR,NFR,DARJEELING,WEST BENGAL,9,132,6.62
3245,RANGTONG,RTG,NSG6,KATIHAR,NFR,DARJEELING,WEST BENGAL,9,132,6.62
3246,RANINAGAR JALPAIGURI,RQJ,NSG6,KATIHAR,NFR,JALPAIGURI,WEST BENGAL,9,132,6.62
3247,RANIPATRA,RNX,NSG6,KATIHAR,NFR,PURNEA,BIHAR,9,132,6.62
3248,RAUTARA,RWA,NSG6,KATIHAR,NFR,KATIHAR,BIHAR,9,132,6.62
3249,SILIGURI TOWN,SGUT,NSG6,KATIHAR,NFR,DARJEELING,WEST BENGAL,9,132,6.62
3250,SIMRAHA,SMH,NSG6,KATIHAR,NFR,ARARIA,BIHAR,9,132,6.62
3251,SINGHABAD,SQB,NSG6,KATIHAR,NFR,MALDAH,WEST BENGAL,9,132,6.62
3252,SONADA,SAD,NSG6,KATIHAR,NFR,DARJEELING,WEST BENGAL,9,132,6.62
3253,SUDHANI,SUD,NSG6,KATIHAR,NFR,KATIHAR,BIHAR,9,132,6.62
3254,SUKNA,SN,NSG6,KATIHAR,NFR,DARJEELING,WEST BENGAL,9,132,6.62
3255,SURJAKAMAL,SJKL,NSG6,KATIHAR,NFR,DINAJPUR UTTAR,WEST BENGAL,9,132,6.62
3256,TEJNARAYANPUR,TNPR,NSG6,KATIHAR,NFR,KATIHAR,BIHAR,9,132,6.62
3257,TELTA,TETA,NSG6,KATIHAR,NFR,KATIHAR,BIHAR,9,132,6.62
3258,THAKURGANJ,TKG,NSG6,KATIHAR,NFR,KISHANGANJ,BIHAR,9,132,6.62
3259,TIN MILE HAT,TMH,NSG6,KATIHAR,NFR,DINAJPUR UTTAR,WEST BENGAL,9,132,6.62
3260,TINDHARIA,TDH,NSG6,KATIHAR,NFR,DARJEELING,WEST BENGAL,9,132,6.62
3261,TUNG,TUNG,NSG6,KATIHAR,NFR,DARJEELING,WEST BENGAL,9,132,6.62
3262,JOGENDRA NAGAR,JGNR,HG2,LUMDING,NFR,WEST TRIPURA,TRIPURA,2,171,6.62
3263,KANAIBAZAR,KNBR,HG2,LUMDING,NFR,KARIMGANJ,ASSAM,2,171,6.62
3264,SAMAGURI,SMGR,HG2,LUMDING,NFR,NAGAON,ASSAM,2,171,6.62
3265,TARABARI,TRBE,HG2,LUMDING,NFR,NAGAON,ASSAM,2,171,6.62
3266,ANIPUR,APU,HG3,LUMDING,NFR,KARIMGANJ,ASSAM,3,171,6.62
3267,BALIKOTIA,BKS,HG3,LUMDING,NFR,NAGAON,ASSAM,3,171,6.62
3268,BATADRAWA ROAD,BTDR,HG3,LUMDING,NFR,NAGAON,ASSAM,3,171,6.62
3269,BAZARGHAT HALT,BZGT,HG3,LUMDING,NFR,KARIMGANJ,ASSAM,3,171,6.62
3270,CHAND KHIRA BAGAN,CHBN,HG3,LUMDING,NFR,KARIMGANJ,ASSAM,3,171,6.62
3271,DAHGAON,DGX,HG3,LUMDING,NFR,NAGAON,ASSAM,3,171,6.62
3272,DHING,DIU,HG3,LUMDING,NFR,NAGAON,ASSAM,3,171,6.62
3273,ERALIGUL,ELL,HG3,LUMDING,NFR,KARIMGANJ,ASSAM,3,171,6.62
3274,JIRIGHAT,JIGT,HG3,LUMDING,NFR,CACHAR,ASSAM,3,171,6.62
3275,JURIAGAON,JRX,HG3,LUMDING,NFR,NAGAON,ASSAM,3,171,6.62
3276,KAMRANGA,KMNG,HG3,LUMDING,NFR,CACHAR,ASSAM,3,171,6.62
3277,KAYASTHAGRAM,KTGM,HG3,LUMDING,NFR,HAILAKANDI,ASSAM,3,171,6.62
3278,NADIAPUR,NPU,HG3,LUMDING,NFR,NORTH TRIPURA,TRIPURA,3,171,6.62
3279,NALKATA,NLKT,HG3,LUMDING,NFR,WEST TRIPURA,TRIPURA,3,171,6.62
3280,NEW SILCHAR,NSCL,HG3,LUMDING,NFR,CACHAR,ASSAM,3,171,6.62
3281,PHULAGURI,PUY,HG3,LUMDING,NFR,NAGAON,ASSAM,3,171,6.62
3282,PURANIGUDAM,PUQ,HG3,LUMDING,NFR,NAGAON,ASSAM,3,171,6.62
3283,RANIGAON,RNGN,HG3,LUMDING,NFR,CACHAR,ASSAM,3,171,6.62
3284,RATABARI,RTBR,HG3,LUMDING,NFR,KARIMGANJ,ASSAM,3,171,6.62
3285,RUPSIBARI,RPB,HG3,LUMDING,NFR,KARIMGANJ,ASSAM,3,171,6.62
3286,S.K.PARA,SKAP,HG3,LUMDING,NFR,DHALAI,TRIPURA,3,171,6.62
3287,SUPRAKANDI,SAKD,HG3,LUMDING,NFR,KARIMGANJ,ASSAM,3,171,6.62
3288,WADRENGDISA,WDA,HG3,LUMDING,NFR,DIMA HASAO,ASSAM,3,171,6.62
3289,GUWAHATI,GHY,NSG2,LUMDING,NFR,KAMRUP METRO,ASSAM,5,171,6.62
3290,DIMAPUR,DMV,NSG3,LUMDING,NFR,DIMAPUR,NAGALAND,6,171,6.62
3291,KAMAKHYA JN,KYQ,NSG3,LUMDING,NFR,KAMRUP METRO,ASSAM,6,171,6.62
3292,AGARTALA,AGTL,NSG4,LUMDING,NFR,WEST TRIPURA,TRIPURA,7,171,6.62
3293,BADARPUR JN.,BPB,NSG4,LUMDING,NFR,KARIMGANJ,ASSAM,7,171,6.62
3294,LUMDING JN.,LMG,NSG4,LUMDING,NFR,HOJAI,ASSAM,7,171,6.62
3295,NEW HAFLONG,NHLG,NSG4,LUMDING,NFR,DIMA HASAO,ASSAM,7,171,6.62
3296,SILCHAR,SCL,NSG4,LUMDING,NFR,CACHAR,ASSAM,7,171,6.62
3297,BOKAJAN,BXJ,NSG5,LUMDING,NFR,KARBI ANGLONG,ASSAM,8,171,6.62
3298,CHAPARMUKH JN.,CPK,NSG5,LUMDING,NFR,NAGAON,ASSAM,8,171,6.62
3299,DHARMANAGAR,DMR,NSG5,LUMDING,NFR,NORTH TRIPURA,TRIPURA,8,171,6.62
3300,DIPHU,DPU,NSG5,LUMDING,NFR,KARBI ANGLONG,ASSAM,8,171,6.62
3301,HOJAI,HJI,NSG5,LUMDING,NFR,HOJAI,ASSAM,8,171,6.62
3302,JAGI ROAD,JID,NSG5,LUMDING,NFR,MARIGAON,ASSAM,8,171,6.62
3303,KARIMGANJ JN.,KXJ,NSG5,LUMDING,NFR,KARIMGANJ,ASSAM,8,171,6.62
3304,LANKA,LKA,NSG5,LUMDING,NFR,HOJAI,ASSAM,8,171,6.62
3305,SARUPATHAR,SZR,NSG5,LUMDING,NFR,GOLAGHAT,ASSAM,8,171,6.62
3306,AGTHORI,AGT,NSG6,LUMDING,NFR,KAMRUP,ASSAM,9,171,6.62
3307,ALGAPUR,ALGP,NSG6,LUMDING,NFR,HAILAKANDI,ASSAM,9,171,6.62
3308,AMBASSA,ABSA,NSG6,LUMDING,NFR,DHALAI,TRIPURA,9,171,6.62
3309,AMONI,AONI,NSG6,LUMDING,NFR,NAGAON,ASSAM,9,171,6.62
3310,ARUNACHAL,ARCL,NSG6,LUMDING,NFR,CACHAR,ASSAM,9,171,6.62
3311,AUJURI,AJRE,NSG6,LUMDING,NFR,MARIGAON,ASSAM,9,171,6.62
3312,BADARPUR GHAT,BPG,NSG6,LUMDING,NFR,KARIMGANJ,ASSAM,9,171,6.62
3313,BANDARKHAL,BXK,NSG6,LUMDING,NFR,CACHAR,ASSAM,9,171,6.62
3314,BAR LONGFER,BRLF,NSG6,LUMDING,NFR,KARBI ANGLONG,ASSAM,9,171,6.62
3315,BARAHU,BRHU,NSG6,LUMDING,NFR,KAMRUP METRO,ASSAM,9,171,6.62
3316,BARAIGRAM JN.,BRGM,NSG6,LUMDING,NFR,KARIMGANJ,ASSAM,9,171,6.62
3317,BARPATHAR,BXP,NSG6,LUMDING,NFR,GOLAGHAT,ASSAM,9,171,6.62
3318,BEBEJIA,BEE,NSG6,LUMDING,NFR,NAGAON,ASSAM,9,171,6.62
3319,BELONIA,BENA,NSG6,LUMDING,NFR,SOUTH TRIPURA,TRIPURA,9,171,6.62
3320,BHAIRABI,BHRB,NSG6,LUMDING,NFR,AIZAWL,MIZORAM,9,171,6.62
3321,BHANGA,BXG,NSG6,LUMDING,NFR,KARIMGANJ,ASSAM,9,171,6.62
3322,BHILGAON,BHGN,NSG6,LUMDING,NFR,GOLAGHAT,ASSAM,9,171,6.62
3323,BIHARA,BHZ,NSG6,LUMDING,NFR,CACHAR,ASSAM,9,171,6.62
3324,BISHALGARH,BLGH,NSG6,LUMDING,NFR,WEST TRIPURA,TRIPURA,9,171,6.62
3325,BISHRAMGANJ,BHRM,NSG6,LUMDING,NFR,WEST TRIPURA,TRIPURA,9,171,6.62
3326,CHANDRANATHPUR,CNE,NSG6,LUMDING,NFR,CACHAR,ASSAM,9,171,6.62
3327,CHARGOLA,CGX,NSG6,LUMDING,NFR,KARIMGANJ,ASSAM,9,171,6.62
3328,CHONGAJAN,CJA,NSG6,LUMDING,NFR,GOLAGHAT,ASSAM,9,171,6.62
3329,CHURAIBARI,CBZ,NSG6,LUMDING,NFR,NORTH TRIPURA,TRIPURA,9,171,6.62
3330,DALDALI,DLDE,NSG6,LUMDING,NFR,KARBI ANGLONG,ASSAM,9,171,6.62
3331,DAMCHARA,DCA,NSG6,LUMDING,NFR,CACHAR,ASSAM,9,171,6.62
3332,DAOTUHAJA,DJA,NSG6,LUMDING,NFR,NAGAON,ASSAM,9,171,6.62
3333,DHAIPUKHURI,DHRY,NSG6,LUMDING,NFR,NAGAON,ASSAM,9,171,6.62
3334,DHANSIRI,DSR,NSG6,LUMDING,NFR,KARBI ANGLONG,ASSAM,9,171,6.62
3335,DHARAMTUL,DML,NSG6,LUMDING,NFR,MARIGAON,ASSAM,9,171,6.62
3336,DHING BAZAR,DBZ,NSG6,LUMDING,NFR,NAGAON,ASSAM,9,171,6.62
3337,DIBOLONG,DBLG,NSG6,LUMDING,NFR,DIMA HASAO,ASSAM,9,171,6.62
3338,DIGARU,DGU,NSG6,LUMDING,NFR,KAMRUP METRO,ASSAM,9,171,6.62
3339,DIHAKHO,DKE,NSG6,LUMDING,NFR,DIMA HASAO,ASSAM,9,171,6.62
3340,DIJAOBRA,DJB,NSG6,LUMDING,NFR,DIMA HASAO,ASSAM,9,171,6.62
3341,DITOKCHERRA,DTC,NSG6,LUMDING,NFR,DIMA HASAO,ASSAM,9,171,6.62
3342,DULLABCHERRA,DLCR,NSG6,LUMDING,NFR,KARIMGANJ,ASSAM,9,171,6.62
3343,GARJEE,JRJE,NSG6,LUMDING,NFR,SOUTH TRIPURA,TRIPURA,9,171,6.62
3344,HABAIPUR,HWX,NSG6,LUMDING,NFR,NAGAON,ASSAM,9,171,6.62
3345,HAIBARGAON,HBN,NSG6,LUMDING,NFR,NAGAON,ASSAM,9,171,6.62
3346,HAILAKANDI,HKD,NSG6,LUMDING,NFR,HAILAKANDI,ASSAM,9,171,6.62
3347,HATIKHALI,HTL,NSG6,LUMDING,NFR,DIMA HASAO,ASSAM,9,171,6.62
3348,HILARA,HLX,NSG6,LUMDING,NFR,CACHAR,ASSAM,9,171,6.62
3349,JAKHALABANDHA,JKB,NSG6,LUMDING,NFR,NAGAON,ASSAM,9,171,6.62
3350,JAMGURI,JMI,NSG6,LUMDING,NFR,GOLAGHAT,ASSAM,9,171,6.62
3351,JAMIRA,JMRA,NSG6,LUMDING,NFR,HAILAKANDI,ASSAM,9,171,6.62
3352,JAMUNAMUKH,JMK,NSG6,LUMDING,NFR,HOJAI,ASSAM,9,171,6.62
3353,JATINGA LUMPUR,JGLP,NSG6,LUMDING,NFR,DIMA HASAO,ASSAM,9,171,6.62
3354,JAWAHAR NAGAR,JWNR,NSG6,LUMDING,NFR,DHALAI,TRIPURA,9,171,6.62
3355,JIRIBAM,JRBM,NSG6,LUMDING,NFR,IMPHAL EAST,MANIPUR,9,171,6.62
3356,JIRINIA,JRNA,NSG6,LUMDING,NFR,WEST TRIPURA,TRIPURA,9,171,6.62
3357,JOLAIBARI,JIBI,NSG6,LUMDING,NFR,SOUTH TRIPURA,TRIPURA,9,171,6.62
3358,JUGIJAN,JGJN,NSG6,LUMDING,NFR,HOJAI,ASSAM,9,171,6.62
3359,KALACHAND,KQI,NSG6,LUMDING,NFR,DIMA HASAO,ASSAM,9,171,6.62
3360,KALKALIGHAT,KKGT,NSG6,LUMDING,NFR,KARIMGANJ,ASSAM,9,171,6.62
3361,KAMBIRON,KBBP,NSG6,LUMDING,NFR,TAMENGLONG,MANIPUR,9,171,6.62
3362,KAMPUR,KWM,NSG6,LUMDING,NFR,NAGAON,ASSAM,9,171,6.62
3363,KAMRUP KHETRI,KKET,NSG6,LUMDING,NFR,KAMRUP METRO,ASSAM,9,171,6.62
3364,KATAKHAL JN.,KTX,NSG6,LUMDING,NFR,HAILAKANDI,ASSAM,9,171,6.62
3365,KATLICHERRA,KLCR,NSG6,LUMDING,NFR,HAILAKANDI,ASSAM,9,171,6.62
3366,KHONGSANG,KGBP,NSG6,LUMDING,NFR,TAMENGLONG,MANIPUR,9,171,6.62
3367,KHOTKHOTI,KHKT,NSG6,LUMDING,NFR,KARBI ANGLONG,ASSAM,9,171,6.62
3368,KUMARGHAT,KUGT,NSG6,LUMDING,NFR,UNAKOTI,TRIPURA,9,171,6.62
3369,LALABAZAR,LLBR,NSG6,LUMDING,NFR,HAILAKANDI,ASSAM,9,171,6.62
3370,LAMSAKHANG,LKG,NSG6,LUMDING,NFR,KARBI ANGLONG,ASSAM,9,171,6.62
3371,LANGCHOLIET,LCT,NSG6,LUMDING,NFR,KARBI ANGLONG,ASSAM,9,171,6.62
3372,LANGTING,LGT,NSG6,LUMDING,NFR,DIMA HASAO,ASSAM,9,171,6.62
3373,LAOPANI,LPN,NSG6,LUMDING,NFR,NAGAON,ASSAM,9,171,6.62
3374,LONGAI,LGI,NSG6,LUMDING,NFR,KARIMGANJ,ASSAM,9,171,6.62
3375,MAHAMADPUR-ASSAM,MPRA,NSG6,LUMDING,NFR,HAILAKANDI,ASSAM,9,171,6.62
3376,MAHUR,MXR,NSG6,LUMDING,NFR,DIMA HASAO,ASSAM,9,171,6.62
3377,MAIBANG,MBG,NSG6,LUMDING,NFR,DIMA HASAO,ASSAM,9,171,6.62
3378,MAIRABARI,MBO,NSG6,LUMDING,NFR,NAGAON,ASSAM,9,171,6.62
3379,MAISHASHAN,MSSN,NSG6,LUMDING,NFR,KARIMGANJ,ASSAM,9,171,6.62
3380,MANDERDISA,MYD,NSG6,LUMDING,NFR,DIMA HASAO,ASSAM,9,171,6.62
3381,MANGIAKAMI,MGKM,NSG6,LUMDING,NFR,WEST TRIPURA,TRIPURA,9,171,6.62
3382,MANIPUR BAGAN,MOAR,NSG6,LUMDING,NFR,HAILAKANDI,ASSAM,9,171,6.62
3383,MANU,MANU,NSG6,LUMDING,NFR,DHALAI,TRIPURA,9,171,6.62
3384,MANU BAZAR,MUBR,NSG6,LUMDING,NFR,DHALAI,TRIPURA,9,171,6.62
3385,MIGRENDISA,MGE,NSG6,LUMDING,NFR,DIMA HASAO,ASSAM,9,171,6.62
3386,MOINARBAND,MRBD,NSG6,LUMDING,NFR,CACHAR,ASSAM,9,171,6.62
3387,MONACHERRA,MNCR,NSG6,LUMDING,NFR,HAILAKANDI,ASSAM,9,171,6.62
3388,MUPA,MUPA,NSG6,LUMDING,NFR,DIMA HASAO,ASSAM,9,171,6.62
3389,NAGAON,NGAN,NSG6,LUMDING,NFR,NAGAON,ASSAM,9,171,6.62
3390,NAILALUNG,NLN,NSG6,LUMDING,NFR,KARBI ANGLONG,ASSAM,9,171,6.62
3391,NAOJAN,NJN,NSG6,LUMDING,NFR,GOLAGHAT,ASSAM,9,171,6.62
3392,NARANGI,NNGE,NSG6,LUMDING,NFR,KAMRUP METRO,ASSAM,9,171,6.62
3393,NEW HARANGAJAO,NHGJ,NSG6,LUMDING,NFR,DIMA HASAO,ASSAM,9,171,6.62
3394,NEW KARIMGANJ,NKMG,NSG6,LUMDING,NFR,KARIMGANJ,ASSAM,9,171,6.62
3395,NILAMBAZAR,NLBR,NSG6,LUMDING,NFR,KARIMGANJ,ASSAM,9,171,6.62
3396,OATING,OTN,NSG6,LUMDING,NFR,GOLAGHAT,ASSAM,9,171,6.62
3397,PANBARI,PNB,NSG6,LUMDING,NFR,KAMRUP METRO,ASSAM,9,171,6.62
3398,PANCHGRAM,PNGM,NSG6,LUMDING,NFR,HAILAKANDI,ASSAM,9,171,6.62
3399,PANIKHAITI,PHI,NSG6,LUMDING,NFR,KAMRUP METRO,ASSAM,9,171,6.62
3400,PANISAGAR,PASG,NSG6,LUMDING,NFR,NORTH TRIPURA,TRIPURA,9,171,6.62
3401,PATHARKANDI,PTKD,NSG6,LUMDING,NFR,KARIMGANJ,ASSAM,9,171,6.62
3402,PATHARKHOLA,PKB,NSG6,LUMDING,NFR,KARBI ANGLONG,ASSAM,9,171,6.62
3403,PENCHARTHAL,PEC,NSG6,LUMDING,NFR,UNAKOTI,TRIPURA,9,171,6.62
3404,PHAKHOAGARM,PKGM,NSG6,LUMDING,NFR,KARIMGANJ,ASSAM,9,171,6.62
3405,PHIDING,PDJ,NSG6,LUMDING,NFR,DIMA HASAO,ASSAM,9,171,6.62
3406,RAHA,RAHA,NSG6,LUMDING,NFR,NAGAON,ASSAM,9,171,6.62
3407,RAMNATHPUR,RTRA,NSG6,LUMDING,NFR,KARIMGANJ,ASSAM,9,171,6.62
3408,RANGAPAHAR,RXR,NSG6,LUMDING,NFR,KARBI ANGLONG,ASSAM,9,171,6.62
3409,RANGAPHAR CROSSING,RXRX,NSG6,LUMDING,NFR,DIMAPUR,NAGALAND,9,171,6.62
3410,RANI GAIDINLIU,RGBP,NSG6,LUMDING,NFR,TAMENGLONG,MANIPUR,9,171,6.62
3411,RUPAIGAON,RUP,NSG6,LUMDING,NFR,NAGAON,ASSAM,9,171,6.62
3412,SABROOM,SBRM,NSG6,LUMDING,NFR,SOUTH TRIPURA,TRIPURA,9,171,6.62
3413,SALCHAPRA,SCA,NSG6,LUMDING,NFR,CACHAR,ASSAM,9,171,6.62
3414,SALONA,SLON,NSG6,LUMDING,NFR,NAGAON,ASSAM,9,171,6.62
3415,SANTIR BAZAR,STRB,NSG6,LUMDING,NFR,SOUTH TRIPURA,TRIPURA,9,171,6.62
3416,SEKERKOTE,SKKE,NSG6,LUMDING,NFR,GOMATI,TRIPURA,9,171,6.62
3417,SENCHOA JN.,SCE,NSG6,LUMDING,NFR,NAGAON,ASSAM,9,171,6.62
3418,SHRIBAR,SIBR,NSG6,LUMDING,NFR,CACHAR,ASSAM,9,171,6.62
3419,SILGHAT TOWN,SHTT,NSG6,LUMDING,NFR,NAGAON,ASSAM,9,171,6.62
3420,SONUABARI,SNBR,NSG6,LUMDING,NFR,MARIGAON,ASSAM,9,171,6.62
3421,SRIKONA HALT,SXO,NSG6,LUMDING,NFR,CACHAR,ASSAM,9,171,6.62
3422,SUKHOVI,SKHV,NSG6,LUMDING,NFR,DIMAPUR,NAGALAND,9,171,6.62
3423,SUKRITIPUR,SQF,NSG6,LUMDING,NFR,CACHAR,ASSAM,9,171,6.62
3424,TELIAMURA,TLMR,NSG6,LUMDING,NFR,KHOWAI,TRIPURA,9,171,6.62
3425,TETELIA,TTLA,NSG6,LUMDING,NFR,KAMRUP METRO,ASSAM,9,171,6.62
3426,THAILIK TWISA,THTW,NSG6,LUMDING,NFR,SOUTH TRIPURA,TRIPURA,9,171,6.62
3427,THAKURKUCHI,TKC,NSG6,LUMDING,NFR,KAMRUP METRO,ASSAM,9,171,6.62
3428,THEKERAGURI,TGE,NSG6,LUMDING,NFR,NAGAON,ASSAM,9,171,6.62
3429,THINGOU,TGBP,NSG6,LUMDING,NFR,TAMENGLONG,MANIPUR,9,171,6.62
3430,TILBHUM,TBX,NSG6,LUMDING,NFR,KARIMGANJ,ASSAM,9,171,6.62
3431,UDAIPUR,UDPU,NSG6,LUMDING,NFR,GOMATI,TRIPURA,9,171,6.62
3432,VANGAICHUNGPAO,VNGP,NSG6,LUMDING,NFR,TAMENGLONG,MANIPUR,9,171,6.62
3433,BEDETTI,BVV,HG2,RANGIYA,NFR,BISWANATH,ASSAM,2,97,6.62
3434,GUAGACHHA,GSA,HG2,RANGIYA,NFR,BARPETA,ASSAM,2,97,6.62
3435,NIZ-SARIHA,NSRH,HG2,RANGIYA,NFR,BARPETA,ASSAM,2,97,6.62
3436,SIAJULI,SWJ,HG2,RANGIYA,NFR,DHEMAJI,ASSAM,2,97,6.62
3437,UTTARKATHANI,UKE,HG2,RANGIYA,NFR,LAKHIMPUR,ASSAM,2,97,6.62
3438,BELSIRI,BLRE,HG3,RANGIYA,NFR,SONITPUR,ASSAM,3,97,6.62
3439,BRAHMAJAN,BJL,HG3,RANGIYA,NFR,BISWANATH,ASSAM,3,97,6.62
3440,CHARDUAR,CHOD,HG3,RANGIYA,NFR,SONITPUR,ASSAM,3,97,6.62
3441,DIPA,DIPA,HG3,RANGIYA,NFR,DHEMAJI,ASSAM,3,97,6.62
3442,GAMANI,GAMN,HG3,RANGIYA,NFR,SONITPUR,ASSAM,3,97,6.62
3443,HUGRAJULI,HJLI,HG3,RANGIYA,NFR,SONITPUR,ASSAM,3,97,6.62
3444,JIADHAL,JFD,HG3,RANGIYA,NFR,DHEMAJI,ASSAM,3,97,6.62
3445,JONEKARANG HALT,JYK,HG3,RANGIYA,NFR,DHEMAJI,ASSAM,3,97,6.62
3446,MONABARI,MFC,HG3,RANGIYA,NFR,BISWANATH,ASSAM,3,97,6.62
3447,MORIDHAL,MYO,HG3,RANGIYA,NFR,DHEMAJI,ASSAM,3,97,6.62
3448,SISIBORGAON,SBGN,HG3,RANGIYA,NFR,DHEMAJI,ASSAM,3,97,6.62
3449,SUBANSIRI,SUZ,HG3,RANGIYA,NFR,DHEMAJI,ASSAM,3,97,6.62
3450,TANIJAN,TUJ,HG3,RANGIYA,NFR,LAKHIMPUR,ASSAM,3,97,6.62
3451,TIPLING,TPG,HG3,RANGIYA,NFR,LAKHIMPUR,ASSAM,3,97,6.62
3452,NEW BONGAIGAON JN,NBQ,NSG3,RANGIYA,NFR,BONGAIGAON,ASSAM,6,97,6.62
3453,RANGIYA JN.,RNY,NSG3,RANGIYA,NFR,KAMRUP,ASSAM,6,97,6.62
3454,BARPETA ROAD,BPRD,NSG4,RANGIYA,NFR,BARPETA,ASSAM,7,97,6.62
3455,NAHARLAGUN,NHLN,NSG4,RANGIYA,NFR,PAPUM PARE,ARUNACHAL PRADESH,7,97,6.62
3456,BIJNI,BJF,NSG5,RANGIYA,NFR,CHIRANG,ASSAM,8,97,6.62
3457,BONGAIGAON,BNGN,NSG5,RANGIYA,NFR,BONGAIGAON,ASSAM,8,97,6.62
3458,GOALPARA TOWN,GLPT,NSG5,RANGIYA,NFR,GOALPARA,ASSAM,8,97,6.62
3459,GOGAMUKH,GOM,NSG5,RANGIYA,NFR,DHEMAJI,ASSAM,8,97,6.62
3460,HARMUTI,HMY,NSG5,RANGIYA,NFR,LAKHIMPUR,ASSAM,8,97,6.62
3461,MURKEONG SELEK,MZS,NSG5,RANGIYA,NFR,DHEMAJI,ASSAM,8,97,6.62
3462,NALBARI,NLV,NSG5,RANGIYA,NFR,NALBARI,ASSAM,8,97,6.62
3463,NORTH LAKHIMPUR,NLP,NSG5,RANGIYA,NFR,LAKHIMPUR,ASSAM,8,97,6.62
3464,PATHSHALA,PBL,NSG5,RANGIYA,NFR,BARPETA,ASSAM,8,97,6.62
3465,RANGAPARA NORTH,RPAN,NSG5,RANGIYA,NFR,SONITPUR,ASSAM,8,97,6.62
3466,TANGLA,TNL,NSG5,RANGIYA,NFR,UDALGURI,ASSAM,8,97,6.62
3467,TIHU,TIHU,NSG5,RANGIYA,NFR,NALBARI,ASSAM,8,97,6.62
3468,ABHAYAPURI ASSAM,AYU,NSG6,RANGIYA,NFR,BONGAIGAON,ASSAM,9,97,6.62
3469,AMJONGA,AMGA,NSG6,RANGIYA,NFR,GOALPARA,ASSAM,9,97,6.62
3470,ARCHIPATHAR,ACPR,NSG6,RANGIYA,NFR,DHEMAJI,ASSAM,9,97,6.62
3471,AZARA,AZA,NSG6,RANGIYA,NFR,KAMRUP,ASSAM,9,97,6.62
3472,BAIHATA,BIZ,NSG6,RANGIYA,NFR,KAMRUP,ASSAM,9,97,6.62
3473,BALIPARA,BVU,NSG6,RANGIYA,NFR,SONITPUR,ASSAM,9,97,6.62
3474,BAMUNIGAON,BMGN,NSG6,RANGIYA,NFR,KAMRUP,ASSAM,9,97,6.62
3475,BHALUKPONG,BHNG,NSG6,RANGIYA,NFR,WEST KAMENG,ARUNACHAL PRADESH,9,97,6.62
3476,BINDUKURI,BKTB,NSG6,RANGIYA,NFR,SONITPUR,ASSAM,9,97,6.62
3477,BOGINADI,BGND,NSG6,RANGIYA,NFR,LAKHIMPUR,ASSAM,9,97,6.62
3478,BOKO,BOKO,NSG6,RANGIYA,NFR,KAMRUP,ASSAM,9,97,6.62
3479,BORDOLANI,BDLN,NSG6,RANGIYA,NFR,DHEMAJI,ASSAM,9,97,6.62
3480,CHANGSARI,CGS,NSG6,RANGIYA,NFR,KAMRUP,ASSAM,9,97,6.62
3481,CHAPRAKATA,CPQ,NSG6,RANGIYA,NFR,BONGAIGAON,ASSAM,9,97,6.62
3482,CHAYGAON,CGON,NSG6,RANGIYA,NFR,KAMRUP,ASSAM,9,97,6.62
3483,DEKARGAON,DKGN,NSG6,RANGIYA,NFR,SONITPUR,ASSAM,9,97,6.62
3484,DHALAIBI,DQL,NSG6,RANGIYA,NFR,SONITPUR,ASSAM,9,97,6.62
3485,DHEKIAJULI ROAD,DKJR,NSG6,RANGIYA,NFR,SONITPUR,ASSAM,9,97,6.62
3486,DHEMAJI,DMC,NSG6,RANGIYA,NFR,DHEMAJI,ASSAM,9,97,6.62
3487,DHUPDHARA,DPRA,NSG6,RANGIYA,NFR,GOALPARA,ASSAM,9,97,6.62
3488,DUBIA,DBW,NSG6,RANGIYA,NFR,BISWANATH,ASSAM,9,97,6.62
3489,DUDHNOI,DDNI,NSG6,RANGIYA,NFR,GOALPARA,ASSAM,9,97,6.62
3490,GHOGRAPAR,GOE,NSG6,RANGIYA,NFR,NALBARI,ASSAM,9,97,6.62
3491,GOHPUR,GPZ,NSG6,RANGIYA,NFR,BISWANATH,ASSAM,9,97,6.62
3492,GORESWAR,GVR,NSG6,RANGIYA,NFR,BAKSA,ASSAM,9,97,6.62
3493,GUMTO,GMTO,NSG6,RANGIYA,NFR,PAPUM PARE,ARUNACHAL PRADESH,9,97,6.62
3494,HARISINGA,HRSN,NSG6,RANGIYA,NFR,UDALGURI,ASSAM,9,97,6.62
3495,HELEM,HML,NSG6,RANGIYA,NFR,BISWANATH,ASSAM,9,97,6.62
3496,JOGIGHOPA,JPZ,NSG6,RANGIYA,NFR,BONGAIGAON,ASSAM,9,97,6.62
3497,KAITHALKUCHI,KTCH,NSG6,RANGIYA,NFR,NALBARI,ASSAM,9,97,6.62
3498,KATHALPUKHURI,KTPR,NSG6,RANGIYA,NFR,LAKHIMPUR,ASSAM,9,97,6.62
3499,KENDUKANA,KDKN,NSG6,RANGIYA,NFR,KAMRUP,ASSAM,9,97,6.62
3500,KHANDIKAR,KYO,NSG6,RANGIYA,NFR,BAKSA,ASSAM,9,97,6.62
3501,KHOIRABARI,KBY,NSG6,RANGIYA,NFR,UDALGURI,ASSAM,9,97,6.62
3502,KRISHNAI,KRNI,NSG6,RANGIYA,NFR,GOALPARA,ASSAM,9,97,6.62
3503,LAIMEKURI,LMY,NSG6,RANGIYA,NFR,DHEMAJI,ASSAM,9,97,6.62
3504,LILABARI,LBI,NSG6,RANGIYA,NFR,LAKHIMPUR,ASSAM,9,97,6.62
3505,MAJBAT,MJBT,NSG6,RANGIYA,NFR,UDALGURI,ASSAM,9,97,6.62
3506,MAJGAON-ASSARN,MZQ,NSG6,RANGIYA,NFR,BONGAIGAON,ASSAM,9,97,6.62
3507,MENDIPATHAR,MNDP,NSG6,RANGIYA,NFR,NORTH GARO HILLS,MEGHALAYA,9,97,6.62
3508,MIRZA,MRZA,NSG6,RANGIYA,NFR,KAMRUP,ASSAM,9,97,6.62
3509,MISAMARI,MSMI,NSG6,RANGIYA,NFR,SONITPUR,ASSAM,9,97,6.62
3510,NEW MISAMARI,NMM,NSG6,RANGIYA,NFR,SONITPUR,ASSAM,9,97,6.62
3511,NIZBARGANJ,NBX,NSG6,RANGIYA,NFR,BISWANATH,ASSAM,9,97,6.62
3512,NIZCHATIA,NCA,NSG6,RANGIYA,NFR,BISWANATH,ASSAM,9,97,6.62
3513,NOLBARI,NOLB,NSG6,RANGIYA,NFR,GOALPARA,ASSAM,9,97,6.62
3514,PANCHRATNA,PNVT,NSG6,RANGIYA,NFR,GOALPARA,ASSAM,9,97,6.62
3515,PATILADAHA,PTLD,NSG6,RANGIYA,NFR,BONGAIGAON,ASSAM,9,97,6.62
3516,RANGJULI,RGJI,NSG6,RANGIYA,NFR,GOALPARA,ASSAM,9,97,6.62
3517,ROWTA BAGAN,RWTB,NSG6,RANGIYA,NFR,UDALGURI,ASSAM,9,97,6.62
3518,SILANIBARI,SOB,NSG6,RANGIYA,NFR,LAKHIMPUR,ASSAM,9,97,6.62
3519,SILAPATHAR,SPTR,NSG6,RANGIYA,NFR,DHEMAJI,ASSAM,9,97,6.62
3520,SIMEN CHAPARI,SMCP,NSG6,RANGIYA,NFR,DHEMAJI,ASSAM,9,97,6.62
3521,SINGRA,SNCA,NSG6,RANGIYA,NFR,KAMRUP,ASSAM,9,97,6.62
3522,SORBHOG,SBE,NSG6,RANGIYA,NFR,BARPETA,ASSAM,9,97,6.62
3523,SORUPETA,SPQ,NSG6,RANGIYA,NFR,BARPETA,ASSAM,9,97,6.62
3524,SRIPANI,SRPN,NSG6,RANGIYA,NFR,DHEMAJI,ASSAM,9,97,6.62
3525,TATIBAHAR,TBH,NSG6,RANGIYA,NFR,LAKHIMPUR,ASSAM,9,97,6.62
3526,TELAM,TQM,NSG6,RANGIYA,NFR,DHEMAJI,ASSAM,9,97,6.62
3527,THAKURBARI,TKTB,NSG6,RANGIYA,NFR,SONITPUR,ASSAM,9,97,6.62
3528,UDALGURI,ULG,NSG6,RANGIYA,NFR,UDALGURI,ASSAM,9,97,6.62
3529,VISHWANATH CHARALI,VNE,NSG6,RANGIYA,NFR,BISWANATH,ASSAM,9,97,6.62
3530,BADULIPAR,BLPR,HG3,TINSUKIA,NFR,GOLAGHAT,ASSAM,3,74,6.62
3531,BARGOLAI,BGLI,HG3,TINSUKIA,NFR,TINSUKIA,ASSAM,3,74,6.62
3532,BARUA NAGAR,BRNR,HG3,TINSUKIA,NFR,SIVASAGAR,ASSAM,3,74,6.62
3533,DESANG,DSX,HG3,TINSUKIA,NFR,SIVASAGAR,ASSAM,3,74,6.62
3534,KHARAHAT,KRHT,HG3,TINSUKIA,NFR,SIVASAGAR,ASSAM,3,74,6.62
3535,KHARIKATIA,KQY,HG3,TINSUKIA,NFR,JORHAT,ASSAM,3,74,6.62
3536,KHUMTAI,KUTI,HG3,TINSUKIA,NFR,GOLAGHAT,ASSAM,3,74,6.62
3537,LAHING,LH,HG3,TINSUKIA,NFR,JORHAT,ASSAM,3,74,6.62
3538,LONGPATIA,LPTA,HG3,TINSUKIA,NFR,SIVASAGAR,ASSAM,3,74,6.62
3539,MAHUTGAON,MUGN,HG3,TINSUKIA,NFR,SIVASAGAR,ASSAM,3,74,6.62
3540,MOHKHUTI,MHKT,HG3,TINSUKIA,NFR,SIVASAGAR,ASSAM,3,74,6.62
3541,MORAN,MOX,HG3,TINSUKIA,NFR,SIVASAGAR,ASSAM,3,74,6.62
3542,MOUBUND,MOBD,HG3,TINSUKIA,NFR,GOLAGHAT,ASSAM,3,74,6.62
3543,POWAI,PWA,HG3,TINSUKIA,NFR,TINSUKIA,ASSAM,3,74,6.62
3544,RANGALITING,RNGG,HG3,TINSUKIA,NFR,GOLAGHAT,ASSAM,3,74,6.62
3545,ROWRIAH,RWH,HG3,TINSUKIA,NFR,JORHAT,ASSAM,3,74,6.62
3546,SEPON,SEPN,HG3,TINSUKIA,NFR,SIVASAGAR,ASSAM,3,74,6.62
3547,DIBRUGARH,DBRG,NSG3,TINSUKIA,NFR,DIBRUGARH,ASSAM,6,74,6.62
3548,DIBRUGARH TOWN,DBRT,NSG3,TINSUKIA,NFR,DIBRUGARH,ASSAM,6,74,6.62
3549,MARIANI JN.,MXN,NSG3,TINSUKIA,NFR,JORHAT,ASSAM,6,74,6.62
3550,NEW TINSUKIA JN,NTSK,NSG3,TINSUKIA,NFR,TINSUKIA,ASSAM,6,74,6.62
3551,JORHAT TOWN,JTTN,NSG4,TINSUKIA,NFR,JORHAT,ASSAM,7,74,6.62
3552,SIMALUGURI JN.,SLGR,NSG4,TINSUKIA,NFR,SIVASAGAR,ASSAM,7,74,6.62
3553,AMGURI,AGI,NSG5,TINSUKIA,NFR,SIVASAGAR,ASSAM,8,74,6.62
3554,BHOJO,BOJ,NSG5,TINSUKIA,NFR,CHARAIDEO,ASSAM,8,74,6.62
3555,DULIAJAN,DJG,NSG5,TINSUKIA,NFR,DIBRUGARH,ASSAM,8,74,6.62
3556,FURKATING JN.,FKG,NSG5,TINSUKIA,NFR,GOLAGHAT,ASSAM,8,74,6.62
3557,MORANHAT,MRHT,NSG5,TINSUKIA,NFR,SIVASAGAR,ASSAM,8,74,6.62
3558,NAHARKATIYA,NHK,NSG5,TINSUKIA,NFR,DIBRUGARH,ASSAM,8,74,6.62
3559,NAMRUP,NAM,NSG5,TINSUKIA,NFR,DIBRUGARH,ASSAM,8,74,6.62
3560,TINSUKIA JN.,TSK,NSG5,TINSUKIA,NFR,TINSUKIA,ASSAM,8,74,6.62
3561,BALIMARA,BTZ,NSG6,TINSUKIA,NFR,DIBRUGARH,ASSAM,9,74,6.62
3562,BARA HAPJAN,BPJ,NSG6,TINSUKIA,NFR,TINSUKIA,ASSAM,9,74,6.62
3563,BARUA BAMUNGAON,BBGN,NSG6,TINSUKIA,NFR,GOLAGHAT,ASSAM,9,74,6.62
3564,BHALUKMARA,BLMR,NSG6,TINSUKIA,NFR,JORHAT,ASSAM,9,74,6.62
3565,BORDUBI ROAD,BDT,NSG6,TINSUKIA,NFR,TINSUKIA,ASSAM,9,74,6.62
3566,BORHAT,BFD,NSG6,TINSUKIA,NFR,SIVASAGAR,ASSAM,9,74,6.62
3567,CHABUA,CHB,NSG6,TINSUKIA,NFR,DIBRUGARH,ASSAM,9,74,6.62
3568,CHAKITING,CFG,NSG6,TINSUKIA,NFR,GOLAGHAT,ASSAM,9,74,6.62
3569,CHALKHOWA,CKW,NSG6,TINSUKIA,NFR,DIBRUGARH,ASSAM,9,74,6.62
3570,CHARALI,CGF,NSG6,TINSUKIA,NFR,TINSUKIA,ASSAM,9,74,6.62
3571,CINNAMARA,CMA,NSG6,TINSUKIA,NFR,DIBRUGARH,ASSAM,9,74,6.62
3572,DANGARI,DNGI,NSG6,TINSUKIA,NFR,TINSUKIA,ASSAM,9,74,6.62
3573,DHAMALGAON,DMGN,NSG6,TINSUKIA,NFR,DIBRUGARH,ASSAM,9,74,6.62
3574,DIGBOI,DBY,NSG6,TINSUKIA,NFR,TINSUKIA,ASSAM,9,74,6.62
3575,DIKOM,DKM,NSG6,TINSUKIA,NFR,DIBRUGARH,ASSAM,9,74,6.62
3576,DUM DUMA TOWN,DUT,NSG6,TINSUKIA,NFR,TINSUKIA,ASSAM,9,74,6.62
3577,GOLAGHAT,GLGT,NSG6,TINSUKIA,NFR,GOLAGHAT,ASSAM,9,74,6.62
3578,HANSARA,HNR,NSG6,TINSUKIA,NFR,TINSUKIA,ASSAM,9,74,6.62
3579,KAMARBANDHA ALI,KXL,NSG6,TINSUKIA,NFR,GOLAGHAT,ASSAM,9,74,6.62
3580,KHOWANG,KOWN,NSG6,TINSUKIA,NFR,DIBRUGARH,ASSAM,9,74,6.62
3581,LAHOAL,LHL,NSG6,TINSUKIA,NFR,DIBRUGARH,ASSAM,9,74,6.62
3582,LAKWA,LXA,NSG6,TINSUKIA,NFR,SIVASAGAR,ASSAM,9,74,6.62
3583,LEDO,LEDO,NSG6,TINSUKIA,NFR,TINSUKIA,ASSAM,9,74,6.62
3584,LEPETKATA,LPK,NSG6,TINSUKIA,NFR,DIBRUGARH,ASSAM,9,74,6.62
3585,MAKUM JN.,MJN,NSG6,TINSUKIA,NFR,TINSUKIA,ASSAM,9,74,6.62
3586,MARGHERITA,MRG,NSG6,TINSUKIA,NFR,TINSUKIA,ASSAM,9,74,6.62
3587,MEZENGA,MZA,NSG6,TINSUKIA,NFR,SIVASAGAR,ASSAM,9,74,6.62
3588,NAKACHARI,NCH,NSG6,TINSUKIA,NFR,JORHAT,ASSAM,9,74,6.62
3589,NAMTIALI,NMT,NSG6,TINSUKIA,NFR,SIVASAGAR,ASSAM,9,74,6.62
3590,NAZIRA,NZR,NSG6,TINSUKIA,NFR,SIVASAGAR,ASSAM,9,74,6.62
3591,NEW SISIBORGAON,NSBG,NSG6,TINSUKIA,NFR,DHEMAJI,ASSAM,9,74,6.62
3592,NUMALIGARH,NMGY,NSG6,TINSUKIA,NFR,GOLAGHAT,ASSAM,9,74,6.62
3593,PANITOLA,PNT,NSG6,TINSUKIA,NFR,TINSUKIA,ASSAM,9,74,6.62
3594,RUPAI,RPY,NSG6,TINSUKIA,NFR,TINSUKIA,ASSAM,9,74,6.62
3595,SAFRAI,SFR,NSG6,TINSUKIA,NFR,CHARAIDEO,ASSAM,9,74,6.62
3596,SAPEKHATI,SPK,NSG6,TINSUKIA,NFR,CHARAIDEO,ASSAM,9,74,6.62
3597,SELENGHAT,SLX,NSG6,TINSUKIA,NFR,JORHAT,ASSAM,9,74,6.62
3598,SIBSAGAR TOWN,SRTN,NSG6,TINSUKIA,NFR,SIVASAGAR,ASSAM,9,74,6.62
3599,SRIPURIAGAON,SPGN,NSG6,TINSUKIA,NFR,TINSUKIA,ASSAM,9,74,6.62
3600,TALAP,TLL,NSG6,TINSUKIA,NFR,TINSUKIA,ASSAM,9,74,6.62
3601,TANGANI,TNGN,NSG6,TINSUKIA,NFR,DHEMAJI,ASSAM,9,74,6.62
3602,TINGRAI,TII,NSG6,TINSUKIA,NFR,TINSUKIA,ASSAM,9,74,6.62
3603,TITABAR,TTB,NSG6,TINSUKIA,NFR,JORHAT,ASSAM,9,74,6.62
3604,KUMBHAWAS MUNDHALIA,KWMD,HG2,DELHI,NR,GURUGRAM,HARYANA,2,236,12.02
3605,NEW KAITHAL HALT,NKLE,HG2,DELHI,NR,KAITHAL,HARYANA,2,236,12.02
3606,THANA BHAWAN TOWN,TBTN,HG2,DELHI,NR,SHAMLI,UTTAR PRADESH,2,236,12.02
3607,AHERA,AHQ,HG3,DELHI,NR,BAGHPAT,UTTAR PRADESH,3,236,12.02
3608,AILAM HALT,AILM,HG3,DELHI,NR,MUZAFFARNAGAR,UTTAR PRADESH,3,236,12.02
3609,ALAWALPUR IDRISPUR,AIH,HG3,DELHI,NR,BAGHPAT,UTTAR PRADESH,3,236,12.02
3610,ANAND VIHAR HALT,ANVR,HG3,DELHI,NR,NORTH EAST,DELHI,3,236,12.02
3611,ASAN,ASAN,HG3,DELHI,NR,JIND,HARYANA,3,236,12.02
3612,ASRA HALT,ASAR,HG3,DELHI,NR,BAGHPAT,UTTAR PRADESH,3,236,12.02
3613,BARKA HALT,BADK,HG3,DELHI,NR,BAGHPAT,UTTAR PRADESH,3,236,12.02
3614,BARWASNI HALT,BRNI,HG3,DELHI,NR,SONIPAT,HARYANA,3,236,12.02
3615,BAWLI HALT,BAOL,HG3,DELHI,NR,BAGHPAT,UTTAR PRADESH,3,236,12.02
3616,BEHTA HAZIPUR,BHHZ,HG3,DELHI,NR,GHAZIABAD,UTTAR PRADESH,3,236,12.02
3617,BHAINSWAN,BASN,HG3,DELHI,NR,SONIPAT,HARYANA,3,236,12.02
3618,BHAMBHEWA,BHMW,HG3,DELHI,NR,ROHTAK,HARYANA,3,236,12.02
3619,BHANKALA,BNQL,HG3,DELHI,NR,SAHARANPUR,UTTAR PRADESH,3,236,12.02
3620,BHUDPUR,BDHP,HG3,DELHI,NR,BAGHPAT,UTTAR PRADESH,3,236,12.02
3621,BINJHOL,BNJL,HG3,DELHI,NR,PANIPAT,HARYANA,3,236,12.02
3622,BUDHA KHERA,BKDE,HG3,DELHI,NR,JIND,HARYANA,3,236,12.02
3623,BUTANA HALT,BUTN,HG3,DELHI,NR,KARNAL,HARYANA,3,236,12.02
3624,CHANAKYAPURI,CNKP,HG3,DELHI,NR,SOUTH WEST,DELHI,3,236,12.02
3625,CHANDER NAGAR HALT,CNJ,HG3,DELHI,NR,NORTH EAST,DELHI,3,236,12.02
3626,DATEWAS,DTW,HG3,DELHI,NR,MANSA,PUNJAB,3,236,12.02
3627,DHURANA,DHRN,HG3,DELHI,NR,SONIPAT,HARYANA,3,236,12.02
3628,DIGHAL,DGHL,HG3,DELHI,NR,JHAJJAR,HARYANA,3,236,12.02
3629,DUHAI,DXH,HG3,DELHI,NR,GHAZIABAD,UTTAR PRADESH,3,236,12.02
3630,FAKHARPUR HALT,FAP,HG3,DELHI,NR,BAGHPAT,UTTAR PRADESH,3,236,12.02
3631,GAON BARODA,GNBA,HG3,DELHI,NR,JIND,HARYANA,3,236,12.02
3632,GEONG HALT,GXG,HG3,DELHI,NR,KAITHAL,HARYANA,3,236,12.02
3633,GOKALGARH,GKG,HG3,DELHI,NR,REWARI,HARYANA,3,236,12.02
3634,GOKULPUR SABOLI HALT,GPSL,HG3,DELHI,NR,NORTH EAST,DELHI,3,236,12.02
3635,GOTRA,GTRA,HG3,DELHI,NR,BAGHPAT,UTTAR PRADESH,3,236,12.02
3636,GUJRAN-BALWA HALT,GLBN,HG3,DELHI,NR,SHAMLI,UTTAR PRADESH,3,236,12.02
3637,GURTHURI,GRZ,HG3,DELHI,NR,JIND,HARYANA,3,236,12.02
3638,HARHAR FATEHPUR,HHP,HG3,DELHI,NR,MUZAFFARNAGAR,UTTAR PRADESH,3,236,12.02
3639,HARSANA KALAN,HNN,HG3,DELHI,NR,SONIPAT,HARYANA,3,236,12.02
3640,ISHAPUR KHERI HALT,ISRI,HG3,DELHI,NR,SONIPAT,HARYANA,3,236,12.02
3641,ISRANA HALT,IRA,HG3,DELHI,NR,PANIPAT,HARYANA,3,236,12.02
3642,JANDHERA HALT,JDHH,HG3,DELHI,NR,SAHARANPUR,UTTAR PRADESH,3,236,12.02
3643,JASIA HALT,JSS,HG3,DELHI,NR,ROHTAK,HARYANA,3,236,12.02
3644,KAHANGARH HALT,KAGR,HG3,DELHI,NR,MANSA,PUNJAB,3,236,12.02
3645,KALWAN HALT,KLWN,HG3,DELHI,NR,JIND,HARYANA,3,236,12.02
3646,KARSINDHU HALT,KSDE,HG3,DELHI,NR,JIND,HARYANA,3,236,12.02
3647,KHANDARI HALT,KHDR,HG3,DELHI,NR,SONIPAT,HARYANA,3,236,12.02
3648,KHANDRAWALI HALT,KZI,HG3,DELHI,NR,SHAMLI,UTTAR PRADESH,3,236,12.02
3649,KIRTINAGAR HALT,KRTN,HG3,DELHI,NR,WEST,DELHI,3,236,12.02
3650,KOHAND HALT,KFU,HG3,DELHI,NR,KARNAL,HARYANA,3,236,12.02
3651,KOTLI KALAN HALT,KTKL,HG3,DELHI,NR,MANSA,PUNJAB,3,236,12.02
3652,LAKHAN MAJRA HALT,LNMA,HG3,DELHI,NR,ROHTAK,HARYANA,3,236,12.02
3653,LALIT KHERA HALT,LTKR,HG3,DELHI,NR,JIND,HARYANA,3,236,12.02
3654,LATH HALT,LATH,HG3,DELHI,NR,SONIPAT,HARYANA,3,236,12.02
3655,LODHI COLONY,LDCY,HG3,DELHI,NR,SOUTH,DELHI,3,236,12.02
3656,MACHHRAULI,MHRI,HG3,DELHI,NR,JHAJJAR,HARYANA,3,236,12.02
3657,MAKRAULI,MKLI,HG3,DELHI,NR,ROHTAK,HARYANA,3,236,12.02
3658,MANDAWALI CHANDER VI,MWC,HG3,DELHI,NR,NORTH EAST,DELHI,3,236,12.02
3659,MOHANA HARYANA,MOHR,HG3,DELHI,NR,SONIPAT,HARYANA,3,236,12.02
3660,MUNDKA HALT,MQC,HG3,DELHI,NR,WEST,DELHI,3,236,12.02
3661,NARA HALT,NARA,HG3,DELHI,NR,PANIPAT,HARYANA,3,236,12.02
3662,NARAINA VIHAR,NRVR,HG3,DELHI,NR,CENTRAL,DELHI,3,236,12.02
3663,NUSRATABAD KHARKHARI,NTG,HG3,DELHI,NR,GHAZIABAD,UTTAR PRADESH,3,236,12.02
3664,PABNAWAJAS MAHINDAR,PBJM,HG3,DELHI,NR,KAITHAL,HARYANA,3,236,12.02
3665,PALHAWAS,PLHW,HG3,DELHI,NR,REWARI,HARYANA,3,236,12.02
3666,PANDU PINDARA HALT,PPDE,HG3,DELHI,NR,JIND,HARYANA,3,236,12.02
3667,PINDARSI HALT,PDS,HG3,DELHI,NR,KURUKSHETRA,HARYANA,3,236,12.02
3668,PRAGATI MAIDAN,PGMD,HG3,DELHI,NR,CENTRAL,DELHI,3,236,12.02
3669,QUTABPUR,QTP,HG3,DELHI,NR,REWARI,HARYANA,3,236,12.02
3670,RABHRA HALT,RBHR,HG3,DELHI,NR,SONIPAT,HARYANA,3,236,12.02
3671,RAJLU GARHI HALT,RUG,HG3,DELHI,NR,SONIPAT,HARYANA,3,236,12.02
3672,ROHAD NAGAR,ROHN,HG3,DELHI,NR,JHAJJAR,HARYANA,3,236,12.02
3673,RUKHI HALT,RKX,HG3,DELHI,NR,SONIPAT,HARYANA,3,236,12.02
3674,SARDAR PATEL ROAD,SDPR,HG3,DELHI,NR,SOUTH WEST,DELHI,3,236,12.02
3675,SILA KHERI,SXE,HG3,DELHI,NR,JIND,HARYANA,3,236,12.02
3676,SILAWAR,SLWR,HG3,DELHI,NR,MUZAFFARNAGAR,UTTAR PRADESH,3,236,12.02
3677,SONA ARJUNPUR,SNAP,HG3,DELHI,NR,SAHARANPUR,UTTAR PRADESH,3,236,12.02
3678,SUJRA,SUJR,HG3,DELHI,NR,BAGHPAT,UTTAR PRADESH,3,236,12.02
3679,SULTANPUR KALIAWAS,STKW,HG3,DELHI,NR,GURUGRAM,HARYANA,3,236,12.02
3680,SUNDERPUR BARAHKALAN,SPBK,HG3,DELHI,NR,ROHTAK,HARYANA,3,236,12.02
3681,SUNEHRA,SFA,HG3,DELHI,NR,BAGHPAT,UTTAR PRADESH,3,236,12.02
3682,TAJ NAGAR,TNJR,HG3,DELHI,NR,GURUGRAM,HARYANA,3,236,12.02
3683,USMANPUR DEHAT HALT,UPRD,HG3,DELHI,NR,SHAMLI,UTTAR PRADESH,3,236,12.02
3684,DELHI JN.,DLI,NSG1,DELHI,NR,NORTH,DELHI,4,236,12.02
3685,HAZRAT NIZAMUDDIN JN,NZM,NSG1,DELHI,NR,SOUTH,DELHI,4,236,12.02
3686,NEW DELHI,NDLS,NSG1,DELHI,NR,CENTRAL,DELHI,4,236,12.02
3687,ANAND VIHAR TERMINAL,ANVT,NSG2,DELHI,NR,NORTH EAST,DELHI,5,236,12.02
3688,DELHI-SARAI ROHILLA,DEE,NSG2,DELHI,NR,NORTH WEST,DELHI,5,236,12.02
3689,GHAZIABAD JN.,GZB,NSG2,DELHI,NR,GHAZIABAD,UTTAR PRADESH,5,236,12.02
3690,SONIPAT,SNP,NSG2,DELHI,NR,SONIPAT,HARYANA,5,236,12.02
3691,DELHI CANTT.,DEC,NSG3,DELHI,NR,SOUTH WEST,DELHI,6,236,12.02
3692,DELHI-SHAHDARA JN.,DSA,NSG3,DELHI,NR,NORTH EAST,DELHI,6,236,12.02
3693,FARIDABAD,FDB,NSG3,DELHI,NR,FARIDABAD,HARYANA,6,236,12.02
3694,GURGAON,GGN,NSG3,DELHI,NR,GURUGRAM,HARYANA,6,236,12.02
3695,MEERUT CITY JN.,MTC,NSG3,DELHI,NR,MEERUT,UTTAR PRADESH,6,236,12.02
3696,MUZAFFARNAGAR,MOZ,NSG3,DELHI,NR,MUZAFFARNAGAR,UTTAR PRADESH,6,236,12.02
3697,PALWAL,PWL,NSG3,DELHI,NR,FARIDABAD,HARYANA,6,236,12.02
3698,PANIPAT JN.,PNP,NSG3,DELHI,NR,PANIPAT,HARYANA,6,236,12.02
3699,ROHTAK JN.,ROK,NSG3,DELHI,NR,ROHTAK,HARYANA,6,236,12.02
3700,BAHADURGARH,BGZ,NSG4,DELHI,NR,JHAJJAR,HARYANA,7,236,12.02
3701,BALLABGARH,BVH,NSG4,DELHI,NR,FARIDABAD,HARYANA,7,236,12.02
3702,BARAUT,BTU,NSG4,DELHI,NR,BAGHPAT,UTTAR PRADESH,7,236,12.02
3703,FARIDABAD NEW TOWN,FDN,NSG4,DELHI,NR,FARIDABAD,HARYANA,7,236,12.02
3704,GANAUR,GNU,NSG4,DELHI,NR,SONIPAT,HARYANA,7,236,12.02
3705,KARNAL,KUN,NSG4,DELHI,NR,KARNAL,HARYANA,7,236,12.02
3706,KURUKSHETRA JN.,KKDE,NSG4,DELHI,NR,KURUKSHETRA,HARYANA,7,236,12.02
3707,MODINAGAR,MDNR,NSG4,DELHI,NR,GHAZIABAD,UTTAR PRADESH,7,236,12.02
3708,NANGLOI,NNO,NSG4,DELHI,NR,WEST,DELHI,7,236,12.02
3709,NARELA,NUR,NSG4,DELHI,NR,NORTH WEST,DELHI,7,236,12.02
3710,NOLI,NOLI,NSG4,DELHI,NR,GHAZIABAD,UTTAR PRADESH,7,236,12.02
3711,PALAM,PM,NSG4,DELHI,NR,SOUTH WEST,DELHI,7,236,12.02
3712,PATAUDI ROAD,PTRD,NSG4,DELHI,NR,GURUGRAM,HARYANA,7,236,12.02
3713,SADAR BAZAR,DSB,NSG4,DELHI,NR,NORTH,DELHI,7,236,12.02
3714,SAHIBABAD,SBB,NSG4,DELHI,NR,GHAZIABAD,UTTAR PRADESH,7,236,12.02
3715,SHAKUR BASTI,SSB,NSG4,DELHI,NR,NORTH WEST,DELHI,7,236,12.02
3716,TUGALAKABAD,TKD,NSG4,DELHI,NR,SOUTH,DELHI,7,236,12.02
3717,ADARSH NAGAR DELHI,ANDI,NSG5,DELHI,NR,NORTH,DELHI,8,236,12.02
3718,ASAOTI,AST,NSG5,DELHI,NR,FARIDABAD,HARYANA,8,236,12.02
3719,BADLI,BHD,NSG5,DELHI,NR,NORTH WEST,DELHI,8,236,12.02
3720,BAGHPAT ROAD,BPM,NSG5,DELHI,NR,BAGHPAT,UTTAR PRADESH,8,236,12.02
3721,BUDHLADA,BLZ,NSG5,DELHI,NR,MANSA,PUNJAB,8,236,12.02
3722,DELHI-KISHANGANJ,DKZ,NSG5,DELHI,NR,NORTH,DELHI,8,236,12.02
3723,DELHI-SAFDAR JANG,DSJ,NSG5,DELHI,NR,SOUTH WEST,DELHI,8,236,12.02
3724,DEOBAND,DBD,NSG5,DELHI,NR,SAHARANPUR,UTTAR PRADESH,8,236,12.02
3725,GARHI HARSARU JN.,GHH,NSG5,DELHI,NR,GURUGRAM,HARYANA,8,236,12.02
3726,JAKHAL JN.,JHL,NSG5,DELHI,NR,FATEHABAD,HARYANA,8,236,12.02
3727,JIND JN.,JIND,NSG5,DELHI,NR,JIND,HARYANA,8,236,12.02
3728,JULANA,JNA,NSG5,DELHI,NR,JIND,HARYANA,8,236,12.02
3729,KAITHAL,KLE,NSG5,DELHI,NR,KAITHAL,HARYANA,8,236,12.02
3730,KHATAULI,KAT,NSG5,DELHI,NR,MUZAFFARNAGAR,UTTAR PRADESH,8,236,12.02
3731,KHEKRA,KEX,NSG5,DELHI,NR,BAGHPAT,UTTAR PRADESH,8,236,12.02
3732,MANSA,MSZ,NSG5,DELHI,NR,MANSA,PUNJAB,8,236,12.02
3733,MAUR,MAUR,NSG5,DELHI,NR,BATHINDA,PUNJAB,8,236,12.02
3734,MEERUT CANT,MUT,NSG5,DELHI,NR,MEERUT,UTTAR PRADESH,8,236,12.02
3735,MURADNAGAR,MUD,NSG5,DELHI,NR,GHAZIABAD,UTTAR PRADESH,8,236,12.02
3736,NARWANA JN.,NRW,NSG5,DELHI,NR,JIND,HARYANA,8,236,12.02
3737,OKHLA,OKA,NSG5,DELHI,NR,SOUTH EAST,DELHI,8,236,12.02
3738,SAMALKHA,SMK,NSG5,DELHI,NR,PANIPAT,HARYANA,8,236,12.02
3739,SAMPLA,SPZ,NSG5,DELHI,NR,JHAJJAR,HARYANA,8,236,12.02
3740,SHAMLI,SMQL,NSG5,DELHI,NR,SHAMLI,UTTAR PRADESH,8,236,12.02
3741,SHIVAJI BRIDGE,CSB,NSG5,DELHI,NR,CENTRAL,DELHI,8,236,12.02
3742,SUBZI MANDI,SZM,NSG5,DELHI,NR,NORTH,DELHI,8,236,12.02
3743,TAPRI JN.,TPZ,NSG5,DELHI,NR,SAHARANPUR,UTTAR PRADESH,8,236,12.02
3744,TILAK BRIDGE,TKJ,NSG5,DELHI,NR,CENTRAL,DELHI,8,236,12.02
3745,TOHANA,TUN,NSG5,DELHI,NR,FATEHABAD,HARYANA,8,236,12.02
3746,VIVEK VIHAR,VVB,NSG5,DELHI,NR,NORTH EAST,DELHI,8,236,12.02
3747,AMIN,AMIN,NSG6,DELHI,NR,KURUKSHETRA,HARYANA,9,236,12.02
3748,ASAUDAH,ASE,NSG6,DELHI,NR,JHAJJAR,HARYANA,9,236,12.02
3749,ASTHAL BOHAR,ABO,NSG6,DELHI,NR,ROHTAK,HARYANA,9,236,12.02
3750,BABARPUR,BBDE,NSG6,DELHI,NR,PANIPAT,HARYANA,9,236,12.02
3751,BAMANHERI,BMHR,NSG6,DELHI,NR,MUZAFFARNAGAR,UTTAR PRADESH,9,236,12.02
3752,BARETA,BRZ,NSG6,DELHI,NR,MANSA,PUNJAB,9,236,12.02
3753,BARSOLA,BZO,NSG6,DELHI,NR,JIND,HARYANA,9,236,12.02
3754,BASAI DHANKOT,BDXT,NSG6,DELHI,NR,GURUGRAM,HARYANA,9,236,12.02
3755,BAZIDA JATAN,BZJT,NSG6,DELHI,NR,KARNAL,HARYANA,9,236,12.02
3756,BHAINI KHURD,BZK,NSG6,DELHI,NR,KARNAL,HARYANA,9,236,12.02
3757,BHODWAL MAJRI,BDMJ,NSG6,DELHI,NR,PANIPAT,HARYANA,9,236,12.02
3758,BIJWASAN,BWSN,NSG6,DELHI,NR,SOUTH WEST,DELHI,9,236,12.02
3759,BISHANPUR HARYANA,BSPH,NSG6,DELHI,NR,JIND,HARYANA,9,236,12.02
3760,BRAR SQUARE,BRSQ,NSG6,DELHI,NR,SOUTH WEST,DELHI,9,236,12.02
3761,DAURALA,DRLA,NSG6,DELHI,NR,MEERUT,UTTAR PRADESH,9,236,12.02
3762,DAYA BASTI,DBSI,NSG6,DELHI,NR,NORTH,DELHI,9,236,12.02
3763,DELHI-AZADPUR,DAZ,NSG6,DELHI,NR,NORTH WEST,DELHI,9,236,12.02
3764,DHAMTAN SAHIB,DTN,NSG6,DELHI,NR,JIND,HARYANA,9,236,12.02
3765,DHARODI,DHY,NSG6,DELHI,NR,JIND,HARYANA,9,236,12.02
3766,DHIRPUR,DPP,NSG6,DELHI,NR,KURUKSHETRA,HARYANA,9,236,12.02
3767,DHODA KHERI,DHKR,NSG6,DELHI,NR,KURUKSHETRA,HARYANA,9,236,12.02
3768,DHOLA MAJRA,DHMZ,NSG6,DELHI,NR,KURUKSHETRA,HARYANA,9,236,12.02
3769,DIWANA,DWNA,NSG6,DELHI,NR,PANIPAT,HARYANA,9,236,12.02
3770,DOBH BAHALI,DBHL,NSG6,DELHI,NR,ROHTAK,HARYANA,9,236,12.02
3771,FARUKHNAGAR,FN,NSG6,DELHI,NR,GURUGRAM,HARYANA,9,236,12.02
3772,GHARAUNDA,GRA,NSG6,DELHI,NR,KARNAL,HARYANA,9,236,12.02
3773,GHASO,GSO,NSG6,DELHI,NR,JIND,HARYANA,9,236,12.02
3774,GHEVRA,GHE,NSG6,DELHI,NR,WEST,DELHI,9,236,12.02
3775,GOHANA,GHNA,NSG6,DELHI,NR,SONIPAT,HARYANA,9,236,12.02
3776,GULDHAR,GUH,NSG6,DELHI,NR,GHAZIABAD,UTTAR PRADESH,9,236,12.02
3777,HIMMATPURA,HMQ,NSG6,DELHI,NR,FATEHABAD,HARYANA,9,236,12.02
3778,HIND,HIND,NSG6,DELHI,NR,SHAMLI,UTTAR PRADESH,9,236,12.02
3779,HOLAMBI KALAN,HUK,NSG6,DELHI,NR,NORTH WEST,DELHI,9,236,12.02
3780,INCHHAPURI,IHP,NSG6,DELHI,NR,GURUGRAM,HARYANA,9,236,12.02
3781,ISMAILA HARYANA,ISM,NSG6,DELHI,NR,ROHTAK,HARYANA,9,236,12.02
3782,JAI JAI WANTI,JJT,NSG6,DELHI,NR,JIND,HARYANA,9,236,12.02
3783,JARAUDA NARA,JDW,NSG6,DELHI,NR,MUZAFFARNAGAR,UTTAR PRADESH,9,236,12.02
3784,JATAULA JORI SAMPKA,JSKA,NSG6,DELHI,NR,GURUGRAM,HARYANA,9,236,12.02
3785,JHAJJAR,JHJ,NSG6,DELHI,NR,JHAJJAR,HARYANA,9,236,12.02
3786,JIND CITY,JCY,NSG6,DELHI,NR,JIND,HARYANA,9,236,12.02
3787,KALAYAT,KIY,NSG6,DELHI,NR,KAITHAL,HARYANA,9,236,12.02
3788,KANDHLA,KQL,NSG6,DELHI,NR,SHAMLI,UTTAR PRADESH,9,236,12.02
3789,KARAINTHI,KHV,NSG6,DELHI,NR,ROHTAK,HARYANA,9,236,12.02
3790,KATAR SINGH WALA,KZW,NSG6,DELHI,NR,BATHINDA,PUNJAB,9,236,12.02
3791,KHALILPUR,KIP,NSG6,DELHI,NR,GURUGRAM,HARYANA,9,236,12.02
3792,KHARAWAR,KRZ,NSG6,DELHI,NR,ROHTAK,HARYANA,9,236,12.02
3793,KHERA KALAN,KHKN,NSG6,DELHI,NR,NORTH WEST,DELHI,9,236,12.02
3794,KHUKRANA,KURN,NSG6,DELHI,NR,PANIPAT,HARYANA,9,236,12.02
3795,KILA ZAFARGARH,KZH,NSG6,DELHI,NR,JIND,HARYANA,9,236,12.02
3796,KINANA,KIU,NSG6,DELHI,NR,JIND,HARYANA,9,236,12.02
3797,KOT FATEH,KTF,NSG6,DELHI,NR,BATHINDA,PUNJAB,9,236,12.02
3798,LAJPAT NAGAR,LPNR,NSG6,DELHI,NR,SOUTH,DELHI,9,236,12.02
3799,MADLAUDA,MLDE,NSG6,DELHI,NR,PANIPAT,HARYANA,9,236,12.02
3800,MAISAR KHANA,MASK,NSG6,DELHI,NR,BATHINDA,PUNJAB,9,236,12.02
3801,MANANI,MNZ,NSG6,DELHI,NR,SAHARANPUR,UTTAR PRADESH,9,236,12.02
3802,MANGOLPURI,MGLP,NSG6,DELHI,NR,NORTH WEST,DELHI,9,236,12.02
3803,MANSURPUR,MSP,NSG6,DELHI,NR,MUZAFFARNAGAR,UTTAR PRADESH,9,236,12.02
3804,MOHIUDDINPUR,MUZ,NSG6,DELHI,NR,MEERUT,UTTAR PRADESH,9,236,12.02
3805,MOHRI,MOY,NSG6,DELHI,NR,AMBALA,HARYANA,9,236,12.02
3806,MUDLANA,MDLA,NSG6,DELHI,NR,SONIPAT,HARYANA,9,236,12.02
3807,NAGAL,NGL,NSG6,DELHI,NR,SAHARANPUR,UTTAR PRADESH,9,236,12.02
3808,NANAUTA,NNX,NSG6,DELHI,NR,SAHARANPUR,UTTAR PRADESH,9,236,12.02
3809,NARINDARPURA,NPX,NSG6,DELHI,NR,MANSA,PUNJAB,9,236,12.02
3810,NAULTHA,NLH,NSG6,DELHI,NR,PANIPAT,HARYANA,9,236,12.02
3811,NAYA GHAZIABAD,GZN,NSG6,DELHI,NR,GHAZIABAD,UTTAR PRADESH,9,236,12.02
3812,NILOKHERI,NLKR,NSG6,DELHI,NR,KARNAL,HARYANA,9,236,12.02
3813,PABLI KHAS,PQY,NSG6,DELHI,NR,MEERUT,UTTAR PRADESH,9,236,12.02
3814,PARTAPUR,PRTP,NSG6,DELHI,NR,MEERUT,UTTAR PRADESH,9,236,12.02
3815,PATEL NAGAR,PTNR,NSG6,DELHI,NR,CENTRAL,DELHI,9,236,12.02
3816,PATLI,PT,NSG6,DELHI,NR,GURUGRAM,HARYANA,9,236,12.02
3817,PEHOWA ROAD,PHWR,NSG6,DELHI,NR,KURUKSHETRA,HARYANA,9,236,12.02
3818,PILU KHERA,PKDE,NSG6,DELHI,NR,JIND,HARYANA,9,236,12.02
3819,QASIMPUR KHERI,KPKI,NSG6,DELHI,NR,BAGHPAT,UTTAR PRADESH,9,236,12.02
3820,RAMPUR MANIHARAN,RPMN,NSG6,DELHI,NR,SAHARANPUR,UTTAR PRADESH,9,236,12.02
3821,RATHDHANA,RDDE,NSG6,DELHI,NR,SONIPAT,HARYANA,9,236,12.02
3822,ROHANA KALAN,RNA,NSG6,DELHI,NR,MUZAFFARNAGAR,UTTAR PRADESH,9,236,12.02
3823,SADDA SINGHWALA,SSZ,NSG6,DELHI,NR,MANSA,PUNJAB,9,236,12.02
3824,SAFIDON,SFDE,NSG6,DELHI,NR,JIND,HARYANA,9,236,12.02
3825,SAJUMA,SJM,NSG6,DELHI,NR,KAITHAL,HARYANA,9,236,12.02
3826,SAKHOTI TANDA,SKF,NSG6,DELHI,NR,MEERUT,UTTAR PRADESH,9,236,12.02
3827,SAMAR GOPALPUR,SMF,NSG6,DELHI,NR,ROHTAK,HARYANA,9,236,12.02
3828,SANDAL KALAN,SLKN,NSG6,DELHI,NR,SONIPAT,HARYANA,9,236,12.02
3829,SAROJINI NAGAR,SOJ,NSG6,DELHI,NR,SOUTH,DELHI,9,236,12.02
3830,SEWA NAGAR,SWNR,NSG6,DELHI,NR,SOUTH,DELHI,9,236,12.02
3831,SHAHABAD MARKANDA,SHDM,NSG6,DELHI,NR,KURUKSHETRA,HARYANA,9,236,12.02
3832,SHAHABAD MUHAMMADPUR,SMDP,NSG6,DELHI,NR,SOUTH WEST,DELHI,9,236,12.02
3833,SIWAHA,SWDE,NSG6,DELHI,NR,JIND,HARYANA,9,236,12.02
3834,TALHERI BAZURG,THJ,NSG6,DELHI,NR,SAHARANPUR,UTTAR PRADESH,9,236,12.02
3835,TARAORI,TRR,NSG6,DELHI,NR,KARNAL,HARYANA,9,236,12.02
3836,THANA BHAWAN,THBN,NSG6,DELHI,NR,SHAMLI,UTTAR PRADESH,9,236,12.02
3837,THANESAR CITY,TNDE,NSG6,DELHI,NR,KURUKSHETRA,HARYANA,9,236,12.02
3838,TIK,TIK,NSG6,DELHI,NR,KAITHAL,HARYANA,9,236,12.02
3839,UCHANA,UCA,NSG6,DELHI,NR,JIND,HARYANA,9,236,12.02
3840,BAJALTA,BLA,HG2,FEROZPUR,NR,JAMMU,JAMMU AND KASHMIR,2,249,12.02
3841,D.A.V. COLLEGE JALAN,DAVJ,HG2,FEROZPUR,NR,FAZILKA,PUNJAB,2,249,12.02
3842,GHAL KALAN,GKX,HG2,FEROZPUR,NR,MOGA,PUNJAB,2,249,12.02
3843,HILLAR SHAHABAD HALT,HRSB,HG2,FEROZPUR,NR,ANANTNAG,JAMMU AND KASHMIR,2,249,12.02
3844,JHAWAR HALT,JHWR,HG2,FEROZPUR,NR,GURDASPUR,PUNJAB,2,249,12.02
3845,TALLI SAIDA SAHU,TSS,HG2,FEROZPUR,NR,FIROZEPUR,PUNJAB,2,249,12.02
3846,AJIT GILL MATTA HALT,AJTM,HG3,FEROZPUR,NR,FARIDKOT,PUNJAB,3,249,12.02
3847,BABA BAKALA RAIYA,BBKR,HG3,FEROZPUR,NR,AMRITSAR,PUNJAB,3,249,12.02
3848,BADHAI BALAMGARH HAL,BDBG,HG3,FEROZPUR,NR,SRI MUKTSAR SAHIB,PUNJAB,3,249,12.02
3849,BAHMNIWALA,BVW,HG3,FEROZPUR,NR,FAZILKA,PUNJAB,3,249,12.02
3850,BALLE-DA-PIR-LARATH,BLDL,HG3,FEROZPUR,NR,KANGRA,HIMACHAL PRADESH,3,249,12.02
3851,BARYAL HIMACHAL,BRHL,HG3,FEROZPUR,NR,KANGRA,HIMACHAL PRADESH,3,249,12.02
3852,BATALA SUGAR MILLS,BATM,HG3,FEROZPUR,NR,GURDASPUR,PUNJAB,3,249,12.02
3853,BHAGSAR,BSGR,HG3,FEROZPUR,NR,SRI MUKTSAR SAHIB,PUNJAB,3,249,12.02
3854,BOPARAI HALT,BXO,HG3,FEROZPUR,NR,TARN TARAN,PUNJAB,3,249,12.02
3855,BURJ MOHAR,BJMA,HG3,FEROZPUR,NR,FAZILKA,PUNJAB,3,249,12.02
3856,BUTEWALA,BWF,HG3,FEROZPUR,NR,FIROZEPUR,PUNJAB,3,249,12.02
3857,CHAK PAKHEWALA,CKA,HG3,FEROZPUR,NR,FAZILKA,PUNJAB,3,249,12.02
3858,CHAK-RAKHWAL,CRWL,HG3,FEROZPUR,NR,UDHAMPUR,JAMMU AND KASHMIR,3,249,12.02
3859,CHAMUNDA MARG,CMMG,HG3,FEROZPUR,NR,KANGRA,HIMACHAL PRADESH,3,249,12.02
3860,CHAREWAN HALT,CWN,HG3,FEROZPUR,NR,SRI MUKTSAR SAHIB,PUNJAB,3,249,12.02
3861,D.A.V.COLLEGE JALALA,DAVC,HG3,FEROZPUR,NR,FAZILKA,PUNJAB,3,249,12.02
3862,DHINDSA,DDK,HG3,FEROZPUR,NR,FIROZEPUR,PUNJAB,3,249,12.02
3863,DODH,DODH,HG3,FEROZPUR,NR,FIROZEPUR,PUNJAB,3,249,12.02
3864,DUDWINDI,DDY,HG3,FEROZPUR,NR,KAPURTHALA,PUNJAB,3,249,12.02
3865,GHALLU,GHLU,HG3,FEROZPUR,NR,FAZILKA,PUNJAB,3,249,12.02
3866,GUMTALI,GTQ,HG3,FEROZPUR,NR,JALANDHAR,PUNJAB,3,249,12.02
3867,JAND WALA,JWKA,HG3,FEROZPUR,NR,FAZILKA,PUNJAB,3,249,12.02
3868,JHABELWALI,JBW,HG3,FEROZPUR,NR,SRI MUKTSAR SAHIB,PUNJAB,3,249,12.02
3869,JOGIWALA,JGW,HG3,FEROZPUR,NR,FIROZEPUR,PUNJAB,3,249,12.02
3870,KANDWAL,KAWL,HG3,FEROZPUR,NR,KANGRA,HIMACHAL PRADESH,3,249,12.02
3871,KANG KHURD,KGKD,HG3,FEROZPUR,NR,JALANDHAR,PUNJAB,3,249,12.02
3872,KARIHA HALT,KYY,HG3,FEROZPUR,NR,SHAHID BHAGAT SINGH NAGAR,PUNJAB,3,249,12.02
3873,KHADUR SAHIB HALT,KDSB,HG3,FEROZPUR,NR,TARN TARAN,PUNJAB,3,249,12.02
3874,KHAI PHEMEKI,KIQ,HG3,FEROZPUR,NR,FIROZEPUR,PUNJAB,3,249,12.02
3875,KULTHAM ABDULLA SHAH,KASH,HG3,FEROZPUR,NR,SHAHID BHAGAT SINGH NAGAR,PUNJAB,3,249,12.02
3876,LUNSU HALT,LNS,HG3,FEROZPUR,NR,KANGRA,HIMACHAL PRADESH,3,249,12.02
3877,LYALPUR KHALSA COLLE,LKK,HG3,FEROZPUR,NR,JALANDHAR,PUNJAB,3,249,12.02
3878,MAHANGARWAL DOABA,MGWD,HG3,FEROZPUR,NR,HOSHIARPUR,PUNJAB,3,249,12.02
3879,MAHESHRI SANDHUAN,MSSD,HG3,FEROZPUR,NR,FIROZEPUR,PUNJAB,3,249,12.02
3880,MAJHAIRAN HIMACHAL,MNHL,HG3,FEROZPUR,NR,KANGRA,HIMACHAL PRADESH,3,249,12.02
3881,MAJITHA,MJTA,HG3,FEROZPUR,NR,AMRITSAR,PUNJAB,3,249,12.02
3882,MULEWAL KHAIHRA,MLKH,HG3,FEROZPUR,NR,JALANDHAR,PUNJAB,3,249,12.02
3883,PARAO MAHNA,PMH,HG3,FEROZPUR,NR,MOGA,PUNJAB,3,249,12.02
3884,PAROR,PRAR,HG3,FEROZPUR,NR,KANGRA,HIMACHAL PRADESH,3,249,12.02
3885,PATTI RAJPURA HALT,PTRJ,HG3,FEROZPUR,NR,KANGRA,HIMACHAL PRADESH,3,249,12.02
3886,PIPLI PAKHI KALAN,PKZ,HG3,FEROZPUR,NR,FARIDKOT,PUNJAB,3,249,12.02
3887,RAIL COACH FACTORY,RCF,HG3,FEROZPUR,NR,KAPURTHALA,PUNJAB,3,249,12.02
3888,RATAR CHHATTAR,RCR,HG3,FEROZPUR,NR,GURDASPUR,PUNJAB,3,249,12.02
3889,RATTOKE GURDWARA HAL,RKG,HG3,FEROZPUR,NR,TARN TARAN,PUNJAB,3,249,12.02
3890,RURE ASAL HALT,RRAL,HG3,FEROZPUR,NR,TARN TARAN,PUNJAB,3,249,12.02
3891,SAIDPUR JALALABAD,SPJB,HG3,FEROZPUR,NR,TARN TARAN,PUNJAB,3,249,12.02
3892,SARNA,SRM,HG3,FEROZPUR,NR,PATHANKOT,PUNJAB,3,249,12.02
3893,SATNAUR BADESRON,SNB,HG3,FEROZPUR,NR,HOSHIARPUR,PUNJAB,3,249,12.02
3894,SIDHWAN,SWG,HG3,FEROZPUR,NR,JALANDHAR,PUNJAB,3,249,12.02
3895,SINDHAR,SDZ,HG3,FEROZPUR,NR,JALANDHAR,PUNJAB,3,249,12.02
3896,SULHANI,SULH,HG3,FEROZPUR,NR,FIROZEPUR,PUNJAB,3,249,12.02
3897,THEH QALANDAR,TQL,HG3,FEROZPUR,NR,FAZILKA,PUNJAB,3,249,12.02
3898,TRIPAL,TRPL,HG3,FEROZPUR,NR,KANGRA,HIMACHAL PRADESH,3,249,12.02
3899,WANDER JATANA,WDJ,HG3,FEROZPUR,NR,FARIDKOT,PUNJAB,3,249,12.02
3900,AMRITSAR JN.,ASR,NSG2,FEROZPUR,NR,AMRITSAR,PUNJAB,5,249,12.02
3901,JALANDHAR CITY JN.,JUC,NSG2,FEROZPUR,NR,KAPURTHALA,PUNJAB,5,249,12.02
3902,JAMMU TAWI,JAT,NSG2,FEROZPUR,NR,JAMMU,JAMMU AND KASHMIR,5,249,12.02
3903,LUDHIANA JN.,LDH,NSG2,FEROZPUR,NR,LUDHIANA,PUNJAB,5,249,12.02
3904,BEAS JN,BEAS,NSG3,FEROZPUR,NR,AMRITSAR,PUNJAB,6,249,12.02
3905,FIROZPUR CANTT. JN.,FZR,NSG3,FEROZPUR,NR,FIROZEPUR,PUNJAB,6,249,12.02
3906,JALANDHAR CANTT. JN.,JRC,NSG3,FEROZPUR,NR,JALANDHAR,PUNJAB,6,249,12.02
3907,PATHANKOT CANTT,PTKC,NSG3,FEROZPUR,NR,PATHANKOT,PUNJAB,6,249,12.02
3908,PHAGWARA JN.,PGW,NSG3,FEROZPUR,NR,KAPURTHALA,PUNJAB,6,249,12.02
3909,SHRI MATA VAISHNO DEVI KATRA,SVDK,NSG3,FEROZPUR,NR,REASI,JAMMU AND KASHMIR,6,249,12.02
3910,PATHANKOT JN.,PTK,NSG4,FEROZPUR,NR,PATHANKOT,PUNJAB,7,249,12.02
3911,UDHAMPUR,UHP,NSG4,FEROZPUR,NR,UDHAMPUR,JAMMU AND KASHMIR,7,249,12.02
3912,ANANTNAG,ANT,NSG5,FEROZPUR,NR,ANANTNAG,JAMMU AND KASHMIR,8,249,12.02
3913,BATALA JN.,BAT,NSG5,FEROZPUR,NR,GURDASPUR,PUNJAB,8,249,12.02
3914,DASUA,DZA,NSG5,FEROZPUR,NR,HOSHIARPUR,PUNJAB,8,249,12.02
3915,DHANDARI KALAN,DDL,NSG5,FEROZPUR,NR,LUDHIANA,PUNJAB,8,249,12.02
3916,DHARIWAL,DHW,NSG5,FEROZPUR,NR,GURDASPUR,PUNJAB,8,249,12.02
3917,DINANAGAR,DNN,NSG5,FEROZPUR,NR,GURDASPUR,PUNJAB,8,249,12.02
3918,FARIDKOT,FDK,NSG5,FEROZPUR,NR,FARIDKOT,PUNJAB,8,249,12.02
3919,FAZILKA JN.,FKA,NSG5,FEROZPUR,NR,FAZILKA,PUNJAB,8,249,12.02
3920,GANGSAR JAITU,GJUT,NSG5,FEROZPUR,NR,FARIDKOT,PUNJAB,8,249,12.02
3921,GURDASPUR,GSP,NSG5,FEROZPUR,NR,GURDASPUR,PUNJAB,8,249,12.02
3922,HOSHIARPUR,HSX,NSG5,FEROZPUR,NR,HOSHIARPUR,PUNJAB,8,249,12.02
3923,KAPURTHALA,KXH,NSG5,FEROZPUR,NR,KAPURTHALA,PUNJAB,8,249,12.02
3924,KARTARPUR,KRE,NSG5,FEROZPUR,NR,JALANDHAR,PUNJAB,8,249,12.02
3925,KATHUA,KTHU,NSG5,FEROZPUR,NR,KATHUA,JAMMU AND KASHMIR,8,249,12.02
3926,KOT KAPURA JN.,KKP,NSG5,FEROZPUR,NR,FARIDKOT,PUNJAB,8,249,12.02
3927,LOHIAN KHAS JN.,LNK,NSG5,FEROZPUR,NR,JALANDHAR,PUNJAB,8,249,12.02
3928,MAKHU,MXH,NSG5,FEROZPUR,NR,FIROZEPUR,PUNJAB,8,249,12.02
3929,MUKERIAN,MEX,NSG5,FEROZPUR,NR,HOSHIARPUR,PUNJAB,8,249,12.02
3930,MUKTSAR,MKS,NSG5,FEROZPUR,NR,SRI MUKTSAR SAHIB,PUNJAB,8,249,12.02
3931,NAKODAR JN.,NRO,NSG5,FEROZPUR,NR,JALANDHAR,PUNJAB,8,249,12.02
3932,PHILLAUR JN.,PHR,NSG5,FEROZPUR,NR,JALANDHAR,PUNJAB,8,249,12.02
3933,SAMBA,SMBX,NSG5,FEROZPUR,NR,SAMBA,JAMMU AND KASHMIR,8,249,12.02
3934,AHJU,AHJU,NSG6,FEROZPUR,NR,MANDI,HIMACHAL PRADESH,9,249,12.02
3935,AJITWAL,AJL,NSG6,FEROZPUR,NR,MOGA,PUNJAB,9,249,12.02
3936,ALAWAL PUR,AWL,NSG6,FEROZPUR,NR,JALANDHAR,PUNJAB,9,249,12.02
3937,ATARI JN.,ATT,NSG6,FEROZPUR,NR,AMRITSAR,PUNJAB,9,249,12.02
3938,AWANTIPURA,ATPA,NSG6,FEROZPUR,NR,PULWAMA,JAMMU AND KASHMIR,9,249,12.02
3939,BADDOWAL,BWZ,NSG6,FEROZPUR,NR,LUDHIANA,PUNJAB,9,249,12.02
3940,BAHRAM,BHM,NSG6,FEROZPUR,NR,SHAHID BHAGAT SINGH NAGAR,PUNJAB,9,249,12.02
3941,BAIJNATH PAPROLA,BJPL,NSG6,FEROZPUR,NR,KANGRA,HIMACHAL PRADESH,9,249,12.02
3942,BANGA,BXB,NSG6,FEROZPUR,NR,SHAHID BHAGAT SINGH NAGAR,PUNJAB,9,249,12.02
3943,BANIHAL,BAHL,NSG6,FEROZPUR,NR,RAMBAN,JAMMU AND KASHMIR,9,249,12.02
3944,BARAMULLA,BRML,NSG6,FEROZPUR,NR,BARAMULLA,JAMMU AND KASHMIR,9,249,12.02
3945,BARI BRAHMAN,BBMN,NSG6,FEROZPUR,NR,JAMMU,JAMMU AND KASHMIR,9,249,12.02
3946,BARIWALA,BRW,NSG6,FEROZPUR,NR,SRI MUKTSAR SAHIB,PUNJAB,9,249,12.02
3947,BHAGTANWALA,BGTN,NSG6,FEROZPUR,NR,AMRITSAR,PUNJAB,9,249,12.02
3948,BHANGALA,BNGL,NSG6,FEROZPUR,NR,HOSHIARPUR,PUNJAB,9,249,12.02
3949,BHARMAR,BRMR,NSG6,FEROZPUR,NR,KANGRA,HIMACHAL PRADESH,9,249,12.02
3950,BHAROLI,BHRL,NSG6,FEROZPUR,NR,PATHANKOT,PUNJAB,9,249,12.02
3951,BHOGPUR SIRWAL,BPRS,NSG6,FEROZPUR,NR,JALANDHAR,PUNJAB,9,249,12.02
3952,BIJBAHERA,BJBA,NSG6,FEROZPUR,NR,ANANTNAG,JAMMU AND KASHMIR,9,249,12.02
3953,BILGA,BZG,NSG6,FEROZPUR,NR,JALANDHAR,PUNJAB,9,249,12.02
3954,BOLINNA DOABA,BLND,NSG6,FEROZPUR,NR,JALANDHAR,PUNJAB,9,249,12.02
3955,BUDGAM,BDGM,NSG6,FEROZPUR,NR,BUDGAM,JAMMU AND KASHMIR,9,249,12.02
3956,BUDHI,BDHY,NSG6,FEROZPUR,NR,KATHUA,JAMMU AND KASHMIR,9,249,12.02
3957,BUTARI,BTR,NSG6,FEROZPUR,NR,AMRITSAR,PUNJAB,9,249,12.02
3958,CHAK BANWALA,CKLA,NSG6,FEROZPUR,NR,FAZILKA,PUNJAB,9,249,12.02
3959,CHAKDAYALA,CKDL,NSG6,FEROZPUR,NR,KATHUA,JAMMU AND KASHMIR,9,249,12.02
3960,CHAND BHAN,CBX,NSG6,FEROZPUR,NR,BATHINDA,PUNJAB,9,249,12.02
3961,CHAUKI MAN,CKM,NSG6,FEROZPUR,NR,LUDHIANA,PUNJAB,9,249,12.02
3962,CHHAN ARORIAN,CHNR,NSG6,FEROZPUR,NR,KATHUA,JAMMU AND KASHMIR,9,249,12.02
3963,CHHEHARTA,CIA,NSG6,FEROZPUR,NR,AMRITSAR,PUNJAB,9,249,12.02
3964,CHHINA,CHN,NSG6,FEROZPUR,NR,GURDASPUR,PUNJAB,9,249,12.02
3965,CHIHERU,CEU,NSG6,FEROZPUR,NR,KAPURTHALA,PUNJAB,9,249,12.02
3966,CHOLANG,CGH,NSG6,FEROZPUR,NR,HOSHIARPUR,PUNJAB,9,249,12.02
3967,CHURI WALA,CWDA,NSG6,FEROZPUR,NR,FAZILKA,PUNJAB,9,249,12.02
3968,DAGRU,DAU,NSG6,FEROZPUR,NR,MOGA,PUNJAB,9,249,12.02
3969,DALHOUSI ROAD,DLSR,NSG6,FEROZPUR,NR,PATHANKOT,PUNJAB,9,249,12.02
3970,DERABABA NANAK,DBNK,NSG6,FEROZPUR,NR,GURDASPUR,PUNJAB,9,249,12.02
3971,DHILWAN,DIW,NSG6,FEROZPUR,NR,KAPURTHALA,PUNJAB,9,249,12.02
3972,FATEHGARH CHURIAN,FGCN,NSG6,FEROZPUR,NR,GURDASPUR,PUNJAB,9,249,12.02
3973,FEROZESHAH,PHS,NSG6,FEROZPUR,NR,FIROZEPUR,PUNJAB,9,249,12.02
3974,FIROZPUR CITY JN.,FZP,NSG6,FEROZPUR,NR,FIROZEPUR,PUNJAB,9,249,12.02
3975,GARHSHANKAR,GSR,NSG6,FEROZPUR,NR,HOSHIARPUR,PUNJAB,9,249,12.02
3976,GARNA SAHIB,GSB,NSG6,FEROZPUR,NR,HOSHIARPUR,PUNJAB,9,249,12.02
3977,GHAGWAL,GHGL,NSG6,FEROZPUR,NR,SAMBA,JAMMU AND KASHMIR,9,249,12.02
3978,GHARYALA,GYL,NSG6,FEROZPUR,NR,TARN TARAN,PUNJAB,9,249,12.02
3979,GHIALA,GILA,NSG6,FEROZPUR,NR,PATHANKOT,PUNJAB,9,249,12.02
3980,GIANI ZAIL SINGH SAN,GZS,NSG6,FEROZPUR,NR,FARIDKOT,PUNJAB,9,249,12.02
3981,GIDARPINDI,GOD,NSG6,FEROZPUR,NR,JALANDHAR,PUNJAB,9,249,12.02
3982,GOINDWAL SAHIB HALT,GWSB,NSG6,FEROZPUR,NR,TARN TARAN,PUNJAB,9,249,12.02
3983,GOLEHWALA,GHA,NSG6,FEROZPUR,NR,FARIDKOT,PUNJAB,9,249,12.02
3984,GONEANA B JAGTA,GNA,NSG6,FEROZPUR,NR,BATHINDA,PUNJAB,9,249,12.02
3985,GORAYA,GRY,NSG6,FEROZPUR,NR,JALANDHAR,PUNJAB,9,249,12.02
3986,GULER,GULR,NSG6,FEROZPUR,NR,KANGRA,HIMACHAL PRADESH,9,249,12.02
3987,GURU HARSAHAI,GHS,NSG6,FEROZPUR,NR,FIROZEPUR,PUNJAB,9,249,12.02
3988,HAMIRA,HMR,NSG6,FEROZPUR,NR,KAPURTHALA,PUNJAB,9,249,12.02
3989,HAMRE,HME,NSG6,FEROZPUR,NR,BARAMULLA,JAMMU AND KASHMIR,9,249,12.02
3990,HARDORAWAL,HDWL,NSG6,FEROZPUR,NR,GURDASPUR,PUNJAB,9,249,12.02
3991,HARSAR DEHRI,HRDR,NSG6,FEROZPUR,NR,KANGRA,HIMACHAL PRADESH,9,249,12.02
3992,HIRA NAGAR,HRNR,NSG6,FEROZPUR,NR,KATHUA,JAMMU AND KASHMIR,9,249,12.02
3993,HUSAINPUR,HSQ,NSG6,FEROZPUR,NR,KAPURTHALA,PUNJAB,9,249,12.02
3994,JAGRAON,JGN,NSG6,FEROZPUR,NR,LUDHIANA,PUNJAB,9,249,12.02
3995,JAIJON DOABA,JJJ,NSG6,FEROZPUR,NR,HOSHIARPUR,PUNJAB,9,249,12.02
3996,JAINTIPURA,JNT,NSG6,FEROZPUR,NR,AMRITSAR,PUNJAB,9,249,12.02
3997,JAKOLARI,JK,NSG6,FEROZPUR,NR,PATHANKOT,PUNJAB,9,249,12.02
3998,JALALABAD,JBD,NSG6,FEROZPUR,NR,FAZILKA,PUNJAB,9,249,12.02
3999,JAMSHER KHAS,JME,NSG6,FEROZPUR,NR,JALANDHAR,PUNJAB,9,249,12.02
4000,JANDIALA,JNL,NSG6,FEROZPUR,NR,AMRITSAR,PUNJAB,9,249,12.02
4001,JAWALAMUKHI ROAD,JMKR,NSG6,FEROZPUR,NR,KANGRA,HIMACHAL PRADESH,9,249,12.02
4002,JAWANWALA SHAHR,JWLS,NSG6,FEROZPUR,NR,KANGRA,HIMACHAL PRADESH,9,249,12.02
4003,JHOK TAHAL SINGH,JTH,NSG6,FEROZPUR,NR,FIROZEPUR,PUNJAB,9,249,12.02
4004,JIWA ARAIN,JWN,NSG6,FEROZPUR,NR,FIROZEPUR,PUNJAB,9,249,12.02
4005,JOGINDER NAGAR,JDNX,NSG6,FEROZPUR,NR,MANDI,HIMACHAL PRADESH,9,249,12.02
4006,KAIRON,KCZ,NSG6,FEROZPUR,NR,TARN TARAN,PUNJAB,9,249,12.02
4007,KAKAPORA,KAPE,NSG6,FEROZPUR,NR,PULWAMA,JAMMU AND KASHMIR,9,249,12.02
4008,KALA BAKRA,KKL,NSG6,FEROZPUR,NR,JALANDHAR,PUNJAB,9,249,12.02
4009,KANDRORI,KNDI,NSG6,FEROZPUR,NR,KANGRA,HIMACHAL PRADESH,9,249,12.02
4010,KANGRA,KGRA,NSG6,FEROZPUR,NR,KANGRA,HIMACHAL PRADESH,9,249,12.02
4011,KANGRA MANDIR,KGMR,NSG6,FEROZPUR,NR,KANGRA,HIMACHAL PRADESH,9,249,12.02
4012,KASU BEGU,KBU,NSG6,FEROZPUR,NR,FIROZEPUR,PUNJAB,9,249,12.02
4013,KATHUNANGAL,KNG,NSG6,FEROZPUR,NR,AMRITSAR,PUNJAB,9,249,12.02
4014,KHASA,KSA,NSG6,FEROZPUR,NR,AMRITSAR,PUNJAB,9,249,12.02
4015,KHATKAR KALAN JHANDA,KHHJ,NSG6,FEROZPUR,NR,SHAHID BHAGAT SINGH NAGAR,PUNJAB,9,249,12.02
4016,KHEM KARAN,KEMK,NSG6,FEROZPUR,NR,TARN TARAN,PUNJAB,9,249,12.02
4017,KHOJEWALA,KWJ,NSG6,FEROZPUR,NR,JALANDHAR,PUNJAB,9,249,12.02
4018,KHUDDA KORALA,KZX,NSG6,FEROZPUR,NR,HOSHIARPUR,PUNJAB,9,249,12.02
4019,KHUI KHERA,KUKA,NSG6,FEROZPUR,NR,FAZILKA,PUNJAB,9,249,12.02
4020,KHURDPUR,KUPR,NSG6,FEROZPUR,NR,JALANDHAR,PUNJAB,9,249,12.02
4021,KOHAR SINGH WALA,KRSW,NSG6,FEROZPUR,NR,FIROZEPUR,PUNJAB,9,249,12.02
4022,KOPARLAHAR,KPLR,NSG6,FEROZPUR,NR,KANGRA,HIMACHAL PRADESH,9,249,12.02
4023,LADHOWAL,LDW,NSG6,FEROZPUR,NR,LUDHIANA,PUNJAB,9,249,12.02
4024,LADHUKA,LDK,NSG6,FEROZPUR,NR,FAZILKA,PUNJAB,9,249,12.02
4025,LAKHEWALI,LKW,NSG6,FEROZPUR,NR,SRI MUKTSAR SAHIB,PUNJAB,9,249,12.02
4026,MADHOPUR PUNJAB,MDPB,NSG6,FEROZPUR,NR,PATHANKOT,PUNJAB,9,249,12.02
4027,MAHALAM,MFM,NSG6,FEROZPUR,NR,FIROZEPUR,PUNJAB,9,249,12.02
4028,MALLANWALA KHAS,MWX,NSG6,FEROZPUR,NR,FIROZEPUR,PUNJAB,9,249,12.02
4029,MALSIAN SHAHKOT,MQS,NSG6,FEROZPUR,NR,JALANDHAR,PUNJAB,9,249,12.02
4030,MALUPOTA,MXP,NSG6,FEROZPUR,NR,SHAHID BHAGAT SINGH NAGAR,PUNJAB,9,249,12.02
4031,MANANWALA,MOW,NSG6,FEROZPUR,NR,AMRITSAR,PUNJAB,9,249,12.02
4032,MANWAL,MNVL,NSG6,FEROZPUR,NR,JAMMU,JAMMU AND KASHMIR,9,249,12.02
4033,MAZHOM,MZMA,NSG6,FEROZPUR,NR,BUDGAM,JAMMU AND KASHMIR,9,249,12.02
4034,MEGHRAJPURA,MGRP,NSG6,FEROZPUR,NR,KANGRA,HIMACHAL PRADESH,9,249,12.02
4035,MIRTHAL,MRTL,NSG6,FEROZPUR,NR,PATHANKOT,PUNJAB,9,249,12.02
4036,MODELGRAM,MG,NSG6,FEROZPUR,NR,LUDHIANA,PUNJAB,9,249,12.02
4037,MOGA,MOGA,NSG6,FEROZPUR,NR,MOGA,PUNJAB,9,249,12.02
4038,MULLANPUR,MLX,NSG6,FEROZPUR,NR,LUDHIANA,PUNJAB,9,249,12.02
4039,NAGROTA,NGRT,NSG6,FEROZPUR,NR,KANGRA,HIMACHAL PRADESH,9,249,12.02
4040,NAGROTA SURIYAN,NGRS,NSG6,FEROZPUR,NR,KANGRA,HIMACHAL PRADESH,9,249,12.02
4041,NANAKSAR,NNKR,NSG6,FEROZPUR,NR,LUDHIANA,PUNJAB,9,249,12.02
4042,NANDPUR BHATAULI,NDBT,NSG6,FEROZPUR,NR,KANGRA,HIMACHAL PRADESH,9,249,12.02
4043,NASRALA,NAS,NSG6,FEROZPUR,NR,HOSHIARPUR,PUNJAB,9,249,12.02
4044,NAWASHAHR DOABA JN.,NSS,NSG6,FEROZPUR,NR,SHAHID BHAGAT SINGH NAGAR,PUNJAB,9,249,12.02
4045,NURMAHAL,NRM,NSG6,FEROZPUR,NR,JALANDHAR,PUNJAB,9,249,12.02
4046,NURPUR ROAD,NUPR,NSG6,FEROZPUR,NR,KANGRA,HIMACHAL PRADESH,9,249,12.02
4047,PAJIAN,PJA,NSG6,FEROZPUR,NR,KAPURTHALA,PUNJAB,9,249,12.02
4048,PALAMPUR HIMACHAL,PLMX,NSG6,FEROZPUR,NR,KANGRA,HIMACHAL PRADESH,9,249,12.02
4049,PAMPORE,PMPE,NSG6,FEROZPUR,NR,PULWAMA,JAMMU AND KASHMIR,9,249,12.02
4050,PANCH RUKHI,PHRH,NSG6,FEROZPUR,NR,KANGRA,HIMACHAL PRADESH,9,249,12.02
4051,PANJGAM,PJGM,NSG6,FEROZPUR,NR,ANANTNAG,JAMMU AND KASHMIR,9,249,12.02
4052,PARMANAND,PMQ,NSG6,FEROZPUR,NR,PATHANKOT,PUNJAB,9,249,12.02
4053,PARTABPURA,PPB,NSG6,FEROZPUR,NR,JALANDHAR,PUNJAB,9,249,12.02
4054,PATTAN,PTTN,NSG6,FEROZPUR,NR,BARAMULLA,JAMMU AND KASHMIR,9,249,12.02
4055,PATTI,PAX,NSG6,FEROZPUR,NR,TARN TARAN,PUNJAB,9,249,12.02
4056,QADIAN,QDN,NSG6,FEROZPUR,NR,GURDASPUR,PUNJAB,9,249,12.02
4057,QUAZIGUND,QG,NSG6,FEROZPUR,NR,ANANTNAG,JAMMU AND KASHMIR,9,249,12.02
4058,RAHON,RHU,NSG6,FEROZPUR,NR,SHAHID BHAGAT SINGH NAGAR,PUNJAB,9,249,12.02
4059,RAMDAS,RDS,NSG6,FEROZPUR,NR,GURDASPUR,PUNJAB,9,249,12.02
4060,RAMNAGAR(J-K),RMJK,NSG6,FEROZPUR,NR,UDHAMPUR,JAMMU AND KASHMIR,9,249,12.02
4061,ROMANA ALBEL SINGH,RLS,NSG6,FEROZPUR,NR,FARIDKOT,PUNJAB,9,249,12.02
4062,RORANWALA,RRW,NSG6,FEROZPUR,NR,FAZILKA,PUNJAB,9,249,12.02
4063,SADURA,SDUA,NSG6,FEROZPUR,NR,ANANTNAG,JAMMU AND KASHMIR,9,249,12.02
4064,SAIDANWALA,SWX,NSG6,FEROZPUR,NR,FIROZEPUR,PUNJAB,9,249,12.02
4065,SAILA KHURD,SQJ,NSG6,FEROZPUR,NR,HOSHIARPUR,PUNJAB,9,249,12.02
4066,SAMLOTI,SMLT,NSG6,FEROZPUR,NR,KANGRA,HIMACHAL PRADESH,9,249,12.02
4067,SANAHWAL,SNL,NSG6,FEROZPUR,NR,LUDHIANA,PUNJAB,9,249,12.02
4068,SANGAR,SGR,NSG6,FEROZPUR,NR,JAMMU,JAMMU AND KASHMIR,9,249,12.02
4069,SHAM CHAURASI,SCQ,NSG6,FEROZPUR,NR,JALANDHAR,PUNJAB,9,249,12.02
4070,SHANKAR,SQK,NSG6,FEROZPUR,NR,JALANDHAR,PUNJAB,9,249,12.02
4071,SOHAL,SOHL,NSG6,FEROZPUR,NR,GURDASPUR,PUNJAB,9,249,12.02
4072,SOPORE,SXZM,NSG6,FEROZPUR,NR,BARAMULLA,JAMMU AND KASHMIR,9,249,12.02
4073,SRINAGAR,SINA,NSG6,FEROZPUR,NR,SRINAGAR,JAMMU AND KASHMIR,9,249,12.02
4074,SUCHIPIND HALT,SCPD,NSG6,FEROZPUR,NR,JALANDHAR,PUNJAB,9,249,12.02
4075,SUJANPUR,SJNP,NSG6,FEROZPUR,NR,PATHANKOT,PUNJAB,9,249,12.02
4076,SULAH HIMACHAL PRADE,SLHP,NSG6,FEROZPUR,NR,KANGRA,HIMACHAL PRADESH,9,249,12.02
4077,SULTANPUR LODI,SQR,NSG6,FEROZPUR,NR,KAPURTHALA,PUNJAB,9,249,12.02
4078,SURA NUSSI,SRX,NSG6,FEROZPUR,NR,JALANDHAR,PUNJAB,9,249,12.02
4079,TALARA,TLRA,NSG6,FEROZPUR,NR,KANGRA,HIMACHAL PRADESH,9,249,12.02
4080,TALWANDI,TWB,NSG6,FEROZPUR,NR,FIROZEPUR,PUNJAB,9,249,12.02
4081,TANDA-URMAR,TDO,NSG6,FEROZPUR,NR,HOSHIARPUR,PUNJAB,9,249,12.02
4082,TANGRA,TRA,NSG6,FEROZPUR,NR,AMRITSAR,PUNJAB,9,249,12.02
4083,TARN TARAN,TTO,NSG6,FEROZPUR,NR,TARN TARAN,PUNJAB,9,249,12.02
4084,THABALKE,TYK,NSG6,FEROZPUR,NR,JALANDHAR,PUNJAB,9,249,12.02
4085,UNCHI BASSI,UCB,NSG6,FEROZPUR,NR,HOSHIARPUR,PUNJAB,9,249,12.02
4086,VALTOHA,WLA,NSG6,FEROZPUR,NR,TARN TARAN,PUNJAB,9,249,12.02
4087,VERKA JN.,VKA,NSG6,FEROZPUR,NR,AMRITSAR,PUNJAB,9,249,12.02
4088,VIJAYPUR JAMMU,VJPJ,NSG6,FEROZPUR,NR,SAMBA,JAMMU AND KASHMIR,9,249,12.02
4089,BARSATHI,BSY,HG2,LUCKNOW,NR,JAUNPUR,UTTAR PRADESH,2,355,12.02
4090,DWARKAGANJ,DWJ,HG2,LUCKNOW,NR,SULTANPUR,UTTAR PRADESH,2,355,12.02
4091,JARAUNA,JUA,HG2,LUCKNOW,NR,JAUNPUR,UTTAR PRADESH,2,355,12.02
4092,ACHAL GANJ,ACH,HG3,LUCKNOW,NR,UNNAO,UTTAR PRADESH,3,355,12.02
4093,BAHAI HALT,BYQ,HG3,LUCKNOW,NR,RAE BARELI,UTTAR PRADESH,3,355,12.02
4094,BAISWARA,BSWA,HG3,LUCKNOW,NR,UNNAO,UTTAR PRADESH,3,355,12.02
4095,BAND HAMIRPUR,BAHP,HG3,LUCKNOW,NR,UNNAO,UTTAR PRADESH,3,355,12.02
4096,BARARA BUZURG,BRRZ,HG3,LUCKNOW,NR,RAE BARELI,UTTAR PRADESH,3,355,12.02
4097,BHANAUR,VNN,HG3,LUCKNOW,NR,JAUNPUR,UTTAR PRADESH,3,355,12.02
4098,BHUPIA MAU,VPO,HG3,LUCKNOW,NR,PRATAPGARH,UTTAR PRADESH,3,355,12.02
4099,CHANDA HALT,CHDA,HG3,LUCKNOW,NR,SULTANPUR,UTTAR PRADESH,3,355,12.02
4100,CHAURE BAZAR,CHBR,HG3,LUCKNOW,NR,AYODHYA,UTTAR PRADESH,3,355,12.02
4101,DAYALPUR,DLPR,HG3,LUCKNOW,NR,PRAYAGRAJ,UTTAR PRADESH,3,355,12.02
4102,DHIRGANJ,DHRJ,HG3,LUCKNOW,NR,PRATAPGARH,UTTAR PRADESH,3,355,12.02
4103,INDEMAU,IDM,HG3,LUCKNOW,NR,UNNAO,UTTAR PRADESH,3,355,12.02
4104,ISHARDASPUR,IDS,HG3,LUCKNOW,NR,RAE BARELI,UTTAR PRADESH,3,355,12.02
4105,KAJGAON TERHWAN HALT,KJTW,HG3,LUCKNOW,NR,JAUNPUR,UTTAR PRADESH,3,355,12.02
4106,KATWAR BAZAR,KWBR,HG3,LUCKNOW,NR,JAUNPUR,UTTAR PRADESH,3,355,12.02
4107,KORARI,KURO,HG3,LUCKNOW,NR,UNNAO,UTTAR PRADESH,3,355,12.02
4108,KULHA HALT,KULH,HG3,LUCKNOW,NR,UNNAO,UTTAR PRADESH,3,355,12.02
4109,MALETHU KANAK,MEQ,HG3,LUCKNOW,NR,AYODHYA,UTTAR PRADESH,3,355,12.02
4110,MANIKALAN HALT,MNKN,HG3,LUCKNOW,NR,JAUNPUR,UTTAR PRADESH,3,355,12.02
4111,MANJHLEPUR,MNJR,HG3,LUCKNOW,NR,RAE BARELI,UTTAR PRADESH,3,355,12.02
4112,NIHASTA HALT,NHF,HG3,LUCKNOW,NR,RAE BARELI,UTTAR PRADESH,3,355,12.02
4113,NIMA GOPALPUR HALT,NIMG,HG3,LUCKNOW,NR,PRATAPGARH,UTTAR PRADESH,3,355,12.02
4114,PINDRA ROAD,PDRD,HG3,LUCKNOW,NR,VARANASI,UTTAR PRADESH,3,355,12.02
4115,RADHA BALAMPUR,RDV,HG3,LUCKNOW,NR,RAE BARELI,UTTAR PRADESH,3,355,12.02
4116,RAM CHANDERPUR,RCP,HG3,LUCKNOW,NR,RAE BARELI,UTTAR PRADESH,3,355,12.02
4117,RAMGANJ,RMGJ,HG3,LUCKNOW,NR,AMETHI,UTTAR PRADESH,3,355,12.02
4118,SAHAJIPUR HALT,SHJP,HG3,LUCKNOW,NR,AMETHI,UTTAR PRADESH,3,355,12.02
4119,SALKHAPUR,SAF,HG3,LUCKNOW,NR,JAUNPUR,UTTAR PRADESH,3,355,12.02
4120,SHUDNIPUR,SPPR,HG3,LUCKNOW,NR,JAUNPUR,UTTAR PRADESH,3,355,12.02
4121,SURAJKUNDA,SRJK,HG3,LUCKNOW,NR,RAE BARELI,UTTAR PRADESH,3,355,12.02
4122,TIKAULI RAWATPUR,TKRP,HG3,LUCKNOW,NR,UNNAO,UTTAR PRADESH,3,355,12.02
4123,WARIGAON NEWADA HALT,WRGN,HG3,LUCKNOW,NR,JAUNPUR,UTTAR PRADESH,3,355,12.02
4124,WARISGANJ HALT,WGJ,HG3,LUCKNOW,NR,AMETHI,UTTAR PRADESH,3,355,12.02
4125,LUCKNOW JN.,LKO,NSG2,LUCKNOW,NR,LUCKNOW,UTTAR PRADESH,5,355,12.02
4126,VARANASI JN.,BSB,NSG2,LUCKNOW,NR,VARANASI,UTTAR PRADESH,5,355,12.02
4127,AKBARPUR JN.,ABP,NSG3,LUCKNOW,NR,AMBEDKAR NAGAR,UTTAR PRADESH,6,355,12.02
4128,AYODHYA CANTT,AYC,NSG3,LUCKNOW,NR,AYODHYA,UTTAR PRADESH,6,355,12.02
4129,FAIZABAD JN.,FD,NSG3,LUCKNOW,NR,AYODHYA,UTTAR PRADESH,6,355,12.02
4130,JAUNPUR JN.,JNU,NSG3,LUCKNOW,NR,JAUNPUR,UTTAR PRADESH,6,355,12.02
4131,PARTAPGARH JN.,PBH,NSG3,LUCKNOW,NR,PRATAPGARH,UTTAR PRADESH,6,355,12.02
4132,RAE BARELI JN.,RBL,NSG3,LUCKNOW,NR,RAE BARELI,UTTAR PRADESH,6,355,12.02
4133,SHAHGANJ JN.,SHG,NSG3,LUCKNOW,NR,JAUNPUR,UTTAR PRADESH,6,355,12.02
4134,SULTANPUR JN.,SLN,NSG3,LUCKNOW,NR,SULTANPUR,UTTAR PRADESH,6,355,12.02
4135,AMETHI,AME,NSG4,LUCKNOW,NR,AMETHI,UTTAR PRADESH,7,355,12.02
4136,AYODHYA,AY,NSG4,LUCKNOW,NR,AYODHYA,UTTAR PRADESH,7,355,12.02
4137,BARABANKI JN.,BBK,NSG4,LUCKNOW,NR,BARABANKI,UTTAR PRADESH,7,355,12.02
4138,BHADOHI,BOY,NSG4,LUCKNOW,NR,BHADOHI,UTTAR PRADESH,7,355,12.02
4139,JANGHAI JN.,JNH,NSG4,LUCKNOW,NR,JAUNPUR,UTTAR PRADESH,7,355,12.02
4140,JAUNPUR CITY,JOP,NSG4,LUCKNOW,NR,JAUNPUR,UTTAR PRADESH,7,355,12.02
4141,PRAYAG JN.,PRG,NSG4,LUCKNOW,NR,PRAYAGRAJ,UTTAR PRADESH,7,355,12.02
4142,UNNAO JN.,ON,NSG4,LUCKNOW,NR,UNNAO,UTTAR PRADESH,7,355,12.02
4143,ALAM NAGAR,AMG,NSG5,LUCKNOW,NR,LUCKNOW,UTTAR PRADESH,8,355,12.02
4144,BACHHRAWN,BCN,NSG5,LUCKNOW,NR,RAE BARELI,UTTAR PRADESH,8,355,12.02
4145,BADSHAHPUR,BSE,NSG5,LUCKNOW,NR,JAUNPUR,UTTAR PRADESH,8,355,12.02
4146,DARYABAD,DYD,NSG5,LUCKNOW,NR,BARABANKI,UTTAR PRADESH,8,355,12.02
4147,GAURIGANJ,GNG,NSG5,LUCKNOW,NR,AMETHI,UTTAR PRADESH,8,355,12.02
4148,GOSHAINGANJ,GGJ,NSG5,LUCKNOW,NR,AYODHYA,UTTAR PRADESH,8,355,12.02
4149,JAIS,JAIS,NSG5,LUCKNOW,NR,AMETHI,UTTAR PRADESH,8,355,12.02
4150,KASHI,KEI,NSG5,LUCKNOW,NR,VARANASI,UTTAR PRADESH,8,355,12.02
4151,KUNDA HARNAMGANJ,KHNM,NSG5,LUCKNOW,NR,PRATAPGARH,UTTAR PRADESH,8,355,12.02
4152,LALGANJ,LLJ,NSG5,LUCKNOW,NR,RAE BARELI,UTTAR PRADESH,8,355,12.02
4153,LALGOPALGANJ,LGO,NSG5,LUCKNOW,NR,PRATAPGARH,UTTAR PRADESH,8,355,12.02
4154,LAMBHUA,LBA,NSG5,LUCKNOW,NR,SULTANPUR,UTTAR PRADESH,8,355,12.02
4155,MALIPUR,MLPR,NSG5,LUCKNOW,NR,AMBEDKAR NAGAR,UTTAR PRADESH,8,355,12.02
4156,MARIAHU,MAY,NSG5,LUCKNOW,NR,JAUNPUR,UTTAR PRADESH,8,355,12.02
4157,MUSAFIRKHANA,MFKA,NSG5,LUCKNOW,NR,AMETHI,UTTAR PRADESH,8,355,12.02
4158,NIHALGARH,NHH,NSG5,LUCKNOW,NR,AMETHI,UTTAR PRADESH,8,355,12.02
4159,PHAPHAMAU JN.,PFM,NSG5,LUCKNOW,NR,PRAYAGRAJ,UTTAR PRADESH,8,355,12.02
4160,PHULPUR,PLP,NSG5,LUCKNOW,NR,PRAYAGRAJ,UTTAR PRADESH,8,355,12.02
4161,RUDAULI,RDL,NSG5,LUCKNOW,NR,AYODHYA,UTTAR PRADESH,8,355,12.02
4162,SRI KRISHNA NAGAR,SKN,NSG5,LUCKNOW,NR,JAUNPUR,UTTAR PRADESH,8,355,12.02
4163,SURIAWAN,SAW,NSG5,LUCKNOW,NR,BHADOHI,UTTAR PRADESH,8,355,12.02
4164,UNCHAHAR JN.,UCR,NSG5,LUCKNOW,NR,RAE BARELI,UTTAR PRADESH,8,355,12.02
4165,ZAFARABAD JN.,ZBD,NSG5,LUCKNOW,NR,JAUNPUR,UTTAR PRADESH,8,355,12.02
4166,ACHARYA NARENDRA DEV,ACND,NSG6,LUCKNOW,NR,AYODHYA,UTTAR PRADESH,9,355,12.02
4167,ADHINPUR,AHZ,NSG6,LUCKNOW,NR,AMETHI,UTTAR PRADESH,9,355,12.02
4168,AJGAIN,AJ,NSG6,LUCKNOW,NR,UNNAO,UTTAR PRADESH,9,355,12.02
4169,AKBAR GANJ,AKJ,NSG6,LUCKNOW,NR,AMETHI,UTTAR PRADESH,9,355,12.02
4170,AMAUSI,AMS,NSG6,LUCKNOW,NR,LUCKNOW,UTTAR PRADESH,9,355,12.02
4171,ANTU,ANTU,NSG6,LUCKNOW,NR,PRATAPGARH,UTTAR PRADESH,9,355,12.02
4172,ANUPGANJ,APG,NSG6,LUCKNOW,NR,LUCKNOW,UTTAR PRADESH,9,355,12.02
4173,ATRAMPUR,ARP,NSG6,LUCKNOW,NR,PRAYAGRAJ,UTTAR PRADESH,9,355,12.02
4174,BABATPUR,BTP,NSG6,LUCKNOW,NR,VARANASI,UTTAR PRADESH,9,355,12.02
4175,BAKHSHA,BKSA,NSG6,LUCKNOW,NR,JAUNPUR,UTTAR PRADESH,9,355,12.02
4176,BAKKAS,BKKS,NSG6,LUCKNOW,NR,LUCKNOW,UTTAR PRADESH,9,355,12.02
4177,BANDHUA KALAN,BDKN,NSG6,LUCKNOW,NR,SULTANPUR,UTTAR PRADESH,9,355,12.02
4178,BANI,BANI,NSG6,LUCKNOW,NR,RAE BARELI,UTTAR PRADESH,9,355,12.02
4179,BARAGAON,BNM,NSG6,LUCKNOW,NR,AYODHYA,UTTAR PRADESH,9,355,12.02
4180,BARYA RAM,BYHA,NSG6,LUCKNOW,NR,PRAYAGRAJ,UTTAR PRADESH,9,355,12.02
4181,BHADAIYAN,BDIN,NSG6,LUCKNOW,NR,SULTANPUR,UTTAR PRADESH,9,355,12.02
4182,BHADRI,BHDR,NSG6,LUCKNOW,NR,PRATAPGARH,UTTAR PRADESH,9,355,12.02
4183,BHARATKUND,BTKD,NSG6,LUCKNOW,NR,AYODHYA,UTTAR PRADESH,9,355,12.02
4184,BIGHAPUR,BQP,NSG6,LUCKNOW,NR,UNNAO,UTTAR PRADESH,9,355,12.02
4185,BILHAR GHAT,BLG,NSG6,LUCKNOW,NR,AYODHYA,UTTAR PRADESH,9,355,12.02
4186,BILWAI,BWI,NSG6,LUCKNOW,NR,SULTANPUR,UTTAR PRADESH,9,355,12.02
4187,BIRAPATTI,BRPT,NSG6,LUCKNOW,NR,VARANASI,UTTAR PRADESH,9,355,12.02
4188,BISHNATH GANJ,BTJ,NSG6,LUCKNOW,NR,PRATAPGARH,UTTAR PRADESH,9,355,12.02
4189,CHAUBISI,CHBS,NSG6,LUCKNOW,NR,BARABANKI,UTTAR PRADESH,9,355,12.02
4190,CHAUKHANDI,CHH,NSG6,LUCKNOW,NR,VARANASI,UTTAR PRADESH,9,355,12.02
4191,CHHANDRAULI,CDRL,NSG6,LUCKNOW,NR,BARABANKI,UTTAR PRADESH,9,355,12.02
4192,CHILBILA JN.,CIL,NSG6,LUCKNOW,NR,PRATAPGARH,UTTAR PRADESH,9,355,12.02
4193,DALMAU JN.,DMW,NSG6,LUCKNOW,NR,RAE BARELI,UTTAR PRADESH,9,355,12.02
4194,DANDUPUR,DND,NSG6,LUCKNOW,NR,PRATAPGARH,UTTAR PRADESH,9,355,12.02
4195,DARSHANNAGAR,DRG,NSG6,LUCKNOW,NR,AYODHYA,UTTAR PRADESH,9,355,12.02
4196,DARYAPUR,DYP,NSG6,LUCKNOW,NR,RAE BARELI,UTTAR PRADESH,9,355,12.02
4197,DEORAKOT,DELO,NSG6,LUCKNOW,NR,AYODHYA,UTTAR PRADESH,9,355,12.02
4198,FURSATGANJ,FTG,NSG6,LUCKNOW,NR,AMETHI,UTTAR PRADESH,9,355,12.02
4199,GANGAGANJ,GANG,NSG6,LUCKNOW,NR,RAE BARELI,UTTAR PRADESH,9,355,12.02
4200,GARHI MANIKPUR,GRMR,NSG6,LUCKNOW,NR,PRATAPGARH,UTTAR PRADESH,9,355,12.02
4201,GAURA,GRX,NSG6,LUCKNOW,NR,PRATAPGARH,UTTAR PRADESH,9,355,12.02
4202,GAURIYAMAU,GMU,NSG6,LUCKNOW,NR,AYODHYA,UTTAR PRADESH,9,355,12.02
4203,HAIDERGARH,HGH,NSG6,LUCKNOW,NR,BARABANKI,UTTAR PRADESH,9,355,12.02
4204,HARAUNI,HRN,NSG6,LUCKNOW,NR,LUCKNOW,UTTAR PRADESH,9,355,12.02
4205,HARCHANDPUR,HCP,NSG6,LUCKNOW,NR,RAE BARELI,UTTAR PRADESH,9,355,12.02
4206,HARPALGANJ,HRPG,NSG6,LUCKNOW,NR,JAUNPUR,UTTAR PRADESH,9,355,12.02
4207,JAFARGANJ,JFG,NSG6,LUCKNOW,NR,AMBEDKAR NAGAR,UTTAR PRADESH,9,355,12.02
4208,JAGESHARGANJ,JGJ,NSG6,LUCKNOW,NR,PRATAPGARH,UTTAR PRADESH,9,355,12.02
4209,JAITIPUR,JTU,NSG6,LUCKNOW,NR,UNNAO,UTTAR PRADESH,9,355,12.02
4210,JALALGANJ,JLL,NSG6,LUCKNOW,NR,JAUNPUR,UTTAR PRADESH,9,355,12.02
4211,JALALPUR-DHAI,JPD,NSG6,LUCKNOW,NR,RAE BARELI,UTTAR PRADESH,9,355,12.02
4212,JUGAUR,JRR,NSG6,LUCKNOW,NR,LUCKNOW,UTTAR PRADESH,9,355,12.02
4213,KANKAHA,KKAH,NSG6,LUCKNOW,NR,LUCKNOW,UTTAR PRADESH,9,355,12.02
4214,KANPUR LEFT BANK BRIDGE,CPB,NSG6,LUCKNOW,NR,UNNAO,UTTAR PRADESH,9,355,12.02
4215,KAPSETHI,KEH,NSG6,LUCKNOW,NR,VARANASI,UTTAR PRADESH,9,355,12.02
4216,KASIMPUR HALT,KCJ,NSG6,LUCKNOW,NR,AMETHI,UTTAR PRADESH,9,355,12.02
4217,KATAHRI,KTHE,NSG6,LUCKNOW,NR,AMBEDKAR NAGAR,UTTAR PRADESH,9,355,12.02
4218,KHAJURHAT,KJA,NSG6,LUCKNOW,NR,AYODHYA,UTTAR PRADESH,9,355,12.02
4219,KHALISPUR,KSF,NSG6,LUCKNOW,NR,VARANASI,UTTAR PRADESH,9,355,12.02
4220,KHETA SARAI,KS,NSG6,LUCKNOW,NR,JAUNPUR,UTTAR PRADESH,9,355,12.02
4221,KHUNDAUR,KDF,NSG6,LUCKNOW,NR,PRATAPGARH,UTTAR PRADESH,9,355,12.02
4222,KOIRIPUR,KEPR,NSG6,LUCKNOW,NR,SULTANPUR,UTTAR PRADESH,9,355,12.02
4223,KUNDANGANJ,KVG,NSG6,LUCKNOW,NR,RAE BARELI,UTTAR PRADESH,9,355,12.02
4224,KURBHAR,KBE,NSG6,LUCKNOW,NR,SULTANPUR,UTTAR PRADESH,9,355,12.02
4225,KUSUMBHI,KVX,NSG6,LUCKNOW,NR,UNNAO,UTTAR PRADESH,9,355,12.02
4226,LACHHMANPUR,LMN,NSG6,LUCKNOW,NR,RAE BARELI,UTTAR PRADESH,9,355,12.02
4227,LOHTA,LOT,NSG6,LUCKNOW,NR,VARANASI,UTTAR PRADESH,9,355,12.02
4228,MAA BRAHI DEVI DHAM,MBDD,NSG6,LUCKNOW,NR,PRATAPGARH,UTTAR PRADESH,9,355,12.02
4229,MAGARWARA,MGW,NSG6,LUCKNOW,NR,UNNAO,UTTAR PRADESH,9,355,12.02
4230,MAHARANI PACHCHIM,MWP,NSG6,LUCKNOW,NR,SULTANPUR,UTTAR PRADESH,9,355,12.02
4231,MAHGAWAN HALT,MGWN,NSG6,LUCKNOW,NR,JAUNPUR,UTTAR PRADESH,9,355,12.02
4232,MALHOUR,ML,NSG6,LUCKNOW,NR,LUCKNOW,UTTAR PRADESH,9,355,12.02
4233,MANAK NAGAR,MKG,NSG6,LUCKNOW,NR,LUCKNOW,UTTAR PRADESH,9,355,12.02
4234,MASODHA,MSOD,NSG6,LUCKNOW,NR,AYODHYA,UTTAR PRADESH,9,355,12.02
4235,MAU AIMMA,MEM,NSG6,LUCKNOW,NR,PRAYAGRAJ,UTTAR PRADESH,9,355,12.02
4236,MIHRAWAN,MIH,NSG6,LUCKNOW,NR,JAUNPUR,UTTAR PRADESH,9,355,12.02
4237,MISHRAULI,MFL,NSG6,LUCKNOW,NR,AMETHI,UTTAR PRADESH,9,355,12.02
4238,MOHANLALGANJ,MLJ,NSG6,LUCKNOW,NR,LUCKNOW,UTTAR PRADESH,9,355,12.02
4239,MONDH,MOF,NSG6,LUCKNOW,NR,BHADOHI,UTTAR PRADESH,9,355,12.02
4240,NIBHAPUR,NBP,NSG6,LUCKNOW,NR,JAUNPUR,UTTAR PRADESH,9,355,12.02
4241,NIGOHAN,NHN,NSG6,LUCKNOW,NR,LUCKNOW,UTTAR PRADESH,9,355,12.02
4242,PAKHRAULI,PKX,NSG6,LUCKNOW,NR,SULTANPUR,UTTAR PRADESH,9,355,12.02
4243,PARIAWAN KALAKANKAR,PQN,NSG6,LUCKNOW,NR,PRATAPGARH,UTTAR PRADESH,9,355,12.02
4244,PARSIPUR,PRF,NSG6,LUCKNOW,NR,BHADOHI,UTTAR PRADESH,9,355,12.02
4245,PATRANGA,PTH,NSG6,LUCKNOW,NR,AYODHYA,UTTAR PRADESH,9,355,12.02
4246,PIPARPUR,PPU,NSG6,LUCKNOW,NR,AMETHI,UTTAR PRADESH,9,355,12.02
4247,PIPARSAND,POF,NSG6,LUCKNOW,NR,LUCKNOW,UTTAR PRADESH,9,355,12.02
4248,PIRTHIGANJ,PHV,NSG6,LUCKNOW,NR,PRATAPGARH,UTTAR PRADESH,9,355,12.02
4249,PRAYAGRAJ SANGAM,PYGS,NSG6,LUCKNOW,NR,PRAYAGRAJ,UTTAR PRADESH,9,355,12.02
4250,RAGHURAJ SINGH,RRS,NSG6,LUCKNOW,NR,RAE BARELI,UTTAR PRADESH,9,355,12.02
4251,RAHMAT NAGAR,RMNR,NSG6,LUCKNOW,NR,LUCKNOW,UTTAR PRADESH,9,355,12.02
4252,RAM CHAURA ROAD,RMC,NSG6,LUCKNOW,NR,PRAYAGRAJ,UTTAR PRADESH,9,355,12.02
4253,RASAULI,RES,NSG6,LUCKNOW,NR,BARABANKI,UTTAR PRADESH,9,355,12.02
4254,RAUZAGAON,RZN,NSG6,LUCKNOW,NR,AYODHYA,UTTAR PRADESH,9,355,12.02
4255,RUPAMAU,RUM,NSG6,LUCKNOW,NR,RAE BARELI,UTTAR PRADESH,9,355,12.02
4256,SAFDARGANJ,SGJ,NSG6,LUCKNOW,NR,BARABANKI,UTTAR PRADESH,9,355,12.02
4257,SAFEDABAD,SFH,NSG6,LUCKNOW,NR,BARABANKI,UTTAR PRADESH,9,355,12.02
4258,SAIDKHANPUR,SYK,NSG6,LUCKNOW,NR,BARABANKI,UTTAR PRADESH,9,355,12.02
4259,SALARPUR,SLRP,NSG6,LUCKNOW,NR,AYODHYA,UTTAR PRADESH,9,355,12.02
4260,SARAI CHANDI,SYC,NSG6,LUCKNOW,NR,PRAYAGRAJ,UTTAR PRADESH,9,355,12.02
4261,SARAI GOPAL,SPGL,NSG6,LUCKNOW,NR,PRAYAGRAJ,UTTAR PRADESH,9,355,12.02
4262,SARAI HARKHU,SVZ,NSG6,LUCKNOW,NR,JAUNPUR,UTTAR PRADESH,9,355,12.02
4263,SARAI KANSRAI,SQN,NSG6,LUCKNOW,NR,BHADOHI,UTTAR PRADESH,9,355,12.02
4264,SARKONI,SIQ,NSG6,LUCKNOW,NR,JAUNPUR,UTTAR PRADESH,9,355,12.02
4265,SEWAPURI,SWPR,NSG6,LUCKNOW,NR,VARANASI,UTTAR PRADESH,9,355,12.02
4266,SHIUPUR,SOP,NSG6,LUCKNOW,NR,VARANASI,UTTAR PRADESH,9,355,12.02
4267,SHIVNAGAR,SHNG,NSG6,LUCKNOW,NR,SULTANPUR,UTTAR PRADESH,9,355,12.02
4268,SHRIRAJNAGAR,SAGR,NSG6,LUCKNOW,NR,RAE BARELI,UTTAR PRADESH,9,355,12.02
4269,SINDURWA,SYW,NSG6,LUCKNOW,NR,AMETHI,UTTAR PRADESH,9,355,12.02
4270,SIWAITH,SWE,NSG6,LUCKNOW,NR,PRAYAGRAJ,UTTAR PRADESH,9,355,12.02
4271,SOHWAL,SLW,NSG6,LUCKNOW,NR,AYODHYA,UTTAR PRADESH,9,355,12.02
4272,SONIK,SIC,NSG6,LUCKNOW,NR,UNNAO,UTTAR PRADESH,9,355,12.02
4273,SUWANSA,SWS,NSG6,LUCKNOW,NR,PRATAPGARH,UTTAR PRADESH,9,355,12.02
4274,TAKIA,TQA,NSG6,LUCKNOW,NR,UNNAO,UTTAR PRADESH,9,355,12.02
4275,TALAKHAJURI,TLKH,NSG6,LUCKNOW,NR,SULTANPUR,UTTAR PRADESH,9,355,12.02
4276,THARWAI,THW,NSG6,LUCKNOW,NR,PRAYAGRAJ,UTTAR PRADESH,9,355,12.02
4277,TRILOCHAN MAHADEO,TLMD,NSG6,LUCKNOW,NR,JAUNPUR,UTTAR PRADESH,9,355,12.02
4278,TRIVEDIGANJ,TEG,NSG6,LUCKNOW,NR,BARABANKI,UTTAR PRADESH,9,355,12.02
4279,TULSI NAGAR HALT,TLGR,NSG6,LUCKNOW,NR,SULTANPUR,UTTAR PRADESH,9,355,12.02
4280,UBARNI,UBN,NSG6,LUCKNOW,NR,RAE BARELI,UTTAR PRADESH,9,355,12.02
4281,UGRASENPUR,URPR,NSG6,LUCKNOW,NR,PRAYAGRAJ,UTTAR PRADESH,9,355,12.02
4282,ULNA BHARI,ULN,NSG6,LUCKNOW,NR,AYODHYA,UTTAR PRADESH,9,355,12.02
4283,UTRAITIA JN.,UTR,NSG6,LUCKNOW,NR,LUCKNOW,UTTAR PRADESH,9,355,12.02
4284,VYASANAGAR,VYN,NSG6,LUCKNOW,NR,CHANDAULI,UTTAR PRADESH,9,355,12.02
4285,ADHYATMIK NAGAR HALT,AKNR,HG3,MORADABAD,NR,GHAZIABAD,UTTAR PRADESH,3,199,12.02
4286,AMHERA HALT,ARH,HG3,MORADABAD,NR,BIJNOR,UTTAR PRADESH,3,199,12.02
4287,ARSENI,ASI,HG3,MORADABAD,NR,HARDOI,UTTAR PRADESH,3,199,12.02
4288,ATWA KURSATH,ATKS,HG3,MORADABAD,NR,HARDOI,UTTAR PRADESH,3,199,12.02
4289,ATWA MUTHIA HALT,ATW,HG3,MORADABAD,NR,HARDOI,UTTAR PRADESH,3,199,12.02
4290,BAGARPUR HALT,BGRR,HG3,MORADABAD,NR,BIJNOR,UTTAR PRADESH,3,199,12.02
4291,BAHADURPUR,BHDH,HG3,MORADABAD,NR,SHAHJAHANPUR,UTTAR PRADESH,3,199,12.02
4292,BAKAINA HALT,BKNA,HG3,MORADABAD,NR,BIJNOR,UTTAR PRADESH,3,199,12.02
4293,BARADEV,BRDV,HG3,MORADABAD,NR,UNNAO,UTTAR PRADESH,3,199,12.02
4294,BHAKRAULI,BHKL,HG3,MORADABAD,NR,SAMBHAL,UTTAR PRADESH,3,199,12.02
4295,BURMI HALT,BRMX,HG3,MORADABAD,NR,SITAPUR,UTTAR PRADESH,3,199,12.02
4296,CHAKKALI LAI HALT,CKLT,HG3,MORADABAD,NR,AMROHA,UTTAR PRADESH,3,199,12.02
4297,CHANDSARA HALT,CXA,HG3,MORADABAD,NR,MEERUT,UTTAR PRADESH,3,199,12.02
4298,CHAPRAWAT HALT,CHWT,HG3,MORADABAD,NR,BULANDSHAHR,UTTAR PRADESH,3,199,12.02
4299,CHUCHELA KALAN HALT,CLKN,HG3,MORADABAD,NR,AMROHA,UTTAR PRADESH,3,199,12.02
4300,DHARAMPUR HALT,DMPR,HG3,MORADABAD,NR,BULANDSHAHR,UTTAR PRADESH,3,199,12.02
4301,FARHANTNAGAR,FRH,HG3,MORADABAD,NR,HARDOI,UTTAR PRADESH,3,199,12.02
4302,FARHEDI HALT,FRD,HG3,MORADABAD,NR,MORADABAD,UTTAR PRADESH,3,199,12.02
4303,FATEHPUR CHAURASI,FTC,HG3,MORADABAD,NR,UNNAO,UTTAR PRADESH,3,199,12.02
4304,GAJU HALT,GAJU,HG3,MORADABAD,NR,HARDOI,UTTAR PRADESH,3,199,12.02
4305,GANJ MURADABAD,GJMB,HG3,MORADABAD,NR,UNNAO,UTTAR PRADESH,3,199,12.02
4306,GAUNTRA,GNTR,HG3,MORADABAD,NR,HARDOI,UTTAR PRADESH,3,199,12.02
4307,GHAUSGANJ,GSGJ,HG3,MORADABAD,NR,HARDOI,UTTAR PRADESH,3,199,12.02
4308,GHORI HALT,GHRI,HG3,MORADABAD,NR,SITAPUR,UTTAR PRADESH,3,199,12.02
4309,GODHA,GDHA,HG3,MORADABAD,NR,ALIGARH,UTTAR PRADESH,3,199,12.02
4310,JHALRA HALT,JHH,HG3,MORADABAD,NR,BIJNOR,UTTAR PRADESH,3,199,12.02
4311,KAILI,KALI,HG3,MORADABAD,NR,MEERUT,UTTAR PRADESH,3,199,12.02
4312,KARNA,KAR,HG3,MORADABAD,NR,HARDOI,UTTAR PRADESH,3,199,12.02
4313,KASTLA-KASMABAD HALT,KKMB,HG3,MORADABAD,NR,GHAZIABAD,UTTAR PRADESH,3,199,12.02
4314,KHARI - JHALU,KJLU,HG3,MORADABAD,NR,BIJNOR,UTTAR PRADESH,3,199,12.02
4315,KUAKHERA HALT,KZS,HG3,MORADABAD,NR,MORADABAD,UTTAR PRADESH,3,199,12.02
4316,MAJHAULA HALT,MJHL,HG3,MORADABAD,NR,SAMBHAL,UTTAR PRADESH,3,199,12.02
4317,METHI TIKUR,METR,HG3,MORADABAD,NR,UNNAO,UTTAR PRADESH,3,199,12.02
4318,NERI,NERI,HG3,MORADABAD,NR,SITAPUR,UTTAR PRADESH,3,199,12.02
4319,NURNAGAR HALT,NRNR,HG3,MORADABAD,NR,MEERUT,UTTAR PRADESH,3,199,12.02
4320,PATHAKPUR,PHX,HG3,MORADABAD,NR,SAMBHAL,UTTAR PRADESH,3,199,12.02
4321,PATIYARA,PTYR,HG3,MORADABAD,NR,UNNAO,UTTAR PRADESH,3,199,12.02
4322,PURWA KHERA,PRKE,HG3,MORADABAD,NR,BUDAUN,UTTAR PRADESH,3,199,12.02
4323,SHAHJAHANPUR KUTCHERY,SXK,HG3,MORADABAD,NR,SHAHJAHANPUR,UTTAR PRADESH,3,199,12.02
4324,SHARMA HALT,SHRM,HG3,MORADABAD,NR,HARDOI,UTTAR PRADESH,3,199,12.02
4325,SHERPUR,SEPR,HG3,MORADABAD,NR,AMROHA,UTTAR PRADESH,3,199,12.02
4326,SIRSI MUKHDUMPUR,SRMP,HG3,MORADABAD,NR,SAMBHAL,UTTAR PRADESH,3,199,12.02
4327,SISAUNA,SISN,HG3,MORADABAD,NR,BIJNOR,UTTAR PRADESH,3,199,12.02
4328,SITAPUR KUTCHERY HALT,STRK,HG3,MORADABAD,NR,SITAPUR,UTTAR PRADESH,3,199,12.02
4329,SUAHERI HALT,SXQ,HG3,MORADABAD,NR,BIJNOR,UTTAR PRADESH,3,199,12.02
4330,SUNEHTI KHARKHARI HA,SNKE,HG3,MORADABAD,NR,MORADABAD,UTTAR PRADESH,3,199,12.02
4331,SUNMAI HALT,SUNM,HG3,MORADABAD,NR,ALIGARH,UTTAR PRADESH,3,199,12.02
4332,UGU,UGU,HG3,MORADABAD,NR,UNNAO,UTTAR PRADESH,3,199,12.02
4333,HARIDWAR JN.,HW,NSG2,MORADABAD,NR,HARIDWAR,UTTARAKHAND,5,199,12.02
4334,BAREILLY JN.,BE,NSG3,MORADABAD,NR,BAREILLY,UTTAR PRADESH,6,199,12.02
4335,DEHRA DUN,DDN,NSG3,MORADABAD,NR,DEHRADUN,UTTARAKHAND,6,199,12.02
4336,HARDOI,HRI,NSG3,MORADABAD,NR,HARDOI,UTTAR PRADESH,6,199,12.02
4337,MORADABAD JN.,MB,NSG3,MORADABAD,NR,MORADABAD,UTTAR PRADESH,6,199,12.02
4338,ROORKEE,RK,NSG3,MORADABAD,NR,HARIDWAR,UTTARAKHAND,6,199,12.02
4339,SHAHJAHANPUR JN.,SPN,NSG3,MORADABAD,NR,SHAHJAHANPUR,UTTAR PRADESH,6,199,12.02
4340,AMROHA,AMRO,NSG4,MORADABAD,NR,AMROHA,UTTAR PRADESH,7,199,12.02
4341,CHANDAUSI JN.,CH,NSG4,MORADABAD,NR,SAMBHAL,UTTAR PRADESH,7,199,12.02
4342,HAPUR JN.,HPU,NSG4,MORADABAD,NR,HAPUR,UTTAR PRADESH,7,199,12.02
4343,NAJIBABAD JN.,NBD,NSG4,MORADABAD,NR,BIJNOR,UTTAR PRADESH,7,199,12.02
4344,RAMPUR,RMU,NSG4,MORADABAD,NR,RAMPUR,UTTAR PRADESH,7,199,12.02
4345,ANJI SHAHABAD,AJI,NSG5,MORADABAD,NR,HARDOI,UTTAR PRADESH,8,199,12.02
4346,AONLA,AO,NSG5,MORADABAD,NR,BAREILLY,UTTAR PRADESH,8,199,12.02
4347,BABRALA,BBA,NSG5,MORADABAD,NR,SAMBHAL,UTTAR PRADESH,8,199,12.02
4348,BALAMAU JN.,BLM,NSG5,MORADABAD,NR,HARDOI,UTTAR PRADESH,8,199,12.02
4349,BIJNOR,BJO,NSG5,MORADABAD,NR,BIJNOR,UTTAR PRADESH,8,199,12.02
4350,BISHARATGANJ,BTG,NSG5,MORADABAD,NR,BAREILLY,UTTAR PRADESH,8,199,12.02
4351,BULANDSHAHR,BSC,NSG5,MORADABAD,NR,BULANDSHAHR,UTTAR PRADESH,8,199,12.02
4352,CHANDPUR SIAU HALT,CPS,NSG5,MORADABAD,NR,BIJNOR,UTTAR PRADESH,8,199,12.02
4353,DABTARA,DUB,NSG5,MORADABAD,NR,BUDAUN,UTTAR PRADESH,8,199,12.02
4354,DHAMPUR .,DPR,NSG5,MORADABAD,NR,BIJNOR,UTTAR PRADESH,8,199,12.02
4355,GAJRAULA JN.,GJL,NSG5,MORADABAD,NR,AMROHA,UTTAR PRADESH,8,199,12.02
4356,GARHMUKTESAR,GMS,NSG5,MORADABAD,NR,HAPUR,UTTAR PRADESH,8,199,12.02
4357,HALDAUR,HLDR,NSG5,MORADABAD,NR,BIJNOR,UTTAR PRADESH,8,199,12.02
4358,KOTDWARA,KTW,NSG5,MORADABAD,NR,PAURI GARHWAL,UTTARAKHAND,8,199,12.02
4359,LAKSAR JN.,LRJ,NSG5,MORADABAD,NR,HARIDWAR,UTTARAKHAND,8,199,12.02
4360,NAGINA,NGG,NSG5,MORADABAD,NR,BIJNOR,UTTAR PRADESH,8,199,12.02
4361,PILKHUA,PKW,NSG5,MORADABAD,NR,HAPUR,UTTAR PRADESH,8,199,12.02
4362,PITAMBARPUR,PMR,NSG5,MORADABAD,NR,BAREILLY,UTTAR PRADESH,8,199,12.02
4363,RAIWALA JN.,RWL,NSG5,MORADABAD,NR,DEHRADUN,UTTARAKHAND,8,199,12.02
4364,RISHIKESH,RKSH,NSG5,MORADABAD,NR,DEHRADUN,UTTARAKHAND,8,199,12.02
4365,SANDILA,SAN,NSG5,MORADABAD,NR,HARDOI,UTTAR PRADESH,8,199,12.02
4366,SEOHARA,SEO,NSG5,MORADABAD,NR,BIJNOR,UTTAR PRADESH,8,199,12.02
4367,SITAPUR CITY JN,SPC,NSG5,MORADABAD,NR,SITAPUR,UTTAR PRADESH,8,199,12.02
4368,TILHAR,TLH,NSG5,MORADABAD,NR,SHAHJAHANPUR,UTTAR PRADESH,8,199,12.02
4369,YOG N RISHIKESH,YNRK,NSG5,MORADABAD,NR,DEHRADUN,UTTARAKHAND,8,199,12.02
4370,AGHWANPUR,AWP,NSG6,MORADABAD,NR,MORADABAD,UTTAR PRADESH,9,199,12.02
4371,AIGAWAN,AIG,NSG6,MORADABAD,NR,HARDOI,UTTAR PRADESH,9,199,12.02
4372,AITHAL,ATMO,NSG6,MORADABAD,NR,HARIDWAR,UTTARAKHAND,9,199,12.02
4373,ASAFPUR,AFR,NSG6,MORADABAD,NR,BUDAUN,UTTAR PRADESH,9,199,12.02
4374,ATRAULI ROAD,AUR,NSG6,MORADABAD,NR,ALIGARH,UTTAR PRADESH,9,199,12.02
4375,BABUGARH,BBO,NSG6,MORADABAD,NR,HAPUR,UTTAR PRADESH,9,199,12.02
4376,BAGHAULI,BGH,NSG6,MORADABAD,NR,HARDOI,UTTAR PRADESH,9,199,12.02
4377,BAHJOI,BJ,NSG6,MORADABAD,NR,SAMBHAL,UTTAR PRADESH,9,199,12.02
4378,BALAWALI,BLW,NSG6,MORADABAD,NR,BIJNOR,UTTAR PRADESH,9,199,12.02
4379,BALIAKHERI,BAE,NSG6,MORADABAD,NR,SAHARANPUR,UTTAR PRADESH,9,199,12.02
4380,BANGARMAU,BGMU,NSG6,MORADABAD,NR,UNNAO,UTTAR PRADESH,9,199,12.02
4381,BANTHRA,BTRA,NSG6,MORADABAD,NR,SHAHJAHANPUR,UTTAR PRADESH,9,199,12.02
4382,BARAL,BARL,NSG6,MORADABAD,NR,BULANDSHAHR,UTTAR PRADESH,9,199,12.02
4383,BAREILLY CANTT. JN.,BRYC,NSG6,MORADABAD,NR,BAREILLY,UTTAR PRADESH,9,199,12.02
4384,BASI KIRATPUR,BSKR,NSG6,MORADABAD,NR,BIJNOR,UTTAR PRADESH,9,199,12.02
4385,BEHTAGOKAL,BEG,NSG6,MORADABAD,NR,HARDOI,UTTAR PRADESH,9,199,12.02
4386,BENIGANJ,BEJ,NSG6,MORADABAD,NR,HARDOI,UTTAR PRADESH,9,199,12.02
4387,BHITAURA,BTO,NSG6,MORADABAD,NR,BAREILLY,UTTAR PRADESH,9,199,12.02
4388,BILPUR,BLPU,NSG6,MORADABAD,NR,BAREILLY,UTTAR PRADESH,9,199,12.02
4389,BUNDKI,BEK,NSG6,MORADABAD,NR,BIJNOR,UTTAR PRADESH,9,199,12.02
4390,CHAKRAJ MAL,CAJ,NSG6,MORADABAD,NR,BIJNOR,UTTAR PRADESH,9,199,12.02
4391,CHANDOK,CNK,NSG6,MORADABAD,NR,BIJNOR,UTTAR PRADESH,9,199,12.02
4392,CHODIALA,CDL,NSG6,MORADABAD,NR,HARIDWAR,UTTARAKHAND,9,199,12.02
4393,CLUTTERBUCKGANJ,CBJ,NSG6,MORADABAD,NR,BAREILLY,UTTAR PRADESH,9,199,12.02
4394,DALELNAGAR,DLQ,NSG6,MORADABAD,NR,HARDOI,UTTAR PRADESH,9,199,12.02
4395,DALPATPUR,DLP,NSG6,MORADABAD,NR,MORADABAD,UTTAR PRADESH,9,199,12.02
4396,DANDHERA,DNRA,NSG6,MORADABAD,NR,HARIDWAR,UTTARAKHAND,9,199,12.02
4397,DASNA,DS,NSG6,MORADABAD,NR,GHAZIABAD,UTTAR PRADESH,9,199,12.02
4398,DAUSNI,DSNI,NSG6,MORADABAD,NR,HARIDWAR,UTTARAKHAND,9,199,12.02
4399,DHAMORA,DAM,NSG6,MORADABAD,NR,RAMPUR,UTTAR PRADESH,9,199,12.02
4400,DHANARI,DN,NSG6,MORADABAD,NR,SAMBHAL,UTTAR PRADESH,9,199,12.02
4401,DHANETA,DAN,NSG6,MORADABAD,NR,BAREILLY,UTTAR PRADESH,9,199,12.02
4402,DIBAI,DIB,NSG6,MORADABAD,NR,BULANDSHAHR,UTTAR PRADESH,9,199,12.02
4403,DILAWARNAGAR,DIL,NSG6,MORADABAD,NR,LUCKNOW,UTTAR PRADESH,9,199,12.02
4404,DOIWALA,DWO,NSG6,MORADABAD,NR,DEHRADUN,UTTARAKHAND,9,199,12.02
4405,DUGANPUR,DUN,NSG6,MORADABAD,NR,RAMPUR,UTTAR PRADESH,9,199,12.02
4406,FAZALPUR,FZL,NSG6,MORADABAD,NR,BIJNOR,UTTAR PRADESH,9,199,12.02
4407,GARHMUKTESAR BRIDGE,GGB,NSG6,MORADABAD,NR,HAPUR,UTTAR PRADESH,9,199,12.02
4408,GULAOTHI,GLH,NSG6,MORADABAD,NR,BULANDSHAHR,UTTAR PRADESH,9,199,12.02
4409,GUMTHAL,GTF,NSG6,MORADABAD,NR,SAMBHAL,UTTAR PRADESH,9,199,12.02
4410,HABIBWALA,HBW,NSG6,MORADABAD,NR,BIJNOR,UTTAR PRADESH,9,199,12.02
4411,HAFIZPUR,HZR,NSG6,MORADABAD,NR,HAPUR,UTTAR PRADESH,9,199,12.02
4412,HAKIMPUR,HKP,NSG6,MORADABAD,NR,MORADABAD,UTTAR PRADESH,9,199,12.02
4413,HARRAWALA,HRW,NSG6,MORADABAD,NR,DEHRADUN,UTTARAKHAND,9,199,12.02
4414,HARTHALA,HRH,NSG6,MORADABAD,NR,MORADABAD,UTTAR PRADESH,9,199,12.02
4415,HEMPUR,HMP,NSG6,MORADABAD,NR,SITAPUR,UTTAR PRADESH,9,199,12.02
4416,IKKAR HALT,IKK,NSG6,MORADABAD,NR,HARIDWAR,UTTARAKHAND,9,199,12.02
4417,IQBALPUR,IQB,NSG6,MORADABAD,NR,HARIDWAR,UTTARAKHAND,9,199,12.02
4418,JAHANIKHERA HALT,JKH,NSG6,MORADABAD,NR,HARDOI,UTTAR PRADESH,9,199,12.02
4419,JARGAON,JRJ,NSG6,MORADABAD,NR,MORADABAD,UTTAR PRADESH,9,199,12.02
4420,JUNG BAHADURGANJ,JBG,NSG6,MORADABAD,NR,KHERI,UTTAR PRADESH,9,199,12.02
4421,JWALAPUR,JWP,NSG6,MORADABAD,NR,HARIDWAR,UTTARAKHAND,9,199,12.02
4422,KAFURPUR,KFPR,NSG6,MORADABAD,NR,AMROHA,UTTAR PRADESH,9,199,12.02
4423,KAHILIA,KH,NSG6,MORADABAD,NR,SHAHJAHANPUR,UTTAR PRADESH,9,199,12.02
4424,KAILSA,KIV,NSG6,MORADABAD,NR,AMROHA,UTTAR PRADESH,9,199,12.02
4425,KAKORI,KKJ,NSG6,MORADABAD,NR,LUCKNOW,UTTAR PRADESH,9,199,12.02
4426,KANKATHER,KHE,NSG6,MORADABAD,NR,AMROHA,UTTAR PRADESH,9,199,12.02
4427,KANSRAO,QSR,NSG6,MORADABAD,NR,DEHRADUN,UTTARAKHAND,9,199,12.02
4428,KANTH,KNT,NSG6,MORADABAD,NR,MORADABAD,UTTAR PRADESH,9,199,12.02
4429,KARENGI,KEG,NSG6,MORADABAD,NR,BUDAUN,UTTAR PRADESH,9,199,12.02
4430,KATGHAR,KGF,NSG6,MORADABAD,NR,MORADABAD,UTTAR PRADESH,9,199,12.02
4431,KAURAH,KUF,NSG6,MORADABAD,NR,HARDOI,UTTAR PRADESH,9,199,12.02
4432,KHARKHAUDA,KXK,NSG6,MORADABAD,NR,MEERUT,UTTAR PRADESH,9,199,12.02
4433,KHURJA CITY,KJY,NSG6,MORADABAD,NR,BULANDSHAHR,UTTAR PRADESH,9,199,12.02
4434,KUCHESAR ROAD,QXR,NSG6,MORADABAD,NR,HAPUR,UTTAR PRADESH,9,199,12.02
4435,KUNDARKHI,KD,NSG6,MORADABAD,NR,MORADABAD,UTTAR PRADESH,9,199,12.02
4436,LANDAURA,LDR,NSG6,MORADABAD,NR,HARIDWAR,UTTARAKHAND,9,199,12.02
4437,LODIPUR BISHENPUR HA,LDP,NSG6,MORADABAD,NR,MORADABAD,UTTAR PRADESH,9,199,12.02
4438,MACHARIYA,MCV,NSG6,MORADABAD,NR,MORADABAD,UTTAR PRADESH,9,199,12.02
4439,MADHOGANJ,MAH,NSG6,MORADABAD,NR,HARDOI,UTTAR PRADESH,9,199,12.02
4440,MAHESRA HALT,MHHR,NSG6,MORADABAD,NR,AMROHA,UTTAR PRADESH,9,199,12.02
4441,MAHOLI,MAHO,NSG6,MORADABAD,NR,SITAPUR,UTTAR PRADESH,9,199,12.02
4442,MAHRAULI,MFH,NSG6,MORADABAD,NR,GHAZIABAD,UTTAR PRADESH,9,199,12.02
4443,MAIKALGANJ,MINJ,NSG6,MORADABAD,NR,KHERI,UTTAR PRADESH,9,199,12.02
4444,MAKHI,MKHI,NSG6,MORADABAD,NR,UNNAO,UTTAR PRADESH,9,199,12.02
4445,MALIHABAD,MLD,NSG6,MORADABAD,NR,LUCKNOW,UTTAR PRADESH,9,199,12.02
4446,MALLANWAN,MLW,NSG6,MORADABAD,NR,HARDOI,UTTAR PRADESH,9,199,12.02
4447,MANDI DHANAURA,MNDR,NSG6,MORADABAD,NR,AMROHA,UTTAR PRADESH,9,199,12.02
4448,MASIT,MST,NSG6,MORADABAD,NR,HARDOI,UTTAR PRADESH,9,199,12.02
4449,MATLABPUR,MTB,NSG6,MORADABAD,NR,MORADABAD,UTTAR PRADESH,9,199,12.02
4450,MEWA NAWADA,MWE,NSG6,MORADABAD,NR,BIJNOR,UTTAR PRADESH,9,199,12.02
4451,MILAK,MIL,NSG6,MORADABAD,NR,RAMPUR,UTTAR PRADESH,9,199,12.02
4452,MIRANPUR KATRA,MK,NSG6,MORADABAD,NR,SHAHJAHANPUR,UTTAR PRADESH,9,199,12.02
4453,MISRIKH TIRATH,MSTH,NSG6,MORADABAD,NR,SITAPUR,UTTAR PRADESH,9,199,12.02
4454,MOTICHUR,MOTC,NSG6,MORADABAD,NR,HARIDWAR,UTTARAKHAND,9,199,12.02
4455,MUAZZAMPUR NARAIN JN,MZM,NSG6,MORADABAD,NR,BIJNOR,UTTAR PRADESH,9,199,12.02
4456,MUNDHA PANDEY,MPH,NSG6,MORADABAD,NR,MORADABAD,UTTAR PRADESH,9,199,12.02
4457,MURSHADPUR,MSDR,NSG6,MORADABAD,NR,BIJNOR,UTTAR PRADESH,9,199,12.02
4458,NAGARIA SADAT,NRS,NSG6,MORADABAD,NR,BAREILLY,UTTAR PRADESH,9,199,12.02
4459,NAIMISHARANYA,NM,NSG6,MORADABAD,NR,SITAPUR,UTTAR PRADESH,9,199,12.02
4460,NISOI,NSU,NSG6,MORADABAD,NR,BAREILLY,UTTAR PRADESH,9,199,12.02
4461,PARSA KHERA,PKRA,NSG6,MORADABAD,NR,BAREILLY,UTTAR PRADESH,9,199,12.02
4462,PATHRI,PRI,NSG6,MORADABAD,NR,HARIDWAR,UTTARAKHAND,9,199,12.02
4463,PURAINI,PNI,NSG6,MORADABAD,NR,BIJNOR,UTTAR PRADESH,9,199,12.02
4464,RAHIMABAD,RBD,NSG6,MORADABAD,NR,LUCKNOW,UTTAR PRADESH,9,199,12.02
4465,RAISI,RSI,NSG6,MORADABAD,NR,HARIDWAR,UTTARAKHAND,9,199,12.02
4466,RAJA-KA-SAHASPUR JN.,RJK,NSG6,MORADABAD,NR,MORADABAD,UTTAR PRADESH,9,199,12.02
4467,RAJGHAT NARORA,RG,NSG6,MORADABAD,NR,BULANDSHAHR,UTTAR PRADESH,9,199,12.02
4468,RAMGANGA,RGB,NSG6,MORADABAD,NR,BAREILLY,UTTAR PRADESH,9,199,12.02
4469,RAMKOT,RAK,NSG6,MORADABAD,NR,SITAPUR,UTTAR PRADESH,9,199,12.02
4470,RASUIYA,RYS,NSG6,MORADABAD,NR,BAREILLY,UTTAR PRADESH,9,199,12.02
4471,REOTI BAHORA KHERA,RBK,NSG6,MORADABAD,NR,BAREILLY,UTTAR PRADESH,9,199,12.02
4472,ROZA JN.,RAC,NSG6,MORADABAD,NR,SHAHJAHANPUR,UTTAR PRADESH,9,199,12.02
4473,SAFIPUR,SFPR,NSG6,MORADABAD,NR,UNNAO,UTTAR PRADESH,9,199,12.02
4474,SAMBAHAL HATIM SARAI,SHTS,NSG6,MORADABAD,NR,SAMBHAL,UTTAR PRADESH,9,199,12.02
4475,SANEH ROAD,SNX,NSG6,MORADABAD,NR,BIJNOR,UTTAR PRADESH,9,199,12.02
4476,SHAHJAD NAGAR,SAR,NSG6,MORADABAD,NR,RAMPUR,UTTAR PRADESH,9,199,12.02
4477,SIMBHAULI,SMBL,NSG6,MORADABAD,NR,HAPUR,UTTAR PRADESH,9,199,12.02
4478,SISARKA,SSKA,NSG6,MORADABAD,NR,BUDAUN,UTTAR PRADESH,9,199,12.02
4479,TISUA,TSA,NSG6,MORADABAD,NR,BAREILLY,UTTAR PRADESH,9,199,12.02
4480,TODARPUR,TDP,NSG6,MORADABAD,NR,HARDOI,UTTAR PRADESH,9,199,12.02
4481,UMAR TALI,UTA,NSG6,MORADABAD,NR,HARDOI,UTTAR PRADESH,9,199,12.02
4482,UNCHAULIA,UCH,NSG6,MORADABAD,NR,KHERI,UTTAR PRADESH,9,199,12.02
4483,VIRBHADRA HALT,VRH,NSG6,MORADABAD,NR,DEHRADUN,UTTARAKHAND,9,199,12.02
4484,SAMRALA,SMRL,HG2,AMBALA,NR,LUDHIANA,PUNJAB,2,135,12.02
4485,TANDWAL,TDW,HG2,AMBALA,NR,AMBALA,HARYANA,2,135,12.02
4486,BAHAWAL BASI,BFE,HG3,AMBALA,NR,FAZILKA,PUNJAB,3,135,12.02
4487,BAHMAN DIWANA,BWX,HG3,AMBALA,NR,BATHINDA,PUNJAB,3,135,12.02
4488,BAKAYANWALA,BKWA,HG3,AMBALA,NR,FAZILKA,PUNJAB,3,135,12.02
4489,BHANUPLI HALT,BNLY,HG3,AMBALA,NR,RUPNAGAR,PUNJAB,3,135,12.02
4490,BHARUR HALT,BZ,HG3,AMBALA,NR,SANGRUR,PUNJAB,3,135,12.02
4491,DAULATPUR HARYANA,DULP,HG3,AMBALA,NR,HISAR,HARYANA,3,135,12.02
4492,GAJUWALA HALT,GJW,HG3,AMBALA,NR,FATEHABAD,HARYANA,3,135,12.02
4493,GHUNAS HALT,GUNS,HG3,AMBALA,NR,BARNALA,PUNJAB,3,135,12.02
4494,KAKRALA HALT,KKRL,HG3,AMBALA,NR,PATIALA,PUNJAB,3,135,12.02
4495,KHAMANON,KMNN,HG3,AMBALA,NR,FATEHGARH SAHIB,PUNJAB,3,135,12.02
4496,KILANWALI PUNJAB,KLWL,HG3,AMBALA,NR,FAZILKA,PUNJAB,3,135,12.02
4497,KOTHA PAKKI HALT,KTPK,HG3,AMBALA,NR,GANGANAGAR,RAJASTHAN,3,135,12.02
4498,KUDNI,KUDN,HG3,AMBALA,NR,FATEHABAD,HARYANA,3,135,12.02
4499,LAL KALAN,LLKN,HG3,AMBALA,NR,LUDHIANA,PUNJAB,3,135,12.02
4500,MOHANPURA HALT,MOPR,HG3,AMBALA,NR,GANGANAGAR,RAJASTHAN,3,135,12.02
4501,ORKI HALT,ORKI,HG3,AMBALA,NR,GANGANAGAR,RAJASTHAN,3,135,12.02
4502,PANOH,PH,HG3,AMBALA,NR,UNA,HIMACHAL PRADESH,3,135,12.02
4503,PATIALA CANT.,PTE,HG3,AMBALA,NR,PATIALA,PUNJAB,3,135,12.02
4504,PIRTHALA LALAUDA,PLT,HG3,AMBALA,NR,FATEHABAD,HARYANA,3,135,12.02
4505,ROHIRA GHALLUGHARA H,RHW,HG3,AMBALA,NR,SANGRUR,PUNJAB,3,135,12.02
4506,AMBALA CANTT. JN.,UMB,NSG2,AMBALA,NR,AMBALA,HARYANA,5,135,12.02
4507,CHANDIGARH,CDG,NSG2,AMBALA,NR,CHANDIGARH,CHANDIGARH,5,135,12.02
4508,BATHINDA JN.,BTI,NSG3,AMBALA,NR,BATHINDA,PUNJAB,6,135,12.02
4509,KALKA,KLK,NSG3,AMBALA,NR,PANCHKULA,HARYANA,6,135,12.02
4510,SAHARANPUR JN.,SRE,NSG3,AMBALA,NR,SAHARANPUR,UTTAR PRADESH,6,135,12.02
4511,ABOHAR,ABS,NSG4,AMBALA,NR,FAZILKA,PUNJAB,7,135,12.02
4512,PATIALA,PTA,NSG4,AMBALA,NR,PATIALA,PUNJAB,7,135,12.02
4513,RAJPURA JN.,RPJ,NSG4,AMBALA,NR,PATIALA,PUNJAB,7,135,12.02
4514,SIRHIND JN.,SIR,NSG4,AMBALA,NR,FATEHGARH SAHIB,PUNJAB,7,135,12.02
4515,AMB ANDAURA,AADR,NSG5,AMBALA,NR,UNA,HIMACHAL PRADESH,8,135,12.02
4516,AMBALA CITY,UBC,NSG5,AMBALA,NR,AMBALA,HARYANA,8,135,12.02
4517,ANANDPUR SAHIB,ANSB,NSG5,AMBALA,NR,RUPNAGAR,PUNJAB,8,135,12.02
4518,BARARA,RAA,NSG5,AMBALA,NR,AMBALA,HARYANA,8,135,12.02
4519,BARNALA,BNN,NSG5,AMBALA,NR,BARNALA,PUNJAB,8,135,12.02
4520,DHURI JN.,DUI,NSG5,AMBALA,NR,SANGRUR,PUNJAB,8,135,12.02
4521,GIDDARBAHA,GDB,NSG5,AMBALA,NR,SRI MUKTSAR SAHIB,PUNJAB,8,135,12.02
4522,JAGADHRI WORKSHOP,JUDW,NSG5,AMBALA,NR,YAMUNANAGAR,HARYANA,8,135,12.02
4523,KHANNA,KNN,NSG5,AMBALA,NR,LUDHIANA,PUNJAB,8,135,12.02
4524,MALERKOTLA,MET,NSG5,AMBALA,NR,SANGRUR,PUNJAB,8,135,12.02
4525,MALOUT,MOT,NSG5,AMBALA,NR,SRI MUKTSAR SAHIB,PUNJAB,8,135,12.02
4526,MANDI GOBIND GARH,GVG,NSG5,AMBALA,NR,FATEHGARH SAHIB,PUNJAB,8,135,12.02
4527,NABHA,NBA,NSG5,AMBALA,NR,PATIALA,PUNJAB,8,135,12.02
4528,NANGAL DAM,NLDM,NSG5,AMBALA,NR,RUPNAGAR,PUNJAB,8,135,12.02
4529,RAMPURA PHUL,PUL,NSG5,AMBALA,NR,BATHINDA,PUNJAB,8,135,12.02
4530,ROOP NAGAR,RPAR,NSG5,AMBALA,NR,RUPNAGAR,PUNJAB,8,135,12.02
4531,SAHIBZADA AJITSINGH,SASN,NSG5,AMBALA,NR,RUPNAGAR,PUNJAB,8,135,12.02
4532,SANGRUR,SAG,NSG5,AMBALA,NR,SANGRUR,PUNJAB,8,135,12.02
4533,SHIMLA,SML,NSG5,AMBALA,NR,SHIMLA,HIMACHAL PRADESH,8,135,12.02
4534,SUNAM UDHAM S W,SFMU,NSG5,AMBALA,NR,SANGRUR,PUNJAB,8,135,12.02
4535,UNA HIMACHAL,UHL,NSG5,AMBALA,NR,UNA,HIMACHAL PRADESH,8,135,12.02
4536,YAMUNANAGAR JUD,YJUD,NSG5,AMBALA,NR,YAMUNANAGAR,HARYANA,8,135,12.02
4537,AHMED GARH,AHH,NSG6,AMBALA,NR,SANGRUR,PUNJAB,9,135,12.02
4538,ALAL,ALAL,NSG6,AMBALA,NR,SANGRUR,PUNJAB,9,135,12.02
4539,BAHADUR SINGH WALA,BSS,NSG6,AMBALA,NR,SANGRUR,PUNJAB,9,135,12.02
4540,BAROG,BOF,NSG6,AMBALA,NR,SOLAN,HIMACHAL PRADESH,9,135,12.02
4541,BARWALA,BXC,NSG6,AMBALA,NR,HISAR,HARYANA,9,135,12.02
4542,BASSI PATHANAN,BSPN,NSG6,AMBALA,NR,FATEHGARH SAHIB,PUNJAB,9,135,12.02
4543,BATHINDA CANTT.,BTIC,NSG6,AMBALA,NR,BATHINDA,PUNJAB,9,135,12.02
4544,BHARATGARH,BARJ,NSG6,AMBALA,NR,RUPNAGAR,PUNJAB,9,135,12.02
4545,BHUCHCHU,BCU,NSG6,AMBALA,NR,BATHINDA,PUNJAB,9,135,12.02
4546,BULLUANA,BHX,NSG6,AMBALA,NR,BATHINDA,PUNJAB,9,135,12.02
4547,CHAJLI,CJL,NSG6,AMBALA,NR,SANGRUR,PUNJAB,9,135,12.02
4548,CHANDI MANDIR,CNDM,NSG6,AMBALA,NR,PANCHKULA,HARYANA,9,135,12.02
4549,CHAWAPAIL,CHA,NSG6,AMBALA,NR,LUDHIANA,PUNJAB,9,135,12.02
4550,CHHINTANWALA,CTW,NSG6,AMBALA,NR,PATIALA,PUNJAB,9,135,12.02
4551,CHINTPURNI MARG,CHMG,NSG6,AMBALA,NR,UNA,HIMACHAL PRADESH,9,135,12.02
4552,CHURARU TAKARLA,CHTL,NSG6,AMBALA,NR,UNA,HIMACHAL PRADESH,9,135,12.02
4553,DAPPER,DHPR,NSG6,AMBALA,NR,S.A.S NAGAR,PUNJAB,9,135,12.02
4554,DARAZPUR,DZP,NSG6,AMBALA,NR,YAMUNANAGAR,HARYANA,9,135,12.02
4555,DAULATPUR CHAUK,DLPC,NSG6,AMBALA,NR,UNA,HIMACHAL PRADESH,9,135,12.02
4556,DAUN KALAN,DOC,NSG6,AMBALA,NR,PATIALA,PUNJAB,9,135,12.02
4557,DHABLAN,DBN,NSG6,AMBALA,NR,PATIALA,PUNJAB,9,135,12.02
4558,DHANSU,DNX,NSG6,AMBALA,NR,HISAR,HARYANA,9,135,12.02
4559,DHARAMPUR HIMACHAL,DMP,NSG6,AMBALA,NR,SOLAN,HIMACHAL PRADESH,9,135,12.02
4560,DHULKOT,DKT,NSG6,AMBALA,NR,AMBALA,HARYANA,9,135,12.02
4561,DORAHA,DOA,NSG6,AMBALA,NR,LUDHIANA,PUNJAB,9,135,12.02
4562,DUKHERI,DOKY,NSG6,AMBALA,NR,AMBALA,HARYANA,9,135,12.02
4563,FAQARSAR,FSR,NSG6,AMBALA,NR,SRI MUKTSAR SAHIB,PUNJAB,9,135,12.02
4564,FATEHGARH SAHIB,FGSB,NSG6,AMBALA,NR,FATEHGARH SAHIB,PUNJAB,9,135,12.02
4565,FATUHI,FTH,NSG6,AMBALA,NR,GANGANAGAR,RAJASTHAN,9,135,12.02
4566,GHAGGHAR,GHG,NSG6,AMBALA,NR,S.A.S NAGAR,PUNJAB,9,135,12.02
4567,GHANAULI,GANL,NSG6,AMBALA,NR,RUPNAGAR,PUNJAB,9,135,12.02
4568,GILL,GILL,NSG6,AMBALA,NR,LUDHIANA,PUNJAB,9,135,12.02
4569,GOVINDGARH KHOKHAR,GGKR,NSG6,AMBALA,NR,SANGRUR,PUNJAB,9,135,12.02
4570,GUMMAN,GMM,NSG6,AMBALA,NR,SOLAN,HIMACHAL PRADESH,9,135,12.02
4571,GURNAY,GRN,NSG6,AMBALA,NR,SANGRUR,PUNJAB,9,135,12.02
4572,HADIAYA,HYA,NSG6,AMBALA,NR,BARNALA,PUNJAB,9,135,12.02
4573,HIMMATANA,HMI,NSG6,AMBALA,NR,SANGRUR,PUNJAB,9,135,12.02
4574,HINDUMALKOTE,HMK,NSG6,AMBALA,NR,GANGANAGAR,RAJASTHAN,9,135,12.02
4575,JAMALPUR SHAIKHAN,JPS,NSG6,AMBALA,NR,FARIDABAD,HARYANA,9,135,12.02
4576,JETHUKE,JHK,NSG6,AMBALA,NR,BATHINDA,PUNJAB,9,135,12.02
4577,JUTOGH,JTO,NSG6,AMBALA,NR,SHIMLA,HIMACHAL PRADESH,9,135,12.02
4578,KALANOUR,KNZ,NSG6,AMBALA,NR,YAMUNANAGAR,HARYANA,9,135,12.02
4579,KANDAGHAT,KDZ,NSG6,AMBALA,NR,SOLAN,HIMACHAL PRADESH,9,135,12.02
4580,KANOH,KANO,NSG6,AMBALA,NR,SOLAN,HIMACHAL PRADESH,9,135,12.02
4581,KATHLEEGHAT,KEJ,NSG6,AMBALA,NR,SOLAN,HIMACHAL PRADESH,9,135,12.02
4582,KAULI,KLI,NSG6,AMBALA,NR,PATIALA,PUNJAB,9,135,12.02
4583,KAULSERI,KLSX,NSG6,AMBALA,NR,SANGRUR,PUNJAB,9,135,12.02
4584,KESRI,KES,NSG6,AMBALA,NR,AMBALA,HARYANA,9,135,12.02
4585,KHARAR,KARR,NSG6,AMBALA,NR,S.A.S NAGAR,PUNJAB,9,135,12.02
4586,KILA RAIPUR,QRP,NSG6,AMBALA,NR,LUDHIANA,PUNJAB,9,135,12.02
4587,KIRATPUR SAHIB,KART,NSG6,AMBALA,NR,RUPNAGAR,PUNJAB,9,135,12.02
4588,KOTI,KOTI,NSG6,AMBALA,NR,SOLAN,HIMACHAL PRADESH,9,135,12.02
4589,KUMARHATTI DAGSHAI,KMTI,NSG6,AMBALA,NR,SOLAN,HIMACHAL PRADESH,9,135,12.02
4590,KUP,KUP,NSG6,AMBALA,NR,SANGRUR,PUNJAB,9,135,12.02
4591,KURALI,KRLI,NSG6,AMBALA,NR,S.A.S NAGAR,PUNJAB,9,135,12.02
4592,LALRU,LLU,NSG6,AMBALA,NR,S.A.S NAGAR,PUNJAB,9,135,12.02
4593,LEHRA GAGA,LHA,NSG6,AMBALA,NR,SANGRUR,PUNJAB,9,135,12.02
4594,LEHRA MUHABBAT,LHM,NSG6,AMBALA,NR,BATHINDA,PUNJAB,9,135,12.02
4595,MIANPUR,MNPR,NSG6,AMBALA,NR,RUPNAGAR,PUNJAB,9,135,12.02
4596,MORINDA,MRND,NSG6,AMBALA,NR,RUPNAGAR,PUNJAB,9,135,12.02
4597,MUSTAFABAD,MFB,NSG6,AMBALA,NR,YAMUNANAGAR,HARYANA,9,135,12.02
4598,NEW MORINDA,NMDA,NSG6,AMBALA,NR,RUPNAGAR,PUNJAB,9,135,12.02
4599,NOGANWAN,NGWN,NSG6,AMBALA,NR,FATEHGARH SAHIB,PUNJAB,9,135,12.02
4600,PAKKI,PKK,NSG6,AMBALA,NR,SRI MUKTSAR SAHIB,PUNJAB,9,135,12.02
4601,PANJ-KOSI,PJK,NSG6,AMBALA,NR,FAZILKA,PUNJAB,9,135,12.02
4602,PILKHANI,PKY,NSG6,AMBALA,NR,SAHARANPUR,UTTAR PRADESH,9,135,12.02
4603,RAI MAIHATPUR,MTPR,NSG6,AMBALA,NR,UNA,HIMACHAL PRADESH,9,135,12.02
4604,RAIPUR HARYANA,RPHR,NSG6,AMBALA,NR,HISAR,HARYANA,9,135,12.02
4605,SADHOO GARH,SDY,NSG6,AMBALA,NR,FATEHGARH SAHIB,PUNJAB,9,135,12.02
4606,SALOGRA,SLR,NSG6,AMBALA,NR,SOLAN,HIMACHAL PRADESH,9,135,12.02
4607,SAMBHU,SMU,NSG6,AMBALA,NR,PATIALA,PUNJAB,9,135,12.02
4608,SARAI BANJARA,SBJ,NSG6,AMBALA,NR,PATIALA,PUNJAB,9,135,12.02
4609,SARSAWA,SSW,NSG6,AMBALA,NR,SAHARANPUR,UTTAR PRADESH,9,135,12.02
4610,SEKHA,SEQ,NSG6,AMBALA,NR,BARNALA,PUNJAB,9,135,12.02
4611,SHOGHI,SGS,NSG6,AMBALA,NR,SHIMLA,HIMACHAL PRADESH,9,135,12.02
4612,SOLAN,SOL,NSG6,AMBALA,NR,SOLAN,HIMACHAL PRADESH,9,135,12.02
4613,SONWARA,SWO,NSG6,AMBALA,NR,SOLAN,HIMACHAL PRADESH,9,135,12.02
4614,SUMMER HILL,SHZ,NSG6,AMBALA,NR,SHIMLA,HIMACHAL PRADESH,9,135,12.02
4615,TAKSAL,TSL,NSG6,AMBALA,NR,SOLAN,HIMACHAL PRADESH,9,135,12.02
4616,TAPA,TAPA,NSG6,AMBALA,NR,BARNALA,PUNJAB,9,135,12.02
4617,TARADEVI,TVI,NSG6,AMBALA,NR,SHIMLA,HIMACHAL PRADESH,9,135,12.02
4618,UKLANA,UKN,NSG6,AMBALA,NR,HISAR,HARYANA,9,135,12.02
4619,DEVGARH MADARIYA,DOHM,HG2,AJMER,NWR,RAJSAMAND,RAJASTHAN,2,128,6.87
4620,KANKROLI,KDL,HG2,AJMER,NWR,RAJSAMAND,RAJASTHAN,2,128,6.87
4621,BANGURGRAM,BNGM,HG3,AJMER,NWR,AJMER,RAJASTHAN,3,128,6.87
4622,BANSI BOHERA,BYE,HG3,AJMER,NWR,CHITTORGARH,RAJASTHAN,3,128,6.87
4623,BEJNAL,BJN,HG3,AJMER,NWR,RAJSAMAND,RAJASTHAN,3,128,6.87
4624,BHINDAR,BNNR,HG3,AJMER,NWR,UDAIPUR,RAJASTHAN,3,128,6.87
4625,BHOJRAS,BHAS,HG3,AJMER,NWR,BHILWARA,RAJASTHAN,3,128,6.87
4626,BUDHA PUSHKAR HALT,BPKH,HG3,AJMER,NWR,AJMER,RAJASTHAN,3,128,6.87
4627,DET,DET,HG3,AJMER,NWR,CHITTORGARH,RAJASTHAN,3,128,6.87
4628,DHUWALA,DWL,HG3,AJMER,NWR,BHILWARA,RAJASTHAN,3,128,6.87
4629,DOLAJIKA KHERA,DJKR,HG3,AJMER,NWR,RAJSAMAND,RAJASTHAN,3,128,6.87
4630,GORAM GHAT,GGO,HG3,AJMER,NWR,RAJSAMAND,RAJASTHAN,3,128,6.87
4631,JAGABOR,JO,HG3,AJMER,NWR,DUNGARPUR,RAJASTHAN,3,128,6.87
4632,KANOR,KFN,HG3,AJMER,NWR,UDAIPUR,RAJASTHAN,3,128,6.87
4633,KHARA KAMERI,KRKM,HG3,AJMER,NWR,RAJSAMAND,RAJASTHAN,3,128,6.87
4634,KHERODA,KHW,HG3,AJMER,NWR,UDAIPUR,RAJASTHAN,3,128,6.87
4635,KOTANA,KTOA,HG3,AJMER,NWR,DUNGARPUR,RAJASTHAN,3,128,6.87
4636,KUANRIYA,KXA,HG3,AJMER,NWR,RAJSAMAND,RAJASTHAN,3,128,6.87
4637,KUNDALGARH,KDLG,HG3,AJMER,NWR,UDAIPUR,RAJASTHAN,3,128,6.87
4638,KUWANTHAL,KUTL,HG3,AJMER,NWR,AJMER,RAJASTHAN,3,128,6.87
4639,LAWA-SARDARGARH,LSG,HG3,AJMER,NWR,RAJSAMAND,RAJASTHAN,3,128,6.87
4640,MAKARWADI HALT,MKWI,HG3,AJMER,NWR,AJMER,RAJASTHAN,3,128,6.87
4641,MARWAR RANAWAS,MRWS,HG3,AJMER,NWR,PALI,RAJASTHAN,3,128,6.87
4642,NETAWAL,NTWL,HG3,AJMER,NWR,CHITTORGARH,RAJASTHAN,3,128,6.87
4643,PADLA,PDQ,HG3,AJMER,NWR,UDAIPUR,RAJASTHAN,3,128,6.87
4644,SEMARI,SES,HG3,AJMER,NWR,UDAIPUR,RAJASTHAN,3,128,6.87
4645,SHALASHAH THANA,SHLT,HG3,AJMER,NWR,BANAS KANTHA,GUJARAT,3,128,6.87
4646,SHAMLAJI ROAD,SJS,HG3,AJMER,NWR,SABAR KANTHA,GUJARAT,3,128,6.87
4647,SHRI BHAVNATH,SBHN,HG3,AJMER,NWR,DUNGARPUR,RAJASTHAN,3,128,6.87
4648,SONIANA,SNYN,HG3,AJMER,NWR,BHILWARA,RAJASTHAN,3,128,6.87
4649,SUNAK,SUC,HG3,AJMER,NWR,SABAR KANTHA,GUJARAT,3,128,6.87
4650,SUR KHND KHERA,SZK,HG3,AJMER,NWR,UDAIPUR,RAJASTHAN,3,128,6.87
4651,THAMLA MOGANA,TMGN,HG3,AJMER,NWR,UDAIPUR,RAJASTHAN,3,128,6.87
4652,VALLABHNAGAR,VBN,HG3,AJMER,NWR,UDAIPUR,RAJASTHAN,3,128,6.87
4653,VIRAVADA HALT,VRV,HG3,AJMER,NWR,SABAR KANTHA,GUJARAT,3,128,6.87
4654,AJMER JN.,AII,NSG2,AJMER,NWR,AJMER,RAJASTHAN,5,128,6.87
4655,ABU ROAD,ABR,NSG3,AJMER,NWR,SIROHI,RAJASTHAN,6,128,6.87
4656,BHILWARA,BHL,NSG3,AJMER,NWR,BHILWARA,RAJASTHAN,6,128,6.87
4657,UDAIPUR CITY,UDZ,NSG3,AJMER,NWR,UDAIPUR,RAJASTHAN,6,128,6.87
4658,BEAWAR,BER,NSG4,AJMER,NWR,AJMER,RAJASTHAN,7,128,6.87
4659,FALNA,FA,NSG4,AJMER,NWR,PALI,RAJASTHAN,7,128,6.87
4660,MARWAR JN.,MJ,NSG4,AJMER,NWR,PALI,RAJASTHAN,7,128,6.87
4661,BIJAINAGAR,BJNR,NSG5,AJMER,NWR,AJMER,RAJASTHAN,8,128,6.87
4662,FATEHNAGAR,FAN,NSG5,AJMER,NWR,RAJSAMAND,RAJASTHAN,8,128,6.87
4663,JAWAI BANDH,JWB,NSG5,AJMER,NWR,PALI,RAJASTHAN,8,128,6.87
4664,KAPASAN,KIN,NSG5,AJMER,NWR,UDAIPUR,RAJASTHAN,8,128,6.87
4665,MAVLI JN.,MVJ,NSG5,AJMER,NWR,UDAIPUR,RAJASTHAN,8,128,6.87
4666,NASIRABAD,NSD,NSG5,AJMER,NWR,AJMER,RAJASTHAN,8,128,6.87
4667,PINDWARA,PDWA,NSG5,AJMER,NWR,SIROHI,RAJASTHAN,8,128,6.87
4668,RANAPRATAPNAGAR,RPZ,NSG5,AJMER,NWR,UDAIPUR,RAJASTHAN,8,128,6.87
4669,RANI,RANI,NSG5,AJMER,NWR,PALI,RAJASTHAN,8,128,6.87
4670,SOJAT ROAD,SOD,NSG5,AJMER,NWR,PALI,RAJASTHAN,8,128,6.87
4671,SOMESAR,SOS,NSG5,AJMER,NWR,PALI,RAJASTHAN,8,128,6.87
4672,ADARSHNAGAR,AHO,NSG6,AJMER,NWR,AJMER,RAJASTHAN,9,128,6.87
4673,AMARPURA,APA,NSG6,AJMER,NWR,PALI,RAJASTHAN,9,128,6.87
4674,AUWA,AUWA,NSG6,AJMER,NWR,PALI,RAJASTHAN,9,128,6.87
4675,BAGRI NAGAR,BQN,NSG6,AJMER,NWR,PALI,RAJASTHAN,9,128,6.87
4676,BANAS,BNS,NSG6,AJMER,NWR,SIROHI,RAJASTHAN,9,128,6.87
4677,BANDANWARA,BDW,NSG6,AJMER,NWR,AJMER,RAJASTHAN,9,128,6.87
4678,BANTA RAGHUNATHGARH,BGG,NSG6,AJMER,NWR,PALI,RAJASTHAN,9,128,6.87
4679,BAR,BAR,NSG6,AJMER,NWR,PALI,RAJASTHAN,9,128,6.87
4680,BARI SADRI,BI,NSG6,AJMER,NWR,CHITTORGARH,RAJASTHAN,9,128,6.87
4681,BECHHIWARA,BHWA,NSG6,AJMER,NWR,DUNGARPUR,RAJASTHAN,9,128,6.87
4682,BHIMAL,BIML,NSG6,AJMER,NWR,UDAIPUR,RAJASTHAN,9,128,6.87
4683,BHIMANA,BMN,NSG6,AJMER,NWR,SIROHI,RAJASTHAN,9,128,6.87
4684,BHINWALIYA,BWA,NSG6,AJMER,NWR,PALI,RAJASTHAN,9,128,6.87
4685,BHUPALSAGAR (KARERA),BSJ,NSG6,AJMER,NWR,CHITTORGARH,RAJASTHAN,9,128,6.87
4686,BIROLIYA,BRLY,NSG6,AJMER,NWR,PALI,RAJASTHAN,9,128,6.87
4687,CHANDAWAL,CNL,NSG6,AJMER,NWR,PALI,RAJASTHAN,9,128,6.87
4688,CHARBHUJA ROAD,CBG,NSG6,AJMER,NWR,RAJSAMAND,RAJASTHAN,9,128,6.87
4689,CHITRASANI,CTT,NSG6,AJMER,NWR,BANAS KANTHA,GUJARAT,9,128,6.87
4690,DAURAI,DOZ,NSG6,AJMER,NWR,AJMER,RAJASTHAN,9,128,6.87
4691,DEBARI,DRB,NSG6,AJMER,NWR,UDAIPUR,RAJASTHAN,9,128,6.87
4692,DHARESHWAR,DRS,NSG6,AJMER,NWR,PALI,RAJASTHAN,9,128,6.87
4693,DUNGARPUR,DNRP,NSG6,AJMER,NWR,DUNGARPUR,RAJASTHAN,9,128,6.87
4694,GANGARAR,GGR,NSG6,AJMER,NWR,CHITTORGARH,RAJASTHAN,9,128,6.87
4695,GHOSUNDA,GSD,NSG6,AJMER,NWR,CHITTORGARH,RAJASTHAN,9,128,6.87
4696,GULABPURA,GBP,NSG6,AJMER,NWR,BHILWARA,RAJASTHAN,9,128,6.87
4697,GURIYA,GRI,NSG6,AJMER,NWR,PALI,RAJASTHAN,9,128,6.87
4698,HAMIRGARH,HMG,NSG6,AJMER,NWR,BHILWARA,RAJASTHAN,9,128,6.87
4699,HARIPUR,HP,NSG6,AJMER,NWR,PALI,RAJASTHAN,9,128,6.87
4700,HATUNDI,HTD,NSG6,AJMER,NWR,AJMER,RAJASTHAN,9,128,6.87
4701,JAI SAMAND ROAD,JYM,NSG6,AJMER,NWR,UDAIPUR,RAJASTHAN,9,128,6.87
4702,JAWALI,JAL,NSG6,AJMER,NWR,PALI,RAJASTHAN,9,128,6.87
4703,JETHI,JTY,NSG6,AJMER,NWR,BANAS KANTHA,GUJARAT,9,128,6.87
4704,JHARWASA,JWS,NSG6,AJMER,NWR,AJMER,RAJASTHAN,9,128,6.87
4705,KARJODA,KRJD,NSG6,AJMER,NWR,BANAS KANTHA,GUJARAT,9,128,6.87
4706,KESHAVGANJ,KVJ,NSG6,AJMER,NWR,SIROHI,RAJASTHAN,9,128,6.87
4707,KHAMBLI GHAT,KBK,NSG6,AJMER,NWR,RAJSAMAND,RAJASTHAN,9,128,6.87
4708,KHARWA,KRW,NSG6,AJMER,NWR,AJMER,RAJASTHAN,9,128,6.87
4709,KHARWA CHANDA,KRCD,NSG6,AJMER,NWR,UDAIPUR,RAJASTHAN,9,128,6.87
4710,KHEMLI,KLH,NSG6,AJMER,NWR,UDAIPUR,RAJASTHAN,9,128,6.87
4711,KHIMEL,KZQ,NSG6,AJMER,NWR,PALI,RAJASTHAN,9,128,6.87
4712,KIVARLI,KWI,NSG6,AJMER,NWR,SIROHI,RAJASTHAN,9,128,6.87
4713,KOTHAR.,KTR,NSG6,AJMER,NWR,PALI,RAJASTHAN,9,128,6.87
4714,LAMBIYA,LMA,NSG6,AJMER,NWR,BHILWARA,RAJASTHAN,9,128,6.87
4715,LQBAL GADH,IQG,NSG6,AJMER,NWR,BANAS KANTHA,GUJARAT,9,128,6.87
4716,LUSADIYA,LSD,NSG6,AJMER,NWR,SABAR KANTHA,GUJARAT,9,128,6.87
4717,MADAR JN,MDJN,NSG6,AJMER,NWR,AJMER,RAJASTHAN,9,128,6.87
4718,MAKRERA,MKRA,NSG6,AJMER,NWR,AJMER,RAJASTHAN,9,128,6.87
4719,MANDAL,MDL,NSG6,AJMER,NWR,BHILWARA,RAJASTHAN,9,128,6.87
4720,MANDPIYA,MDPA,NSG6,AJMER,NWR,BHILWARA,RAJASTHAN,9,128,6.87
4721,MANGALIYAWAS,MLI,NSG6,AJMER,NWR,AJMER,RAJASTHAN,9,128,6.87
4722,MAVAL,MAA,NSG6,AJMER,NWR,SIROHI,RAJASTHAN,9,128,6.87
4723,MOKHAMPURA,MAKH,NSG6,AJMER,NWR,AJMER,RAJASTHAN,9,128,6.87
4724,MORI BERA,MOI,NSG6,AJMER,NWR,PALI,RAJASTHAN,9,128,6.87
4725,MORTHALA,MXO,NSG6,AJMER,NWR,SIROHI,RAJASTHAN,9,128,6.87
4726,NANA,NANA,NSG6,AJMER,NWR,PALI,RAJASTHAN,9,128,6.87
4727,NATHDWARA,NDT,NSG6,AJMER,NWR,RAJSAMAND,RAJASTHAN,9,128,6.87
4728,PANDOLI,PMO,NSG6,AJMER,NWR,CHITTORGARH,RAJASTHAN,9,128,6.87
4729,PHULAD,FLD,NSG6,AJMER,NWR,PALI,RAJASTHAN,9,128,6.87
4730,PIPERAN,PIRN,NSG6,AJMER,NWR,UDAIPUR,RAJASTHAN,9,128,6.87
4731,PIPLAJ,PPF,NSG6,AJMER,NWR,AJMER,RAJASTHAN,9,128,6.87
4732,PUSHKAR TERMINUS,PUHT,NSG6,AJMER,NWR,AJMER,RAJASTHAN,9,128,6.87
4733,RAIGADH ROAD,RGQ,NSG6,AJMER,NWR,SABAR KANTHA,GUJARAT,9,128,6.87
4734,RAILA ROAD,RLR,NSG6,AJMER,NWR,BHILWARA,RAJASTHAN,9,128,6.87
4735,RAJOSI,ROS,NSG6,AJMER,NWR,AJMER,RAJASTHAN,9,128,6.87
4736,RIKHABDEV ROAD,RDD,NSG6,AJMER,NWR,UDAIPUR,RAJASTHAN,9,128,6.87
4737,RUPAHELI,RPI,NSG6,AJMER,NWR,BHILWARA,RAJASTHAN,9,128,6.87
4738,SARADHANA,SDH,NSG6,AJMER,NWR,AJMER,RAJASTHAN,9,128,6.87
4739,SARERI,SSR,NSG6,AJMER,NWR,BHILWARA,RAJASTHAN,9,128,6.87
4740,SAROTRA ROAD,SZA,NSG6,AJMER,NWR,BANAS KANTHA,GUJARAT,9,128,6.87
4741,SENDRA,SEU,NSG6,AJMER,NWR,PALI,RAJASTHAN,9,128,6.87
4742,SHRI AMIRGADH,SIM,NSG6,AJMER,NWR,BANAS KANTHA,GUJARAT,9,128,6.87
4743,SINGWAL,SGW,NSG6,AJMER,NWR,AJMER,RAJASTHAN,9,128,6.87
4744,SWARUPGANJ,SRPJ,NSG6,AJMER,NWR,SIROHI,RAJASTHAN,9,128,6.87
4745,UMRA,UMRA,NSG6,AJMER,NWR,UDAIPUR,RAJASTHAN,9,128,6.87
4746,ZAWAR,ZW,NSG6,AJMER,NWR,UDAIPUR,RAJASTHAN,9,128,6.87
4747,AMARPURA RATHAN,AMPR,HG3,BIKANER,NWR,HANUMANGARH,RAJASTHAN,3,191,6.87
4748,AURANG NAGAR,AUN,HG3,BIKANER,NWR,BHIWANI,HARYANA,3,191,6.87
4749,BAJEKHAN HALT,BJKN,HG3,BIKANER,NWR,SIRSA,HARYANA,3,191,6.87
4750,BAMANWALI,BMNL,HG3,BIKANER,NWR,BIKANER,RAJASTHAN,3,191,6.87
4751,BANGI NIHAL SINGH,BNLS,HG3,BIKANER,NWR,BATHINDA,PUNJAB,3,191,6.87
4752,BELASAR HALT,BLSR,HG3,BIKANER,NWR,BIKANER,RAJASTHAN,3,191,6.87
4753,BERORE HALT,BROR,HG3,BIKANER,NWR,GANGANAGAR,RAJASTHAN,3,191,6.87
4754,BEWAR BHOJAN,BWBN,HG3,BIKANER,NWR,CHURU,RAJASTHAN,3,191,6.87
4755,BHUKARKA,BKKA,HG3,BIKANER,NWR,HANUMANGARH,RAJASTHAN,3,191,6.87
4756,BIGGABAS RAMSARA,BGRM,HG3,BIKANER,NWR,BIKANER,RAJASTHAN,3,191,6.87
4757,BOJAWAS HALT,BJWS,HG3,BIKANER,NWR,MAHENDRAGARH,HARYANA,3,191,6.87
4758,BUDHSINGHWALA,BDSW,HG3,BIKANER,NWR,GANGANAGAR,RAJASTHAN,3,191,6.87
4759,BUGIA,BUGY,HG3,BIKANER,NWR,GANGANAGAR,RAJASTHAN,3,191,6.87
4760,BUGLANWALI,BUGL,HG3,BIKANER,NWR,HANUMANGARH,RAJASTHAN,3,191,6.87
4761,DALPAT SINGHPUR,DPT,HG3,BIKANER,NWR,GANGANAGAR,RAJASTHAN,3,191,6.87
4762,DHANA LADANPUR,DZL,HG3,BIKANER,NWR,BHIWANI,HARYANA,3,191,6.87
4763,FATEH SINGHWALA,FSW,HG3,BIKANER,NWR,GANGANAGAR,RAJASTHAN,3,191,6.87
4764,FATEHGARH HARYANA HA,FGH,HG3,BIKANER,NWR,BHIWANI,HARYANA,3,191,6.87
4765,GAHRI BHAGI,GHB,HG3,BIKANER,NWR,BATHINDA,PUNJAB,3,191,6.87
4766,GOLSAR,GOZ,HG3,BIKANER,NWR,CHURU,RAJASTHAN,3,191,6.87
4767,GUGALWA KIRTAN HALT,GLKN,HG3,BIKANER,NWR,CHURU,RAJASTHAN,3,191,6.87
4768,GURHA KEMLA HALT,GRKA,HG3,BIKANER,NWR,MAHENDRAGARH,HARYANA,3,191,6.87
4769,HANSIAWAS,HSWS,HG3,BIKANER,NWR,CHURU,RAJASTHAN,3,191,6.87
4770,HIRNAWALI,HLW,HG3,BIKANER,NWR,HANUMANGARH,RAJASTHAN,3,191,6.87
4771,JODHKA,JOK,HG3,BIKANER,NWR,SIRSA,HARYANA,3,191,6.87
4772,JORKIAN,JRKN,HG3,BIKANER,NWR,HANUMANGARH,RAJASTHAN,3,191,6.87
4773,KALANA,KALN,HG3,BIKANER,NWR,HANUMANGARH,RAJASTHAN,3,191,6.87
4774,KANDHARAN HALT,KDHN,HG3,BIKANER,NWR,CHURU,RAJASTHAN,3,191,6.87
4775,KESHAV NAGAR HA,KSVR,HG3,BIKANER,NWR,GANGANAGAR,RAJASTHAN,3,191,6.87
4776,KHABRA KALAN,KBKN,HG3,BIKANER,NWR,FATEHABAD,HARYANA,3,191,6.87
4777,KHARAK,KHRK,HG3,BIKANER,NWR,BHIWANI,HARYANA,3,191,6.87
4778,KHILERIYAN,KLYN,HG3,BIKANER,NWR,CHURU,RAJASTHAN,3,191,6.87
4779,KUSHALPURA HALT,KLSP,HG3,BIKANER,NWR,BHIWANI,HARYANA,3,191,6.87
4780,LASERI HALT,LSE,HG3,BIKANER,NWR,CHURU,RAJASTHAN,3,191,6.87
4781,MAHUWALA HALT,MHUL,HG3,BIKANER,NWR,FATEHABAD,HARYANA,3,191,6.87
4782,MANWALA KOT BAKHTU,MKBH,HG3,BIKANER,NWR,BATHINDA,PUNJAB,3,191,6.87
4783,MASANIWALA,MSWA,HG3,BIKANER,NWR,GANGANAGAR,RAJASTHAN,3,191,6.87
4784,MAYAR,MAYR,HG3,BIKANER,NWR,HISAR,HARYANA,3,191,6.87
4785,MELUSAR,MELH,HG3,BIKANER,NWR,CHURU,RAJASTHAN,3,191,6.87
4786,NALOI BARWA,BVZ,HG3,BIKANER,NWR,BHIWANI,HARYANA,3,191,6.87
4787,NANGAL DEGROTA,NDRT,HG3,BIKANER,NWR,MAHENDRAGARH,HARYANA,3,191,6.87
4788,NANGAL PATHANI,NLQ,HG3,BIKANER,NWR,REWARI,HARYANA,3,191,6.87
4789,NANWAN HALT,NWN,HG3,BIKANER,NWR,MAHENDRAGARH,HARYANA,3,191,6.87
4790,NAWAN,NAWN,HG3,BIKANER,NWR,HANUMANGARH,RAJASTHAN,3,191,6.87
4791,NOSARIA HALT,NOA,HG3,BIKANER,NWR,CHURU,RAJASTHAN,3,191,6.87
4792,NYOLIKALAN,NKN,HG3,BIKANER,NWR,HISAR,HARYANA,3,191,6.87
4793,PAHARSAR,PRSR,HG3,BIKANER,NWR,CHURU,RAJASTHAN,3,191,6.87
4794,PATHRALA,PTRL,HG3,BIKANER,NWR,BATHINDA,PUNJAB,3,191,6.87
4795,PATUWAS MEHRANA,PUW,HG3,BIKANER,NWR,BHIWANI,HARYANA,3,191,6.87
4796,PAYLI,PYI,HG3,BIKANER,NWR,CHURU,RAJASTHAN,3,191,6.87
4797,RAGHUNATHGARH,RGNH,HG3,BIKANER,NWR,GANGANAGAR,RAJASTHAN,3,191,6.87
4798,SAHUWALA,SHWL,HG3,BIKANER,NWR,GANGANAGAR,RAJASTHAN,3,191,6.87
4799,SALEMGARH MASANI HAL,SJSM,HG3,BIKANER,NWR,HANUMANGARH,RAJASTHAN,3,191,6.87
4800,SARDARGARH,SRZ,HG3,BIKANER,NWR,GANGANAGAR,RAJASTHAN,3,191,6.87
4801,SHRI MAKRI NATH NAGA,SMNN,HG3,BIKANER,NWR,CHURU,RAJASTHAN,3,191,6.87
4802,SHRI RAMGARH,SHRG,HG3,BIKANER,NWR,HANUMANGARH,RAJASTHAN,3,191,6.87
4803,SIRSALA HALT,SRSL,HG3,BIKANER,NWR,CHURU,RAJASTHAN,3,191,6.87
4804,SITALNAGAR,STNR,HG3,BIKANER,NWR,CHURU,RAJASTHAN,3,191,6.87
4805,SUI,SUI,HG3,BIKANER,NWR,BHIWANI,HARYANA,3,191,6.87
4806,SUKHCHAIN,SCV,HG3,BIKANER,NWR,SIRSA,HARYANA,3,191,6.87
4807,SURERA,SURR,HG3,BIKANER,NWR,SIRSA,HARYANA,3,191,6.87
4808,UDASAR,UDS,HG3,BIKANER,NWR,CHURU,RAJASTHAN,3,191,6.87
4809,ZORAWARPURA,ZPR,HG3,BIKANER,NWR,GANGANAGAR,RAJASTHAN,3,191,6.87
4810,BIKANER JN.,BKN,NSG3,BIKANER,NWR,BIKANER,RAJASTHAN,6,191,6.87
4811,HISAR JN.,HSR,NSG3,BIKANER,NWR,HISAR,HARYANA,6,191,6.87
4812,SHRI GANGANAGAR,SGNR,NSG3,BIKANER,NWR,GANGANAGAR,RAJASTHAN,6,191,6.87
4813,BHIWANI JN.,BNW,NSG4,BIKANER,NWR,BHIWANI,HARYANA,7,191,6.87
4814,HANUMANGARH JN.,HMH,NSG4,BIKANER,NWR,HANUMANGARH,RAJASTHAN,7,191,6.87
4815,LALGARH JN.,LGH,NSG4,BIKANER,NWR,BIKANER,RAJASTHAN,7,191,6.87
4816,SIRSA,SSA,NSG4,BIKANER,NWR,SIRSA,HARYANA,7,191,6.87
4817,SURATGARH JN.,SOG,NSG4,BIKANER,NWR,GANGANAGAR,RAJASTHAN,7,191,6.87
4818,ANUPGARH,APH,NSG5,BIKANER,NWR,GANGANAGAR,RAJASTHAN,8,191,6.87
4819,BHATTU,BHT,NSG5,BIKANER,NWR,FATEHABAD,HARYANA,8,191,6.87
4820,CHARKHI DADRI,CKD,NSG5,BIKANER,NWR,BHIWANI,HARYANA,8,191,6.87
4821,CHURU,CUR,NSG5,BIKANER,NWR,CHURU,RAJASTHAN,8,191,6.87
4822,GOGAMERI,GAMI,NSG5,BIKANER,NWR,HANUMANGARH,RAJASTHAN,8,191,6.87
4823,HANSI,HNS,NSG5,BIKANER,NWR,HISAR,HARYANA,8,191,6.87
4824,KALANWALI,KNL,NSG5,BIKANER,NWR,SIRSA,HARYANA,8,191,6.87
4825,KOSLI,KSI,NSG5,BIKANER,NWR,REWARI,HARYANA,8,191,6.87
4826,LOHARU JN.,LHU,NSG5,BIKANER,NWR,BHIWANI,HARYANA,8,191,6.87
4827,LUNKARANSAR,LKS,NSG5,BIKANER,NWR,BIKANER,RAJASTHAN,8,191,6.87
4828,MAHENDRAGARH,MHRG,NSG5,BIKANER,NWR,MAHENDRAGARH,HARYANA,8,191,6.87
4829,MANDI ADAMPUR,ADR,NSG5,BIKANER,NWR,HISAR,HARYANA,8,191,6.87
4830,MANDI DABWALI,MBY,NSG5,BIKANER,NWR,SIRSA,HARYANA,8,191,6.87
4831,PILI BANGAN,PGK,NSG5,BIKANER,NWR,HANUMANGARH,RAJASTHAN,8,191,6.87
4832,RAI SINGH NAGAR,RSNR,NSG5,BIKANER,NWR,GANGANAGAR,RAJASTHAN,8,191,6.87
4833,RAJALDESAR,RJR,NSG5,BIKANER,NWR,CHURU,RAJASTHAN,8,191,6.87
4834,RATANAGARH JN.,RTGH,NSG5,BIKANER,NWR,CHURU,RAJASTHAN,8,191,6.87
4835,SADULPUR JN.,SDLP,NSG5,BIKANER,NWR,CHURU,RAJASTHAN,8,191,6.87
4836,SADULSHAHAR,SDS,NSG5,BIKANER,NWR,GANGANAGAR,RAJASTHAN,8,191,6.87
4837,SANGARIYA,SGRA,NSG5,BIKANER,NWR,HANUMANGARH,RAJASTHAN,8,191,6.87
4838,SHRI KARANPUR,SRW,NSG5,BIKANER,NWR,GANGANAGAR,RAJASTHAN,8,191,6.87
4839,SRI DUNGARGARAH,SDGH,NSG5,BIKANER,NWR,BIKANER,RAJASTHAN,8,191,6.87
4840,SRI VIJAINAGAR,SBNR,NSG5,BIKANER,NWR,GANGANAGAR,RAJASTHAN,8,191,6.87
4841,ANUP SHAHR,AUS,NSG6,BIKANER,NWR,HANUMANGARH,RAJASTHAN,9,191,6.87
4842,ARJANSAR,AS,NSG6,BIKANER,NWR,BIKANER,RAJASTHAN,9,191,6.87
4843,ASLU,ASLU,NSG6,BIKANER,NWR,CHURU,RAJASTHAN,9,191,6.87
4844,BAGWALI,BWB,NSG6,BIKANER,NWR,BATHINDA,PUNJAB,9,191,6.87
4845,BAMLA,BMLL,NSG6,BIKANER,NWR,ROHTAK,HARYANA,9,191,6.87
4846,BANWALI,BWC,NSG6,BIKANER,NWR,GANGANAGAR,RAJASTHAN,9,191,6.87
4847,BAP,BAF,NSG6,BIKANER,NWR,JODHPUR,RAJASTHAN,9,191,6.87
4848,BARA GUDHA,BGD,NSG6,BIKANER,NWR,AMBALA,HARYANA,9,191,6.87
4849,BAWANI KHERA,BWK,NSG6,BIKANER,NWR,BHIWANI,HARYANA,9,191,6.87
4850,BENISAR,BS,NSG6,BIKANER,NWR,BIKANER,RAJASTHAN,9,191,6.87
4851,BHAGWANSAR,BNSR,NSG6,BIKANER,NWR,BIKANER,RAJASTHAN,9,191,6.87
4852,BHIWANI CITY,BNWC,NSG6,BIKANER,NWR,BHIWANI,HARYANA,9,191,6.87
4853,BIGGA,BIGA,NSG6,BIKANER,NWR,BIKANER,RAJASTHAN,9,191,6.87
4854,BIRADHWAL,BDWL,NSG6,BIKANER,NWR,GANGANAGAR,RAJASTHAN,9,191,6.87
4855,BIRANG KHERA,BMK,NSG6,BIKANER,NWR,SRI MUKTSAR SAHIB,PUNJAB,9,191,6.87
4856,CHARAUD,CRW,NSG6,BIKANER,NWR,HISAR,HARYANA,9,191,6.87
4857,DABLI RATHAN,DBI,NSG6,BIKANER,NWR,HANUMANGARH,RAJASTHAN,9,191,6.87
4858,DAHINA-ZAINABAD,DZB,NSG6,BIKANER,NWR,REWARI,HARYANA,9,191,6.87
4859,DEPALSAR,DEP,NSG6,BIKANER,NWR,CHURU,RAJASTHAN,9,191,6.87
4860,DHABAN,DABN,NSG6,BIKANER,NWR,HANUMANGARH,RAJASTHAN,9,191,6.87
4861,DHIRERA,DHRR,NSG6,BIKANER,NWR,BIKANER,RAJASTHAN,9,191,6.87
4862,DHOLIPAL,DPK,NSG6,BIKANER,NWR,HANUMANGARH,RAJASTHAN,9,191,6.87
4863,DING,DING,NSG6,BIKANER,NWR,SIRSA,HARYANA,9,191,6.87
4864,DIPLANA,DPLN,NSG6,BIKANER,NWR,HANUMANGARH,RAJASTHAN,9,191,6.87
4865,DIYATRA ROAD,DTRD,NSG6,BIKANER,NWR,BIKANER,RAJASTHAN,9,191,6.87
4866,DOKWA,DKWA,NSG6,BIKANER,NWR,CHURU,RAJASTHAN,9,191,6.87
4867,DUDHWAKHARA,DKX,NSG6,BIKANER,NWR,CHURU,RAJASTHAN,9,191,6.87
4868,DULMERA,DLC,NSG6,BIKANER,NWR,BIKANER,RAJASTHAN,9,191,6.87
4869,DULRASAR,DUS,NSG6,BIKANER,NWR,CHURU,RAJASTHAN,9,191,6.87
4870,ELLENABAD,ENB,NSG6,BIKANER,NWR,SIRSA,HARYANA,9,191,6.87
4871,GADHWALA,GDW,NSG6,BIKANER,NWR,BIKANER,RAJASTHAN,9,191,6.87
4872,GAJNER,GJN,NSG6,BIKANER,NWR,BIKANER,RAJASTHAN,9,191,6.87
4873,GAJSINGHPUR,GJS,NSG6,BIKANER,NWR,GANGANAGAR,RAJASTHAN,9,191,6.87
4874,GURUSAR SEHNEWALA,GSW,NSG6,BIKANER,NWR,BATHINDA,PUNJAB,9,191,6.87
4875,HADYAL,HYL,NSG6,BIKANER,NWR,CHURU,RAJASTHAN,9,191,6.87
4876,HANUMANGARH TOWN,HMO,NSG6,BIKANER,NWR,HANUMANGARH,RAJASTHAN,9,191,6.87
4877,HARPALU,HR,NSG6,BIKANER,NWR,CHURU,RAJASTHAN,9,191,6.87
4878,JAGDEVWALA,JDL,NSG6,BIKANER,NWR,BIKANER,RAJASTHAN,9,191,6.87
4879,JAITSAR,JES,NSG6,BIKANER,NWR,GANGANAGAR,RAJASTHAN,9,191,6.87
4880,JAKHOD KHERA,JKHI,NSG6,BIKANER,NWR,HISAR,HARYANA,9,191,6.87
4881,JAMSAR,JMS,NSG6,BIKANER,NWR,BIKANER,RAJASTHAN,9,191,6.87
4882,JATUSANA,JTS,NSG6,BIKANER,NWR,REWARI,HARYANA,9,191,6.87
4883,JHARLI,JRL,NSG6,BIKANER,NWR,JHAJJAR,HARYANA,9,191,6.87
4884,JHUNPA,JUP,NSG6,BIKANER,NWR,CHURU,RAJASTHAN,9,191,6.87
4885,JITA KHERI,JKZ,NSG6,BIKANER,NWR,BHIWANI,HARYANA,9,191,6.87
4886,JUHARPURA,JOH,NSG6,BIKANER,NWR,CHURU,RAJASTHAN,9,191,6.87
4887,KALANAUR KALAN,KLNK,NSG6,BIKANER,NWR,ROHTAK,HARYANA,9,191,6.87
4888,KALYANKOT HALT,KYNT,NSG6,BIKANER,NWR,GANGANAGAR,RAJASTHAN,9,191,6.87
4889,KANASAR,KNSR,NSG6,BIKANER,NWR,BIKANER,RAJASTHAN,9,191,6.87
4890,KANINA KHAS,KNNK,NSG6,BIKANER,NWR,MAHENDRAGARH,HARYANA,9,191,6.87
4891,KESRI SINGHPUR,KESR,NSG6,BIKANER,NWR,GANGANAGAR,RAJASTHAN,9,191,6.87
4892,KHINANIYAN,KNNA,NSG6,BIKANER,NWR,HANUMANGARH,RAJASTHAN,9,191,6.87
4893,KISHANGARH BALAWAS,KGBS,NSG6,BIKANER,NWR,REWARI,HARYANA,9,191,6.87
4894,KOLAYAT,KLYT,NSG6,BIKANER,NWR,BIKANER,RAJASTHAN,9,191,6.87
4895,LAHLI,LHLL,NSG6,BIKANER,NWR,ROHTAK,HARYANA,9,191,6.87
4896,MAHAJAN,MHJ,NSG6,BIKANER,NWR,BIKANER,RAJASTHAN,9,191,6.87
4897,MALAR,MAAR,NSG6,BIKANER,NWR,JODHPUR,RAJASTHAN,9,191,6.87
4898,MALKISAR,MLC,NSG6,BIKANER,NWR,BIKANER,RAJASTHAN,9,191,6.87
4899,MANAKSAR,MNSR,NSG6,BIKANER,NWR,HANUMANGARH,RAJASTHAN,9,191,6.87
4900,MANHERU,MHU,NSG6,BIKANER,NWR,BHIWANI,HARYANA,9,191,6.87
4901,MOHAN NAGAR,MNGR,NSG6,BIKANER,NWR,GANGANAGAR,RAJASTHAN,9,191,6.87
4902,MOLISAR,MIO,NSG6,BIKANER,NWR,CHURU,RAJASTHAN,9,191,6.87
4903,NAL HALT,NAL,NSG6,BIKANER,NWR,BIKANER,RAJASTHAN,9,191,6.87
4904,NANGAL MUNDI,NNU,NSG6,BIKANER,NWR,REWARI,HARYANA,9,191,6.87
4905,NAPASAR,NPS,NSG6,BIKANER,NWR,BIKANER,RAJASTHAN,9,191,6.87
4906,NARWASI,NRWI,NSG6,BIKANER,NWR,CHURU,RAJASTHAN,9,191,6.87
4907,NATHWANA,NTZ,NSG6,BIKANER,NWR,BIKANER,RAJASTHAN,9,191,6.87
4908,NOHAR,NHR,NSG6,BIKANER,NWR,HANUMANGARH,RAJASTHAN,9,191,6.87
4909,NOKHRA,NKRA,NSG6,BIKANER,NWR,BIKANER,RAJASTHAN,9,191,6.87
4910,PARSNEU,PSV,NSG6,BIKANER,NWR,CHURU,RAJASTHAN,9,191,6.87
4911,PARVEZPUR,PVZ,NSG6,BIKANER,NWR,BHIWANI,HARYANA,9,191,6.87
4912,PRITHWIRAJPUR,PRUR,NSG6,BIKANER,NWR,GANGANAGAR,RAJASTHAN,9,191,6.87
4913,RAJIYASAR,RJS,NSG6,BIKANER,NWR,GANGANAGAR,RAJASTHAN,9,191,6.87
4914,RAMAN,RMN,NSG6,BIKANER,NWR,BATHINDA,PUNJAB,9,191,6.87
4915,RAMPURA BERI,RMB,NSG6,BIKANER,NWR,CHURU,RAJASTHAN,9,191,6.87
4916,RAMSINGHPUR,RMSR,NSG6,BIKANER,NWR,GANGANAGAR,RAJASTHAN,9,191,6.87
4917,RANGMAHAL,RMH,NSG6,BIKANER,NWR,HANUMANGARH,RAJASTHAN,9,191,6.87
4918,RATANGARH KANAKWAL,RKK,NSG6,BIKANER,NWR,CHURU,RAJASTHAN,9,191,6.87
4919,SANGAT,SGF,NSG6,BIKANER,NWR,BATHINDA,PUNJAB,9,191,6.87
4920,SARDARSAHAR,SRDR,NSG6,BIKANER,NWR,CHURU,RAJASTHAN,9,191,6.87
4921,SARUPSAR JN.,SRPR,NSG6,BIKANER,NWR,GANGANAGAR,RAJASTHAN,9,191,6.87
4922,SATNALI,STNL,NSG6,BIKANER,NWR,MAHENDRAGARH,HARYANA,9,191,6.87
4923,SATROD,STD,NSG6,BIKANER,NWR,HISAR,HARYANA,9,191,6.87
4924,SHEREKAN,SRKN,NSG6,BIKANER,NWR,HANUMANGARH,RAJASTHAN,9,191,6.87
4925,SHERGARH,SGA,NSG6,BIKANER,NWR,BATHINDA,PUNJAB,9,191,6.87
4926,SIDMUKH,SDMK,NSG6,BIKANER,NWR,CHURU,RAJASTHAN,9,191,6.87
4927,SIRD,SIRD,NSG6,BIKANER,NWR,JODHPUR,RAJASTHAN,9,191,6.87
4928,SIWANI,SWNI,NSG6,BIKANER,NWR,BHIWANI,HARYANA,9,191,6.87
4929,SOHANSRA,SAWN,NSG6,BIKANER,NWR,MAHENDRAGARH,HARYANA,9,191,6.87
4930,SUCHAN KOTLI,SHN,NSG6,BIKANER,NWR,SIRSA,HARYANA,9,191,6.87
4931,SUDHRANA,SDRA,NSG6,BIKANER,NWR,REWARI,HARYANA,9,191,6.87
4932,SUDSAR,SDF,NSG6,BIKANER,NWR,BIKANER,RAJASTHAN,9,191,6.87
4933,SURATPURA JN.,SURP,NSG6,BIKANER,NWR,CHURU,RAJASTHAN,9,191,6.87
4934,TAHSIL BHADRA,TSD,NSG6,BIKANER,NWR,HANUMANGARH,RAJASTHAN,9,191,6.87
4935,TALWARA JHIL,TLI,NSG6,BIKANER,NWR,HANUMANGARH,RAJASTHAN,9,191,6.87
4936,TIBI,TIBI,NSG6,BIKANER,NWR,HANUMANGARH,RAJASTHAN,9,191,6.87
4937,ZERPUR PALI,ZP,NSG6,BIKANER,NWR,MAHENDRAGARH,HARYANA,9,191,6.87
4938,KHANPUR AHIR,KNAR,HG2,JAIPUR,NWR,ALWAR,RAJASTHAN,2,117,6.87
4939,KOLVAGRAM,KVGM,HG2,JAIPUR,NWR,DAUSA,RAJASTHAN,2,117,6.87
4940,SURELI,SURL,HG2,JAIPUR,NWR,TONK,RAJASTHAN,2,117,6.87
4941,BALWANTPURA CHELASI,BWPL,HG3,JAIPUR,NWR,JHUNJHUNU,RAJASTHAN,3,117,6.87
4942,BANSKHO,BSKO,HG3,JAIPUR,NWR,JAIPUR,RAJASTHAN,3,117,6.87
4943,BHATON-KI-GALI,BHG,HG3,JAIPUR,NWR,JAIPUR,RAJASTHAN,3,117,6.87
4944,BHAVDHARI,BOTR,HG3,JAIPUR,NWR,JHUNJHUNU,RAJASTHAN,3,117,6.87
4945,BINDAYAKA,BDYK,HG3,JAIPUR,NWR,JAIPUR,RAJASTHAN,3,117,6.87
4946,CHHOTA GUDHA,COD,HG3,JAIPUR,NWR,JAIPUR,RAJASTHAN,3,117,6.87
4947,DANTRA,DTRA,HG3,JAIPUR,NWR,JAIPUR,RAJASTHAN,3,117,6.87
4948,DHINDA,DHND,HG3,JAIPUR,NWR,JAIPUR,RAJASTHAN,3,117,6.87
4949,GHATALA,GAL,HG3,JAIPUR,NWR,ALWAR,RAJASTHAN,3,117,6.87
4950,GOLANA HALT,GLNA,HG3,JAIPUR,NWR,DAUSA,RAJASTHAN,3,117,6.87
4951,JERTHI DADHIA,JDD,HG3,JAIPUR,NWR,SIKAR,RAJASTHAN,3,117,6.87
4952,KAYAMSAR,QMRS,HG3,JAIPUR,NWR,SIKAR,RAJASTHAN,3,117,6.87
4953,LOHARWARA,LHW,HG3,JAIPUR,NWR,JAIPUR,RAJASTHAN,3,117,6.87
4954,MAHANSAR,MWR,HG3,JAIPUR,NWR,JHUNJHUNU,RAJASTHAN,3,117,6.87
4955,MAJRI NANGAL,MJNL,HG3,JAIPUR,NWR,REWARI,HARYANA,3,117,6.87
4956,MINDHA,MNHA,HG3,JAIPUR,NWR,JAIPUR,RAJASTHAN,3,117,6.87
4957,NARI-KHETRI,NRKE,HG3,JAIPUR,NWR,JHUNJHUNU,RAJASTHAN,3,117,6.87
4958,RANOLISHISHU,RNIS,HG3,JAIPUR,NWR,SIKAR,RAJASTHAN,3,117,6.87
4959,RASHIDPURA-KHORI,RDK,HG3,JAIPUR,NWR,SIKAR,RAJASTHAN,3,117,6.87
4960,SAHELI,SALI,HG3,JAIPUR,NWR,JAIPUR,RAJASTHAN,3,117,6.87
4961,SANODIYA,SFE,HG3,JAIPUR,NWR,JAIPUR,RAJASTHAN,3,117,6.87
4962,SHEOSINGHPURA,SHNX,HG3,JAIPUR,NWR,JAIPUR,RAJASTHAN,3,117,6.87
4963,SONTHALIYA,SNTH,HG3,JAIPUR,NWR,SIKAR,RAJASTHAN,3,117,6.87
4964,SURER,SRRG,HG3,JAIPUR,NWR,ALWAR,RAJASTHAN,3,117,6.87
4965,TILONIYA,TL,HG3,JAIPUR,NWR,AJMER,RAJASTHAN,3,117,6.87
4966,JAIPUR JN.,JP,NSG2,JAIPUR,NWR,JAIPUR,RAJASTHAN,5,117,6.87
4967,ALWAR JN.,AWR,NSG3,JAIPUR,NWR,ALWAR,RAJASTHAN,6,117,6.87
4968,BANDIKUI JN.,BKI,NSG3,JAIPUR,NWR,DAUSA,RAJASTHAN,6,117,6.87
4969,GANDHINAGAR JAIPUR,GADJ,NSG3,JAIPUR,NWR,JAIPUR,RAJASTHAN,6,117,6.87
4970,KISHANGARH,KSG,NSG3,JAIPUR,NWR,AJMER,RAJASTHAN,6,117,6.87
4971,PHULERA JN.,FL,NSG3,JAIPUR,NWR,JAIPUR,RAJASTHAN,6,117,6.87
4972,REWARI JN.,RE,NSG3,JAIPUR,NWR,REWARI,HARYANA,6,117,6.87
4973,DAUSA,DO,NSG4,JAIPUR,NWR,DAUSA,RAJASTHAN,7,117,6.87
4974,DURGAPURA,DPA,NSG4,JAIPUR,NWR,JAIPUR,RAJASTHAN,7,117,6.87
4975,SIKAR JN.,SIKR,NSG4,JAIPUR,NWR,SIKAR,RAJASTHAN,7,117,6.87
4976,ASAIPUR JOBNER,JOB,NSG5,JAIPUR,NWR,JAIPUR,RAJASTHAN,8,117,6.87
4977,BANASTHALI NIWAI,BNLW,NSG5,JAIPUR,NWR,TONK,RAJASTHAN,8,117,6.87
4978,CHOUTH-KA-BARWARA,CKB,NSG5,JAIPUR,NWR,SAWAI MADHOPUR,RAJASTHAN,8,117,6.87
4979,GETOR JAGATPURA,GTJT,NSG5,JAIPUR,NWR,JAIPUR,RAJASTHAN,8,117,6.87
4980,KHAIRTHAL,KRH,NSG5,JAIPUR,NWR,ALWAR,RAJASTHAN,8,117,6.87
4981,NARNAUL,NNL,NSG5,JAIPUR,NWR,MAHENDRAGARH,HARYANA,8,117,6.87
4982,NIM-KA-THANA,NMK,NSG5,JAIPUR,NWR,JAIPUR,RAJASTHAN,8,117,6.87
4983,RAJGARH,RHG,NSG5,JAIPUR,NWR,ALWAR,RAJASTHAN,8,117,6.87
4984,RINGUS JN.,RGS,NSG5,JAIPUR,NWR,SIKAR,RAJASTHAN,8,117,6.87
4985,SANGANER.,SNGN,NSG5,JAIPUR,NWR,JAIPUR,RAJASTHAN,8,117,6.87
4986,SHRI MADHOPUR,SMPR,NSG5,JAIPUR,NWR,SIKAR,RAJASTHAN,8,117,6.87
4987,AJARKA,AIA,NSG6,JAIPUR,NWR,ALWAR,RAJASTHAN,9,117,6.87
4988,AMARPUR-JORASI,APJ,NSG6,JAIPUR,NWR,MAHENDRAGARH,HARYANA,9,117,6.87
4989,ARNIYA,ARNA,NSG6,JAIPUR,NWR,DAUSA,RAJASTHAN,9,117,6.87
4990,ATELI,AEL,NSG6,JAIPUR,NWR,MAHENDRAGARH,HARYANA,9,117,6.87
4991,BADHAL,BDHL,NSG6,JAIPUR,NWR,JAIPUR,RAJASTHAN,9,117,6.87
4992,BAORI THIKRIA,BOTI,NSG6,JAIPUR,NWR,SIKAR,RAJASTHAN,9,117,6.87
4993,BASSI,BAI,NSG6,JAIPUR,NWR,JAIPUR,RAJASTHAN,9,117,6.87
4994,BASWA,BU,NSG6,JAIPUR,NWR,DAUSA,RAJASTHAN,9,117,6.87
4995,BAWAL,BWL,NSG6,JAIPUR,NWR,REWARI,HARYANA,9,117,6.87
4996,BHAGEGA,BAGA,NSG6,JAIPUR,NWR,SIKAR,RAJASTHAN,9,117,6.87
4997,BHAN KARI,BAK,NSG6,JAIPUR,NWR,DAUSA,RAJASTHAN,9,117,6.87
4998,BHESLANA,BILA,NSG6,JAIPUR,NWR,JAIPUR,RAJASTHAN,9,117,6.87
4999,BISSAU,BUB,NSG6,JAIPUR,NWR,JHUNJHUNU,RAJASTHAN,9,117,6.87
5000,BOBAS,BOBS,NSG6,JAIPUR,NWR,JAIPUR,RAJASTHAN,9,117,6.87
5001,CHAKSU,CKS,NSG6,JAIPUR,NWR,JAIPUR,RAJASTHAN,9,117,6.87
5002,CHANNANI,CHNN,NSG6,JAIPUR,NWR,TONK,RAJASTHAN,9,117,6.87
5003,CHIRAWA,CRWA,NSG6,JAIPUR,NWR,JHUNJHUNU,RAJASTHAN,9,117,6.87
5004,CHOMUN SAMOD,COM,NSG6,JAIPUR,NWR,JAIPUR,RAJASTHAN,9,117,6.87
5005,DABLA,DBLA,NSG6,JAIPUR,NWR,SIKAR,RAJASTHAN,9,117,6.87
5006,DAHAR-KA-BALAJI,DKBJ,NSG6,JAIPUR,NWR,JAIPUR,RAJASTHAN,9,117,6.87
5007,DEVPURA,DPZ,NSG6,JAIPUR,NWR,SAWAI MADHOPUR,RAJASTHAN,9,117,6.87
5008,DHANAKYA,DNK,NSG6,JAIPUR,NWR,JAIPUR,RAJASTHAN,9,117,6.87
5009,DHIGAWARA,DGW,NSG6,JAIPUR,NWR,ALWAR,RAJASTHAN,9,117,6.87
5010,DUNDLOD MUKANDGARH,DOB,NSG6,JAIPUR,NWR,JHUNJHUNU,RAJASTHAN,9,117,6.87
5011,FATEHPUR-SHEKHAWATI,FPS,NSG6,JAIPUR,NWR,SIKAR,RAJASTHAN,9,117,6.87
5012,GAHLOTA,GLTA,NSG6,JAIPUR,NWR,AJMER,RAJASTHAN,9,117,6.87
5013,GEGAL AKHRI,GEK,NSG6,JAIPUR,NWR,AJMER,RAJASTHAN,9,117,6.87
5014,GORIYAN,GIO,NSG6,JAIPUR,NWR,SIKAR,RAJASTHAN,9,117,6.87
5015,GOVINDGARH MALIKPUR,GND,NSG6,JAIPUR,NWR,JAIPUR,RAJASTHAN,9,117,6.87
5016,HARSAULI,HSI,NSG6,JAIPUR,NWR,ALWAR,RAJASTHAN,9,117,6.87
5017,HIRNODA,HDA,NSG6,JAIPUR,NWR,JAIPUR,RAJASTHAN,9,117,6.87
5018,ISARDA,ISA,NSG6,JAIPUR,NWR,SAWAI MADHOPUR,RAJASTHAN,9,117,6.87
5019,JATWARA,JW,NSG6,JAIPUR,NWR,JAIPUR,RAJASTHAN,9,117,6.87
5020,JHILO,JLLO,NSG6,JAIPUR,NWR,SIKAR,RAJASTHAN,9,117,6.87
5021,JHIR,JHIR,NSG6,JAIPUR,NWR,JAIPUR,RAJASTHAN,9,117,6.87
5022,JHUNJUNU,JJN,NSG6,JAIPUR,NWR,JHUNJHUNU,RAJASTHAN,9,117,6.87
5023,KACHERA,KHRA,NSG6,JAIPUR,NWR,SIKAR,RAJASTHAN,9,117,6.87
5024,KANAKPURA,KKU,NSG6,JAIPUR,NWR,JAIPUR,RAJASTHAN,9,117,6.87
5025,KANAUTA,KUT,NSG6,JAIPUR,NWR,JAIPUR,RAJASTHAN,9,117,6.87
5026,KANWAT,KAWT,NSG6,JAIPUR,NWR,SIKAR,RAJASTHAN,9,117,6.87
5027,KATHUWAS,KTWS,NSG6,JAIPUR,NWR,ALWAR,RAJASTHAN,9,117,6.87
5028,KHANDEL,KNDL,NSG6,JAIPUR,NWR,JAIPUR,RAJASTHAN,9,117,6.87
5029,KHATIPURA,KWP,NSG6,JAIPUR,NWR,JAIPUR,RAJASTHAN,9,117,6.87
5030,KHORI,KORI,NSG6,JAIPUR,NWR,REWARI,HARYANA,9,117,6.87
5031,KISHAN-MANPURA,KMNP,NSG6,JAIPUR,NWR,JAIPUR,RAJASTHAN,9,117,6.87
5032,KUND,KUND,NSG6,JAIPUR,NWR,REWARI,HARYANA,9,117,6.87
5033,LACHHMANGARH-SIKAR,LNH,NSG6,JAIPUR,NWR,SIKAR,RAJASTHAN,9,117,6.87
5034,LADPURA,LR,NSG6,JAIPUR,NWR,AJMER,RAJASTHAN,9,117,6.87
5035,MAHWA,MWW,NSG6,JAIPUR,NWR,ALWAR,RAJASTHAN,9,117,6.87
5036,MALAKHERA,MKH,NSG6,JAIPUR,NWR,ALWAR,RAJASTHAN,9,117,6.87
5037,MAONDA,MADA,NSG6,JAIPUR,NWR,SIKAR,RAJASTHAN,9,117,6.87
5038,MIRZAPUR BACHHAU,MBV,NSG6,JAIPUR,NWR,MAHENDRAGARH,HARYANA,9,117,6.87
5039,NARAINA,NRI,NSG6,JAIPUR,NWR,JAIPUR,RAJASTHAN,9,117,6.87
5040,NAWALGARH,NWH,NSG6,JAIPUR,NWR,JHUNJHUNU,RAJASTHAN,9,117,6.87
5041,NINDHAR BENAR,NDH,NSG6,JAIPUR,NWR,JAIPUR,RAJASTHAN,9,117,6.87
5042,NIZAMPUR,NIP,NSG6,JAIPUR,NWR,MAHENDRAGARH,HARYANA,9,117,6.87
5043,NUA,NUA,NSG6,JAIPUR,NWR,JHUNJHUNU,RAJASTHAN,9,117,6.87
5044,PACHAR MALIKPURA,PCMK,NSG6,JAIPUR,NWR,JAIPUR,RAJASTHAN,9,117,6.87
5045,PALSANA,PLSN,NSG6,JAIPUR,NWR,SIKAR,RAJASTHAN,9,117,6.87
5046,PARISAL,PSL,NSG6,JAIPUR,NWR,ALWAR,RAJASTHAN,9,117,6.87
5047,PEEPLEE-KA-BAS,PKBS,NSG6,JAIPUR,NWR,JAIPUR,RAJASTHAN,9,117,6.87
5048,RAMGARH SHEKHAWATI,RSWT,NSG6,JAIPUR,NWR,SIKAR,RAJASTHAN,9,117,6.87
5049,RATAN SAHAR,RSH,NSG6,JAIPUR,NWR,JHUNJHUNU,RAJASTHAN,9,117,6.87
5050,RENWAL,RNW,NSG6,JAIPUR,NWR,JAIPUR,RAJASTHAN,9,117,6.87
5051,SAKHUN,SK,NSG6,JAIPUR,NWR,JAIPUR,RAJASTHAN,9,117,6.87
5052,SHEODASPURA-PADAMPUR,SAS,NSG6,JAIPUR,NWR,JAIPUR,RAJASTHAN,9,117,6.87
5053,SIRAS,SRAS,NSG6,JAIPUR,NWR,TONK,RAJASTHAN,9,117,6.87
5054,SURAJGARH,SRGH,NSG6,JAIPUR,NWR,JHUNJHUNU,RAJASTHAN,9,117,6.87
5055,GAGARIYA,GGY,HG2,JODHPUR,NWR,BARMER,RAJASTHAN,2,144,6.87
5056,PIPAR CITY,PCY,HG2,JODHPUR,NWR,JODHPUR,RAJASTHAN,2,144,6.87
5057,RAMSAR,RMX,HG2,JODHPUR,NWR,BARMER,RAJASTHAN,2,144,6.87
5058,BHAWI,BCW,HG3,JODHPUR,NWR,JODHPUR,RAJASTHAN,3,144,6.87
5059,BIDIYAD,BIDD,HG3,JODHPUR,NWR,NAGAUR,RAJASTHAN,3,144,6.87
5060,BILARA,BARA,HG3,JODHPUR,NWR,JODHPUR,RAJASTHAN,3,144,6.87
5061,DESWAL HALT,DSL,HG3,JODHPUR,NWR,NAGAUR,RAJASTHAN,3,144,6.87
5062,DUGDOL HALT,DGQ,HG3,JODHPUR,NWR,BANAS KANTHA,GUJARAT,3,144,6.87
5063,JAISINDER HALT,JSD,HG3,JODHPUR,NWR,BARMER,RAJASTHAN,3,144,6.87
5064,JALSU NANAK HALT,JACN,HG3,JODHPUR,NWR,NAGAUR,RAJASTHAN,3,144,6.87
5065,JASWANTGARH,JSH,HG3,JODHPUR,NWR,NAGAUR,RAJASTHAN,3,144,6.87
5066,KHED TEMPLE HALT,KHTX,HG3,JODHPUR,NWR,BARMER,RAJASTHAN,3,144,6.87
5067,LILMA,LIL,HG3,JODHPUR,NWR,BARMER,RAJASTHAN,3,144,6.87
5068,LOHA HALT,LOHA,HG3,JODHPUR,NWR,CHURU,RAJASTHAN,3,144,6.87
5069,MARWAR- BALIA,MBSK,HG3,JODHPUR,NWR,NAGAUR,RAJASTHAN,3,144,6.87
5070,MIYON KA BARA HALT,MNKB,HG3,JODHPUR,NWR,BARMER,RAJASTHAN,3,144,6.87
5071,PIRWA,PW,HG3,JODHPUR,NWR,NAGAUR,RAJASTHAN,3,144,6.87
5072,SANVRAD,SVO,HG3,JODHPUR,NWR,NAGAUR,RAJASTHAN,3,144,6.87
5073,SILARI,SILR,HG3,JODHPUR,NWR,JODHPUR,RAJASTHAN,3,144,6.87
5074,THATHANA MITHRI HALT,THMR,HG3,JODHPUR,NWR,NAGAUR,RAJASTHAN,3,144,6.87
5075,JODHPUR JN.,JU,NSG2,JODHPUR,NWR,JODHPUR,RAJASTHAN,5,144,6.87
5076,BHAGAT-KI-KOTHI,BGKT,NSG3,JODHPUR,NWR,JODHPUR,RAJASTHAN,6,144,6.87
5077,JAISALMER,JSM,NSG3,JODHPUR,NWR,JAISALMER,RAJASTHAN,6,144,6.87
5078,PALI MARWAR,PMY,NSG3,JODHPUR,NWR,PALI,RAJASTHAN,6,144,6.87
5079,BARMER,BME,NSG4,JODHPUR,NWR,BARMER,RAJASTHAN,7,144,6.87
5080,MERTA ROAD JN.,MTD,NSG4,JODHPUR,NWR,NAGAUR,RAJASTHAN,7,144,6.87
5081,NAGAUR,NGO,NSG4,JODHPUR,NWR,NAGAUR,RAJASTHAN,7,144,6.87
5082,NOKHA,NOK,NSG4,JODHPUR,NWR,BIKANER,RAJASTHAN,7,144,6.87
5083,BALOTRA JN.,BLT,NSG5,JODHPUR,NWR,BARMER,RAJASTHAN,8,144,6.87
5084,BASNI,BANE,NSG5,JODHPUR,NWR,JODHPUR,RAJASTHAN,8,144,6.87
5085,BAYTU,BUT,NSG5,JODHPUR,NWR,BARMER,RAJASTHAN,8,144,6.87
5086,DEGANA JN.,DNA,NSG5,JODHPUR,NWR,NAGAUR,RAJASTHAN,8,144,6.87
5087,DESHNOKE,DSO,NSG5,JODHPUR,NWR,BIKANER,RAJASTHAN,8,144,6.87
5088,DIDWANA,DIA,NSG5,JODHPUR,NWR,NAGAUR,RAJASTHAN,8,144,6.87
5089,GOTAN,GOTN,NSG5,JODHPUR,NWR,NAGAUR,RAJASTHAN,8,144,6.87
5090,JALOR,JOR,NSG5,JODHPUR,NWR,JALORE,RAJASTHAN,8,144,6.87
5091,KUCHAMAN CITY,KMNC,NSG5,JODHPUR,NWR,NAGAUR,RAJASTHAN,8,144,6.87
5092,LADNUN,LAU,NSG5,JODHPUR,NWR,NAGAUR,RAJASTHAN,8,144,6.87
5093,LUNI JN.,LUNI,NSG5,JODHPUR,NWR,JODHPUR,RAJASTHAN,8,144,6.87
5094,MAKRANA JN.,MKN,NSG5,JODHPUR,NWR,NAGAUR,RAJASTHAN,8,144,6.87
5095,MARWAR BHINMAL,MBNL,NSG5,JODHPUR,NWR,JALORE,RAJASTHAN,8,144,6.87
5096,NAWA CITY,NAC,NSG5,JODHPUR,NWR,NAGAUR,RAJASTHAN,8,144,6.87
5097,PHALODI JN.,PLCJ,NSG5,JODHPUR,NWR,JODHPUR,RAJASTHAN,8,144,6.87
5098,POKARAN,POK,NSG5,JODHPUR,NWR,JAISALMER,RAJASTHAN,8,144,6.87
5099,RAI KA BAGH PALACE,RKB,NSG5,JODHPUR,NWR,JODHPUR,RAJASTHAN,8,144,6.87
5100,RAMDEVRA,RDRA,NSG5,JODHPUR,NWR,JAISALMER,RAJASTHAN,8,144,6.87
5101,REN,REN,NSG5,JODHPUR,NWR,NAGAUR,RAJASTHAN,8,144,6.87
5102,SAMDARI,SMR,NSG5,JODHPUR,NWR,BARMER,RAJASTHAN,8,144,6.87
5103,SHRIBHADRIYA LATHI,SBLT,NSG5,JODHPUR,NWR,JAISALMER,RAJASTHAN,8,144,6.87
5104,SUJANGARH,SUJH,NSG5,JODHPUR,NWR,CHURU,RAJASTHAN,8,144,6.87
5105,AJIT,AJIT,NSG6,JODHPUR,NWR,BARMER,RAJASTHAN,9,144,6.87
5106,ALAI,ALAI,NSG6,JODHPUR,NWR,NAGAUR,RAJASTHAN,9,144,6.87
5107,ASARANADA,AAS,NSG6,JODHPUR,NWR,JODHPUR,RAJASTHAN,9,144,6.87
5108,ASHAPURA GOMAT,AQG,NSG6,JODHPUR,NWR,JAISALMER,RAJASTHAN,9,144,6.87
5109,BADWASI,BWS,NSG6,JODHPUR,NWR,NAGAUR,RAJASTHAN,9,144,6.87
5110,BAKRA ROAD,BK,NSG6,JODHPUR,NWR,JALORE,RAJASTHAN,9,144,6.87
5111,BALSAMAND,BLSD,NSG6,JODHPUR,NWR,NAGAUR,RAJASTHAN,9,144,6.87
5112,BALWARA,BAWA,NSG6,JODHPUR,NWR,JALORE,RAJASTHAN,9,144,6.87
5113,BAMSIN,BMSN,NSG6,JODHPUR,NWR,BARMER,RAJASTHAN,9,144,6.87
5114,BANAR,BNO,NSG6,JODHPUR,NWR,JODHPUR,RAJASTHAN,9,144,6.87
5115,BANIYA SANDA DHORA,BSDA,NSG6,JODHPUR,NWR,BARMER,RAJASTHAN,9,144,6.87
5116,BESROLI,BSRL,NSG6,JODHPUR,NWR,NAGAUR,RAJASTHAN,9,144,6.87
5117,BHACHHBAR,BBC,NSG6,JODHPUR,NWR,BARMER,RAJASTHAN,9,144,6.87
5118,BHEEMPURA,BIPR,NSG6,JODHPUR,NWR,JALORE,RAJASTHAN,9,144,6.87
5119,BHIKAMKOR,BKC,NSG6,JODHPUR,NWR,JODHPUR,RAJASTHAN,9,144,6.87
5120,BHIMARLAI,BMQ,NSG6,JODHPUR,NWR,BARMER,RAJASTHAN,9,144,6.87
5121,BISHENGARH,BISH,NSG6,JODHPUR,NWR,JALORE,RAJASTHAN,9,144,6.87
5122,BOMADRA,BOM,NSG6,JODHPUR,NWR,PALI,RAJASTHAN,9,144,6.87
5123,BORAWAR,BOW,NSG6,JODHPUR,NWR,NAGAUR,RAJASTHAN,9,144,6.87
5124,CHHOTI KHATU,CTKT,NSG6,JODHPUR,NWR,NAGAUR,RAJASTHAN,9,144,6.87
5125,CHILO,CLO,NSG6,JODHPUR,NWR,NAGAUR,RAJASTHAN,9,144,6.87
5126,DHANERA,DQN,NSG6,JODHPUR,NWR,BANAS KANTHA,GUJARAT,9,144,6.87
5127,DUDIA,DUK,NSG6,JODHPUR,NWR,JODHPUR,RAJASTHAN,9,144,6.87
5128,DUNDARA,DOR,NSG6,JODHPUR,NWR,JODHPUR,RAJASTHAN,9,144,6.87
5129,GACHHIPURA,GCH,NSG6,JODHPUR,NWR,NAGAUR,RAJASTHAN,9,144,6.87
5130,GADRA ROAD,GDD,NSG6,JODHPUR,NWR,BARMER,RAJASTHAN,9,144,6.87
5131,GOLE,GOLE,NSG6,JODHPUR,NWR,BARMER,RAJASTHAN,9,144,6.87
5132,GOVINDI MARWAR,GVMR,NSG6,JODHPUR,NWR,NAGAUR,RAJASTHAN,9,144,6.87
5133,GUDHA,GA,NSG6,JODHPUR,NWR,NAGAUR,RAJASTHAN,9,144,6.87
5134,HANWANT,HWT,NSG6,JODHPUR,NWR,JODHPUR,RAJASTHAN,9,144,6.87
5135,HARLAYA,HRLI,NSG6,JODHPUR,NWR,JODHPUR,RAJASTHAN,9,144,6.87
5136,JAGANNATH JI,JNX,NSG6,JODHPUR,NWR,JALORE,RAJASTHAN,9,144,6.87
5137,JAJIWAL,JWL,NSG6,JODHPUR,NWR,JODHPUR,RAJASTHAN,9,144,6.87
5138,JALSU,JAC,NSG6,JODHPUR,NWR,NAGAUR,RAJASTHAN,9,144,6.87
5139,JANIYANA,JNE,NSG6,JODHPUR,NWR,BARMER,RAJASTHAN,9,144,6.87
5140,JARI,JARI,NSG6,JODHPUR,NWR,BANAS KANTHA,GUJARAT,9,144,6.87
5141,JASAI,JSA,NSG6,JODHPUR,NWR,BARMER,RAJASTHAN,9,144,6.87
5142,JENAL,JNZ,NSG6,JODHPUR,NWR,BANAS KANTHA,GUJARAT,9,144,6.87
5143,JETHA CHANDAN,JCH,NSG6,JODHPUR,NWR,JAISALMER,RAJASTHAN,9,144,6.87
5144,JODHPUR CANTT,JUCT,NSG6,JODHPUR,NWR,JODHPUR,RAJASTHAN,9,144,6.87
5145,JOGI MAGRA,JOM,NSG6,JODHPUR,NWR,NAGAUR,RAJASTHAN,9,144,6.87
5146,KAIRLA,KAI,NSG6,JODHPUR,NWR,PALI,RAJASTHAN,9,144,6.87
5147,KAVAS,KVA,NSG6,JODHPUR,NWR,BARMER,RAJASTHAN,9,144,6.87
5148,KHAJWANA,KJW,NSG6,JODHPUR,NWR,NAGAUR,RAJASTHAN,9,144,6.87
5149,KHARIA KHANGAR,KXG,NSG6,JODHPUR,NWR,JODHPUR,RAJASTHAN,9,144,6.87
5150,KHATU,KHTU,NSG6,JODHPUR,NWR,NAGAUR,RAJASTHAN,9,144,6.87
5151,KHEDULI,KQW,NSG6,JODHPUR,NWR,NAGAUR,RAJASTHAN,9,144,6.87
5152,KHERI SALWA,KSW,NSG6,JODHPUR,NWR,JODHPUR,RAJASTHAN,9,144,6.87
5153,KHUNKHUNA,KKNA,NSG6,JODHPUR,NWR,NAGAUR,RAJASTHAN,9,144,6.87
5154,KIRODA,KRC,NSG6,JODHPUR,NWR,NAGAUR,RAJASTHAN,9,144,6.87
5155,LADERMER HALT,LDM,NSG6,JODHPUR,NWR,JALORE,RAJASTHAN,9,144,6.87
5156,MAHAMANDIR,MMC,NSG6,JODHPUR,NWR,JODHPUR,RAJASTHAN,9,144,6.87
5157,MALWARA,MBW,NSG6,JODHPUR,NWR,JALORE,RAJASTHAN,9,144,6.87
5158,MANDOR,MDB,NSG6,JODHPUR,NWR,JODHPUR,RAJASTHAN,9,144,6.87
5159,MARWAR BAGRA,MBGA,NSG6,JODHPUR,NWR,JALORE,RAJASTHAN,9,144,6.87
5160,MARWAR BITHRI,MBT,NSG6,JODHPUR,NWR,JODHPUR,RAJASTHAN,9,144,6.87
5161,MARWAR CHHAPARI,MCPE,NSG6,JODHPUR,NWR,NAGAUR,RAJASTHAN,9,144,6.87
5162,MARWAR KHARA,MKHR,NSG6,JODHPUR,NWR,JODHPUR,RAJASTHAN,9,144,6.87
5163,MARWAR KORI,KOF,NSG6,JODHPUR,NWR,JALORE,RAJASTHAN,9,144,6.87
5164,MARWAR LOHAWAT,MWT,NSG6,JODHPUR,NWR,JODHPUR,RAJASTHAN,9,144,6.87
5165,MARWAR MATHANIYA,MMY,NSG6,JODHPUR,NWR,JODHPUR,RAJASTHAN,9,144,6.87
5166,MARWAR MUNDWA,MDW,NSG6,JODHPUR,NWR,NAGAUR,RAJASTHAN,9,144,6.87
5167,MARWAR RATANPUR,MSQ,NSG6,JODHPUR,NWR,JALORE,RAJASTHAN,9,144,6.87
5168,MERTA CITY,MEC,NSG6,JODHPUR,NWR,NAGAUR,RAJASTHAN,9,144,6.87
5169,MODRAN,MON,NSG6,JODHPUR,NWR,JALORE,RAJASTHAN,9,144,6.87
5170,MOKALSAR,MKSR,NSG6,JODHPUR,NWR,BARMER,RAJASTHAN,9,144,6.87
5171,MUNABAO,MBF,NSG6,JODHPUR,NWR,BARMER,RAJASTHAN,9,144,6.87
5172,NAYA KHARADIA,NYK,NSG6,JODHPUR,NWR,NAGAUR,RAJASTHAN,9,144,6.87
5173,ODHANIYA CHACHA,OCH,NSG6,JODHPUR,NWR,JAISALMER,RAJASTHAN,9,144,6.87
5174,OSIYAN,OSN,NSG6,JODHPUR,NWR,JODHPUR,RAJASTHAN,9,144,6.87
5175,PALANA,PAE,NSG6,JODHPUR,NWR,BIKANER,RAJASTHAN,9,144,6.87
5176,PARHIHARA,PIH,NSG6,JODHPUR,NWR,CHURU,RAJASTHAN,9,144,6.87
5177,PARLU,PRU,NSG6,JODHPUR,NWR,BARMER,RAJASTHAN,9,144,6.87
5178,PARVATSAR CITY,PBC,NSG6,JODHPUR,NWR,NAGAUR,RAJASTHAN,9,144,6.87
5179,PIPAR ROAD JN.,PPR,NSG6,JODHPUR,NWR,JODHPUR,RAJASTHAN,9,144,6.87
5180,RAJKIAWAS,RKZ,NSG6,JODHPUR,NWR,PALI,RAJASTHAN,9,144,6.87
5181,RAKHI HALT,RHI,NSG6,JODHPUR,NWR,BARMER,RAJASTHAN,9,144,6.87
5182,RAMSAN,RXN,NSG6,JODHPUR,NWR,BANAS KANTHA,GUJARAT,9,144,6.87
5183,RANIWARA,RNV,NSG6,JODHPUR,NWR,JALORE,RAJASTHAN,9,144,6.87
5184,ROHAT,RT,NSG6,JODHPUR,NWR,PALI,RAJASTHAN,9,144,6.87
5185,SALAWAS,SZ,NSG6,JODHPUR,NWR,JODHPUR,RAJASTHAN,9,144,6.87
5186,SAMBHAR LAKE,SBR,NSG6,JODHPUR,NWR,JAIPUR,RAJASTHAN,9,144,6.87
5187,SATHIN ROAD,SWF,NSG6,JODHPUR,NWR,JODHPUR,RAJASTHAN,9,144,6.87
5188,SATLANA,SUT,NSG6,JODHPUR,NWR,JODHPUR,RAJASTHAN,9,144,6.87
5189,SHAITANSINGHANAGAR,STSN,NSG6,JODHPUR,NWR,JODHPUR,RAJASTHAN,9,144,6.87
5190,SHRI BALAJI,SBLJ,NSG6,JODHPUR,NWR,NAGAUR,RAJASTHAN,9,144,6.87
5191,SURPURA,SPO,NSG6,JODHPUR,NWR,BIKANER,RAJASTHAN,9,144,6.87
5192,TALCHHAPAR,TLC,NSG6,JODHPUR,NWR,CHURU,RAJASTHAN,9,144,6.87
5193,THAIYAT HAMIRA,THM,NSG6,JODHPUR,NWR,JAISALMER,RAJASTHAN,9,144,6.87
5194,TILWARA,TWL,NSG6,JODHPUR,NWR,BARMER,RAJASTHAN,9,144,6.87
5195,TIVARI,TIW,NSG6,JODHPUR,NWR,JODHPUR,RAJASTHAN,9,144,6.87
5196,UDRAMSAR,UMS,NSG6,JODHPUR,NWR,BIKANER,RAJASTHAN,9,144,6.87
5197,UMED,UMED,NSG6,JODHPUR,NWR,JODHPUR,RAJASTHAN,9,144,6.87
5198,UTARLAI,UTL,NSG6,JODHPUR,NWR,BARMER,RAJASTHAN,9,144,6.87
5199,NELLORE-SOUTH HALT,NLS,HG1,VIJAYAWADA,SCR,SPSR NELLORE,ANDHRA PRADESH,1,156,8.47
5200,CHILUVUR,CLVR,HG2,VIJAYAWADA,SCR,GUNTUR,ANDHRA PRADESH,2,156,8.47
5201,DOSAPADU,DPD,HG2,VIJAYAWADA,SCR,KRISHNA,ANDHRA PRADESH,2,156,8.47
5202,DURGADA GATE HALT,DGDG,HG2,VIJAYAWADA,SCR,KAKINADA,ANDHRA PRADESH,2,156,8.47
5203,IPURUPALEM HALT,IPPM,HG2,VIJAYAWADA,SCR,PRAKASAM,ANDHRA PRADESH,2,156,8.47
5204,JANDRAPETA HALT,JAQ,HG2,VIJAYAWADA,SCR,PRAKASAM,ANDHRA PRADESH,2,156,8.47
5205,KADAVAKUDURU,KVDU,HG2,VIJAYAWADA,SCR,BAPATLA,ANDHRA PRADESH,2,156,8.47
5206,KASIMKOTA,KSK,HG2,VIJAYAWADA,SCR,VISAKHAPATANAM,ANDHRA PRADESH,2,156,8.47
5207,KOLAKALUR HALT,KLX,HG2,VIJAYAWADA,SCR,GUNTUR,ANDHRA PRADESH,2,156,8.47
5208,KOTTA PANDILLAPALLI,KPLL,HG2,VIJAYAWADA,SCR,BAPATLA,ANDHRA PRADESH,2,156,8.47
5209,MACHAVARAM HALT,MCVM,HG2,VIJAYAWADA,SCR,GUNTUR,ANDHRA PRADESH,2,156,8.47
5210,MANCHILI,MCLE,HG2,VIJAYAWADA,SCR,WEST GODAVARI,ANDHRA PRADESH,2,156,8.47
5211,MODUKURU HALT,MDKU,HG2,VIJAYAWADA,SCR,BAPATLA,ANDHRA PRADESH,2,156,8.47
5212,PASIVEDALA,PSDA,HG2,VIJAYAWADA,SCR,WEST GODAVARI,ANDHRA PRADESH,2,156,8.47
5213,PUTLACHERUVU,PCU,HG2,VIJAYAWADA,SCR,KRISHNA,ANDHRA PRADESH,2,156,8.47
5214,RAPARLA HALT,RPRL,HG2,VIJAYAWADA,SCR,PRAKASAM,ANDHRA PRADESH,2,156,8.47
5215,RELANGI,RLG,HG2,VIJAYAWADA,SCR,WEST GODAVARI,ANDHRA PRADESH,2,156,8.47
5216,SRUNGAVRUKSHAM,SGKM,HG2,VIJAYAWADA,SCR,WEST GODAVARI,ANDHRA PRADESH,2,156,8.47
5217,TARIGOPPULA,TGU,HG2,VIJAYAWADA,SCR,KRISHNA,ANDHRA PRADESH,2,156,8.47
5218,VADLAMANNADU HALT,VMD,HG2,VIJAYAWADA,SCR,KRISHNA,ANDHRA PRADESH,2,156,8.47
5219,VENDRA HALT,VND,HG2,VIJAYAWADA,SCR,WEST GODAVARI,ANDHRA PRADESH,2,156,8.47
5220,ARTALAKATTA,AKAH,HG3,VIJAYAWADA,SCR,KAKINADA,ANDHRA PRADESH,3,156,8.47
5221,BALABHADRAPURAM HALT,BBPM,HG3,VIJAYAWADA,SCR,EAST GODAVARI,ANDHRA PRADESH,3,156,8.47
5222,BRAHMANAGUDEM HALT,BMGM,HG3,VIJAYAWADA,SCR,WEST GODAVARI,ANDHRA PRADESH,3,156,8.47
5223,CHERUKUVADA,CKV,HG3,VIJAYAWADA,SCR,WEST GODAVARI,ANDHRA PRADESH,3,156,8.47
5224,CHINTAPARRU HALT,CTPR,HG3,VIJAYAWADA,SCR,WEST GODAVARI,ANDHRA PRADESH,3,156,8.47
5225,DRAKSHARAMA,DKSA,HG3,VIJAYAWADA,SCR,DR. B.R.AMBEDKAR KONASEEMA,ANDHRA PRADESH,3,156,8.47
5226,GANGAVARAM,GVMH,HG3,VIJAYAWADA,SCR,EAST GODAVARI,ANDHRA PRADESH,3,156,8.47
5227,GUNTAKODURU,GUK,HG3,VIJAYAWADA,SCR,KRISHNA,ANDHRA PRADESH,3,156,8.47
5228,KOLANUKONDA HALT,KAQ,HG3,VIJAYAWADA,SCR,GUNTUR,ANDHRA PRADESH,3,156,8.47
5229,KOVVADA,KOVH,HG3,VIJAYAWADA,SCR,KAKINADA,ANDHRA PRADESH,3,156,8.47
5230,KUNDURU,KDUH,HG3,VIJAYAWADA,SCR,DR. B.R.AMBEDKAR KONASEEMA,ANDHRA PRADESH,3,156,8.47
5231,LAKSHMINARAYANAPURAM,LKSH,HG3,VIJAYAWADA,SCR,WEST GODAVARI,ANDHRA PRADESH,3,156,8.47
5232,LANKALAKODERU HALT,LKDU,HG3,VIJAYAWADA,SCR,WEST GODAVARI,ANDHRA PRADESH,3,156,8.47
5233,MOKHASA KALAVAPUDI,MVP,HG3,VIJAYAWADA,SCR,KRISHNA,ANDHRA PRADESH,3,156,8.47
5234,NARASAPURAPUPETA,NSPH,HG3,VIJAYAWADA,SCR,DR. B.R.AMBEDKAR KONASEEMA,ANDHRA PRADESH,3,156,8.47
5235,NUJELLA,NUJ,HG3,VIJAYAWADA,SCR,KRISHNA,ANDHRA PRADESH,3,156,8.47
5236,PALLEVADA,PLVA,HG3,VIJAYAWADA,SCR,KRISHNA,ANDHRA PRADESH,3,156,8.47
5237,PASALAPUDI,PSLP,HG3,VIJAYAWADA,SCR,KRISHNA,ANDHRA PRADESH,3,156,8.47
5238,SATYAVADA,STVA,HG3,VIJAYAWADA,SCR,EAST GODAVARI,ANDHRA PRADESH,3,156,8.47
5239,TENNERU,TNRU,HG3,VIJAYAWADA,SCR,KRISHNA,ANDHRA PRADESH,3,156,8.47
5240,TIMMAPURAM HALT,TMPM,HG3,VIJAYAWADA,SCR,KAKINADA,ANDHRA PRADESH,3,156,8.47
5241,UNGUTURU,VGT,HG3,VIJAYAWADA,SCR,ELURU,ANDHRA PRADESH,3,156,8.47
5242,VAKADA,VH,HG3,VIJAYAWADA,SCR,KAKINADA,ANDHRA PRADESH,3,156,8.47
5243,VELANGI,VGH,HG3,VIJAYAWADA,SCR,KAKINADA,ANDHRA PRADESH,3,156,8.47
5244,VELPURU,VPU,HG3,VIJAYAWADA,SCR,WEST GODAVARI,ANDHRA PRADESH,3,156,8.47
5245,VENTRAPRAGADA,VPG,HG3,VIJAYAWADA,SCR,KRISHNA,ANDHRA PRADESH,3,156,8.47
5246,VIRAVALLI HALT,VRVL,HG3,VIJAYAWADA,SCR,KRISHNA,ANDHRA PRADESH,3,156,8.47
5247,VIJAYAWADA JN.,BZA,NSG2,VIJAYAWADA,SCR,NTR,ANDHRA PRADESH,5,156,8.47
5248,BHIMAVARAM TOWN,BVRT,NSG3,VIJAYAWADA,SCR,WEST GODAVARI,ANDHRA PRADESH,6,156,8.47
5249,ELURU,EE,NSG3,VIJAYAWADA,SCR,ELURU,ANDHRA PRADESH,6,156,8.47
5250,GUDUR JN.,GDR,NSG3,VIJAYAWADA,SCR,TIRUPATI,ANDHRA PRADESH,6,156,8.47
5251,KAKINADA TOWN,CCT,NSG3,VIJAYAWADA,SCR,KAKINADA,ANDHRA PRADESH,6,156,8.47
5252,NELLORE,NLR,NSG3,VIJAYAWADA,SCR,SPSR NELLORE,ANDHRA PRADESH,6,156,8.47
5253,ONGOLE,OGL,NSG3,VIJAYAWADA,SCR,PRAKASAM,ANDHRA PRADESH,6,156,8.47
5254,RAJAHMUNDRY,RJY,NSG3,VIJAYAWADA,SCR,EAST GODAVARI,ANDHRA PRADESH,6,156,8.47
5255,SAMALKOT JN.,SLO,NSG3,VIJAYAWADA,SCR,KAKINADA,ANDHRA PRADESH,6,156,8.47
5256,TENALI JN.,TEL,NSG3,VIJAYAWADA,SCR,GUNTUR,ANDHRA PRADESH,6,156,8.47
5257,ANAKAPALLE,AKP,NSG4,VIJAYAWADA,SCR,ANAKAPALLE,ANDHRA PRADESH,7,156,8.47
5258,ANNAVARAM,ANV,NSG4,VIJAYAWADA,SCR,KAKINADA,ANDHRA PRADESH,7,156,8.47
5259,BHIMAVARAM JN.,BVRM,NSG4,VIJAYAWADA,SCR,WEST GODAVARI,ANDHRA PRADESH,7,156,8.47
5260,CHIRALA,CLX,NSG4,VIJAYAWADA,SCR,PRAKASAM,ANDHRA PRADESH,7,156,8.47
5261,GUDIVADA JN.,GDV,NSG4,VIJAYAWADA,SCR,KRISHNA,ANDHRA PRADESH,7,156,8.47
5262,KAKINADA PORT,COA,NSG4,VIJAYAWADA,SCR,KAKINADA,ANDHRA PRADESH,7,156,8.47
5263,NARASAPUR,NS,NSG4,VIJAYAWADA,SCR,WEST GODAVARI,ANDHRA PRADESH,7,156,8.47
5264,NIDADAVOLU JN.,NDD,NSG4,VIJAYAWADA,SCR,WEST GODAVARI,ANDHRA PRADESH,7,156,8.47
5265,TADEPALLIGUDEM,TDD,NSG4,VIJAYAWADA,SCR,WEST GODAVARI,ANDHRA PRADESH,7,156,8.47
5266,TUNI,TUNI,NSG4,VIJAYAWADA,SCR,KAKINADA,ANDHRA PRADESH,7,156,8.47
5267,AKIVIDU,AKVD,NSG5,VIJAYAWADA,SCR,WEST GODAVARI,ANDHRA PRADESH,8,156,8.47
5268,ANAPARTI,APT,NSG5,VIJAYAWADA,SCR,EAST GODAVARI,ANDHRA PRADESH,8,156,8.47
5269,BAPATLA,BPP,NSG5,VIJAYAWADA,SCR,BAPATLA,ANDHRA PRADESH,8,156,8.47
5270,BITRAGUNTA,BTTR,NSG5,VIJAYAWADA,SCR,SPSR NELLORE,ANDHRA PRADESH,8,156,8.47
5271,DWARAPUDI,DWP,NSG5,VIJAYAWADA,SCR,EAST GODAVARI,ANDHRA PRADESH,8,156,8.47
5272,ELLAMANCHILI,YLM,NSG5,VIJAYAWADA,SCR,ANAKAPALLE,ANDHRA PRADESH,8,156,8.47
5273,GODAVARI,GVN,NSG5,VIJAYAWADA,SCR,EAST GODAVARI,ANDHRA PRADESH,8,156,8.47
5274,KAIKALUR,KKLR,NSG5,VIJAYAWADA,SCR,ELURU,ANDHRA PRADESH,8,156,8.47
5275,KAVALI,KVZ,NSG5,VIJAYAWADA,SCR,SPSR NELLORE,ANDHRA PRADESH,8,156,8.47
5276,KOVVURU,KVR,NSG5,VIJAYAWADA,SCR,WEST GODAVARI,ANDHRA PRADESH,8,156,8.47
5277,MACHILIPATNAM,MTM,NSG5,VIJAYAWADA,SCR,KRISHNA,ANDHRA PRADESH,8,156,8.47
5278,NARSIPATNAM ROAD,NRP,NSG5,VIJAYAWADA,SCR,ANAKAPALLE,ANDHRA PRADESH,8,156,8.47
5279,NIDUBROLU,NDO,NSG5,VIJAYAWADA,SCR,GUNTUR,ANDHRA PRADESH,8,156,8.47
5280,NUZVID,NZD,NSG5,VIJAYAWADA,SCR,KRISHNA,ANDHRA PRADESH,8,156,8.47
5281,PALAKOLLU,PKO,NSG5,VIJAYAWADA,SCR,WEST GODAVARI,ANDHRA PRADESH,8,156,8.47
5282,PEDANA,PAV,NSG5,VIJAYAWADA,SCR,KRISHNA,ANDHRA PRADESH,8,156,8.47
5283,PITHAPURAM,PAP,NSG5,VIJAYAWADA,SCR,KAKINADA,ANDHRA PRADESH,8,156,8.47
5284,POWERPET,PRH,NSG5,VIJAYAWADA,SCR,ELURU,ANDHRA PRADESH,8,156,8.47
5285,SINGARAYAKONDA,SKM,NSG5,VIJAYAWADA,SCR,PRAKASAM,ANDHRA PRADESH,8,156,8.47
5286,TANUKU,TNKU,NSG5,VIJAYAWADA,SCR,WEST GODAVARI,ANDHRA PRADESH,8,156,8.47
5287,VEDAYAPALEM,VDE,NSG5,VIJAYAWADA,SCR,SPSR NELLORE,ANDHRA PRADESH,8,156,8.47
5288,VIRAVASARAM,VVM,NSG5,VIJAYAWADA,SCR,WEST GODAVARI,ANDHRA PRADESH,8,156,8.47
5289,ALLURU ROAD,AXR,NSG6,VIJAYAWADA,SCR,SPSR NELLORE,ANDHRA PRADESH,9,156,8.47
5290,AMMANABROLU,ANB,NSG6,VIJAYAWADA,SCR,PRAKASAM,ANDHRA PRADESH,9,156,8.47
5291,APPIKATLA,APL,NSG6,VIJAYAWADA,SCR,BAPATLA,ANDHRA PRADESH,9,156,8.47
5292,ARAVALLI,AVLI,NSG6,VIJAYAWADA,SCR,WEST GODAVARI,ANDHRA PRADESH,9,156,8.47
5293,ATTILI,AL,NSG6,VIJAYAWADA,SCR,WEST GODAVARI,ANDHRA PRADESH,9,156,8.47
5294,BADAMPUDI,BPY,NSG6,VIJAYAWADA,SCR,ELURU,ANDHRA PRADESH,9,156,8.47
5295,BAYYAVARAM,BVM,NSG6,VIJAYAWADA,SCR,ANAKAPALLE,ANDHRA PRADESH,9,156,8.47
5296,BHIMADOLU,BMD,NSG6,VIJAYAWADA,SCR,ELURU,ANDHRA PRADESH,9,156,8.47
5297,BIKKAVOLU,BVL,NSG6,VIJAYAWADA,SCR,KAKINADA,ANDHRA PRADESH,9,156,8.47
5298,CHAGALLU,CU,NSG6,VIJAYAWADA,SCR,WEST GODAVARI,ANDHRA PRADESH,9,156,8.47
5299,CHEBROL,CEL,NSG6,VIJAYAWADA,SCR,ELURU,ANDHRA PRADESH,9,156,8.47
5300,CHILAKALAPUDI,CLU,NSG6,VIJAYAWADA,SCR,KRISHNA,ANDHRA PRADESH,9,156,8.47
5301,CHINNA GANJAM,CJM,NSG6,VIJAYAWADA,SCR,BAPATLA,ANDHRA PRADESH,9,156,8.47
5302,DENDULURU,DEL,NSG6,VIJAYAWADA,SCR,ELURU,ANDHRA PRADESH,9,156,8.47
5303,DUGGIRALA,DIG,NSG6,VIJAYAWADA,SCR,GUNTUR,ANDHRA PRADESH,9,156,8.47
5304,GANNAVARAM,GWM,NSG6,VIJAYAWADA,SCR,KRISHNA,ANDHRA PRADESH,9,156,8.47
5305,GOLLAPROLU,GLP,NSG6,VIJAYAWADA,SCR,KAKINADA,ANDHRA PRADESH,9,156,8.47
5306,GUDLAVALLERU,GVL,NSG6,VIJAYAWADA,SCR,KRISHNA,ANDHRA PRADESH,9,156,8.47
5307,GULLIPADU,GLU,NSG6,VIJAYAWADA,SCR,ANAKAPALLE,ANDHRA PRADESH,9,156,8.47
5308,GUNADALA,GALA,NSG6,VIJAYAWADA,SCR,NTR,ANDHRA PRADESH,9,156,8.47
5309,HAMSAVARAM,HVM,NSG6,VIJAYAWADA,SCR,KAKINADA,ANDHRA PRADESH,9,156,8.47
5310,INDUPALLI,IDP,NSG6,VIJAYAWADA,SCR,KRISHNA,ANDHRA PRADESH,9,156,8.47
5311,KADIYAM,KYM,NSG6,VIJAYAWADA,SCR,EAST GODAVARI,ANDHRA PRADESH,9,156,8.47
5312,KALDHARI,KLDI,NSG6,VIJAYAWADA,SCR,EAST GODAVARI,ANDHRA PRADESH,9,156,8.47
5313,KARAPA,KRAP,NSG6,VIJAYAWADA,SCR,KAKINADA,ANDHRA PRADESH,9,156,8.47
5314,KARAVADI,KRV,NSG6,VIJAYAWADA,SCR,PRAKASAM,ANDHRA PRADESH,9,156,8.47
5315,KAUTARAM,KVM,NSG6,VIJAYAWADA,SCR,KRISHNA,ANDHRA PRADESH,9,156,8.47
5316,KODAVALURU,KJJ,NSG6,VIJAYAWADA,SCR,SPSR NELLORE,ANDHRA PRADESH,9,156,8.47
5317,KONDAPALLI,KI,NSG6,VIJAYAWADA,SCR,NTR,ANDHRA PRADESH,9,156,8.47
5318,KOTIPALLI,KPLH,NSG6,VIJAYAWADA,SCR,DR. B.R.AMBEDKAR KONASEEMA,ANDHRA PRADESH,9,156,8.47
5319,KRISHNA CANAL JN,KCC,NSG6,VIJAYAWADA,SCR,GUNTUR,ANDHRA PRADESH,9,156,8.47
5320,MADHURANAGAR,MDUN,NSG6,VIJAYAWADA,SCR,NTR,ANDHRA PRADESH,9,156,8.47
5321,MANDAVALLI,MDVL,NSG6,VIJAYAWADA,SCR,KRISHNA,ANDHRA PRADESH,9,156,8.47
5322,MANUBOLU,MBL,NSG6,VIJAYAWADA,SCR,SPSR NELLORE,ANDHRA PRADESH,9,156,8.47
5323,MEDAPADU,MPU,NSG6,VIJAYAWADA,SCR,KAKINADA,ANDHRA PRADESH,9,156,8.47
5324,MOTURU,OTR,NSG6,VIJAYAWADA,SCR,KRISHNA,ANDHRA PRADESH,9,156,8.47
5325,MUSTABADA,MBD,NSG6,VIJAYAWADA,SCR,KRISHNA,ANDHRA PRADESH,9,156,8.47
5326,NARASINGAPALLI,NASP,NSG6,VIJAYAWADA,SCR,VISAKHAPATANAM,ANDHRA PRADESH,9,156,8.47
5327,NAVABPALEM,NBM,NSG6,VIJAYAWADA,SCR,WEST GODAVARI,ANDHRA PRADESH,9,156,8.47
5328,NIDAMANURU,NDM,NSG6,VIJAYAWADA,SCR,KRISHNA,ANDHRA PRADESH,9,156,8.47
5329,PADUGUPADU,PGU,NSG6,VIJAYAWADA,SCR,SPSR NELLORE,ANDHRA PRADESH,9,156,8.47
5330,PEDDA AVATAPALLE,PAVP,NSG6,VIJAYAWADA,SCR,KRISHNA,ANDHRA PRADESH,9,156,8.47
5331,PEDDAVADLAPUDI,PVD,NSG6,VIJAYAWADA,SCR,GUNTUR,ANDHRA PRADESH,9,156,8.47
5332,PENNADA AGRAHARAM,PAGM,NSG6,VIJAYAWADA,SCR,WEST GODAVARI,ANDHRA PRADESH,9,156,8.47
5333,PULLA,PUA,NSG6,VIJAYAWADA,SCR,ELURU,ANDHRA PRADESH,9,156,8.47
5334,RAMACHANDRAPURAM,RBCS,NSG6,VIJAYAWADA,SCR,DR. B.R.AMBEDKAR KONASEEMA,ANDHRA PRADESH,9,156,8.47
5335,RAMAVARAPPADU,RMV,NSG6,VIJAYAWADA,SCR,KRISHNA,ANDHRA PRADESH,9,156,8.47
5336,RAVIKAMPADU,RVD,NSG6,VIJAYAWADA,SCR,KAKINADA,ANDHRA PRADESH,9,156,8.47
5337,RAYANAPADU,RYP,NSG6,VIJAYAWADA,SCR,NTR,ANDHRA PRADESH,9,156,8.47
5338,REGUPALEM,REG,NSG6,VIJAYAWADA,SCR,ANAKAPALLE,ANDHRA PRADESH,9,156,8.47
5339,SRI VENKATESWARAPALE,SVPM,NSG6,VIJAYAWADA,SCR,SPSR NELLORE,ANDHRA PRADESH,9,156,8.47
5340,STUARTPURAM,SPF,NSG6,VIJAYAWADA,SCR,GUNTUR,ANDHRA PRADESH,9,156,8.47
5341,SURAREDDIPALEM,SDM,NSG6,VIJAYAWADA,SCR,PRAKASAM,ANDHRA PRADESH,9,156,8.47
5342,TALAMANCHI,TMC,NSG6,VIJAYAWADA,SCR,SPSR NELLORE,ANDHRA PRADESH,9,156,8.47
5343,TANGUTURU,TNR,NSG6,VIJAYAWADA,SCR,PRAKASAM,ANDHRA PRADESH,9,156,8.47
5344,TELAPROLU,TOU,NSG6,VIJAYAWADA,SCR,KRISHNA,ANDHRA PRADESH,9,156,8.47
5345,TETTU,TTU,NSG6,VIJAYAWADA,SCR,PRAKASAM,ANDHRA PRADESH,9,156,8.47
5346,THADI,THY,NSG6,VIJAYAWADA,SCR,VISAKHAPATANAM,ANDHRA PRADESH,9,156,8.47
5347,TSUNDURU,TSR,NSG6,VIJAYAWADA,SCR,BAPATLA,ANDHRA PRADESH,9,156,8.47
5348,ULAVAPADU,UPD,NSG6,VIJAYAWADA,SCR,PRAKASAM,ANDHRA PRADESH,9,156,8.47
5349,UNDI,UNDI,NSG6,VIJAYAWADA,SCR,WEST GODAVARI,ANDHRA PRADESH,9,156,8.47
5350,UPPALUR,UPL,NSG6,VIJAYAWADA,SCR,KRISHNA,ANDHRA PRADESH,9,156,8.47
5351,UPPUGUNDURU,UGD,NSG6,VIJAYAWADA,SCR,PRAKASAM,ANDHRA PRADESH,9,156,8.47
5352,VATLUR,VAT,NSG6,VIJAYAWADA,SCR,ELURU,ANDHRA PRADESH,9,156,8.47
5353,VENKATACHALAM,VKT,NSG6,VIJAYAWADA,SCR,SPSR NELLORE,ANDHRA PRADESH,9,156,8.47
5354,VETAPALEM,VTM,NSG6,VIJAYAWADA,SCR,PRAKASAM,ANDHRA PRADESH,9,156,8.47
5355,ANGALAKUDURU H,AKU,HG2,GUNTUR,SCR,GUNTUR,ANDHRA PRADESH,2,66,8.47
5356,GURUJALA,GZA,HG2,GUNTUR,SCR,PALNADU,ANDHRA PRADESH,2,66,8.47
5357,KISTAMSETTIPALLI,KSTE,HG2,GUNTUR,SCR,PRAKASAM,ANDHRA PRADESH,2,66,8.47
5358,PENUMARRU HALT,PUMU,HG2,GUNTUR,SCR,BAPATLA,ANDHRA PRADESH,2,66,8.47
5359,RENTACHINTALA HALT,RCA,HG2,GUNTUR,SCR,PALNADU,ANDHRA PRADESH,2,66,8.47
5360,VELLACHERUVU HALT,VLE,HG2,GUNTUR,SCR,PRAKASAM,ANDHRA PRADESH,2,66,8.47
5361,BHATTIPROLU,BQU,HG3,GUNTUR,SCR,BAPATLA,ANDHRA PRADESH,3,66,8.47
5362,PALLIKONA,POA,HG3,GUNTUR,SCR,BAPATLA,ANDHRA PRADESH,3,66,8.47
5363,ZAMPANI HALT,ZPI,HG3,GUNTUR,SCR,GUNTUR,ANDHRA PRADESH,3,66,8.47
5364,GUNTUR JN.,GNT,NSG3,GUNTUR,SCR,GUNTUR,ANDHRA PRADESH,6,66,8.47
5365,MANGALAGIRI,MAG,NSG4,GUNTUR,SCR,GUNTUR,ANDHRA PRADESH,7,66,8.47
5366,NANDYAL,NDL,NSG4,GUNTUR,SCR,NANDYAL,ANDHRA PRADESH,7,66,8.47
5367,REPALLE,RAL,NSG4,GUNTUR,SCR,BAPATLA,ANDHRA PRADESH,7,66,8.47
5368,CUMBUM,CBM,NSG5,GUNTUR,SCR,PRAKASAM,ANDHRA PRADESH,8,66,8.47
5369,DONAKONDA,DKD,NSG5,GUNTUR,SCR,PRAKASAM,ANDHRA PRADESH,8,66,8.47
5370,GIDDALUR,GID,NSG5,GUNTUR,SCR,PRAKASAM,ANDHRA PRADESH,8,66,8.47
5371,MACHERLA,MCLA,NSG5,GUNTUR,SCR,PALNADU,ANDHRA PRADESH,8,66,8.47
5372,MARKAPUR ROAD,MRK,NSG5,GUNTUR,SCR,PRAKASAM,ANDHRA PRADESH,8,66,8.47
5373,MIRYALAGUDA,MRGA,NSG5,GUNTUR,SCR,NALGONDA,TELANGANA,8,66,8.47
5374,NADIKUDE JN.,NDKD,NSG5,GUNTUR,SCR,PALNADU,ANDHRA PRADESH,8,66,8.47
5375,NALGONDA,NLDA,NSG5,GUNTUR,SCR,NALGONDA,TELANGANA,8,66,8.47
5376,NARASARAOPET,NRT,NSG5,GUNTUR,SCR,PALNADU,ANDHRA PRADESH,8,66,8.47
5377,NEW GUNTUR STATION,NGNT,NSG5,GUNTUR,SCR,GUNTUR,ANDHRA PRADESH,8,66,8.47
5378,PIDUGURALLA,PGRL,NSG5,GUNTUR,SCR,PALNADU,ANDHRA PRADESH,8,66,8.47
5379,SATTENAPALLE,SAP,NSG5,GUNTUR,SCR,PALNADU,ANDHRA PRADESH,8,66,8.47
5380,VINUKONDA,VKN,NSG5,GUNTUR,SCR,PALNADU,ANDHRA PRADESH,8,66,8.47
5381,BANDARUPALLI,BDPL,NSG6,GUNTUR,SCR,GUNTUR,ANDHRA PRADESH,9,66,8.47
5382,BELLAMKONDA,BMKD,NSG6,GUNTUR,SCR,PALNADU,ANDHRA PRADESH,9,66,8.47
5383,CHALAMA,CMZ,NSG6,GUNTUR,SCR,NANDYAL,ANDHRA PRADESH,9,66,8.47
5384,CHEEKATEGALAPALEM,CEM,NSG6,GUNTUR,SCR,PALNADU,ANDHRA PRADESH,9,66,8.47
5385,CHINNARAVURU,CIV,NSG6,GUNTUR,SCR,GUNTUR,ANDHRA PRADESH,9,66,8.47
5386,CHITYALA,CTYL,NSG6,GUNTUR,SCR,NALGONDA,TELANGANA,9,66,8.47
5387,DIGUVAMETTA,DMT,NSG6,GUNTUR,SCR,PRAKASAM,ANDHRA PRADESH,9,66,8.47
5388,GAJJELAKONDA,GJJ,NSG6,GUNTUR,SCR,PRAKASAM,ANDHRA PRADESH,9,66,8.47
5389,GAZULAPALLI,GZL,NSG6,GUNTUR,SCR,NANDYAL,ANDHRA PRADESH,9,66,8.47
5390,GUNDLAKAMMA,GKM,NSG6,GUNTUR,SCR,PALNADU,ANDHRA PRADESH,9,66,8.47
5391,JAGGAMBHOTLA KRISHNA,JBK,NSG6,GUNTUR,SCR,PRAKASAM,ANDHRA PRADESH,9,66,8.47
5392,KURICHEDU,KCD,NSG6,GUNTUR,SCR,PRAKASAM,ANDHRA PRADESH,9,66,8.47
5393,MUNUMAKA,MUK,NSG6,GUNTUR,SCR,PALNADU,ANDHRA PRADESH,9,66,8.47
5394,NAGIREDDIPALLI,NRDP,NSG6,GUNTUR,SCR,YADADRI BHUVANAGIRI,TELANGANA,9,66,8.47
5395,NALLAPADU,NLPD,NSG6,GUNTUR,SCR,GUNTUR,ANDHRA PRADESH,9,66,8.47
5396,NAMBURU,NBR,NSG6,GUNTUR,SCR,GUNTUR,ANDHRA PRADESH,9,66,8.47
5397,NUDURUPADU,NDPU,NSG6,GUNTUR,SCR,GUNTUR,ANDHRA PRADESH,9,66,8.47
5398,PEDAKAKANI HALT,PDKN,NSG6,GUNTUR,SCR,GUNTUR,ANDHRA PRADESH,9,66,8.47
5399,PEDDAKURAPADU,PKPU,NSG6,GUNTUR,SCR,PALNADU,ANDHRA PRADESH,9,66,8.47
5400,PERECHERLA,PRCA,NSG6,GUNTUR,SCR,GUNTUR,ANDHRA PRADESH,9,66,8.47
5401,PHIRANGIPURAM,PPM,NSG6,GUNTUR,SCR,GUNTUR,ANDHRA PRADESH,9,66,8.47
5402,PONDUGULA,PDGL,NSG6,GUNTUR,SCR,PALNADU,ANDHRA PRADESH,9,66,8.47
5403,POTLAPADU,POO,NSG6,GUNTUR,SCR,PRAKASAM,ANDHRA PRADESH,9,66,8.47
5404,RAMANNAPETA,RMNP,NSG6,GUNTUR,SCR,YADADRI BHUVANAGIRI,TELANGANA,9,66,8.47
5405,REDDIGUDEM,REM,NSG6,GUNTUR,SCR,PALNADU,ANDHRA PRADESH,9,66,8.47
5406,SANGAMJAGARLAMUDI,SJL,NSG6,GUNTUR,SCR,GUNTUR,ANDHRA PRADESH,9,66,8.47
5407,SANTAMAGULUR,SAB,NSG6,GUNTUR,SCR,PALNADU,ANDHRA PRADESH,9,66,8.47
5408,SATULUR,STUR,NSG6,GUNTUR,SCR,PALNADU,ANDHRA PRADESH,9,66,8.47
5409,SAVALYAPURAM,SYM,NSG6,GUNTUR,SCR,PALNADU,ANDHRA PRADESH,9,66,8.47
5410,SHRI RAMPURAM,SRMR,NSG6,GUNTUR,SCR,NALGONDA,TELANGANA,9,66,8.47
5411,SIRIPURAM,SRPM,NSG6,GUNTUR,SCR,GUNTUR,ANDHRA PRADESH,9,66,8.47
5412,SOMIDEVIPALLE,SDV,NSG6,GUNTUR,SCR,PRAKASAM,ANDHRA PRADESH,9,66,8.47
5413,TARLUPADU,TLU,NSG6,GUNTUR,SCR,PRAKASAM,ANDHRA PRADESH,9,66,8.47
5414,THIPPARTHI,TPPI,NSG6,GUNTUR,SCR,NALGONDA,TELANGANA,9,66,8.47
5415,TUMMALACHERUVU,TMLU,NSG6,GUNTUR,SCR,PALNADU,ANDHRA PRADESH,9,66,8.47
5416,VALIGONDA,VLG,NSG6,GUNTUR,SCR,YADADRI BHUVANAGIRI,TELANGANA,9,66,8.47
5417,VEJANDLA,VJA,NSG6,GUNTUR,SCR,GUNTUR,ANDHRA PRADESH,9,66,8.47
5418,VEMURU,VMU,NSG6,GUNTUR,SCR,BAPATLA,ANDHRA PRADESH,9,66,8.47
5419,VISHNUPURAM,VNUP,NSG6,GUNTUR,SCR,NALGONDA,TELANGANA,9,66,8.47
5420,YADAVALLI,YADA,NSG6,GUNTUR,SCR,PRAKASAM,ANDHRA PRADESH,9,66,8.47
5421,HANUMAN STATION,HNMN,HG2,GUNTAKAL,SCR,ANANTAPUR,ANDHRA PRADESH,2,149,8.47
5422,TIRUPATI WEST HALT,TPW,HG2,GUNTAKAL,SCR,SRI BALAJI,ANDHRA PRADESH,2,149,8.47
5423,HANUMAPURA HALT,HPH,HG3,GUNTAKAL,SCR,RAICHUR,KARNATAKA,3,149,8.47
5424,IMAMPURAM,IMAM,HG3,GUNTAKAL,SCR,ANANTAPUR,ANDHRA PRADESH,3,149,8.47
5425,KOTALA HALT,KEN,HG3,GUNTAKAL,SCR,SRI BALAJI,ANDHRA PRADESH,3,149,8.47
5426,LINGANENIDODDI,LMD,HG3,GUNTAKAL,SCR,KURNOOL,ANDHRA PRADESH,3,149,8.47
5427,MALAKAVEMALA,MVA,HG3,GUNTAKAL,SCR,SRI SATYA SAI,ANDHRA PRADESH,3,149,8.47
5428,MANGALAMPETA,MPT,HG3,GUNTAKAL,SCR,CHITTOOR,ANDHRA PRADESH,3,149,8.47
5429,NALLACHERUVU EAST,NCE,HG3,GUNTAKAL,SCR,SRI SATYA SAI,ANDHRA PRADESH,3,149,8.47
5430,PEYANAPALLI HALT,PYX,HG3,GUNTAKAL,SCR,CHITTOOR,ANDHRA PRADESH,3,149,8.47
5431,SANKARA GUMMANUR HAL,SNKG,HG3,GUNTAKAL,SCR,KURNOOL,ANDHRA PRADESH,3,149,8.47
5432,SHAMPURHALLI HALT,SPHL,HG3,GUNTAKAL,SCR,KALABURAGI,KARNATAKA,3,149,8.47
5433,TSAKIBANDA,TKBN,HG3,GUNTAKAL,SCR,BALLARI,KARNATAKA,3,149,8.47
5434,TIRUPATI,TPTY,NSG2,GUNTAKAL,SCR,SRI BALAJI,ANDHRA PRADESH,5,149,8.47
5435,ANANTAPUR,ATP,NSG3,GUNTAKAL,SCR,ANANTAPUR,ANDHRA PRADESH,6,149,8.47
5436,CUDDAPAH,HX,NSG3,GUNTAKAL,SCR,Y.S.R. KADAPA,ANDHRA PRADESH,6,149,8.47
5437,GUNTAKAL JN.,GTL,NSG3,GUNTAKAL,SCR,ANANTAPUR,ANDHRA PRADESH,6,149,8.47
5438,RAICHUR,RC,NSG3,GUNTAKAL,SCR,RAICHUR,KARNATAKA,6,149,8.47
5439,RENIGUNTA JN.,RU,NSG3,GUNTAKAL,SCR,SRI BALAJI,ANDHRA PRADESH,6,149,8.47
5440,YADGIR,YG,NSG3,GUNTAKAL,SCR,YADGIR,KARNATAKA,6,149,8.47
5441,ADONI,AD,NSG4,GUNTAKAL,SCR,KURNOOL,ANDHRA PRADESH,7,149,8.47
5442,CHITTOOR,CTO,NSG4,GUNTAKAL,SCR,CHITTOOR,ANDHRA PRADESH,7,149,8.47
5443,DHARMAVARAM JN.,DMM,NSG4,GUNTAKAL,SCR,SRI SATYA SAI,ANDHRA PRADESH,7,149,8.47
5444,DHONE JN,DHNE,NSG4,GUNTAKAL,SCR,NANDYAL,ANDHRA PRADESH,7,149,8.47
5445,GOOTY JN.,GY,NSG4,GUNTAKAL,SCR,ANANTAPUR,ANDHRA PRADESH,7,149,8.47
5446,MANTHRALAYAM ROAD,MALM,NSG4,GUNTAKAL,SCR,KURNOOL,ANDHRA PRADESH,7,149,8.47
5447,SRI KALAHASTI,KHT,NSG4,GUNTAKAL,SCR,SRI BALAJI,ANDHRA PRADESH,7,149,8.47
5448,KADIRI,KRY,NSG5,GUNTAKAL,SCR,SRI SATYA SAI,ANDHRA PRADESH,8,149,8.47
5449,KODURU,KOU,NSG5,GUNTAKAL,SCR,ANNAMAYYA,ANDHRA PRADESH,8,149,8.47
5450,KRISHNA,KSN,NSG5,GUNTAKAL,SCR,MAHABUBNAGAR,TELANGANA,8,149,8.47
5451,MADANAPALLE ROAD,MPL,NSG5,GUNTAKAL,SCR,ANNAMAYYA,ANDHRA PRADESH,8,149,8.47
5452,MUDDANURU,MOO,NSG5,GUNTAKAL,SCR,Y.S.R. KADAPA,ANDHRA PRADESH,8,149,8.47
5453,NALWAR,NW,NSG5,GUNTAKAL,SCR,KALABURAGI,KARNATAKA,8,149,8.47
5454,PAKALA JN.,PAK,NSG5,GUNTAKAL,SCR,SRI BALAJI,ANDHRA PRADESH,8,149,8.47
5455,RAZAMPETA,RJP,NSG5,GUNTAKAL,SCR,ANNAMAYYA,ANDHRA PRADESH,8,149,8.47
5456,SAIDAPUR,SADP,NSG5,GUNTAKAL,SCR,YADGIR,KARNATAKA,8,149,8.47
5457,TADIPATRI,TU,NSG5,GUNTAKAL,SCR,ANANTAPUR,ANDHRA PRADESH,8,149,8.47
5458,VENKATAGIRI,VKI,NSG5,GUNTAKAL,SCR,SRI BALAJI,ANDHRA PRADESH,8,149,8.47
5459,YERRAGUNTLA,YA,NSG5,GUNTAKAL,SCR,Y.S.R. KADAPA,ANDHRA PRADESH,8,149,8.47
5460,ANANTARAJUPET,ANE,NSG6,GUNTAKAL,SCR,ANNAMAYYA,ANDHRA PRADESH,9,149,8.47
5461,ASPARI,ASP,NSG6,GUNTAKAL,SCR,KURNOOL,ANDHRA PRADESH,9,149,8.47
5462,BALAPALLE,BLPE,NSG6,GUNTAKAL,SCR,ANNAMAYYA,ANDHRA PRADESH,9,149,8.47
5463,BANAGANAPALLE,BGNP,NSG6,GUNTAKAL,SCR,NANDYAL,ANDHRA PRADESH,9,149,8.47
5464,BANTANAHAL,BLL,NSG6,GUNTAKAL,SCR,KURNOOL,ANDHRA PRADESH,9,149,8.47
5465,BETAMCHERLA,BMH,NSG6,GUNTAKAL,SCR,NANDYAL,ANDHRA PRADESH,9,149,8.47
5466,BEVINAHALU,BNL,NSG6,GUNTAKAL,SCR,KURNOOL,ANDHRA PRADESH,9,149,8.47
5467,BHAKARAPETA,BKPT,NSG6,GUNTAKAL,SCR,Y.S.R. KADAPA,ANDHRA PRADESH,9,149,8.47
5468,BOMMASAMUDRAM,BUM,NSG6,GUNTAKAL,SCR,CHITTOOR,ANDHRA PRADESH,9,149,8.47
5469,BUGGANAPALLE CEMENT,BEY,NSG6,GUNTAKAL,SCR,NANDYAL,ANDHRA PRADESH,9,149,8.47
5470,CHALLAVARIPALLE,CLPE,NSG6,GUNTAKAL,SCR,ANANTAPUR,ANDHRA PRADESH,9,149,8.47
5471,CHANDRAGIRI,CGI,NSG6,GUNTAKAL,SCR,SRI BALAJI,ANDHRA PRADESH,9,149,8.47
5472,CHEGUNTA,CGTA,NSG6,GUNTAKAL,SCR,MAHABUBNAGAR,TELANGANA,9,149,8.47
5473,CHIGICHERLA,CCA,NSG6,GUNTAKAL,SCR,SRI SATYA SAI,ANDHRA PRADESH,9,149,8.47
5474,CHIKSUGUR,CK,NSG6,GUNTAKAL,SCR,RAICHUR,KARNATAKA,9,149,8.47
5475,CHINNEKUNTAPALLI,CCI,NSG6,GUNTAKAL,SCR,SRI SATYA SAI,ANDHRA PRADESH,9,149,8.47
5476,DAMALCHERUVU,DCU,NSG6,GUNTAKAL,SCR,SRI BALAJI,ANDHRA PRADESH,9,149,8.47
5477,EDDULADODDI,EDD,NSG6,GUNTAKAL,SCR,KURNOOL,ANDHRA PRADESH,9,149,8.47
5478,GANGAYAPALLE,GPY,NSG6,GUNTAKAL,SCR,Y.S.R. KADAPA,ANDHRA PRADESH,9,149,8.47
5479,GARLADINNE,GDE,NSG6,GUNTAKAL,SCR,ANANTAPUR,ANDHRA PRADESH,9,149,8.47
5480,GULAPALYAMU,GPU,NSG6,GUNTAKAL,SCR,ANANTAPUR,ANDHRA PRADESH,9,149,8.47
5481,HADDINAGUNDU,HDD,NSG6,GUNTAKAL,SCR,BALLARI,KARNATAKA,9,149,8.47
5482,HAGARI,HGI,NSG6,GUNTAKAL,SCR,BALLARI,KARNATAKA,9,149,8.47
5483,HASTAVARAMU,HAQ,NSG6,GUNTAKAL,SCR,ANNAMAYYA,ANDHRA PRADESH,9,149,8.47
5484,IRANAGALLU,EGU,NSG6,GUNTAKAL,SCR,KURNOOL,ANDHRA PRADESH,9,149,8.47
5485,ISIVI,ESV,NSG6,GUNTAKAL,SCR,KURNOOL,ANDHRA PRADESH,9,149,8.47
5486,JAKKALACHERUVU,JKO,NSG6,GUNTAKAL,SCR,ANANTAPUR,ANDHRA PRADESH,9,149,8.47
5487,JAMMALAMADUGU,JMDG,NSG6,GUNTAKAL,SCR,Y.S.R. KADAPA,ANDHRA PRADESH,9,149,8.47
5488,JUTURU,JUR,NSG6,GUNTAKAL,SCR,ANANTAPUR,ANDHRA PRADESH,9,149,8.47
5489,KALAMALLA,KMH,NSG6,GUNTAKAL,SCR,Y.S.R. KADAPA,ANDHRA PRADESH,9,149,8.47
5490,KALASAMUDRAM,KCM,NSG6,GUNTAKAL,SCR,SRI SATYA SAI,ANDHRA PRADESH,9,149,8.47
5491,KALIKIRI,KCI,NSG6,GUNTAKAL,SCR,ANNAMAYYA,ANDHRA PRADESH,9,149,8.47
5492,KALLURU,KLU,NSG6,GUNTAKAL,SCR,ANANTAPUR,ANDHRA PRADESH,9,149,8.47
5493,KAMALAPURAM,KKM,NSG6,GUNTAKAL,SCR,Y.S.R. KADAPA,ANDHRA PRADESH,9,149,8.47
5494,KANAMALOPALLE,KNLP,NSG6,GUNTAKAL,SCR,Y.S.R. KADAPA,ANDHRA PRADESH,9,149,8.47
5495,KHADARPET,KDT,NSG6,GUNTAKAL,SCR,ANANTAPUR,ANDHRA PRADESH,9,149,8.47
5496,KOILAKUNTLA,KLKA,NSG6,GUNTAKAL,SCR,NANDYAL,ANDHRA PRADESH,9,149,8.47
5497,KOMALI,KMQA,NSG6,GUNTAKAL,SCR,ANANTAPUR,ANDHRA PRADESH,9,149,8.47
5498,KONDAGUNTA,KQA,NSG6,GUNTAKAL,SCR,SRI BALAJI,ANDHRA PRADESH,9,149,8.47
5499,KONDAPURAM,KDP,NSG6,GUNTAKAL,SCR,Y.S.R. KADAPA,ANDHRA PRADESH,9,149,8.47
5500,KOSGI,KO,NSG6,GUNTAKAL,SCR,KURNOOL,ANDHRA PRADESH,9,149,8.47
5501,KRISHNAMMAKONA,KEF,NSG6,GUNTAKAL,SCR,NANDYAL,ANDHRA PRADESH,9,149,8.47
5502,KRISHNAPURAM,KPU,NSG6,GUNTAKAL,SCR,Y.S.R. KADAPA,ANDHRA PRADESH,9,149,8.47
5503,KUPGAL,KGL,NSG6,GUNTAKAL,SCR,KURNOOL,ANDHRA PRADESH,9,149,8.47
5504,KURABALAKOTA,KBA,NSG6,GUNTAKAL,SCR,ANNAMAYYA,ANDHRA PRADESH,9,149,8.47
5505,LINGIRI,LGRE,NSG6,GUNTAKAL,SCR,RAICHUR,KARNATAKA,9,149,8.47
5506,MADDIKERA,MKR,NSG6,GUNTAKAL,SCR,KURNOOL,ANDHRA PRADESH,9,149,8.47
5507,MADDURU,MADU,NSG6,GUNTAKAL,SCR,NANDYAL,ANDHRA PRADESH,9,149,8.47
5508,MALKAPURAM,MLK,NSG6,GUNTAKAL,SCR,KURNOOL,ANDHRA PRADESH,9,149,8.47
5509,MALLIYALA,MYL,NSG6,GUNTAKAL,SCR,KURNOOL,ANDHRA PRADESH,9,149,8.47
5510,MAMANDURU,MRM,NSG6,GUNTAKAL,SCR,SRI BALAJI,ANDHRA PRADESH,9,149,8.47
5511,MANGAPATNAM,MUM,NSG6,GUNTAKAL,SCR,Y.S.R. KADAPA,ANDHRA PRADESH,9,149,8.47
5512,MANTAPAMPALLE,MMPL,NSG6,GUNTAKAL,SCR,Y.S.R. KADAPA,ANDHRA PRADESH,9,149,8.47
5513,MARICHETHAL,MRC,NSG6,GUNTAKAL,SCR,RAICHUR,KARNATAKA,9,149,8.47
5514,MATMARI,MTU,NSG6,GUNTAKAL,SCR,RAICHUR,KARNATAKA,9,149,8.47
5515,MOLAGAVALLI,MGV,NSG6,GUNTAKAL,SCR,KURNOOL,ANDHRA PRADESH,9,149,8.47
5516,MUDIGUBBA,MGB,NSG6,GUNTAKAL,SCR,SRI SATYA SAI,ANDHRA PRADESH,9,149,8.47
5517,MULACALACHERUVU,MCU,NSG6,GUNTAKAL,SCR,ANNAMAYYA,ANDHRA PRADESH,9,149,8.47
5518,MUNGILIPATTU,MNPT,NSG6,GUNTAKAL,SCR,CHITTOOR,ANDHRA PRADESH,9,149,8.47
5519,NAGARUR,NRR,NSG6,GUNTAKAL,SCR,KURNOOL,ANDHRA PRADESH,9,149,8.47
5520,NAKKANADODDI,NKDO,NSG6,GUNTAKAL,SCR,ANANTAPUR,ANDHRA PRADESH,9,149,8.47
5521,NALLACHERUVU,NCU,NSG6,GUNTAKAL,SCR,SRI SATYA SAI,ANDHRA PRADESH,9,149,8.47
5522,NANCHERLA,NLA,NSG6,GUNTAKAL,SCR,KURNOOL,ANDHRA PRADESH,9,149,8.47
5523,NANDALUR,NRE,NSG6,GUNTAKAL,SCR,ANNAMAYYA,ANDHRA PRADESH,9,149,8.47
5524,NEMAKALLU,NMLU,NSG6,GUNTAKAL,SCR,KURNOOL,ANDHRA PRADESH,9,149,8.47
5525,NIDIGALLU,NDZ,NSG6,GUNTAKAL,SCR,SRI BALAJI,ANDHRA PRADESH,9,149,8.47
5526,NOSSAM,NOSM,NSG6,GUNTAKAL,SCR,NANDYAL,ANDHRA PRADESH,9,149,8.47
5527,OBULAVARIPALLI,OBVP,NSG6,GUNTAKAL,SCR,ANNAMAYYA,ANDHRA PRADESH,9,149,8.47
5528,ONTIMITTA,VNM,NSG6,GUNTAKAL,SCR,Y.S.R. KADAPA,ANDHRA PRADESH,9,149,8.47
5529,PAGIDIRAI,PGDI,NSG6,GUNTAKAL,SCR,KURNOOL,ANDHRA PRADESH,9,149,8.47
5530,PAMIDI,PMD,NSG6,GUNTAKAL,SCR,ANANTAPUR,ANDHRA PRADESH,9,149,8.47
5531,PANAPAKAM,PAM,NSG6,GUNTAKAL,SCR,SRI BALAJI,ANDHRA PRADESH,9,149,8.47
5532,PANYAM,PNM,NSG6,GUNTAKAL,SCR,NANDYAL,ANDHRA PRADESH,9,149,8.47
5533,PATAKOTTACHERUVU,PLU,NSG6,GUNTAKAL,SCR,ANANTAPUR,ANDHRA PRADESH,9,149,8.47
5534,PENDEKALLU,PDL,NSG6,GUNTAKAL,SCR,KURNOOL,ANDHRA PRADESH,9,149,8.47
5535,PILER,PIL,NSG6,GUNTAKAL,SCR,ANNAMAYYA,ANDHRA PRADESH,9,149,8.47
5536,PRASANNAYANAPALLI,PSPY,NSG6,GUNTAKAL,SCR,ANANTAPUR,ANDHRA PRADESH,9,149,8.47
5537,PRODDATUR,PRDT,NSG6,GUNTAKAL,SCR,Y.S.R. KADAPA,ANDHRA PRADESH,9,149,8.47
5538,PULICHERLA,PCL,NSG6,GUNTAKAL,SCR,CHITTOOR,ANDHRA PRADESH,9,149,8.47
5539,PULLAMPET,PMT,NSG6,GUNTAKAL,SCR,ANNAMAYYA,ANDHRA PRADESH,9,149,8.47
5540,PUTALAPATTU,PTT,NSG6,GUNTAKAL,SCR,CHITTOOR,ANDHRA PRADESH,9,149,8.47
5541,RACHAGUNNERI,RCG,NSG6,GUNTAKAL,SCR,SRI BALAJI,ANDHRA PRADESH,9,149,8.47
5542,RAMAPURAM,RAM,NSG6,GUNTAKAL,SCR,CHITTOOR,ANDHRA PRADESH,9,149,8.47
5543,RANGAPURAM,RGM,NSG6,GUNTAKAL,SCR,NANDYAL,ANDHRA PRADESH,9,149,8.47
5544,RAYALCHERUVU,RLO,NSG6,GUNTAKAL,SCR,ANANTAPUR,ANDHRA PRADESH,9,149,8.47
5545,REGADIPALLI,RLL,NSG6,GUNTAKAL,SCR,Y.S.R. KADAPA,ANDHRA PRADESH,9,149,8.47
5546,S.UPPALAPADU,SUPP,NSG6,GUNTAKAL,SCR,Y.S.R. KADAPA,ANDHRA PRADESH,9,149,8.47
5547,SANJAMALA,SJMA,NSG6,GUNTAKAL,SCR,NANDYAL,ANDHRA PRADESH,9,149,8.47
5548,SETTIGUNTA,SF,NSG6,GUNTAKAL,SCR,ANNAMAYYA,ANDHRA PRADESH,9,149,8.47
5549,SIDDAMPALLI,SIE,NSG6,GUNTAKAL,SCR,CHITTOOR,ANDHRA PRADESH,9,149,8.47
5550,TANAKALLU,TKU,NSG6,GUNTAKAL,SCR,ANANTAPUR,ANDHRA PRADESH,9,149,8.47
5551,TATICHERLA,TAC,NSG6,GUNTAKAL,SCR,ANANTAPUR,ANDHRA PRADESH,9,149,8.47
5552,THANGUNDI,TGDE,NSG6,GUNTAKAL,SCR,YADGIR,KARNATAKA,9,149,8.47
5553,TIMMANACHERLA,TIM,NSG6,GUNTAKAL,SCR,ANANTAPUR,ANDHRA PRADESH,9,149,8.47
5554,TIRUCHANUR,TCNR,NSG6,GUNTAKAL,SCR,SRI BALAJI,ANDHRA PRADESH,9,149,8.47
5555,TUGGALI,TGL,NSG6,GUNTAKAL,SCR,KURNOOL,ANDHRA PRADESH,9,149,8.47
5556,TUMMANAMGUTTA,TAT,NSG6,GUNTAKAL,SCR,ANNAMAYYA,ANDHRA PRADESH,9,149,8.47
5557,TURKAPALLI,TKPY,NSG6,GUNTAKAL,SCR,ANANTAPUR,ANDHRA PRADESH,9,149,8.47
5558,VANGANUR,VRN,NSG6,GUNTAKAL,SCR,ANANTAPUR,ANDHRA PRADESH,9,149,8.47
5559,VAYALPAD,VLD,NSG6,GUNTAKAL,SCR,ANNAMAYYA,ANDHRA PRADESH,9,149,8.47
5560,VEMULAPADU,VML,NSG6,GUNTAKAL,SCR,ANANTAPUR,ANDHRA PRADESH,9,149,8.47
5561,VENDODU,VDD,NSG6,GUNTAKAL,SCR,SRI BALAJI,ANDHRA PRADESH,9,149,8.47
5562,VENKATAMPALLE,VPL,NSG6,GUNTAKAL,SCR,ANANTAPUR,ANDHRA PRADESH,9,149,8.47
5563,VIRAPUR,VP,NSG6,GUNTAKAL,SCR,BALLARI,KARNATAKA,9,149,8.47
5564,YADLAPUR,YDLP,NSG6,GUNTAKAL,SCR,RAICHUR,KARNATAKA,9,149,8.47
5565,YELLAKARU,YLK,NSG6,GUNTAKAL,SCR,SRI BALAJI,ANDHRA PRADESH,9,149,8.47
5566,YERMARAS,YS,NSG6,GUNTAKAL,SCR,RAICHUR,KARNATAKA,9,149,8.47
5567,YERPEDU,YPD,NSG6,GUNTAKAL,SCR,SRI BALAJI,ANDHRA PRADESH,9,149,8.47
5568,YERRAGUDIPAD,YGD,NSG6,GUNTAKAL,SCR,Y.S.R. KADAPA,ANDHRA PRADESH,9,149,8.47
5569,ZANGALAPALLE,ZPL,NSG6,GUNTAKAL,SCR,ANANTAPUR,ANDHRA PRADESH,9,149,8.47
5570,ALWAL,ALW,HG2,HYDERABAD,SCR,MEDCHAL-MALKAJGIRI,TELANGANA,2,110,8.47
5571,BOLARAM BAZAR,BOZ,HG2,HYDERABAD,SCR,MEDCHAL-MALKAJGIRI,TELANGANA,2,110,8.47
5572,DAYANAND NAGAR,DYE,HG2,HYDERABAD,SCR,MEDCHAL-MALKAJGIRI,TELANGANA,2,110,8.47
5573,GANDHI PARK BODHAN,GPBN,HG2,HYDERABAD,SCR,BODHAN,TELANGANA,2,110,8.47
5574,KOTLA,KOLA,HG2,HYDERABAD,SCR,KURNOOL,ANDHRA PRADESH,2,110,8.47
5575,LALLAGUDA GATE,LGDH,HG2,HYDERABAD,SCR,MEDCHAL-MALKAJGIRI,TELANGANA,2,110,8.47
5576,RAMAKISTA PURAM,RKO,HG2,HYDERABAD,SCR,MEDCHAL-MALKAJGIRI,TELANGANA,2,110,8.47
5577,SAFILGUDA,SFX,HG2,HYDERABAD,SCR,MEDCHAL-MALKAJGIRI,TELANGANA,2,110,8.47
5578,SRINIVASNAGAR,SHAN,HG2,HYDERABAD,SCR,MEDAK,TELANGANA,2,110,8.47
5579,AJJAKOLLU,AJK,HG3,HYDERABAD,SCR,WANAPARTHI,TELANGANA,3,110,8.47
5580,AMMUGUDA,AMQ,HG3,HYDERABAD,SCR,MEDCHAL-MALKAJGIRI,TELANGANA,3,110,8.47
5581,AREPALLI,ARPL,HG3,HYDERABAD,SCR,WANAPARTHI,TELANGANA,3,110,8.47
5582,BRAHMAN PALLI,BMPL,HG3,HYDERABAD,SCR,MEDAK,TELANGANA,3,110,8.47
5583,BURUGULA,BRGL,HG3,HYDERABAD,SCR,RANGAREDDY,TELANGANA,3,110,8.47
5584,DABILPUR,DBV,HG3,HYDERABAD,SCR,MEDCHAL-MALKAJGIRI,TELANGANA,3,110,8.47
5585,FAKRABAD,FKB,HG3,HYDERABAD,SCR,NIZAMABAD,TELANGANA,3,110,8.47
5586,GOWDAVALLI,GWV,HG3,HYDERABAD,SCR,MEDCHAL-MALKAJGIRI,TELANGANA,3,110,8.47
5587,HBL NAGAR,HBLN,HG3,HYDERABAD,SCR,RANGAREDDY,TELANGANA,3,110,8.47
5588,IRANAGARAM,IAGM,HG3,HYDERABAD,SCR,SIDDIPET,TELANGANA,3,110,8.47
5589,KONNUR,KONN,HG3,HYDERABAD,SCR,WANAPARTHI,TELANGANA,3,110,8.47
5590,KOTAKADRA,KTKA,HG3,HYDERABAD,SCR,MAHBUBNAGAR,TELANGANA,3,110,8.47
5591,KOTTUR,KTTR,HG3,HYDERABAD,SCR,MAHBUBNAGAR,TELANGANA,3,110,8.47
5592,KUNSI,KUSI,HG3,HYDERABAD,SCR,NARAYANPET,TELANGANA,3,110,8.47
5593,KURUMURTHI,KXI,HG3,HYDERABAD,SCR,MAHBUBNAGAR,TELANGANA,3,110,8.47
5594,LAXMPUR,LSMP,HG3,HYDERABAD,SCR,MEDAK,TELANGANA,3,110,8.47
5595,MAGANOOR,MNDK,HG3,HYDERABAD,SCR,MAHBUBNAGAR,TELANGANA,3,110,8.47
5596,MAHABUBNAGAR TOWN,MHBT,HG3,HYDERABAD,SCR,MAHBUBNAGAR,TELANGANA,3,110,8.47
5597,NACHARAM,NCRM,HG3,HYDERABAD,SCR,SIDDIPET,TELANGANA,3,110,8.47
5598,PEDDADINNE,PDNA,HG3,HYDERABAD,SCR,JOGULAMBA GADWAL,TELANGANA,3,110,8.47
5599,RAJAPUR,RJAP,HG3,HYDERABAD,SCR,MAHBUBNAGAR,TELANGANA,3,110,8.47
5600,RANGAREDDYGUDA,RRGA,HG3,HYDERABAD,SCR,MAHBUBNAGAR,TELANGANA,3,110,8.47
5601,SAMRALA,SQE,HG3,HYDERABAD,SCR,NANDED,MAHARASHTRA,3,110,8.47
5602,SHAMNAPUR,SMAP,HG3,HYDERABAD,SCR,MEDAK,TELANGANA,3,110,8.47
5603,SHELGAON,SLGH,HG3,HYDERABAD,SCR,NANDED,MAHARASHTRA,3,110,8.47
5604,SHIVARAMPALLY,NSVP,HG3,HYDERABAD,SCR,RANGAREDDY,TELANGANA,3,110,8.47
5605,TIPPAPUR,THPR,HG3,HYDERABAD,SCR,KAMAREDDI,TELANGANA,3,110,8.47
5606,YENUGONDA,YNG,HG3,HYDERABAD,SCR,MAHBUBNAGAR,TELANGANA,3,110,8.47
5607,KACHEGUDA,KCG,NSG2,HYDERABAD,SCR,HYDERABAD,TELANGANA,5,110,8.47
5608,NIZAMABAD,NZB,NSG3,HYDERABAD,SCR,NIZAMABAD,TELANGANA,6,110,8.47
5609,BASAR,BSX,NSG4,HYDERABAD,SCR,NIRMAL,TELANGANA,7,110,8.47
5610,KURNOOL TOWN,KRNT,NSG4,HYDERABAD,SCR,KURNOOL,ANDHRA PRADESH,7,110,8.47
5611,BOLARAM,BMO,NSG5,HYDERABAD,SCR,MEDCHAL-MALKAJGIRI,TELANGANA,8,110,8.47
5612,DHARMABAD,DAB,NSG5,HYDERABAD,SCR,NANDED,MAHARASHTRA,8,110,8.47
5613,GADWAL,GWD,NSG5,HYDERABAD,SCR,JOGULAMBA GADWAL,TELANGANA,8,110,8.47
5614,JADCHERLA,JCL,NSG5,HYDERABAD,SCR,MAHBUBNAGAR,TELANGANA,8,110,8.47
5615,KAMAREDDI,KMC,NSG5,HYDERABAD,SCR,KAMAREDDI,TELANGANA,8,110,8.47
5616,MAHABOOBNAGAR,MBNR,NSG5,HYDERABAD,SCR,MAHBUBNAGAR,TELANGANA,8,110,8.47
5617,MALKAJGIRI,MJF,NSG5,HYDERABAD,SCR,MEDCHAL-MALKAJGIRI,TELANGANA,8,110,8.47
5618,MEDCHAL,MED,NSG5,HYDERABAD,SCR,MEDCHAL-MALKAJGIRI,TELANGANA,8,110,8.47
5619,SHADNAGAR,SHNR,NSG5,HYDERABAD,SCR,RANGAREDDY,TELANGANA,8,110,8.47
5620,UMDANAGAR,UR,NSG5,HYDERABAD,SCR,HYDERABAD,TELANGANA,8,110,8.47
5621,UMRI,UMRI,NSG5,HYDERABAD,SCR,NANDED,MAHARASHTRA,8,110,8.47
5622,WANPARTHI ROAD,WPR,NSG5,HYDERABAD,SCR,WANAPARTHI,TELANGANA,8,110,8.47
5623,AKANAPET,AKE,NSG6,HYDERABAD,SCR,MEDAK,TELANGANA,9,110,8.47
5624,ALAMPUR ROAD,ALPR,NSG6,HYDERABAD,SCR,JOGULAMBA GADWAL,ANDHRA PRADESH,9,110,8.47
5625,ALLUGUNDU,ALGU,NSG6,HYDERABAD,SCR,JOGULAMBA GADWAL,TELANGANA,9,110,8.47
5626,BALANAGAR,BABR,NSG6,HYDERABAD,SCR,MAHBUBNAGAR,TELANGANA,9,110,8.47
5627,BHIKNUR,BKU,NSG6,HYDERABAD,SCR,KAMAREDDI,TELANGANA,9,110,8.47
5628,BODHAN,BDHN,NSG6,HYDERABAD,SCR,BODHAN,TELANGANA,9,110,8.47
5629,BOGOLU,BVO,NSG6,HYDERABAD,SCR,KURNOOL,TELANGANA,9,110,8.47
5630,BOLSA,BLSA,NSG6,HYDERABAD,SCR,NANDED,MAHARASHTRA,9,110,8.47
5631,BUDVEL,BDVL,NSG6,HYDERABAD,SCR,HYDERABAD,TELANGANA,9,110,8.47
5632,CAVALARY BARRACKS,CVB,NSG6,HYDERABAD,SCR,HYDERABAD,TELANGANA,9,110,8.47
5633,DEVARKADRA,DKC,NSG6,HYDERABAD,SCR,MAHBUBNAGAR,TELANGANA,9,110,8.47
5634,DICHAPALLI,DHP,NSG6,HYDERABAD,SCR,NIZAMABAD,TELANGANA,9,110,8.47
5635,DIVTIPALLI,DTP,NSG6,HYDERABAD,SCR,MAHBUBNAGAR,TELANGANA,9,110,8.47
5636,DUPADU,DUU,NSG6,HYDERABAD,SCR,KURNOOL,ANDHRA PRADESH,9,110,8.47
5637,GAJWEL,GJWL,NSG6,HYDERABAD,SCR,SIDDIPET,TELANGANA,9,110,8.47
5638,GOLLAPALLI,GLY,NSG6,HYDERABAD,SCR,MAHBUBNAGAR,TELANGANA,9,110,8.47
5639,GUNDLA POCHAMPALLI,GDPL,NSG6,HYDERABAD,SCR,HYDERABAD,TELANGANA,9,110,8.47
5640,INDALVAI,IDL,NSG6,HYDERABAD,SCR,NIZAMABAD,TELANGANA,9,110,8.47
5641,ITIKYALA,IKI,NSG6,HYDERABAD,SCR,JOGULAMBA GADWAL,TELANGANA,9,110,8.47
5642,JAKLAIR,JKAR,NSG6,HYDERABAD,SCR,NARAYANPET,TELANGANA,9,110,8.47
5643,JANKAMPET JN.,JKM,NSG6,HYDERABAD,SCR,NIZAMABAD,TELANGANA,9,110,8.47
5644,JUKAL,JKTP,NSG6,HYDERABAD,SCR,RANGAREDDY,TELANGANA,9,110,8.47
5645,KARKHELI,KEK,NSG6,HYDERABAD,SCR,NANDED,MAHARASHTRA,9,110,8.47
5646,KAUKUNTLA,KQQ,NSG6,HYDERABAD,SCR,MAHBUBNAGAR,TELANGANA,9,110,8.47
5647,MAKTHAL,MKTL,NSG6,HYDERABAD,SCR,NARAYANPET,TELANGANA,9,110,8.47
5648,MANOHARABAD,MOB,NSG6,HYDERABAD,SCR,MEDAK,TELANGANA,9,110,8.47
5649,MANOPAD,MOA,NSG6,HYDERABAD,SCR,JOGULAMBA GADWAL,TELANGANA,9,110,8.47
5650,MANYAMKONDA,MQN,NSG6,HYDERABAD,SCR,MAHBUBNAGAR,TELANGANA,9,110,8.47
5651,MARIKAL,MRKL,NSG6,HYDERABAD,SCR,NARAYANPET,TELANGANA,9,110,8.47
5652,MASAIPET,ME,NSG6,HYDERABAD,SCR,MEDAK,TELANGANA,9,110,8.47
5653,MEDAK,MDAK,NSG6,HYDERABAD,SCR,MEDAK,TELANGANA,9,110,8.47
5654,MIRZAPALLI,MZL,NSG6,HYDERABAD,SCR,MEDAK,TELANGANA,9,110,8.47
5655,NAVIPET,NVT,NSG6,HYDERABAD,SCR,NIZAMABAD,TELANGANA,9,110,8.47
5656,PANDURANGASWAMY ROAD,PASR,NSG6,HYDERABAD,SCR,JOGULAMBA GADWAL,TELANGANA,9,110,8.47
5657,PERUR,PERR,NSG6,HYDERABAD,SCR,MAHBUBNAGAR,TELANGANA,9,110,8.47
5658,POODOOR,PDO,NSG6,HYDERABAD,SCR,JOGULAMBA GADWAL,TELANGANA,9,110,8.47
5659,POTHULAPADU,PUPU,NSG6,HYDERABAD,SCR,JOGULAMBA GADWAL,TELANGANA,9,110,8.47
5660,S.B.B. JOGULAMBA,SBBJ,NSG6,HYDERABAD,SCR,JOGULAMBA GADWAL,TELANGANA,9,110,8.47
5661,SIRNAPALLI,SCP,NSG6,HYDERABAD,SCR,KAMAREDDI,TELANGANA,9,110,8.47
5662,SIVUNGAON,SVN,NSG6,HYDERABAD,SCR,NANDED,MAHARASHTRA,9,110,8.47
5663,SRI RAMANAGAR,SRNR,NSG6,HYDERABAD,SCR,JOGULAMBA GADWAL,TELANGANA,9,110,8.47
5664,TALMADLA,TMD,NSG6,HYDERABAD,SCR,KAMAREDDI,TELANGANA,9,110,8.47
5665,TIMMAPUR,TMX,NSG6,HYDERABAD,SCR,RANGAREDDY,TELANGANA,9,110,8.47
5666,ULINDAKONDA,UKD,NSG6,HYDERABAD,SCR,KURNOOL,TELANGANA,9,110,8.47
5667,UPPLAVAI,UPW,NSG6,HYDERABAD,SCR,KAMAREDDI,TELANGANA,9,110,8.47
5668,VELDURTHI,VDI,NSG6,HYDERABAD,SCR,KURNOOL,ANDHRA PRADESH,9,110,8.47
5669,VEMULA,VEML,NSG6,HYDERABAD,SCR,JOGULAMBA GADWAL,TELANGANA,9,110,8.47
5670,WADIARAM,WDR,NSG6,HYDERABAD,SCR,MEDAK,TELANGANA,9,110,8.47
5671,ARTS COLLEGE,ATC,SG3,HYDERABAD,SCR,HYDERABAD,TELANGANA,12,110,8.47
5672,DABIRPURA,DQR,SG3,HYDERABAD,SCR,HYDERABAD,TELANGANA,12,110,8.47
5673,FALAKNUMA,FM,SG3,HYDERABAD,SCR,HYDERABAD,TELANGANA,12,110,8.47
5674,HUPPUGUDA,HPG,SG3,HYDERABAD,SCR,HYDERABAD,TELANGANA,12,110,8.47
5675,JAMAI OSMANIA,JOO,SG3,HYDERABAD,SCR,HYDERABAD,TELANGANA,12,110,8.47
5676,MALAKPET,MXT,SG3,HYDERABAD,SCR,HYDERABAD,TELANGANA,12,110,8.47
5677,SITAPHALMANDI,STPD,SG3,HYDERABAD,SCR,HYDERABAD,TELANGANA,12,110,8.47
5678,VIDYA NAGAR,VAR,SG3,HYDERABAD,SCR,HYDERABAD,TELANGANA,12,110,8.47
5679,YAKUTPURA,YKA,SG3,HYDERABAD,SCR,HYDERABAD,TELANGANA,12,110,8.47
5680,PANGARSHINDE HALT,PNSD,HG2,NANDED,SCR,HINGOLI,MAHARASHTRA,2,89,8.47
5681,DEVTHANA HALT,DVN,HG3,NANDED,SCR,NANDED,MAHARASHTRA,3,89,8.47
5682,DHONDI,DNDI,HG3,NANDED,SCR,PARBHANI,MAHARASHTRA,3,89,8.47
5683,JAMBHALI HALT,JMBL,HG3,NANDED,SCR,NANDED,MAHARASHTRA,3,89,8.47
5684,JIRONA HALT,JXN,HG3,NANDED,SCR,NANDED,MAHARASHTRA,3,89,8.47
5685,JULGAON (DECEAN),JLG,HG3,NANDED,SCR,NANDED,MAHARASHTRA,3,89,8.47
5686,JUNONA HALT,JUNX,HG3,NANDED,SCR,HINGOLI,MAHARASHTRA,3,89,8.47
5687,KANNJARA HALT,KNJJ,HG3,NANDED,SCR,HINGOLI,MAHARASHTRA,3,89,8.47
5688,KHADKI BAZAR H,KDBR,HG3,NANDED,SCR,NANDED,MAHARASHTRA,3,89,8.47
5689,MADANAPUR HALT,MDPJ,HG3,NANDED,SCR,NANDED,MAHARASHTRA,3,89,8.47
5690,MAHIMBA,MHMB,HG3,NANDED,SCR,NANDED,MAHARASHTRA,3,89,8.47
5691,PARADGAON HALT,PDG,HG3,NANDED,SCR,JALNA,MAHARASHTRA,3,89,8.47
5692,PARWAKHURD HALT,PRWA,HG3,NANDED,SCR,NANDED,MAHARASHTRA,3,89,8.47
5693,PATHRAD HALT,PARD,HG3,NANDED,SCR,NANDED,MAHARASHTRA,3,89,8.47
5694,SANGANNAPUR,SNGR,HG3,NANDED,SCR,PARBHANI,MAHARASHTRA,3,89,8.47
5695,TALAMADUGU,TLMG,HG3,NANDED,SCR,ADILABAD,TELANGANA,3,89,8.47
5696,UKHALI,UKH,HG3,NANDED,SCR,PARBHANI,MAHARASHTRA,3,89,8.47
5697,WANEGAON HALT,WNG,HG3,NANDED,SCR,NANDED,MAHARASHTRA,3,89,8.47
5698,H SAHIB NANDED,NED,NSG2,NANDED,SCR,NANDED,MAHARASHTRA,5,89,8.47
5699,AURANGABAD,AWB,NSG3,NANDED,SCR,AURANGABAD,MAHARASHTRA,6,89,8.47
5700,NAGARSOL,NSL,NSG3,NANDED,SCR,NASHIK,MAHARASHTRA,6,89,8.47
5701,PARBHANI JN.,PBN,NSG3,NANDED,SCR,PARBHANI,MAHARASHTRA,6,89,8.47
5702,JALNA,J,NSG4,NANDED,SCR,JALNA,MAHARASHTRA,7,89,8.47
5703,PURNA JN.,PAU,NSG4,NANDED,SCR,PARBHANI,MAHARASHTRA,7,89,8.47
5704,ADILABAD,ADB,NSG5,NANDED,SCR,ADILABAD,TELANGANA,8,89,8.47
5705,BASMAT,BMF,NSG5,NANDED,SCR,HINGOLI,MAHARASHTRA,8,89,8.47
5706,BHOKAR,BOKR,NSG5,NANDED,SCR,NANDED,MAHARASHTRA,8,89,8.47
5707,GANGAKHER,GNH,NSG5,NANDED,SCR,PARBHANI,MAHARASHTRA,8,89,8.47
5708,HIMAYATNAGAR (DECCAN,HEM,NSG5,NANDED,SCR,NANDED,MAHARASHTRA,8,89,8.47
5709,HINGOLI DECCAN,HNL,NSG5,NANDED,SCR,HINGOLI,MAHARASHTRA,8,89,8.47
5710,KINWAT,KNVT,NSG5,NANDED,SCR,NANDED,MAHARASHTRA,8,89,8.47
5711,MANWATH ROAD,MVO,NSG5,NANDED,SCR,PARBHANI,MAHARASHTRA,8,89,8.47
5712,MUDKHED JN.,MUE,NSG5,NANDED,SCR,NANDED,MAHARASHTRA,8,89,8.47
5713,MUKUNDWADI,MKDD,NSG5,NANDED,SCR,AURANGABAD,MAHARASHTRA,8,89,8.47
5714,PARTUR,PTU,NSG5,NANDED,SCR,JALNA,MAHARASHTRA,8,89,8.47
5715,ROTEGAON,RGO,NSG5,NANDED,SCR,AURANGABAD,MAHARASHTRA,8,89,8.47
5716,SAHASRAKUND,SHSK,NSG5,NANDED,SCR,NANDED,MAHARASHTRA,8,89,8.47
5717,SELU,SELU,NSG5,NANDED,SCR,PARBHANI,MAHARASHTRA,8,89,8.47
5718,WASHIM,WHM,NSG5,NANDED,SCR,WASHIM,MAHARASHTRA,8,89,8.47
5719,AMAN VADI,AMW,NSG6,NANDED,SCR,WASHIM,MAHARASHTRA,9,89,8.47
5720,AMBARI,ABX,NSG6,NANDED,SCR,NANDED,MAHARASHTRA,9,89,8.47
5721,BADNAPUR,BDU,NSG6,NANDED,SCR,JALNA,MAHARASHTRA,9,89,8.47
5722,BARSI TAKLI,BSQ,NSG6,NANDED,SCR,AKOLA,MAHARASHTRA,9,89,8.47
5723,BIMBARI,BMBE,NSG6,NANDED,SCR,NANDED,MAHARASHTRA,9,89,8.47
5724,BODHADI BUJRUG,BHBK,NSG6,NANDED,SCR,NANDED,MAHARASHTRA,9,89,8.47
5725,BOLDA,BLC,NSG6,NANDED,SCR,HINGOLI,MAHARASHTRA,9,89,8.47
5726,CHIKALTHAN,CTH,NSG6,NANDED,SCR,AURANGABAD,MAHARASHTRA,9,89,8.47
5727,CHONDI,CWI,NSG6,NANDED,SCR,HINGOLI,MAHARASHTRA,9,89,8.47
5728,CHUDAWA,CRU,NSG6,NANDED,SCR,PARBHANI,MAHARASHTRA,9,89,8.47
5729,DAULATABAD,DLB,NSG6,NANDED,SCR,AURANGABAD,MAHARASHTRA,9,89,8.47
5730,DENGLI PIMPALGAON,DGPP,NSG6,NANDED,SCR,PARBHANI,MAHARASHTRA,9,89,8.47
5731,DEVALGAON AVCHAR,DAV,NSG6,NANDED,SCR,PARBHANI,MAHARASHTRA,9,89,8.47
5732,DHAMNI,DNE,NSG6,NANDED,SCR,HINGOLI,MAHARASHTRA,9,89,8.47
5733,DHANORA (DECCAN),DHNR,NSG6,NANDED,SCR,NANDED,MAHARASHTRA,9,89,8.47
5734,HADGON ROAD,HDGR,NSG6,NANDED,SCR,NANDED,MAHARASHTRA,9,89,8.47
5735,JAULKA,JUK,NSG6,NANDED,SCR,WASHIM,MAHARASHTRA,9,89,8.47
5736,KANHARGOAN NAKA,KNRG,NSG6,NANDED,SCR,HINGOLI,MAHARASHTRA,9,89,8.47
5737,KARANJGAON,KAJG,NSG6,NANDED,SCR,AURANGABAD,MAHARASHTRA,9,89,8.47
5738,KARMAD,KMV,NSG6,NANDED,SCR,AURANGABAD,MAHARASHTRA,9,89,8.47
5739,KATA ROAD,KXX,NSG6,NANDED,SCR,WASHIM,MAHARASHTRA,9,89,8.47
5740,KEKATUMAR,KKG,NSG6,NANDED,SCR,WASHIM,MAHARASHTRA,9,89,8.47
5741,KODI,KODI,NSG6,NANDED,SCR,JALNA,MAHARASHTRA,9,89,8.47
5742,KOSAI,KSAE,NSG6,NANDED,SCR,ADILABAD,TELANGANA,9,89,8.47
5743,LASUR,LSR,NSG6,NANDED,SCR,AURANGABAD,MAHARASHTRA,9,89,8.47
5744,LIMBGAON,LBG,NSG6,NANDED,SCR,NANDED,MAHARASHTRA,9,89,8.47
5745,LOHOGAD,LHD,NSG6,NANDED,SCR,AKOLA,MAHARASHTRA,9,89,8.47
5746,MALSAILU,MLSU,NSG6,NANDED,SCR,HINGOLI,MAHARASHTRA,9,89,8.47
5747,MALTEKDI,MTDI,NSG6,NANDED,SCR,NANDED,MAHARASHTRA,9,89,8.47
5748,MARSUL,MRV,NSG6,NANDED,SCR,PARBHANI,MAHARASHTRA,9,89,8.47
5749,MIRKHAL,MQL,NSG6,NANDED,SCR,PARBHANI,MAHARASHTRA,9,89,8.47
5750,MUGAT,MGC,NSG6,NANDED,SCR,NANDED,MAHARASHTRA,9,89,8.47
5751,NANDAPUR,NDPR,NSG6,NANDED,SCR,HINGOLI,MAHARASHTRA,9,89,8.47
5752,NAVALGAON,NVLN,NSG6,NANDED,SCR,HINGOLI,MAHARASHTRA,9,89,8.47
5753,PARSODA,PSD,NSG6,NANDED,SCR,AURANGABAD,MAHARASHTRA,9,89,8.47
5754,PENGANGA,PGG,NSG6,NANDED,SCR,WASHIM,MAHARASHTRA,9,89,8.47
5755,PERGAON,PG,NSG6,NANDED,SCR,PARBHANI,MAHARASHTRA,9,89,8.47
5756,PINGLI,PIZ,NSG6,NANDED,SCR,PARBHANI,MAHARASHTRA,9,89,8.47
5757,POKAMI NARSIMHA,PKNS,NSG6,NANDED,SCR,PARBHANI,MAHARASHTRA,9,89,8.47
5758,POTUL,POZ,NSG6,NANDED,SCR,AURANGABAD,MAHARASHTRA,9,89,8.47
5759,RANJANI,RNE,NSG6,NANDED,SCR,JALNA,MAHARASHTRA,9,89,8.47
5760,SARWARI,SVD,NSG6,NANDED,SCR,JALNA,MAHARASHTRA,9,89,8.47
5761,SATUNA,SCO,NSG6,NANDED,SCR,JALNA,MAHARASHTRA,9,89,8.47
5762,SHIVNI SHIVAPUR,SVW,NSG6,NANDED,SCR,AKOLA,MAHARASHTRA,9,89,8.47
5763,SIRLI,SIF,NSG6,NANDED,SCR,HINGOLI,MAHARASHTRA,9,89,8.47
5764,TARUR,TR,NSG6,NANDED,SCR,NASHIK,MAHARASHTRA,9,89,8.47
5765,THERBAN,TBU,NSG6,NANDED,SCR,NANDED,MAHARASHTRA,9,89,8.47
5766,UMRAM,UMM,NSG6,NANDED,SCR,ADILABAD,TELANGANA,9,89,8.47
5767,USMANPUR,UPR,NSG6,NANDED,SCR,JALNA,MAHARASHTRA,9,89,8.47
5768,VADGAON NILA,WDN,NSG6,NANDED,SCR,PARBHANI,MAHARASHTRA,9,89,8.47
5769,GANDHIPURAM HALT,GHPU,HG2,SECUNDERABAD,SCR,KHAMMAM,TELANGANA,2,145,8.47
5770,KUMTHA KHURD,KTKR,HG2,SECUNDERABAD,SCR,LATUR,MAHARASHTRA,2,145,8.47
5771,ODELA,OEA,HG2,SECUNDERABAD,SCR,PEDDAPALLI,TELANGANA,2,145,8.47
5772,AMBIKA ROHINA,AMBR,HG3,SECUNDERABAD,SCR,LATUR,MAHARASHTRA,3,145,8.47
5773,KANAJI H,KNAJ,HG3,SECUNDERABAD,SCR,BIDAR,KARNATAKA,3,145,8.47
5774,KAREPUR HALT,KRPR,HG3,SECUNDERABAD,SCR,LATUR,MAHARASHTRA,3,145,8.47
5775,KOTTAPALLI,KYOP,HG3,SECUNDERABAD,SCR,PEDDAPALLI,TELANGANA,3,145,8.47
5776,NAGALWANCHA,NVC,HG3,SECUNDERABAD,SCR,KHAMMAM,TELANGANA,3,145,8.47
5777,RAVALPALLI KALAN,RPK,HG3,SECUNDERABAD,SCR,RANGA REDDY,TELANGANA,3,145,8.47
5778,WADWAL NAGNATH HALT,WDLN,HG3,SECUNDERABAD,SCR,LATUR,MAHARASHTRA,3,145,8.47
5779,SECUNDERABAD JN.,SC,NSG1,SECUNDERABAD,SCR,HYDERABAD,TELANGANA,4,145,8.47
5780,HYDERABAD DECCAN,HYB,NSG2,SECUNDERABAD,SCR,HYDERABAD,TELANGANA,5,145,8.47
5781,KAZIPET JN.,KZJ,NSG3,SECUNDERABAD,SCR,HANUMAKONDA,TELANGANA,6,145,8.47
5782,KHAMMAM,KMT,NSG3,SECUNDERABAD,SCR,KHAMMAM,TELANGANA,6,145,8.47
5783,LINGAMPALLI,LPI,NSG3,SECUNDERABAD,SCR,RANGA REDDY,TELANGANA,6,145,8.47
5784,WARANGAL,WL,NSG3,SECUNDERABAD,SCR,WARANGAL,TELANGANA,6,145,8.47
5785,BEGAMPET,BMT,NSG4,SECUNDERABAD,SCR,HYDERABAD,TELANGANA,7,145,8.47
5786,BHADRACHALAM ROAD,BDCR,NSG4,SECUNDERABAD,SCR,BHADRADRI KOTHAGUDEM,TELANGANA,7,145,8.47
5787,BIDAR,BIDR,NSG4,SECUNDERABAD,SCR,BIDAR,KARNATAKA,7,145,8.47
5788,MAHBUBABAD,MABD,NSG4,SECUNDERABAD,SCR,MAHABUBABAD,TELANGANA,7,145,8.47
5789,MANCHIRYAL,MCI,NSG4,SECUNDERABAD,SCR,MANCHERIAL,TELANGANA,7,145,8.47
5790,PARLI VAIJNATH,PRLI,NSG4,SECUNDERABAD,SCR,BEED,MAHARASHTRA,7,145,8.47
5791,RAMAGUNDAM,RDM,NSG4,SECUNDERABAD,SCR,PEDDAPALLI,TELANGANA,7,145,8.47
5792,TANDUR,TDU,NSG4,SECUNDERABAD,SCR,VIKARABAD,TELANGANA,7,145,8.47
5793,VIKARABAD JN,VKB,NSG4,SECUNDERABAD,SCR,VIKARABAD,TELANGANA,7,145,8.47
5794,ALER,ALER,NSG5,SECUNDERABAD,SCR,YADADRI BHONGIR,TELANGANA,8,145,8.47
5795,BELLAMPALLI,BPA,NSG5,SECUNDERABAD,SCR,MANCHERIAL,TELANGANA,8,145,8.47
5796,BHALKI,BHLK,NSG5,SECUNDERABAD,SCR,BIDAR,KARNATAKA,8,145,8.47
5797,BHONGIR,BG,NSG5,SECUNDERABAD,SCR,YADADRI BHONGIR,TELANGANA,8,145,8.47
5798,CHARLAPALLI,CHZ,NSG5,SECUNDERABAD,SCR,MEDCHAL MALKAJGIRI,TELANGANA,8,145,8.47
5799,CHITTAPUR,CT,NSG5,SECUNDERABAD,SCR,KALABURAGI,KARNATAKA,8,145,8.47
5800,DORNAKAL JN.,DKJ,NSG5,SECUNDERABAD,SCR,MAHABUBABAD,TELANGANA,8,145,8.47
5801,GHANAPUR,GNP,NSG5,SECUNDERABAD,SCR,JANGOAN,TELANGANA,8,145,8.47
5802,JAMMIKUNTA,JMKT,NSG5,SECUNDERABAD,SCR,KARIMNAGAR,TELANGANA,8,145,8.47
5803,JANGAON,ZN,NSG5,SECUNDERABAD,SCR,JANGOAN,TELANGANA,8,145,8.47
5804,KARIMNAGAR,KRMR,NSG5,SECUNDERABAD,SCR,KARIMNAGAR,TELANGANA,8,145,8.47
5805,KESAMUDRAM,KDM,NSG5,SECUNDERABAD,SCR,MAHABUBABAD,TELANGANA,8,145,8.47
5806,LATUR ROAD,LTRR,NSG5,SECUNDERABAD,SCR,LATUR,MAHARASHTRA,8,145,8.47
5807,MADHIRA,MDR,NSG5,SECUNDERABAD,SCR,KHAMMAM,TELANGANA,8,145,8.47
5808,MANUGURU,MUGR,NSG5,SECUNDERABAD,SCR,BHADRADRI KOTHAGUDEM,TELANGANA,8,145,8.47
5809,MAULA ALI,MLY,NSG5,SECUNDERABAD,SCR,MEDCHAL-MALKAJGIRI,TELANGANA,8,145,8.47
5810,NEKONDA,NKD,NSG5,SECUNDERABAD,SCR,WARANGAL,TELANGANA,8,145,8.47
5811,PEDDAPALLI JN,PDPL,NSG5,SECUNDERABAD,SCR,PEDDAPALLI,TELANGANA,8,145,8.47
5812,RAVINDRAKHANI,RVKH,NSG5,SECUNDERABAD,SCR,MANCHIRYAL,TELANGANA,8,145,8.47
5813,SANATNAGAR,SNF,NSG5,SECUNDERABAD,SCR,HYDERABAD,TELANGANA,8,145,8.47
5814,SEDAM,SEM,NSG5,SECUNDERABAD,SCR,KALABURAGI,KARNATAKA,8,145,8.47
5815,SHANKARPALLI,SKP,NSG5,SECUNDERABAD,SCR,RANGA REDDY,TELANGANA,8,145,8.47
5816,SIRPUR KAGHAZNAGAR,SKZR,NSG5,SECUNDERABAD,SCR,KOMURAMBHEEM-ASIFABAD,TELANGANA,8,145,8.47
5817,UDGIR,UDGR,NSG5,SECUNDERABAD,SCR,LATUR,MAHARASHTRA,8,145,8.47
5818,ZAHIRABAD,ZB,NSG5,SECUNDERABAD,SCR,SANGAREDDY,TELANGANA,8,145,8.47
5819,ARMUR,ARMU,NSG6,SECUNDERABAD,SCR,NIZAMABAD,TELANGANA,9,145,8.47
5820,ASIFABAD ROAD,ASAF,NSG6,SECUNDERABAD,SCR,KOMURAM BHEEM-ASIFABAD,TELANGANA,9,145,8.47
5821,BETHAMPUDI,BTPD,NSG6,SECUNDERABAD,SCR,BHADRADRI KOTHA GUDEM,TELANGANA,9,145,8.47
5822,BIBINAGAR JN.,BN,NSG6,SECUNDERABAD,SCR,YADADRI BHONGIR,TELANGANA,9,145,8.47
5823,BISUGIRSHARIF,BGSF,NSG6,SECUNDERABAD,SCR,KARIMNAGAR,TELANGANA,9,145,8.47
5824,BONAKALU,BKL,NSG6,SECUNDERABAD,SCR,KHAMMAM,TELANGANA,9,145,8.47
5825,CHAKUR,CKX,NSG6,SECUNDERABAD,SCR,LATUR,MAHARASHTRA,9,145,8.47
5826,CHERUVUMADHAVARAM,CVV,NSG6,SECUNDERABAD,SCR,NTR,ANDHRA PRADESH,9,145,8.47
5827,CHIMALPAHAD,CMW,NSG6,SECUNDERABAD,SCR,KHAMMAM,TELANGANA,9,145,8.47
5828,CHINTAKANI,CKN,NSG6,SECUNDERABAD,SCR,KHAMMAM,TELANGANA,9,145,8.47
5829,CHINTALPALLI,CLE,NSG6,SECUNDERABAD,SCR,WARANGAL,TELANGANA,9,145,8.47
5830,CHITGIDDA,CTF,NSG6,SECUNDERABAD,SCR,VIKARABAD,TELANGANA,9,145,8.47
5831,DHARUR,DRR,NSG6,SECUNDERABAD,SCR,VIKARABAD,TELANGANA,9,145,8.47
5832,ERRUPALEM,YP,NSG6,SECUNDERABAD,SCR,KHAMMAM,TELANGANA,9,145,8.47
5833,GANGADHARA,GDRA,NSG6,SECUNDERABAD,SCR,KARIMNAGAR,TELANGANA,9,145,8.47
5834,GANGINENI,GNN,NSG6,SECUNDERABAD,SCR,NTR,ANDHRA PRADESH,9,145,8.47
5835,GARLA,GLA,NSG6,SECUNDERABAD,SCR,MAHABUBABAD,TELANGANA,9,145,8.47
5836,GHAT NANDUR,GTU,NSG6,SECUNDERABAD,SCR,BEED,MAHARASHTRA,9,145,8.47
5837,GHATKESAR,GT,NSG6,SECUNDERABAD,SCR,MEDCHAL MALKAJGIRI,TELANGANA,9,145,8.47
5838,GODAMGURA,GDQ,NSG6,SECUNDERABAD,SCR,VIKARABAD,TELANGANA,9,145,8.47
5839,GULLAGUDA,GGD,NSG6,SECUNDERABAD,SCR,VIKARABAD,TELANGANA,9,145,8.47
5840,GUNDRATIMADUGU,GUU,NSG6,SECUNDERABAD,SCR,MAHABUBABAD,TELANGANA,9,145,8.47
5841,HALBARGA,HBU,NSG6,SECUNDERABAD,SCR,BIDAR,KARNATAKA,9,145,8.47
5842,HALLIKHED K,HIKD,NSG6,SECUNDERABAD,SCR,BIDAR,KARNATAKA,9,145,8.47
5843,HALLIKHED-B,HLKH,NSG6,SECUNDERABAD,SCR,BIDAR,KARNATAKA,9,145,8.47
5844,HASANPARTI ROAD,HSP,NSG6,SECUNDERABAD,SCR,HANUMAKONDA,TELANGANA,9,145,8.47
5845,HER,HER,NSG6,SECUNDERABAD,SCR,LATUR,MAHARASHTRA,9,145,8.47
5846,HUMNABAD,HMBD,NSG6,SECUNDERABAD,SCR,BIDAR,KARNATAKA,9,145,8.47
5847,INTEKANNE,INK,NSG6,SECUNDERABAD,SCR,MAHABUBABAD,TELANGANA,9,145,8.47
5848,JANWAL,JOA,NSG6,SECUNDERABAD,SCR,LATUR,MAHARASHTRA,9,145,8.47
5849,KALGUPUR,KCP,NSG6,SECUNDERABAD,SCR,BIDAR,KARNATAKA,9,145,8.47
5850,KAMALAPUR,KMPU,NSG6,SECUNDERABAD,SCR,KALABURAGI,KARNATAKA,9,145,8.47
5851,KAMALNAGAR,KMNR,NSG6,SECUNDERABAD,SCR,BIDAR,KARNATAKA,9,145,8.47
5852,KAREPALLI JN.,KRA,NSG6,SECUNDERABAD,SCR,KHAMMAM,TELANGANA,9,145,8.47
5853,KAZIPET TOWN,KZJT,NSG6,SECUNDERABAD,SCR,HANUMAKONDA,TELANGANA,9,145,8.47
5854,KHANAPUR,KHNP,NSG6,SECUNDERABAD,SCR,BIDAR,KARNATAKA,9,145,8.47
5855,KOHIR DECCAN,KOHR,NSG6,SECUNDERABAD,SCR,SANGAREDDY,TELANGANA,9,145,8.47
5856,KOLNUR,KOLR,NSG6,SECUNDERABAD,SCR,PEDDAPALLI,TELANGANA,9,145,8.47
5857,KORATLA,KRLA,NSG6,SECUNDERABAD,SCR,JAGITYAL,TELANGANA,9,145,8.47
5858,KURGUNTA,KQT,NSG6,SECUNDERABAD,SCR,KALABURAGI,KARNATAKA,9,145,8.47
5859,KURUKOTTA,KUKT,NSG6,SECUNDERABAD,SCR,KALABURAGI,KARNATAKA,9,145,8.47
5860,LINGAMPET JAGITYAL,LPJL,NSG6,SECUNDERABAD,SCR,JAGITYAL,TELANGANA,9,145,8.47
5861,MAKUDI,MKDI,NSG6,SECUNDERABAD,SCR,CHANDRAPUR,MAHARASHTRA,9,145,8.47
5862,MALKHAID ROAD,MQR,NSG6,SECUNDERABAD,SCR,KALABURAGI,KARNATAKA,9,145,8.47
5863,MALLEMADUGU,MLMG,NSG6,SECUNDERABAD,SCR,KHAMMAM,TELANGANA,9,145,8.47
5864,MANDAMARI,MMZ,NSG6,SECUNDERABAD,SCR,MANCHERIAL,TELANGANA,9,145,8.47
5865,MANIKGARH JN.,MAGH,NSG6,SECUNDERABAD,SCR,CHANDRAPUR,MAHARASHTRA,9,145,8.47
5866,MANTATTI,MVH,NSG6,SECUNDERABAD,SCR,VIKARABAD,TELANGANA,9,145,8.47
5867,MARPALLI,MRF,NSG6,SECUNDERABAD,SCR,VIKARABAD,TELANGANA,9,145,8.47
5868,MATALKUNTA,MTV,NSG6,SECUNDERABAD,SCR,SANGAREDDY,TELANGANA,9,145,8.47
5869,METPALLI,MTPI,NSG6,SECUNDERABAD,SCR,JAGITYAL,TELANGANA,9,145,8.47
5870,MORTAD,MRTD,NSG6,SECUNDERABAD,SCR,NIZAMABAD,TELANGANA,9,145,8.47
5871,MOTUMARI JN.,MTMI,NSG6,SECUNDERABAD,SCR,KHAMMAM,TELANGANA,9,145,8.47
5872,NAGALPALLE,NPL,NSG6,SECUNDERABAD,SCR,SANGAREDDY,TELANGANA,9,145,8.47
5873,NAWANDGI,NAW,NSG6,SECUNDERABAD,SCR,VIKARABAD,TELANGANA,9,145,8.47
5874,PANDILLAPALLI,PNDP,NSG6,SECUNDERABAD,SCR,KHAMMAM,TELANGANA,9,145,8.47
5875,PANGAON,PNF,NSG6,SECUNDERABAD,SCR,LATUR,MAHARASHTRA,9,145,8.47
5876,PAPATAPALLI,PPY,NSG6,SECUNDERABAD,SCR,KHAMMAM,TELANGANA,9,145,8.47
5877,PEDDAMPET,PPZ,NSG6,SECUNDERABAD,SCR,PEDDAPALLI,TELANGANA,9,145,8.47
5878,PEMBARTI,PBP,NSG6,SECUNDERABAD,SCR,JANGOAN,TELANGANA,9,145,8.47
5879,PINDIAL,PQL,NSG6,SECUNDERABAD,SCR,HANUMAKONDA,TELANGANA,9,145,8.47
5880,POCHARAM,PCZ,NSG6,SECUNDERABAD,SCR,MAHBUBABAD,TELANGANA,9,145,8.47
5881,POTKAPALLI,PTKP,NSG6,SECUNDERABAD,SCR,PEDDAPALLI,TELANGANA,9,145,8.47
5882,RAGHAVAPURAM,RGPM,NSG6,SECUNDERABAD,SCR,PEDDAPALLI,TELANGANA,9,145,8.47
5883,RAGHUNATHPALLI,RGP,NSG6,SECUNDERABAD,SCR,JANGOAN,TELANGANA,9,145,8.47
5884,RECHNI ROAD,RECH,NSG6,SECUNDERABAD,SCR,MANCHIRYAL,TELANGANA,9,145,8.47
5885,RUKMAPUR,RMY,NSG6,SECUNDERABAD,SCR,VIKARABAD,TELANGANA,9,145,8.47
5886,SADASHIVAPET ROAD,SSPD,NSG6,SECUNDERABAD,SCR,VIKARABAD,TELANGANA,9,145,8.47
5887,SIRPUR TOWN,SRUR,NSG6,SECUNDERABAD,SCR,KOMURAMBHEEM-ASIFABAD,TELANGANA,9,145,8.47
5888,SRI SANTH SEVALAL MAHARAJ RAILWAY CROSSING STATION,SSLM,NSG6,SECUNDERABAD,SCR,SURYAPET,TELANGANA,9,145,8.47
5889,SULTANABAD,STBD,NSG6,SECUNDERABAD,SCR,PEDDAPALLI,TELANGANA,9,145,8.47
5890,TADAKALPUDI,TPY,NSG6,SECUNDERABAD,SCR,BHADRACHALAM-KOTHAGUDEM,TELANGANA,9,145,8.47
5891,TADALA PUSAPALLI,TAA,NSG6,SECUNDERABAD,SCR,MAHABUBABAD,TELANGANA,9,145,8.47
5892,TONDALA GOPAVARAM,TNGM,NSG6,SECUNDERABAD,SCR,KHAMMAM,TELANGANA,9,145,8.47
5893,UPPAL,OPL,NSG6,SECUNDERABAD,SCR,HANUMAKONDA,TELANGANA,9,145,8.47
5894,WANGAPALLI,WP,NSG6,SECUNDERABAD,SCR,YADADRI BHUVANAGIRI,TELANGANA,9,145,8.47
5895,WIHIRGAON,VHGN,NSG6,SECUNDERABAD,SCR,CHANDRAPUR,MAHARASHTRA,9,145,8.47
5896,WIRUR,WIRR,NSG6,SECUNDERABAD,SCR,CHANDRAPUR,MAHARASHTRA,9,145,8.47
5897,YADADRI,YADD,NSG6,SECUNDERABAD,SCR,YADADRI BHUVANAGIRI,TELANGANA,9,145,8.47
5898,YELGUR,YGL,NSG6,SECUNDERABAD,SCR,WARANGAL,TELANGANA,9,145,8.47
5899,BHARATNAGAR,BTNR,SG3,SECUNDERABAD,SCR,RANGAREDDY,TELANGANA,12,145,8.47
5900,BHEL HALT,BHEL,SG3,SECUNDERABAD,SCR,SANGAREDDY,TELANGANA,12,145,8.47
5901,BORABANDA,BRBD,SG3,SECUNDERABAD,SCR,HYDERABAD,TELANGANA,12,145,8.47
5902,CHANDANAGAR,CDNR,SG3,SECUNDERABAD,SCR,RANGA REDDY,TELANGANA,12,145,8.47
5903,FATEHNAGAR BRIDGE,FNB,SG3,SECUNDERABAD,SCR,HYDERABAD,TELANGANA,12,145,8.47
5904,HAFIZPETA,HFZ,SG3,SECUNDERABAD,SCR,HYDERABAD,TELANGANA,12,145,8.47
5905,HITECH CITY,HTCY,SG3,SECUNDERABAD,SCR,RANGAREDDY,TELANGANA,12,145,8.47
5906,JAMES STREET,JET,SG3,SECUNDERABAD,SCR,HYDERABAD,TELANGANA,12,145,8.47
5907,KHAIRATABAD,KQD,SG3,SECUNDERABAD,SCR,HYDERABAD,TELANGANA,12,145,8.47
5908,LAKDI KA PUL,LKPL,SG3,SECUNDERABAD,SCR,HYDERABAD,TELANGANA,12,145,8.47
5909,NATURE CURE HOSPITAL,NCHS,SG3,SECUNDERABAD,SCR,HYDERABAD,TELANGANA,12,145,8.47
5910,NECKLACE ROAD,NLRD,SG3,SECUNDERABAD,SCR,HYDERABAD,TELANGANA,12,145,8.47
5911,R C PURAM TS,RCPT,SG3,SECUNDERABAD,SCR,SANGAREDDY,TELANGANA,12,145,8.47
5912,SANJIVAIH PARK,SJVP,SG3,SECUNDERABAD,SCR,HYDERABAD,TELANGANA,12,145,8.47
5913,TELAPUR,TLPR,SG3,SECUNDERABAD,SCR,SANGAREDDY,TELANGANA,12,145,8.47
5914,DHURWASIN P.H.,DRSN,HG2,BILASPUR,SECR,ANUPPUR,MADHYA PRADESH,2,88,3.78
5915,JETHA P.H.,JDDA,HG2,BILASPUR,SECR,JANJGIR-CHAMPA,CHHATTISGARH,2,88,3.78
5916,KAPAN P.H.,KPNA,HG2,BILASPUR,SECR,JANJGIR-CHAMPA,CHHATTISGARH,2,88,3.78
5917,KOTMI SONAR P.H.,KTSH,HG2,BILASPUR,SECR,JANJGIR-CHAMPA,CHHATTISGARH,2,88,3.78
5918,NAGPUR ROAD P.H.,NPRD,HG2,BILASPUR,SECR,KOREA,CHHATTISGARH,2,88,3.78
5919,SARAGAON ROAD P.H.,SGRD,HG2,BILASPUR,SECR,JANJGIR-CHAMPA,CHHATTISGARH,2,88,3.78
5920,SHEOPRASAD NAGAR P.H,SPDR,HG2,BILASPUR,SECR,SURGUJA,CHHATTISGARH,2,88,3.78
5921,BILASPUR JN.,BSP,NSG2,BILASPUR,SECR,BILASPUR,CHHATTISGARH,5,88,3.78
5922,CHAMPA JN.,CPH,NSG3,BILASPUR,SECR,JANJGIR-CHAMPA,CHHATTISGARH,6,88,3.78
5923,RAIGARH,RIG,NSG3,BILASPUR,SECR,RAIGARH,CHHATTISGARH,6,88,3.78
5924,AMBIKAPUR,ABKP,NSG4,BILASPUR,SECR,SURGUJA,CHHATTISGARH,7,88,3.78
5925,ANUPPUR JN.,APR,NSG4,BILASPUR,SECR,ANUPPUR,MADHYA PRADESH,7,88,3.78
5926,KORBA,KRBA,NSG4,BILASPUR,SECR,KORBA,CHHATTISGARH,7,88,3.78
5927,PENDRA ROAD,PND,NSG4,BILASPUR,SECR,BILASPUR,CHHATTISGARH,7,88,3.78
5928,SHAHDOL,SDL,NSG4,BILASPUR,SECR,SHAHDOL,MADHYA PRADESH,7,88,3.78
5929,UMARIA,UMR,NSG4,BILASPUR,SECR,UMARIA,MADHYA PRADESH,7,88,3.78
5930,AKALTARA,AKT,NSG5,BILASPUR,SECR,JANJGIR-CHAMPA,CHHATTISGARH,8,88,3.78
5931,AMLAI,AAL,NSG5,BILASPUR,SECR,ANUPPUR,MADHYA PRADESH,8,88,3.78
5932,BAIKUNTHPUR ROAD,BRH,NSG5,BILASPUR,SECR,KOREA,CHHATTISGARH,8,88,3.78
5933,BARADWAR,BUA,NSG5,BILASPUR,SECR,JANJGIR-CHAMPA,CHHATTISGARH,8,88,3.78
5934,BIJURI,BJRI,NSG5,BILASPUR,SECR,ANUPPUR,MADHYA PRADESH,8,88,3.78
5935,BIRSINGHPUR,BRS,NSG5,BILASPUR,SECR,UMARIA,MADHYA PRADESH,8,88,3.78
5936,BISHRAMPUR,BSPR,NSG5,BILASPUR,SECR,SURGUJA,CHHATTISGARH,8,88,3.78
5937,BRAJARAJNAGAR,BRJN,NSG5,BILASPUR,SECR,JHARSUGUDA,ODISHA,8,88,3.78
5938,BURHAR,BUH,NSG5,BILASPUR,SECR,SHAHDOL,MADHYA PRADESH,8,88,3.78
5939,CHANDIA ROAD.,CHD,NSG5,BILASPUR,SECR,UMARIA,MADHYA PRADESH,8,88,3.78
5940,CHIRMIRI,CHRM,NSG5,BILASPUR,SECR,KOREA,CHHATTISGARH,8,88,3.78
5941,GEVRA-ROAD,GAD,NSG5,BILASPUR,SECR,KORBA,CHHATTISGARH,8,88,3.78
5942,JAIRAMNAGAR,JRMG,NSG5,BILASPUR,SECR,BILASPUR,CHHATTISGARH,8,88,3.78
5943,JANJGIR NAILA,NIA,NSG5,BILASPUR,SECR,JANJGIR-CHAMPA,CHHATTISGARH,8,88,3.78
5944,KARGI ROAD,KGB,NSG5,BILASPUR,SECR,BILASPUR,CHHATTISGARH,8,88,3.78
5945,KHARSIA,KHS,NSG5,BILASPUR,SECR,RAIGARH,CHHATTISGARH,8,88,3.78
5946,KOTMA,KTMA,NSG5,BILASPUR,SECR,ANUPPUR,MADHYA PRADESH,8,88,3.78
5947,MANENDRAGARH,MDGR,NSG5,BILASPUR,SECR,KOREA,CHHATTISGARH,8,88,3.78
5948,SAKTI,SKT,NSG5,BILASPUR,SECR,JANJGIR-CHAMPA,CHHATTISGARH,8,88,3.78
5949,USLAPUR,USL,NSG5,BILASPUR,SECR,BILASPUR,CHHATTISGARH,8,88,3.78
5950,BAIHATOLA,BATL,NSG6,BILASPUR,SECR,ANUPPUR,MADHYA PRADESH,9,88,3.78
5951,BALPUR,BPRH,NSG6,BILASPUR,SECR,JANJGIR-CHAMPA,CHHATTISGARH,9,88,3.78
5952,BELGAHNA,BIG,NSG6,BILASPUR,SECR,BILASPUR,CHHATTISGARH,9,88,3.78
5953,BELPAHAR,BPH,NSG6,BILASPUR,SECR,JHARSUGUDA,ODISHA,9,88,3.78
5954,BHADWA PARA,BDWA,NSG6,BILASPUR,SECR,SHAHDOL,MADHYA PRADESH,9,88,3.78
5955,BHANWAR TONK,BHTK,NSG6,BILASPUR,SECR,BILASPUR,CHHATTISGARH,9,88,3.78
5956,BHUPDEOPUR,BEF,NSG6,BILASPUR,SECR,RAIGARH,CHHATTISGARH,9,88,3.78
5957,BORIDAND,BRND,NSG6,BILASPUR,SECR,KOREA,CHHATTISGARH,9,88,3.78
5958,CHHULHA,CLF,NSG6,BILASPUR,SECR,ANUPPUR,MADHYA PRADESH,9,88,3.78
5959,DAGHORA,DAO,NSG6,BILASPUR,SECR,SUNDARGARH,ODISHA,9,88,3.78
5960,DARRITOLA,DTL,NSG6,BILASPUR,SECR,KOREA,CHHATTISGARH,9,88,3.78
5961,GATORA,GTW,NSG6,BILASPUR,SECR,BILASPUR,CHHATTISGARH,9,88,3.78
5962,GHUNGHUTI,GGT,NSG6,BILASPUR,SECR,UMARIA,MADHYA PRADESH,9,88,3.78
5963,GHUTKU,GTK,NSG6,BILASPUR,SECR,BILASPUR,CHHATTISGARH,9,88,3.78
5964,HARRAD,HRV,NSG6,BILASPUR,SECR,ANUPPUR,MADHYA PRADESH,9,88,3.78
5965,HARRI,HRB,NSG6,BILASPUR,SECR,BILASPUR,CHHATTISGARH,9,88,3.78
5966,HIMGIR,HGR,NSG6,BILASPUR,SECR,SUNDARGARH,ODISHA,9,88,3.78
5967,IB,IB,NSG6,BILASPUR,SECR,JHARSUGUDA,ODISHA,9,88,3.78
5968,JAITHARI,JTI,NSG6,BILASPUR,SECR,ANUPPUR,MADHYA PRADESH,9,88,3.78
5969,JAMGA,JMG,NSG6,BILASPUR,SECR,RAIGARH,CHHATTISGARH,9,88,3.78
5970,JHALWARA,JLW,NSG6,BILASPUR,SECR,KATNI,MADHYA PRADESH,9,88,3.78
5971,JHARRADIH,JDI,NSG6,BILASPUR,SECR,RAIGARH,CHHATTISGARH,9,88,3.78
5972,KALMITAR,KLTR,NSG6,BILASPUR,SECR,BILASPUR,CHHATTISGARH,9,88,3.78
5973,KAMALPURGRAM,KLPG,NSG6,BILASPUR,SECR,SURGUJA,CHHATTISGARH,9,88,3.78
5974,KARKELI,KKI,NSG6,BILASPUR,SECR,UMARIA,MADHYA PRADESH,9,88,3.78
5975,KARONJI,KJZ,NSG6,BILASPUR,SECR,SURGUJA,CHHATTISGARH,9,88,3.78
5976,KATORA,KTO,NSG6,BILASPUR,SECR,KOREA,CHHATTISGARH,9,88,3.78
5977,KHODRI,KOI,NSG6,BILASPUR,SECR,BILASPUR,CHHATTISGARH,9,88,3.78
5978,KHONGSARA,KGS,NSG6,BILASPUR,SECR,BILASPUR,CHHATTISGARH,9,88,3.78
5979,KIRODIMALNAGAR,KDTR,NSG6,BILASPUR,SECR,RAIGARH,CHHATTISGARH,9,88,3.78
5980,KOTARLIA,KRL,NSG6,BILASPUR,SECR,RAIGARH,CHHATTISGARH,9,88,3.78
5981,KOTHARI ROAD,KTHD,NSG6,BILASPUR,SECR,JANJGIR-CHAMPA,CHHATTISGARH,9,88,3.78
5982,LORHA,LOA,NSG6,BILASPUR,SECR,UMARIA,MADHYA PRADESH,9,88,3.78
5983,MADWARANI,MWRN,NSG6,BILASPUR,SECR,KORBA,CHHATTISGARH,9,88,3.78
5984,MAUHARI,MZH,NSG6,BILASPUR,SECR,ANUPPUR,MADHYA PRADESH,9,88,3.78
5985,MUDARIA,MDXR,NSG6,BILASPUR,SECR,UMARIA,MADHYA PRADESH,9,88,3.78
5986,NAGAR,NGE,NSG6,BILASPUR,SECR,KOREA,CHHATTISGARH,9,88,3.78
5987,NIGAURA,NIQ,NSG6,BILASPUR,SECR,ANUPPUR,MADHYA PRADESH,9,88,3.78
5988,NOWROZABAD,NRZB,NSG6,BILASPUR,SECR,UMARIA,MADHYA PRADESH,9,88,3.78
5989,PARADOL,PRDL,NSG6,BILASPUR,SECR,KOREA,CHHATTISGARH,9,88,3.78
5990,ROBERTSON,ROB,NSG6,BILASPUR,SECR,RAIGARH,CHHATTISGARH,9,88,3.78
5991,RUPAUND,RPD,NSG6,BILASPUR,SECR,KATNI,MADHYA PRADESH,9,88,3.78
5992,SALKA ROAD,SLKR,NSG6,BILASPUR,SECR,BILASPUR,CHHATTISGARH,9,88,3.78
5993,SARAGBUNDIA,SRBA,NSG6,BILASPUR,SECR,KORBA,CHHATTISGARH,9,88,3.78
5994,SARBAHARA,SBRA,NSG6,BILASPUR,SECR,BILASPUR,CHHATTISGARH,9,88,3.78
5995,SINGHPUR,SNGP,NSG6,BILASPUR,SECR,UMARIA,MADHYA PRADESH,9,88,3.78
5996,SURAJPUR ROAD,SJQ,NSG6,BILASPUR,SECR,SURGUJA,CHHATTISGARH,9,88,3.78
5997,TENGANMADA,TGQ,NSG6,BILASPUR,SECR,BILASPUR,CHHATTISGARH,9,88,3.78
5998,UDALKACHHAR,UKR,NSG6,BILASPUR,SECR,KOREA,CHHATTISGARH,9,88,3.78
5999,URGA,URGA,NSG6,BILASPUR,SECR,KORBA,CHHATTISGARH,9,88,3.78
6000,VENKATNAGAR,VKR,NSG6,BILASPUR,SECR,ANUPPUR,MADHYA PRADESH,9,88,3.78
6001,VILAYAT KALAN ROAD,VYK,NSG6,BILASPUR,SECR,KATNI,MADHYA PRADESH,9,88,3.78
6002,ARUN NAGAR P.H.,ARNG,HG2,NAGPUR,SECR,GONDIA,MAHARASHTRA,2,271,3.78
6003,BARABHATI P.H.,BFF,HG2,NAGPUR,SECR,GONDIA,MAHARASHTRA,2,271,3.78
6004,BHANDEWADI P.H.,BNWD,HG2,NAGPUR,SECR,NAGPUR,MAHARASHTRA,2,271,3.78
6005,DHANOLI P.H.,DNL,HG2,NAGPUR,SECR,GONDIA,MAHARASHTRA,2,271,3.78
6006,GANKHERA P.H.,GKT,HG2,NAGPUR,SECR,GONDIA,MAHARASHTRA,2,271,3.78
6007,GATRA P.H.,GRJ,HG2,NAGPUR,SECR,GONDIA,MAHARASHTRA,2,271,3.78
6008,GOND UMRI P.H.,GMI,HG2,NAGPUR,SECR,GONDIA,MAHARASHTRA,2,271,3.78
6009,KHARA P.H.,KRXA,HG2,NAGPUR,SECR,BALAGHAT,MADHYA PRADESH,2,271,3.78
6010,KHODSEONI P.H.,KSIH,HG2,NAGPUR,SECR,GONDIA,MAHARASHTRA,2,271,3.78
6011,KIRMITI MENDHA P.H.,KMMD,HG2,NAGPUR,SECR,GADCHIROLI,MAHARASHTRA,2,271,3.78
6012,KOCHEWAHI P.H.,KFX,HG2,NAGPUR,SECR,BALAGHAT,MADHYA PRADESH,2,271,3.78
6013,KUKRAKHAPA P.H.,KFP,HG2,NAGPUR,SECR,CHHINDWARA,MADHYA PRADESH,2,271,3.78
6014,LAKHANWADA P.H.,LNW,HG2,NAGPUR,SECR,BALAGHAT,MADHYA PRADESH,2,271,3.78
6015,MAHULI P.H.,MZB,HG2,NAGPUR,SECR,NAGPUR,MAHARASHTRA,2,271,3.78
6016,MARODA P.H.,MRDA,HG2,NAGPUR,SECR,CHANDRAPUR,MAHARASHTRA,2,271,3.78
6017,MINDALA P.H.,MWG,HG2,NAGPUR,SECR,CHANDRAPUR,MAHARASHTRA,2,271,3.78
6018,PAUNI ROAD P.H.,PNRD,HG2,NAGPUR,SECR,BHANDARA,MAHARASHTRA,2,271,3.78
6019,SAONGI P.H.,SGC,HG2,NAGPUR,SECR,BALAGHAT,MADHYA PRADESH,2,271,3.78
6020,SUKLI P.H.,SKLI,HG2,NAGPUR,SECR,BALAGHAT,MADHYA PRADESH,2,271,3.78
6021,TOLEWAHI P.H.,TWI,HG2,NAGPUR,SECR,CHANDRAPUR,MAHARASHTRA,2,271,3.78
6022,TUMSAR TOWN P.H.,TMS,HG2,NAGPUR,SECR,BHANDARA,MAHARASHTRA,2,271,3.78
6023,AMDI P.H.,AMDI,HG3,NAGPUR,SECR,NAGPUR,MAHARASHTRA,3,271,3.78
6024,BAMHANI BANJAR P.H.,BIV,HG3,NAGPUR,SECR,MANDLA,MADHYA PRADESH,3,271,3.78
6025,BAMHANI P.H.,BMW,HG3,NAGPUR,SECR,NAGPUR,MAHARASHTRA,3,271,3.78
6026,BERDI P.H.,BDHT,HG3,NAGPUR,SECR,CHHINDWARA,MADHYA PRADESH,3,271,3.78
6027,BHUYAR P.H.,BHRH,HG3,NAGPUR,SECR,BHANDARA,MAHARASHTRA,3,271,3.78
6028,BISAPUR KALAN P.H.,BRKH,HG3,NAGPUR,SECR,CHHINDWARA,MADHYA PRADESH,3,271,3.78
6029,BOTHIA P.H.,BOYA,HG3,NAGPUR,SECR,SEONI,MADHYA PRADESH,3,271,3.78
6030,CHANGOTOLA P.H.,CGLA,HG3,NAGPUR,SECR,BALAGHAT,MADHYA PRADESH,3,271,3.78
6031,CHARGHAT PIPARIA P.H,CRE,HG3,NAGPUR,SECR,JABALPUR,MADHYA PRADESH,3,271,3.78
6032,CHICHOLI BUZURG P.H.,CCBG,HG3,NAGPUR,SECR,CHANDRAPUR,MAHARASHTRA,3,271,3.78
6033,CHICHOLI P.H.,CCO,HG3,NAGPUR,SECR,BHANDARA,MAHARASHTRA,3,271,3.78
6034,DEVI P.H.,DVH,HG3,NAGPUR,SECR,CHHINDWARA,MADHYA PRADESH,3,271,3.78
6035,DEVRI P.H.,DRPH,HG3,NAGPUR,SECR,JABALPUR,MADHYA PRADESH,3,271,3.78
6036,DHAPEWARA P.H.,DPW,HG3,NAGPUR,SECR,BALAGHAT,MADHYA PRADESH,3,271,3.78
6037,DHATURA ALIPUR P.H.,DTAP,HG3,NAGPUR,SECR,MANDLA,MADHYA PRADESH,3,271,3.78
6038,DIGHORI BUZURG P.H.,DGY,HG3,NAGPUR,SECR,NAGPUR,MAHARASHTRA,3,271,3.78
6039,DUMRI KHURD P.H.,DKU,HG3,NAGPUR,SECR,NAGPUR,MAHARASHTRA,3,271,3.78
6040,GANGATOLA,GNGT,HG3,NAGPUR,SECR,MANDLA,MADHYA PRADESH,3,271,3.78
6041,GHADELA P.H.,GELA,HG3,NAGPUR,SECR,CHHINDWARA,MADHYA PRADESH,3,271,3.78
6042,GHAT PARASIA P.,GPSA,HG3,NAGPUR,SECR,CHHINDWARA,MADHYA PRADESH,3,271,3.78
6043,GUDRU P.H.,GDU,HG3,NAGPUR,SECR,BALAGHAT,MADHYA PRADESH,3,271,3.78
6044,JAMGAON P.H.,JGZ,HG3,NAGPUR,SECR,MANDLA,MADHYA PRADESH,3,271,3.78
6045,JAMTARA PARASWARA P.,JPV,HG3,NAGPUR,SECR,JABALPUR,MADHYA PRADESH,3,271,3.78
6046,JEONARA P.H.,JONR,HG3,NAGPUR,SECR,MANDLA,MADHYA PRADESH,3,271,3.78
6047,JURTARA HALT,JRTR,HG3,NAGPUR,SECR,SEONI,MADHYA PRADESH,3,271,3.78
6048,KALADEHI P.H.,KDHI,HG3,NAGPUR,SECR,JABALPUR,MADHYA PRADESH,3,271,3.78
6049,KANHADGAON P.H.,KNDG,HG3,NAGPUR,SECR,BALAGHAT,MADHYA PRADESH,3,271,3.78
6050,KANHIWARA,KWB,HG3,NAGPUR,SECR,SEONI,MADHYA PRADESH,3,271,3.78
6051,KAPURDHA P.H.,KPDH,HG3,NAGPUR,SECR,CHHINDWARA,MADHYA PRADESH,3,271,3.78
6052,KARGAON P.H.,KRNG,HG3,NAGPUR,SECR,NAGPUR,MAHARASHTRA,3,271,3.78
6053,KAYDI P.H.,KAYI,HG3,NAGPUR,SECR,BALAGHAT,MADHYA PRADESH,3,271,3.78
6054,KEMPALSAD P.H.,KEMP,HG3,NAGPUR,SECR,NAGPUR,MAHARASHTRA,3,271,3.78
6055,KHAIREE,KHR,HG3,NAGPUR,SECR,SEONI,MADHYA PRADESH,3,271,3.78
6056,KHAIRRANJI,KRRI,HG3,NAGPUR,SECR,MANDLA,MADHYA PRADESH,3,271,3.78
6057,KORADIH P.H.,KRDH,HG3,NAGPUR,SECR,NAGPUR,MAHARASHTRA,3,271,3.78
6058,KOTGAON P.H.,KTGO,HG3,NAGPUR,SECR,CHANDRAPUR,MAHARASHTRA,3,271,3.78
6059,LIMARUA P.H.,LMU,HG3,NAGPUR,SECR,MANDLA,MADHYA PRADESH,3,271,3.78
6060,MAGARDARRA P.H.,MGDR,HG3,NAGPUR,SECR,BALAGHAT,MADHYA PRADESH,3,271,3.78
6061,MAKHEPAR ROAD P.H.,MKZ,HG3,NAGPUR,SECR,BALAGHAT,MADHYA PRADESH,3,271,3.78
6062,MALEGAON P.H.,MGVK,HG3,NAGPUR,SECR,NAGPUR,MAHARASHTRA,3,271,3.78
6063,MANGLI P.H.,MNGL,HG3,NAGPUR,SECR,CHANDRAPUR,MAHARASHTRA,3,271,3.78
6064,MARKAHANDI UDADON,MQQ,HG3,NAGPUR,SECR,CHHINDWARA,MADHYA PRADESH,3,271,3.78
6065,MATRADHAM P.H.,MADM,HG3,NAGPUR,SECR,SEONI,MADHYA PRADESH,3,271,3.78
6066,MITEWANI P.H.,MTWN,HG3,NAGPUR,SECR,BHANDARA,MAHARASHTRA,3,271,3.78
6067,MOHADARA P.H.,MXZ,HG3,NAGPUR,SECR,NAGPUR,MAHARASHTRA,3,271,3.78
6068,MOHPANIMAL P.H.,MPML,HG3,NAGPUR,SECR,CHHINDWARA,MADHYA PRADESH,3,271,3.78
6069,NAGRA DHAM P.H.,NGDM,HG3,NAGPUR,SECR,GONDIA,MAHARASHTRA,3,271,3.78
6070,PARADSINGA P.H.,PSK,HG3,NAGPUR,SECR,CHHINDWARA,MADHYA PRADESH,3,271,3.78
6071,PATANSAONGI TOWN P.H,PSX,HG3,NAGPUR,SECR,NAGPUR,MAHARASHTRA,3,271,3.78
6072,PAUNIA P.H.,PUNA,HG3,NAGPUR,SECR,BALAGHAT,MADHYA PRADESH,3,271,3.78
6073,PINDKEPAR P.H.,PQH,HG3,NAGPUR,SECR,GONDIA,MAHARASHTRA,3,271,3.78
6074,PIPLA P.H.,PQA,HG3,NAGPUR,SECR,NAGPUR,MAHARASHTRA,3,271,3.78
6075,PRATAP BAGH P.H.,PRBG,HG3,NAGPUR,SECR,GONDIA,MAHARASHTRA,3,271,3.78
6076,PUTARRA P.H.,PRTR,HG3,NAGPUR,SECR,MANDLA,MADHYA PRADESH,3,271,3.78
6077,RAMPURI P.H.,RAMP,HG3,NAGPUR,SECR,MANDLA,MADHYA PRADESH,3,271,3.78
6078,SAMASWARA P.H.,SMSR,HG3,NAGPUR,SECR,CHHINDWARA,MADHYA PRADESH,3,271,3.78
6079,SAONGA P.H.,SZH,HG3,NAGPUR,SECR,CHHINDWARA,MADHYA PRADESH,3,271,3.78
6080,SIKARPUR P.H.,SKPR,HG3,NAGPUR,SECR,CHHINDWARA,MADHYA PRADESH,3,271,3.78
6081,SIMARIA KAJARWADA P.,SAKA,HG3,NAGPUR,SECR,MANDLA,MADHYA PRADESH,3,271,3.78
6082,TAKLI BANSALI P.H.,TKLB,HG3,NAGPUR,SECR,NAGPUR,MAHARASHTRA,3,271,3.78
6083,TEMPA P.H.,TEP,HG3,NAGPUR,SECR,CHANDRAPUR,MAHARASHTRA,3,271,3.78
6084,TITUR P.H.,TOR,HG3,NAGPUR,SECR,NAGPUR,MAHARASHTRA,3,271,3.78
6085,TITWA P.H.,TTW,HG3,NAGPUR,SECR,BALAGHAT,MADHYA PRADESH,3,271,3.78
6086,UMARIA ISRA P.H,UIH,HG3,NAGPUR,SECR,CHHINDWARA,MADHYA PRADESH,3,271,3.78
6087,GONDIA JN.,G,NSG3,NAGPUR,SECR,GONDIA,MAHARASHTRA,6,271,3.78
6088,RAJ-NANDGAON,RJN,NSG3,NAGPUR,SECR,RAJNANDGAON,CHHATTISGARH,6,271,3.78
6089,BHANDARA ROAD,BRD,NSG4,NAGPUR,SECR,BHANDARA,MAHARASHTRA,7,271,3.78
6090,CHANDA FORT,CAF,NSG4,NAGPUR,SECR,CHANDRAPUR,MAHARASHTRA,7,271,3.78
6091,CHHINDWARA JN.,CWA,NSG4,NAGPUR,SECR,CHHINDWARA,MADHYA PRADESH,7,271,3.78
6092,DONGRAGARH,DGG,NSG4,NAGPUR,SECR,RAJNANDGAON,CHHATTISGARH,7,271,3.78
6093,ITWARI,ITR,NSG4,NAGPUR,SECR,NAGPUR,MAHARASHTRA,7,271,3.78
6094,KAMPTEE,KP,NSG4,NAGPUR,SECR,NAGPUR,MAHARASHTRA,7,271,3.78
6095,RAMTEK,RTK,NSG4,NAGPUR,SECR,NAGPUR,MAHARASHTRA,7,271,3.78
6096,AMGAON,AGN,NSG5,NAGPUR,SECR,GONDIA,MAHARASHTRA,8,271,3.78
6097,BALAGHAT JN.,BTC,NSG5,NAGPUR,SECR,BALAGHAT,MADHYA PRADESH,8,271,3.78
6098,BRAMHAPURI,BMP,NSG5,NAGPUR,SECR,CHANDRAPUR,MAHARASHTRA,8,271,3.78
6099,KALUMNA,KAV,NSG5,NAGPUR,SECR,NAGPUR,MAHARASHTRA,8,271,3.78
6100,TIRORA,TRO,NSG5,NAGPUR,SECR,GONDIA,MAHARASHTRA,8,271,3.78
6101,TUMSAR ROAD,TMR,NSG5,NAGPUR,SECR,BHANDARA,MAHARASHTRA,8,271,3.78
6102,WADSA,WSA,NSG5,NAGPUR,SECR,GADCHIROLI,MAHARASHTRA,8,271,3.78
6103,WARASONI,WRI,NSG5,NAGPUR,SECR,BALAGHAT,MADHYA PRADESH,8,271,3.78
6104,ALEWAHI,AWH,NSG6,NAGPUR,SECR,CHANDRAPUR,MAHARASHTRA,9,271,3.78
6105,ARJUNI,AJU,NSG6,NAGPUR,SECR,GONDIA,MAHARASHTRA,9,271,3.78
6106,BAKAL,BAKL,NSG6,NAGPUR,SECR,RAJNANDGAON,CHHATTISGARH,9,271,3.78
6107,BARGI,BUQ,NSG6,NAGPUR,SECR,JABALPUR,MADHYA PRADESH,9,271,3.78
6108,BHANDARKUND,BDKD,NSG6,NAGPUR,SECR,CHHINDWARA,MADHYA PRADESH,9,271,3.78
6109,BHIMALGONDI,BMC,NSG6,NAGPUR,SECR,CHHINDWARA,MADHYA PRADESH,9,271,3.78
6110,BHIWAPUR,BWV,NSG6,NAGPUR,SECR,NAGPUR,MAHARASHTRA,9,271,3.78
6111,BHOMA,BHV,NSG6,NAGPUR,SECR,SEONI,MADHYA PRADESH,9,271,3.78
6112,BINAIKI,VNK,NSG6,NAGPUR,SECR,SEONI,MADHYA PRADESH,9,271,3.78
6113,BIRSOLA,BRA,NSG6,NAGPUR,SECR,GONDIA,MAHARASHTRA,9,271,3.78
6114,BORTALAO,BTL,NSG6,NAGPUR,SECR,RAJNANDGAON,CHHATTISGARH,9,271,3.78
6115,CHACHER,CHCR,NSG6,NAGPUR,SECR,NAGPUR,MAHARASHTRA,9,271,3.78
6116,CHAREGAON,CRN,NSG6,NAGPUR,SECR,BALAGHAT,MADHYA PRADESH,9,271,3.78
6117,CHIRAIDONGRI,CID,NSG6,NAGPUR,SECR,MANDLA,MADHYA PRADESH,9,271,3.78
6118,CHOURAI,CHUA,NSG6,NAGPUR,SECR,CHHINDWARA,MADHYA PRADESH,9,271,3.78
6119,DAREKASA,DKS,NSG6,NAGPUR,SECR,GONDIA,MAHARASHTRA,9,271,3.78
6120,DEWALGAON,DEW,NSG6,NAGPUR,SECR,GONDIA,MAHARASHTRA,9,271,3.78
6121,DONGRI BUZURG,DGBZ,NSG6,NAGPUR,SECR,BHANDARA,MAHARASHTRA,9,271,3.78
6122,GANGAJHARI,GJ,NSG6,NAGPUR,SECR,GONDIA,MAHARASHTRA,9,271,3.78
6123,GARHA GOODS SHED,GGGS,NSG6,NAGPUR,SECR,JABALPUR,MADHYA PRADESH,9,271,3.78
6124,GHANSORE,GNS,NSG6,NAGPUR,SECR,SEONI,MADHYA PRADESH,9,271,3.78
6125,GOBARWAHI,GBRI,NSG6,NAGPUR,SECR,BHANDARA,MAHARASHTRA,9,271,3.78
6126,GONGLEE,GNL,NSG6,NAGPUR,SECR,GONDIA,MAHARASHTRA,9,271,3.78
6127,GUDMA,GDM,NSG6,NAGPUR,SECR,GONDIA,MAHARASHTRA,9,271,3.78
6128,GUWARIGHAT,GRG,NSG6,NAGPUR,SECR,JABALPUR,MADHYA PRADESH,9,271,3.78
6129,HATTA ROAD,HTT,NSG6,NAGPUR,SECR,BALAGHAT,MADHYA PRADESH,9,271,3.78
6130,HIRDAMALI,HDM,NSG6,NAGPUR,SECR,GONDIA,MAHARASHTRA,9,271,3.78
6131,JATKANHAR,JTR,NSG6,NAGPUR,SECR,RAJNANDGAON,CHHATTISGARH,9,271,3.78
6132,JHILIMILI,JLY,NSG6,NAGPUR,SECR,CHHINDWARA,MADHYA PRADESH,9,271,3.78
6133,KACHEWANI,KWN,NSG6,NAGPUR,SECR,GONDIA,MAHARASHTRA,9,271,3.78
6134,KANHAN JN.,KNHN,NSG6,NAGPUR,SECR,NAGPUR,MAHARASHTRA,9,271,3.78
6135,KARABOH,KRBO,NSG6,NAGPUR,SECR,CHHINDWARA,MADHYA PRADESH,9,271,3.78
6136,KATANGI,KGE,NSG6,NAGPUR,SECR,BALAGHAT,MADHYA PRADESH,9,271,3.78
6137,KELOD,KLOD,NSG6,NAGPUR,SECR,NAGPUR,MAHARASHTRA,9,271,3.78
6138,KELZAR,KEZ,NSG6,NAGPUR,SECR,CHANDRAPUR,MAHARASHTRA,9,271,3.78
6139,KEOLARI,KLZ,NSG6,NAGPUR,SECR,SEONI,MADHYA PRADESH,9,271,3.78
6140,KHAPRIKHEDA,KPKD,NSG6,NAGPUR,SECR,NAGPUR,MAHARASHTRA,9,271,3.78
6141,KHAT,KHAT,NSG6,NAGPUR,SECR,NAGPUR,MAHARASHTRA,9,271,3.78
6142,KOKA,KOKA,NSG6,NAGPUR,SECR,BHANDARA,MAHARASHTRA,9,271,3.78
6143,KUHI,KUHI,NSG6,NAGPUR,SECR,NAGPUR,MAHARASHTRA,9,271,3.78
6144,LAMTA,LTA,NSG6,NAGPUR,SECR,BALAGHAT,MADHYA PRADESH,9,271,3.78
6145,LINGA,LIG,NSG6,NAGPUR,SECR,CHHINDWARA,MADHYA PRADESH,9,271,3.78
6146,LODHIKHERA,LDE,NSG6,NAGPUR,SECR,CHHINDWARA,MADHYA PRADESH,9,271,3.78
6147,MANDLA FORT,MFR,NSG6,NAGPUR,SECR,MANDLA,MADHYA PRADESH,9,271,3.78
6148,MUL MARORA,MME,NSG6,NAGPUR,SECR,CHANDRAPUR,MAHARASHTRA,9,271,3.78
6149,MUNDIKOTA,MNU,NSG6,NAGPUR,SECR,GONDIA,MAHARASHTRA,9,271,3.78
6150,MURIPAR,MUP,NSG6,NAGPUR,SECR,RAJNANDGAON,CHHATTISGARH,9,271,3.78
6151,MUSRA,MUA,NSG6,NAGPUR,SECR,RAJNANDGAON,CHHATTISGARH,9,271,3.78
6152,NAGARWARA,NWA,NSG6,NAGPUR,SECR,BALAGHAT,MADHYA PRADESH,9,271,3.78
6153,NAGBHIR JN.,NAB,NSG6,NAGPUR,SECR,CHANDRAPUR,MAHARASHTRA,9,271,3.78
6154,NAINPUR JN.,NIR,NSG6,NAGPUR,SECR,MANDLA,MADHYA PRADESH,9,271,3.78
6155,NIDHANI,NDNI,NSG6,NAGPUR,SECR,SEONI,MADHYA PRADESH,9,271,3.78
6156,PADRIGANJ,PNJ,NSG6,NAGPUR,SECR,MANDLA,MADHYA PRADESH,9,271,3.78
6157,PALARI,PUE,NSG6,NAGPUR,SECR,SEONI,MADHYA PRADESH,9,271,3.78
6158,PANIAJOB,PJB,NSG6,NAGPUR,SECR,RAJNANDGAON,CHHATTISGARH,9,271,3.78
6159,PARMALKASA,PMS,NSG6,NAGPUR,SECR,RAJNANDGAON,CHHATTISGARH,9,271,3.78
6160,PATANSAONGI,PTS,NSG6,NAGPUR,SECR,NAGPUR,MAHARASHTRA,9,271,3.78
6161,PINDRAI,PDE,NSG6,NAGPUR,SECR,MANDLA,MADHYA PRADESH,9,271,3.78
6162,PIPARDAHI,PED,NSG6,NAGPUR,SECR,SEONI,MADHYA PRADESH,9,271,3.78
6163,RAJOLI,ROL,NSG6,NAGPUR,SECR,CHANDRAPUR,MAHARASHTRA,9,271,3.78
6164,RAMAKONA,RMO,NSG6,NAGPUR,SECR,CHHINDWARA,MADHYA PRADESH,9,271,3.78
6165,RASMARA,RSM,NSG6,NAGPUR,SECR,DURG,CHHATTISGARH,9,271,3.78
6166,REWRAL,RRL,NSG6,NAGPUR,SECR,NAGPUR,MAHARASHTRA,9,271,3.78
6167,SALEKASA,SKS,NSG6,NAGPUR,SECR,GONDIA,MAHARASHTRA,9,271,3.78
6168,SALWA,SAL,NSG6,NAGPUR,SECR,NAGPUR,MAHARASHTRA,9,271,3.78
6169,SAMNAPUR,SMC,NSG6,NAGPUR,SECR,BALAGHAT,MADHYA PRADESH,9,271,3.78
6170,SAONER,SONR,NSG6,NAGPUR,SECR,NAGPUR,MAHARASHTRA,9,271,3.78
6171,SAUSAR,SASR,NSG6,NAGPUR,SECR,CHHINDWARA,MADHYA PRADESH,9,271,3.78
6172,SEONI,SEY,NSG6,NAGPUR,SECR,SEONI,MADHYA PRADESH,9,271,3.78
6173,SHIKARA,SKY,NSG6,NAGPUR,SECR,SEONI,MADHYA PRADESH,9,271,3.78
6174,SINDEWAHI,SYE,NSG6,NAGPUR,SECR,CHANDRAPUR,MAHARASHTRA,9,271,3.78
6175,SONDAD,SNV,NSG6,NAGPUR,SECR,GONDIA,MAHARASHTRA,9,271,3.78
6176,SUKRI MANGELA,SOY,NSG6,NAGPUR,SECR,JABALPUR,MADHYA PRADESH,9,271,3.78
6177,TALODHI ROAD,TUD,NSG6,NAGPUR,SECR,CHANDRAPUR,MAHARASHTRA,9,271,3.78
6178,THARSA,TAR,NSG6,NAGPUR,SECR,NAGPUR,MAHARASHTRA,9,271,3.78
6179,TIRODI,TRDI,NSG6,NAGPUR,SECR,BALAGHAT,MADHYA PRADESH,9,271,3.78
6180,UMRA NALA,ULA,NSG6,NAGPUR,SECR,CHHINDWARA,MADHYA PRADESH,9,271,3.78
6181,UMRED,URR,NSG6,NAGPUR,SECR,NAGPUR,MAHARASHTRA,9,271,3.78
6182,WADEGAON,WDG,NSG6,NAGPUR,SECR,GONDIA,MAHARASHTRA,9,271,3.78
6183,BAIKUNTH P.H.,BKTH,HG2,RAIPUR,SECR,RAIPUR,CHHATTISGARH,2,50,3.78
6184,CHAKARBHATA P.H.,CHBT,HG2,RAIPUR,SECR,BILASPUR,CHHATTISGARH,2,50,3.78
6185,CHATAUD P.H.,CATD,HG2,RAIPUR,SECR,DHAMTARI,CHHATTISGARH,2,50,3.78
6186,DEVBALODA CHARODA P.,DBEC,HG2,RAIPUR,SECR,DURG,CHHATTISGARH,2,50,3.78
6187,GUDUM P.H.,GUDM,HG2,RAIPUR,SECR,BALOD,CHHATTISGARH,2,50,3.78
6188,KURUD P.H.,KRX,HG2,RAIPUR,SECR,DHAMTARI,CHHATTISGARH,2,50,3.78
6189,SARASWATI NAGAR P.H.,SRWN,HG2,RAIPUR,SECR,RAIPUR,CHHATTISGARH,2,50,3.78
6190,SIRRI P.H.,SIY,HG2,RAIPUR,SECR,DHAMTARI,CHHATTISGARH,2,50,3.78
6191,WRS COLONY P.H.,WRC,HG2,RAIPUR,SECR,RAIPUR,CHHATTISGARH,2,50,3.78
6192,BHAINSBODH P.H.,BSBH,HG3,RAIPUR,SECR,BALOD,CHHATTISGARH,3,50,3.78
6193,KENDRI P.H.,KDRI,HG3,RAIPUR,SECR,RAIPUR,CHHATTISGARH,3,50,3.78
6194,MANIK CHOWREE P.H.,MCF,HG3,RAIPUR,SECR,RAIPUR,CHHATTISGARH,3,50,3.78
6195,PAUWARA P.H.,PUWA,HG3,RAIPUR,SECR,DURG,CHHATTISGARH,3,50,3.78
6196,SALHAITOLA P.H.,SHIT,HG3,RAIPUR,SECR,BALOD,CHHATTISGARH,3,50,3.78
6197,SANKRA P.H.,SNKX,HG3,RAIPUR,SECR,DHAMTARI,CHHATTISGARH,3,50,3.78
6198,SARSONPURI P.H.,SPY,HG3,RAIPUR,SECR,DHAMTARI,CHHATTISGARH,3,50,3.78
6199,SIKOSA P.H.,SKSO,HG3,RAIPUR,SECR,BALOD,CHHATTISGARH,3,50,3.78
6200,DURG,DURG,NSG2,RAIPUR,SECR,DURG,CHHATTISGARH,5,50,3.78
6201,RAIPUR JN.,R,NSG2,RAIPUR,SECR,RAIPUR,CHHATTISGARH,5,50,3.78
6202,BHATAPARA,BYT,NSG3,RAIPUR,SECR,BALODA BAZAR,CHHATTISGARH,6,50,3.78
6203,BHILAI POWER HOUSE,BPHB,NSG4,RAIPUR,SECR,DURG,CHHATTISGARH,7,50,3.78
6204,BELHA,BYL,NSG5,RAIPUR,SECR,BILASPUR,CHHATTISGARH,8,50,3.78
6205,TILDA-NEORA,TLD,NSG5,RAIPUR,SECR,RAIPUR,CHHATTISGARH,8,50,3.78
6206,ABHANPUR JN.,AVP,NSG6,RAIPUR,SECR,RAIPUR,CHHATTISGARH,9,50,3.78
6207,ANTAGARH,AAGH,NSG6,RAIPUR,SECR,KANKER,CHHATTISGARH,9,50,3.78
6208,BALOD,BXA,NSG6,RAIPUR,SECR,BALOD,CHHATTISGARH,9,50,3.78
6209,BHANUPRATAPPUR,BPTP,NSG6,RAIPUR,SECR,KANKER,CHHATTISGARH,9,50,3.78
6210,BHILAI,BIA,NSG6,RAIPUR,SECR,DURG,CHHATTISGARH,9,50,3.78
6211,BHILAINAGAR,BQR,NSG6,RAIPUR,SECR,DURG,CHHATTISGARH,9,50,3.78
6212,DADHAPARA,DPH,NSG6,RAIPUR,SECR,BILASPUR,CHHATTISGARH,9,50,3.78
6213,DAGORI,DGS,NSG6,RAIPUR,SECR,BILASPUR,CHHATTISGARH,9,50,3.78
6214,DALLI-RAJHARA,DRZ,NSG6,RAIPUR,SECR,BALOD,CHHATTISGARH,9,50,3.78
6215,DHAMTARI,DTR,NSG6,RAIPUR,SECR,DHAMTARI,CHHATTISGARH,9,50,3.78
6216,GUNDARDEHI,GDZ,NSG6,RAIPUR,SECR,BALOD,CHHATTISGARH,9,50,3.78
6217,HATHBANDH,HN,NSG6,RAIPUR,SECR,BALODA BAZAR,CHHATTISGARH,9,50,3.78
6218,KEOTI,KETI,NSG6,RAIPUR,SECR,KANKER,CHHATTISGARH,9,50,3.78
6219,KUMHARI,KMI,NSG6,RAIPUR,SECR,DURG,CHHATTISGARH,9,50,3.78
6220,KUSUMKASA,KYS,NSG6,RAIPUR,SECR,BALOD,CHHATTISGARH,9,50,3.78
6221,LAKHOLI,LAE,NSG6,RAIPUR,SECR,RAIPUR,CHHATTISGARH,9,50,3.78
6222,LATABOR,LBO,NSG6,RAIPUR,SECR,BALOD,CHHATTISGARH,9,50,3.78
6223,MANDHAR,MDH,NSG6,RAIPUR,SECR,RAIPUR,CHHATTISGARH,9,50,3.78
6224,MANDIR HASAUD,MNDH,NSG6,RAIPUR,SECR,RAIPUR,CHHATTISGARH,9,50,3.78
6225,MARAUDA,MXA,NSG6,RAIPUR,SECR,DURG,CHHATTISGARH,9,50,3.78
6226,NAVA RAIPUR,NRMH,NSG6,RAIPUR,SECR,RAIPUR,CHHATTISGARH,9,50,3.78
6227,NIPANIA,NPI,NSG6,RAIPUR,SECR,BALODA BAZAR,CHHATTISGARH,9,50,3.78
6228,RAJIM,RIM,NSG6,RAIPUR,SECR,GARIYABAND,CHHATTISGARH,9,50,3.78
6229,RISAMA,RSA,NSG6,RAIPUR,SECR,DURG,CHHATTISGARH,9,50,3.78
6230,SARONA,SZB,NSG6,RAIPUR,SECR,RAIPUR,CHHATTISGARH,9,50,3.78
6231,SILYARI,SLH,NSG6,RAIPUR,SECR,RAIPUR,CHHATTISGARH,9,50,3.78
6232,URKURA,URK,NSG6,RAIPUR,SECR,RAIPUR,CHHATTISGARH,9,50,3.78
6233,BELIATOR PH,BZC,HG2,ADRA,SER,BANKURA,WEST BENGAL,2,97,4.39
6234,BETUR PH,BTRB,HG2,ADRA,SER,BANKURA,WEST BENGAL,2,97,4.39
6235,BHEDUASOL,BXL,HG2,ADRA,SER,BANKURA,WEST BENGAL,2,97,4.39
6236,BOGRI ROAD,BGO,HG2,ADRA,SER,BANKURA,WEST BENGAL,2,97,4.39
6237,CHAS ROAD PH,CAS,HG2,ADRA,SER,PURULIA,WEST BENGAL,2,97,4.39
6238,DHAGARIA PH,DGF,HG2,ADRA,SER,BANKURA,WEST BENGAL,2,97,4.39
6239,DHANSIMLA PH,DIM,HG2,ADRA,SER,BANKURA,WEST BENGAL,2,97,4.39
6240,HAMIRATI PH,HAM,HG2,ADRA,SER,BANKURA,WEST BENGAL,2,97,4.39
6241,INDAS PH,INS,HG2,ADRA,SER,BANKURA,WEST BENGAL,2,97,4.39
6242,JAMADOBA P.H.,JBO,HG2,ADRA,SER,DHANBAD,JHARKHAND,2,97,4.39
6243,KARKEND PH,KRKN,HG2,ADRA,SER,DHANBAD,JHARKHAND,2,97,4.39
6244,KHARKHARI,KHRI,HG2,ADRA,SER,DHANBAD,JHARKHAND,2,97,4.39
6245,KUMRUL PH,KMRL,HG2,ADRA,SER,BANKURA,WEST BENGAL,2,97,4.39
6246,MATHNASHIPUR PH,MTIP,HG2,ADRA,SER,PASCHIM BARDHAMAN,WEST BENGAL,2,97,4.39
6247,METYAL SAHAR PH,MYX,HG2,ADRA,SER,PURULIA,WEST BENGAL,2,97,4.39
6248,PATRASAYER PH,PSF,HG2,ADRA,SER,BANKURA,WEST BENGAL,2,97,4.39
6249,RAINAGAR PH,RNGR,HG2,ADRA,SER,PURBA BARDHAMAN,WEST BENGAL,2,97,4.39
6250,SAHASPUR ROAD PH,SHJ,HG2,ADRA,SER,BANKURA,WEST BENGAL,2,97,4.39
6251,SEHARA BAZAR PH,SRBZ,HG2,ADRA,SER,PASCHIM BARDHAMAN,WEST BENGAL,2,97,4.39
6252,SHYAMSUNDAR PH,SHMR,HG2,ADRA,SER,PASCHIM BARDHAMAN,WEST BENGAL,2,97,4.39
6253,TATASIJUA PH,TSAH,HG2,ADRA,SER,DHANBAD,JHARKHAND,2,97,4.39
6254,ANCHURI P.H.,ANCR,HG3,ADRA,SER,BANKURA,WEST BENGAL,3,97,4.39
6255,BELBONI PH,BEX,HG3,ADRA,SER,BANKURA,WEST BENGAL,3,97,4.39
6256,BERUGRAM,BUGM,HG3,ADRA,SER,PASCHIM BARDHAMAN,WEST BENGAL,3,97,4.39
6257,BHADUTALA,BUTA,HG3,ADRA,SER,MEDINIPUR WEST,WEST BENGAL,3,97,4.39
6258,BIKNA PH,BKNO,HG3,ADRA,SER,BANKURA,WEST BENGAL,3,97,4.39
6259,BOKRA PH,BOKA,HG3,ADRA,SER,PASCHIM BARDHAMAN,WEST BENGAL,3,97,4.39
6260,BRINDABANPUR PH,BDPR,HG3,ADRA,SER,BANKURA,WEST BENGAL,3,97,4.39
6261,CHANDAR,CNRF,HG3,ADRA,SER,BANKURA,WEST BENGAL,3,97,4.39
6262,DAMRUGHUTU,DRGU,HG3,ADRA,SER,PURULIA,WEST BENGAL,3,97,4.39
6263,GOPINATHPUR,GOR,HG3,ADRA,SER,PASCHIM BARDHAMAN,WEST BENGAL,3,97,4.39
6264,GRAMDADPUR PH,GMDP,HG3,ADRA,SER,PASCHIM BARDHAMAN,WEST BENGAL,3,97,4.39
6265,GUIRSARANGA PH,GSQ,HG3,ADRA,SER,PASCHIM BARDHAMAN,WEST BENGAL,3,97,4.39
6266,HABASPUR PH,HPUR,HG3,ADRA,SER,PASCHIM BARDHAMAN,WEST BENGAL,3,97,4.39
6267,KAIYAR PH,KYB,HG3,ADRA,SER,PASCHIM BARDHAMAN,WEST BENGAL,3,97,4.39
6268,KALISEN PH,KISN,HG3,ADRA,SER,BANKURA,WEST BENGAL,3,97,4.39
6269,KHARIO P.H.,KARO,HG3,ADRA,SER,DHANBAD,JHARKHAND,3,97,4.39
6270,MUSTAPHA CHAK,MFCK,HG3,ADRA,SER,PASCHIM BARDHAMAN,WEST BENGAL,3,97,4.39
6271,NOBANDA PH,NOB,HG3,ADRA,SER,BANKURA,WEST BENGAL,3,97,4.39
6272,SHANKRUL PH,SHKL,HG3,ADRA,SER,BANKURA,WEST BENGAL,3,97,4.39
6273,SRIRAMPUR PH,SIMR,HG3,ADRA,SER,BANKURA,WEST BENGAL,3,97,4.39
6274,BOKARO STEEL CITY,BKSC,NSG3,ADRA,SER,BOKARO,JHARKHAND,6,97,4.39
6275,ADRA,ADRA,NSG4,ADRA,SER,PURULIA,WEST BENGAL,7,97,4.39
6276,BANKURA,BQA,NSG4,ADRA,SER,BANKURA,WEST BENGAL,7,97,4.39
6277,BISHNUPUR,VSU,NSG4,ADRA,SER,BANKURA,WEST BENGAL,7,97,4.39
6278,PURULIA JN.,PRR,NSG4,ADRA,SER,PURULIA,WEST BENGAL,7,97,4.39
6279,ANARA,ANR,NSG5,ADRA,SER,PURULIA,WEST BENGAL,8,97,4.39
6280,BARABHUM,BBM,NSG5,ADRA,SER,PURULIA,WEST BENGAL,8,97,4.39
6281,BHAGA JN.,VAA,NSG5,ADRA,SER,DHANBAD,JHARKHAND,8,97,4.39
6282,BURNPUR,BURN,NSG5,ADRA,SER,PASCHIM BARDHAMAN,WEST BENGAL,8,97,4.39
6283,CHANDIL JN.,CNI,NSG5,ADRA,SER,SARAIKELA KHARSAWAN,JHARKHAND,8,97,4.39
6284,CHANDRAKONA ROAD,CDGR,NSG5,ADRA,SER,MEDINIPUR WEST,WEST BENGAL,8,97,4.39
6285,GARBETA,GBA,NSG5,ADRA,SER,MEDINIPUR WEST,WEST BENGAL,8,97,4.39
6286,JOYCHANDI PAHAR,JOC,NSG5,ADRA,SER,PURULIA,WEST BENGAL,8,97,4.39
6287,MADHUKUNDA,MDKD,NSG5,ADRA,SER,PURULIA,WEST BENGAL,8,97,4.39
6288,MOHUDA,MHQ,NSG5,ADRA,SER,DHANBAD,JHARKHAND,8,97,4.39
6289,MURADI,MDF,NSG5,ADRA,SER,PURULIA,WEST BENGAL,8,97,4.39
6290,SALBONI,SLB,NSG5,ADRA,SER,MEDINIPUR WEST,WEST BENGAL,8,97,4.39
6291,BAGALIA,BGA,NSG6,ADRA,SER,PURULIA,WEST BENGAL,9,97,4.39
6292,BERO,BERO,NSG6,ADRA,SER,PURULIA,WEST BENGAL,9,97,4.39
6293,BHOJUDIH JN.,BJE,NSG6,ADRA,SER,BOKARO,JHARKHAND,9,97,4.39
6294,BHOWRAH PH,BCB,NSG6,ADRA,SER,DHANBAD,JHARKHAND,9,97,4.39
6295,BIRAMDIH,BRMD,NSG6,ADRA,SER,PURULIA,WEST BENGAL,9,97,4.39
6296,BOWAICHANDI PH,BWCN,NSG6,ADRA,SER,PURBA BARDHAMAN,WEST BENGAL,9,97,4.39
6297,CHHARRA,CHRA,NSG6,ADRA,SER,PURULIA,WEST BENGAL,9,97,4.39
6298,CHHATNA,CJN,NSG6,ADRA,SER,BANKURA,WEST BENGAL,9,97,4.39
6299,DAMODAR JN.,DMA,NSG6,ADRA,SER,PASCHIM BARDHAMAN,WEST BENGAL,9,97,4.39
6300,GARH-DHRUBBESWAR,GRB,NSG6,ADRA,SER,PURULIA,WEST BENGAL,9,97,4.39
6301,GARHJAIPUR,GUG,NSG6,ADRA,SER,PURULIA,WEST BENGAL,9,97,4.39
6302,GODAPEASAL,GSL,NSG6,ADRA,SER,MEDINIPUR WEST,WEST BENGAL,9,97,4.39
6303,GOURINATHDHAM,GTD,NSG6,ADRA,SER,PURULIA,WEST BENGAL,9,97,4.39
6304,INDRABIL,IBL,NSG6,ADRA,SER,PURULIA,WEST BENGAL,9,97,4.39
6305,JHANTIPAHARI,JPH,NSG6,ADRA,SER,BANKURA,WEST BENGAL,9,97,4.39
6306,KANTADIH,KTD,NSG6,ADRA,SER,PURULIA,WEST BENGAL,9,97,4.39
6307,KHANUDIH,KNF,NSG6,ADRA,SER,DHANBAD,JHARKHAND,9,97,4.39
6308,KOTSHILA,KSX,NSG6,ADRA,SER,PURULIA,WEST BENGAL,9,97,4.39
6309,KUSTAUR,KSU,NSG6,ADRA,SER,PURULIA,WEST BENGAL,9,97,4.39
6310,LAYABAD,LYD,NSG6,ADRA,SER,DHANBAD,JHARKHAND,9,97,4.39
6311,MALKERA,MLQ,NSG6,ADRA,SER,DHANBAD,JHARKHAND,9,97,4.39
6312,NIMDIH,NIM,NSG6,ADRA,SER,SARAIKELA KHARSAWAN,JHARKHAND,9,97,4.39
6313,ONDAGRAM,ODM,NSG6,ADRA,SER,BANKURA,WEST BENGAL,9,97,4.39
6314,PIARDOBA,PBA,NSG6,ADRA,SER,BANKURA,WEST BENGAL,9,97,4.39
6315,PUNDAG,PNW,NSG6,ADRA,SER,PURULIA,WEST BENGAL,9,97,4.39
6316,RADHAGAON,RDF,NSG6,ADRA,SER,BOKARO,JHARKHAND,9,97,4.39
6317,RAMKANALI JN.,RKI,NSG6,ADRA,SER,PURULIA,WEST BENGAL,9,97,4.39
6318,RAMSAGAR,RSG,NSG6,ADRA,SER,BANKURA,WEST BENGAL,9,97,4.39
6319,RUKNI,RUI,NSG6,ADRA,SER,PURULIA,WEST BENGAL,9,97,4.39
6320,SANKA,SNKR,NSG6,ADRA,SER,PURULIA,WEST BENGAL,9,97,4.39
6321,SANTALDIH,SNTD,NSG6,ADRA,SER,PURULIA,WEST BENGAL,9,97,4.39
6322,SHEWBABUDIH,SBW,NSG6,ADRA,SER,DHANBAD,JHARKHAND,9,97,4.39
6323,SIRJAM,SRJM,NSG6,ADRA,SER,PURULIA,WEST BENGAL,9,97,4.39
6324,SONAMUKHI,SONA,NSG6,ADRA,SER,BANKURA,WEST BENGAL,9,97,4.39
6325,SUDAMDIH,SDMD,NSG6,ADRA,SER,DHANBAD,JHARKHAND,9,97,4.39
6326,TALGORIA,TLE,NSG6,ADRA,SER,DHANBAD,JHARKHAND,9,97,4.39
6327,TAMNA,TAO,NSG6,ADRA,SER,PURULIA,WEST BENGAL,9,97,4.39
6328,TUPKADIH,TKX,NSG6,ADRA,SER,BOKARO,JHARKHAND,9,97,4.39
6329,URMA,URMA,NSG6,ADRA,SER,PURULIA,WEST BENGAL,9,97,4.39
6330,GOVINDPUR PH,GVDP,HG2,CHAKRADHARPUR,SER,EAST SINGHBUM,JHARKHAND,2,83,4.39
6331,HALUDPUKUR,HLD,HG2,CHAKRADHARPUR,SER,EAST SINGHBUM,JHARKHAND,2,83,4.39
6332,BIRBANS,BRBS,HG3,CHAKRADHARPUR,SER,SARAIKELA KHARSAWAN,JHARKHAND,3,83,4.39
6333,CHHANUA,CHNU,HG3,CHAKRADHARPUR,SER,MAYURBHANJ,ODISHA,3,83,4.39
6334,DEROWAN P.H.,DRWN,HG3,CHAKRADHARPUR,SER,WEST SINGHBHUM,JHARKHAND,3,83,4.39
6335,GHAGHRA,GHAA,HG3,CHAKRADHARPUR,SER,WEST SINGHBHUM,JHARKHAND,3,83,4.39
6336,MANIKUI,MIK,HG3,CHAKRADHARPUR,SER,SARAIKELA KHARSAWAN,JHARKHAND,3,83,4.39
6337,PANPALI PH,PNPL,HG3,CHAKRADHARPUR,SER,JHARSUGUDA,ODISHA,3,83,4.39
6338,SIDHIRSAI,SDHS,HG3,CHAKRADHARPUR,SER,EAST SINGHBUM,JHARKHAND,3,83,4.39
6339,TUNIA,TUX,HG3,CHAKRADHARPUR,SER,WEST SINGHBHUM,JHARKHAND,3,83,4.39
6340,TATANAGAR JN.,TATA,NSG2,CHAKRADHARPUR,SER,EAST SINGHBUM,JHARKHAND,5,83,4.39
6341,JHARSUGUDA JN.,JSG,NSG3,CHAKRADHARPUR,SER,JHARSUGUDA,ODISHA,6,83,4.39
6342,ROURKELA,ROU,NSG3,CHAKRADHARPUR,SER,SUNDARGARH,ODISHA,6,83,4.39
6343,CHAKARADHARPUR,CKP,NSG4,CHAKRADHARPUR,SER,WEST SINGHBHUM,JHARKHAND,7,83,4.39
6344,ADITYAPUR,ADTP,NSG5,CHAKRADHARPUR,SER,SARAIKELA KHARSAWAN,JHARKHAND,8,83,4.39
6345,BAMRA,BMB,NSG5,CHAKRADHARPUR,SER,SAMBALPUR,ODISHA,8,83,4.39
6346,BARBIL,BBN,NSG5,CHAKRADHARPUR,SER,KENDUJHAR,ODISHA,8,83,4.39
6347,BONDAMUNDA JN,BNDM,NSG5,CHAKRADHARPUR,SER,SUNDARGARH,ODISHA,8,83,4.39
6348,CHAIBASA,CBSA,NSG5,CHAKRADHARPUR,SER,WEST SINGHBHUM,JHARKHAND,8,83,4.39
6349,MANOHARPUR,MOU,NSG5,CHAKRADHARPUR,SER,WEST SINGHBHUM,JHARKHAND,8,83,4.39
6350,NAWAGAON,NXN,NSG5,CHAKRADHARPUR,SER,SUNDARGARH,ODISHA,8,83,4.39
6351,RAJGANGPUR,GP,NSG5,CHAKRADHARPUR,SER,SUNDARGARH,ODISHA,8,83,4.39
6352,RAJKHARSAWAN JN.,RKSN,NSG5,CHAKRADHARPUR,SER,SARAIKELA KHARSAWAN,JHARKHAND,8,83,4.39
6353,SINI JN.,SINI,NSG5,CHAKRADHARPUR,SER,SARAIKELA KHARSAWAN,JHARKHAND,8,83,4.39
6354,ASANBONI,ASB,NSG6,CHAKRADHARPUR,SER,EAST SINGHBUM,JHARKHAND,9,83,4.39
6355,AUNLAJORI JN.,OND,NSG6,CHAKRADHARPUR,SER,MAYURBHANJ,ODISHA,9,83,4.39
6356,BADAMPAHAR,BMPR,NSG6,CHAKRADHARPUR,SER,MAYURBHANJ,ODISHA,9,83,4.39
6357,BAGDIHI,BEH,NSG6,CHAKRADHARPUR,SER,JHARSUGUDA,ODISHA,9,83,4.39
6358,BAHALDA ROAD,BDO,NSG6,CHAKRADHARPUR,SER,MAYURBHANJ,ODISHA,9,83,4.39
6359,BANGURKELA,BGKA,NSG6,CHAKRADHARPUR,SER,SUNDARGARH,ODISHA,9,83,4.39
6360,BANSPANI,BSPX,NSG6,CHAKRADHARPUR,SER,KENDUJHAR,ODISHA,9,83,4.39
6361,BARA JAMADA,BJMD,NSG6,CHAKRADHARPUR,SER,WEST SINGHBHUM,JHARKHAND,9,83,4.39
6362,BARABAMBO,BRM,NSG6,CHAKRADHARPUR,SER,SARAIKELA KHARSAWAN,JHARKHAND,9,83,4.39
6363,BARSUAN,BXF,NSG6,CHAKRADHARPUR,SER,SUNDARGARH,ODISHA,9,83,4.39
6364,BHALULATA,BUL,NSG6,CHAKRADHARPUR,SER,SUNDARGARH,ODISHA,9,83,4.39
6365,BIMALGARH JN.,BUF,NSG6,CHAKRADHARPUR,SER,SUNDARGARH,ODISHA,9,83,4.39
6366,BIRARAJPUR,BIRP,NSG6,CHAKRADHARPUR,SER,SARAIKELA KHARSAWAN,JHARKHAND,9,83,4.39
6367,BIRMITRAPUR,BRMP,NSG6,CHAKRADHARPUR,SER,SUNDARGARH,ODISHA,9,83,4.39
6368,BISRA,BZR,NSG6,CHAKRADHARPUR,SER,SUNDARGARH,ODISHA,9,83,4.39
6369,BOLANIKHADAN,BYX,NSG6,CHAKRADHARPUR,SER,KENDUJHAR,ODISHA,9,83,4.39
6370,CHAMPAJHARAN,CJQ,NSG6,CHAKRADHARPUR,SER,SUNDARGARH,ODISHA,9,83,4.39
6371,CHANDIPOSHI,CPE,NSG6,CHAKRADHARPUR,SER,SUNDARGARH,ODISHA,9,83,4.39
6372,DANGOAPOSI,DPS,NSG6,CHAKRADHARPUR,SER,WEST SINGHBHUM,JHARKHAND,9,83,4.39
6373,DEOJHAR,DJHR,NSG6,CHAKRADHARPUR,SER,KENDUJHAR,ODISHA,9,83,4.39
6374,DHARUADIHI,DIH,NSG6,CHAKRADHARPUR,SER,SUNDARGARH,ODISHA,9,83,4.39
6375,DHUTRA,DTV,NSG6,CHAKRADHARPUR,SER,JHARSUGUDA,ODISHA,9,83,4.39
6376,DUMETRA,DMF,NSG6,CHAKRADHARPUR,SER,SUNDARGARH,ODISHA,9,83,4.39
6377,GAMHARIA,GMH,NSG6,CHAKRADHARPUR,SER,SARAIKELA KHARSAWAN,JHARKHAND,9,83,4.39
6378,GARPOS,GPH,NSG6,CHAKRADHARPUR,SER,SAMBALPUR,ODISHA,9,83,4.39
6379,GOILKERA,GOL,NSG6,CHAKRADHARPUR,SER,WEST SINGHBHUM,JHARKHAND,9,83,4.39
6380,GORUMAHISANI,GUMI,NSG6,CHAKRADHARPUR,SER,MAYURBHANJ,ODISHA,9,83,4.39
6381,GUA,GUA,NSG6,CHAKRADHARPUR,SER,WEST SINGHBHUM,JHARKHAND,9,83,4.39
6382,JARAIKELA,JRA,NSG6,CHAKRADHARPUR,SER,SUNDARGARH,ODISHA,9,83,4.39
6383,JAROLI,JRLI,NSG6,CHAKRADHARPUR,SER,KENDUJHAR,ODISHA,9,83,4.39
6384,JHINKPANI,JNK,NSG6,CHAKRADHARPUR,SER,WEST SINGHBHUM,JHARKHAND,9,83,4.39
6385,KALUNGA,KLG,NSG6,CHAKRADHARPUR,SER,SUNDARGARH,ODISHA,9,83,4.39
6386,KANDRA,KND,NSG6,CHAKRADHARPUR,SER,SARAIKELA KHARSAWAN,JHARKHAND,9,83,4.39
6387,KANSBAHAL,KXN,NSG6,CHAKRADHARPUR,SER,SUNDARGARH,ODISHA,9,83,4.39
6388,KARAMPADA,KMPD,NSG6,CHAKRADHARPUR,SER,WEST SINGHBHUM,JHARKHAND,9,83,4.39
6389,KENDPOSI,KNPS,NSG6,CHAKRADHARPUR,SER,WEST SINGHBHUM,JHARKHAND,9,83,4.39
6390,KIRUBURU,KRBU,NSG6,CHAKRADHARPUR,SER,WEST SINGHBHUM,JHARKHAND,9,83,4.39
6391,KUARMUNDA,KRMD,NSG6,CHAKRADHARPUR,SER,SUNDARGARH,ODISHA,9,83,4.39
6392,KULDIHA,KIJ,NSG6,CHAKRADHARPUR,SER,MAYURBHANJ,ODISHA,9,83,4.39
6393,KUNKI B.H.,KZU,NSG6,CHAKRADHARPUR,SER,SARAIKELA KHARSAWAN,JHARKHAND,9,83,4.39
6394,LATHIKATA,LTK,NSG6,CHAKRADHARPUR,SER,SUNDARGARH,ODISHA,9,83,4.39
6395,LOTAPAHAR,LPH,NSG6,CHAKRADHARPUR,SER,WEST SINGHBHUM,JHARKHAND,9,83,4.39
6396,MAHADEVASAL PH,MXW,NSG6,CHAKRADHARPUR,SER,WEST SINGHBHUM,JHARKHAND,9,83,4.39
6397,MAHALI MARUP,MMV,NSG6,CHAKRADHARPUR,SER,SARAIKELA KHARSAWAN,JHARKHAND,9,83,4.39
6398,MALUKA,MLKA,NSG6,CHAKRADHARPUR,SER,WEST SINGHBHUM,JHARKHAND,9,83,4.39
6399,MURGA-MAHADEV ROAD,MMVR,NSG6,CHAKRADHARPUR,SER,KENDUJHAR,ODISHA,9,83,4.39
6400,NOAMUNDI,NOMD,NSG6,CHAKRADHARPUR,SER,WEST SINGHBHUM,JHARKHAND,9,83,4.39
6401,PADAPAHAR,PDPH,NSG6,CHAKRADHARPUR,SER,WEST SINGHBHUM,JHARKHAND,9,83,4.39
6402,PANDRASALI,PRSL,NSG6,CHAKRADHARPUR,SER,WEST SINGHBHUM,JHARKHAND,9,83,4.39
6403,PANPOSH,PPO,NSG6,CHAKRADHARPUR,SER,SUNDARGARH,ODISHA,9,83,4.39
6404,PATASAHI,PSJ,NSG6,CHAKRADHARPUR,SER,SUNDARGARH,ODISHA,9,83,4.39
6405,POSOITA,PST,NSG6,CHAKRADHARPUR,SER,WEST SINGHBHUM,JHARKHAND,9,83,4.39
6406,RAIRANGPUR,RRP,NSG6,CHAKRADHARPUR,SER,MAYURBHANJ,ODISHA,9,83,4.39
6407,SINGHPOKHARIA,SIPA,NSG6,CHAKRADHARPUR,SER,WEST SINGHBHUM,JHARKHAND,9,83,4.39
6408,SOGORA,SOGR,NSG6,CHAKRADHARPUR,SER,SAMBALPUR,ODISHA,9,83,4.39
6409,SONAKHAN,SXN,NSG6,CHAKRADHARPUR,SER,SUNDARGARH,ODISHA,9,83,4.39
6410,SONUA,SWR,NSG6,CHAKRADHARPUR,SER,WEST SINGHBHUM,JHARKHAND,9,83,4.39
6411,TALABURU,TABU,NSG6,CHAKRADHARPUR,SER,WEST SINGHBHUM,JHARKHAND,9,83,4.39
6412,TANGARMUNDA BH,TGM,NSG6,CHAKRADHARPUR,SER,SAMBALPUR,ODISHA,9,83,4.39
6413,DURGACHAK TOWN,DZKT,HG1,KHARAGPUR,SER,MEDINIPUR EAST,WEST BENGAL,1,136,4.39
6414,JALALSI P.H.,JLI,HG1,KHARAGPUR,SER,HOWRAH,WEST BENGAL,1,136,4.39
6415,MAHENDRALALNAGAR,MHLN,HG1,KHARAGPUR,SER,HOWRAH,WEST BENGAL,1,136,4.39
6416,MUNSIRHAT P.H.,MNH,HG1,KHARAGPUR,SER,HOWRAH,WEST BENGAL,1,136,4.39
6417,PANTIHAL,PTHL,HG1,KHARAGPUR,SER,HOWRAH,WEST BENGAL,1,136,4.39
6418,ANGUA P.H.,AGV,HG2,KHARAGPUR,SER,MEDINIPUR WEST,WEST BENGAL,2,136,4.39
6419,ASHAPURNA DEVI,APRD,HG2,KHARAGPUR,SER,MEDINIPUR EAST,WEST BENGAL,2,136,4.39
6420,BADALPUR P.H,BDPA,HG2,KHARAGPUR,SER,MEDINIPUR EAST,WEST BENGAL,2,136,4.39
6421,BANDAR PH,BAAR,HG2,KHARAGPUR,SER,MEDINIPUR EAST,WEST BENGAL,2,136,4.39
6422,BANSTOLA PH,BNB,HG2,KHARAGPUR,SER,JHARGRAM,WEST BENGAL,2,136,4.39
6423,BETNOTI PH,BTQ,HG2,KHARAGPUR,SER,MAYURBHANJ,ODISHA,2,136,4.39
6424,DANSI PH,DNI,HG2,KHARAGPUR,SER,HOWRAH,WEST BENGAL,2,136,4.39
6425,DOMJUR ROAD,DMJR,HG2,KHARAGPUR,SER,HOWRAH,WEST BENGAL,2,136,4.39
6426,DUAN,DUAN,HG2,KHARAGPUR,SER,MEDINIPUR WEST,WEST BENGAL,2,136,4.39
6427,HARISHDADPUR PH,HDC,HG2,KHARAGPUR,SER,HOWRAH,WEST BENGAL,2,136,4.39
6428,HERIA P.H.,HEN,HG2,KHARAGPUR,SER,MEDINIPUR EAST,WEST BENGAL,2,136,4.39
6429,JHALUARBAR,JLBR,HG2,KHARAGPUR,SER,HOWRAH,WEST BENGAL,2,136,4.39
6430,JOGAL,JOL,HG2,KHARAGPUR,SER,MAYURBHANJ,ODISHA,2,136,4.39
6431,JUGPURA P.H.,JRG,HG2,KHARAGPUR,SER,MAYURBHANJ,ODISHA,2,136,4.39
6432,KANIMAHULI P.H.,KNM,HG2,KHARAGPUR,SER,EAST SINGHBUM,JHARKHAND,2,136,4.39
6433,KHATKURA P.H.,KATB,HG2,KHARAGPUR,SER,JHARGRAM,WEST BENGAL,2,136,4.39
6434,KONA PH,KONA,HG2,KHARAGPUR,SER,HOWRAH,WEST BENGAL,2,136,4.39
6435,KRISHNA CHANDRAPUR,KCV,HG2,KHARAGPUR,SER,MAYURBHANJ,ODISHA,2,136,4.39
6436,LAVAN SG SMARAK,LSGS,HG2,KHARAGPUR,SER,MEDINIPUR EAST,WEST BENGAL,2,136,4.39
6437,MAKARDAHA,MDC,HG2,KHARAGPUR,SER,HOWRAH,WEST BENGAL,2,136,4.39
6438,NACHINDA P.H.,NCN,HG2,KHARAGPUR,SER,MEDINIPUR EAST,WEST BENGAL,2,136,4.39
6439,NUAGAON-MAYURBHANJ R,NMBR,HG2,KHARAGPUR,SER,BALESHWAR,ODISHA,2,136,4.39
6440,SABIRA,SZZ,HG2,KHARAGPUR,SER,BALESHWAR,ODISHA,2,136,4.39
6441,SAHID MATANGINI,SMTG,HG2,KHARAGPUR,SER,MEDINIPUR EAST,WEST BENGAL,2,136,4.39
6442,SATISH SAMANTA P.H.,SSPH,HG2,KHARAGPUR,SER,MEDINIPUR EAST,WEST BENGAL,2,136,4.39
6443,SITALPUR (BENGAL),STLB,HG2,KHARAGPUR,SER,MEDINIPUR EAST,WEST BENGAL,2,136,4.39
6444,SUJALPUR P.H.,SJPA,HG2,KHARAGPUR,SER,MEDINIPUR EAST,WEST BENGAL,2,136,4.39
6445,THAKURTOLA P.H,TKH,HG2,KHARAGPUR,SER,MAYURBHANJ,ODISHA,2,136,4.39
6446,TIKRA P.H.,TKRA,HG2,KHARAGPUR,SER,MEDINIPUR EAST,WEST BENGAL,2,136,4.39
6447,BURAMARA,BWO,HG3,KHARAGPUR,SER,MAYURBHANJ,ODISHA,3,136,4.39
6448,CHIRUGODA,CHGA,HG3,KHARAGPUR,SER,EAST SINGHBUM,JHARKHAND,3,136,4.39
6449,DAKSHINBARI,DKB,HG3,KHARAGPUR,SER,HOWRAH,WEST BENGAL,3,136,4.39
6450,JAMSOLE,JSE,HG3,KHARAGPUR,SER,MAYURBHANJ,ODISHA,3,136,4.39
6451,KUCHAI,KUCE,HG3,KHARAGPUR,SER,MAYURBHANJ,ODISHA,3,136,4.39
6452,PADMAPUKUR,PDPK,HG3,KHARAGPUR,SER,HOWRAH,WEST BENGAL,3,136,4.39
6453,PANPANA PH,PNPN,HG3,KHARAGPUR,SER,BALESHWAR,ODISHA,3,136,4.39
6454,RAJALUKAH,RJLK,HG3,KHARAGPUR,SER,MAYURBHANJ,ODISHA,3,136,4.39
6455,TIKIRAPAL P.H.,TKPL,HG3,KHARAGPUR,SER,BALESHWAR,ODISHA,3,136,4.39
6456,HOWRAH SOUTH N C,HWHS,NSG1,KHARAGPUR,SER,HOWRAH,WEST BENGAL,4,136,4.39
6457,KHARAGPUR,KGP,NSG2,KHARAGPUR,SER,MEDINIPUR WEST,WEST BENGAL,5,136,4.39
6458,BALASORE,BLS,NSG3,KHARAGPUR,SER,BALESHWAR,ODISHA,6,136,4.39
6459,SHALIMAR,SHM,NSG3,KHARAGPUR,SER,HOWRAH,WEST BENGAL,6,136,4.39
6460,BARIPADA,BPO,NSG4,KHARAGPUR,SER,MAYURBHANJ,ODISHA,7,136,4.39
6461,DIGHA,DGHA,NSG4,KHARAGPUR,SER,MEDINIPUR EAST,WEST BENGAL,7,136,4.39
6462,GHATSILA,GTS,NSG4,KHARAGPUR,SER,EAST SINGHBUM,JHARKHAND,7,136,4.39
6463,JHARGRAM,JGM,NSG4,KHARAGPUR,SER,JHARGRAM,WEST BENGAL,7,136,4.39
6464,MIDNAPORE,MDN,NSG4,KHARAGPUR,SER,MEDINIPUR WEST,WEST BENGAL,7,136,4.39
6465,BASTA,BTS,NSG5,KHARAGPUR,SER,BALESHWAR,ODISHA,8,136,4.39
6466,BELDA,BLDA,NSG5,KHARAGPUR,SER,MEDINIPUR WEST,WEST BENGAL,8,136,4.39
6467,CHAKULIA,CKU,NSG5,KHARAGPUR,SER,EAST SINGHBUM,JHARKHAND,8,136,4.39
6468,HIJLI,HIJ,NSG5,KHARAGPUR,SER,MEDINIPUR WEST,WEST BENGAL,8,136,4.39
6469,JALESWAR,JER,NSG5,KHARAGPUR,SER,BALESHWAR,ODISHA,8,136,4.39
6470,KANTHI F.S.,KATI,NSG5,KHARAGPUR,SER,MEDINIPUR EAST,WEST BENGAL,8,136,4.39
6471,RAKHA MINES,RHE,NSG5,KHARAGPUR,SER,EAST SINGHBUM,JHARKHAND,8,136,4.39
6472,SORO,SORO,NSG5,KHARAGPUR,SER,BALESHWAR,ODISHA,8,136,4.39
6473,AMARDA ROAD,ARD,NSG6,KHARAGPUR,SER,BALESHWAR,ODISHA,9,136,4.39
6474,BAHANAGA BAZAR,BNBR,NSG6,KHARAGPUR,SER,BALESHWAR,ODISHA,9,136,4.39
6475,BAKHRABAD,VKD,NSG6,KHARAGPUR,SER,MEDINIPUR WEST,WEST BENGAL,9,136,4.39
6476,BANGRIPOSI,BGY,NSG6,KHARAGPUR,SER,MAYURBHANJ,ODISHA,9,136,4.39
6477,BENAPUR,BPE,NSG6,KHARAGPUR,SER,MEDINIPUR WEST,WEST BENGAL,9,136,4.39
6478,BHANJPUR,VZR,NSG6,KHARAGPUR,SER,MAYURBHANJ,ODISHA,9,136,4.39
6479,DALBHUMGARH,DVM,NSG6,KHARAGPUR,SER,EAST SINGHBUM,JHARKHAND,9,136,4.39
6480,DANTAN,DNT,NSG6,KHARAGPUR,SER,MEDINIPUR WEST,WEST BENGAL,9,136,4.39
6481,DESHAPRAN P.H.,DSPN,NSG6,KHARAGPUR,SER,MEDINIPUR EAST,WEST BENGAL,9,136,4.39
6482,GALUDIH,GUD,NSG6,KHARAGPUR,SER,EAST SINGHBUM,JHARKHAND,9,136,4.39
6483,GIDHNI,GII,NSG6,KHARAGPUR,SER,JHARGRAM,WEST BENGAL,9,136,4.39
6484,GOPINPURNILGIRI,GPNB,NSG6,KHARAGPUR,SER,BALESHWAR,ODISHA,9,136,4.39
6485,HALDIPADA,HIP,NSG6,KHARAGPUR,SER,BALESHWAR,ODISHA,9,136,4.39
6486,KALAIKUNDA,KKQ,NSG6,KHARAGPUR,SER,MEDINIPUR WEST,WEST BENGAL,9,136,4.39
6487,KHANTAPARA,KHF,NSG6,KHARAGPUR,SER,BALESHWAR,ODISHA,9,136,4.39
6488,KHEMASULI PH,KSO,NSG6,KHARAGPUR,SER,MEDINIPUR WEST,WEST BENGAL,9,136,4.39
6489,KOKPARA,KKPR,NSG6,KHARAGPUR,SER,EAST SINGHBUM,JHARKHAND,9,136,4.39
6490,LAKSHANNATH ROAD,LXD,NSG6,KHARAGPUR,SER,BALESHWAR,ODISHA,9,136,4.39
6491,MARKONA,MKO,NSG6,KHARAGPUR,SER,BALESHWAR,ODISHA,9,136,4.39
6492,NANDHAKUMAR,NDKR,NSG6,KHARAGPUR,SER,MEDINIPUR EAST,WEST BENGAL,9,136,4.39
6493,NARAYANGARH,NYA,NSG6,KHARAGPUR,SER,MEDINIPUR WEST,WEST BENGAL,9,136,4.39
6494,NIKURSINI,NSI,NSG6,KHARAGPUR,SER,MEDINIPUR WEST,WEST BENGAL,9,136,4.39
6495,NILGIRI ROAD,NGRD,NSG6,KHARAGPUR,SER,BALESHWAR,ODISHA,9,136,4.39
6496,RAJGHAT,RGT,NSG6,KHARAGPUR,SER,BALESHWAR,ODISHA,9,136,4.39
6497,RAMNAGAR (BENGAL)P.H,RMRB,NSG6,KHARAGPUR,SER,MEDINIPUR EAST,WEST BENGAL,9,136,4.39
6498,RANITAL,RNTL,NSG6,KHARAGPUR,SER,BHADRAK,ODISHA,9,136,4.39
6499,RUPSA JN.,ROP,NSG6,KHARAGPUR,SER,BALESHWAR,ODISHA,9,136,4.39
6500,SARDIHA,SUA,NSG6,KHARAGPUR,SER,JHARGRAM,WEST BENGAL,9,136,4.39
6501,SUTEI BADAGAN,SBGB,NSG6,KHARAGPUR,SER,BALESHWAR,ODISHA,9,136,4.39
6502,MECHEDA,MCA,SG1,KHARAGPUR,SER,MEDINIPUR EAST,WEST BENGAL,10,136,4.39
6503,SANTRAGACHI JN,SRC,SG1,KHARAGPUR,SER,HOWRAH,WEST BENGAL,10,136,4.39
6504,BAGNAN,BZN,SG2,KHARAGPUR,SER,HOWRAH,WEST BENGAL,11,136,4.39
6505,PANSKURA,PKU,SG2,KHARAGPUR,SER,MEDINIPUR EAST,WEST BENGAL,11,136,4.39
6506,ABADA,ABB,SG3,KHARAGPUR,SER,HOWRAH,WEST BENGAL,12,136,4.39
6507,AMTA,AMTA,SG3,KHARAGPUR,SER,HOWRAH,WEST BENGAL,12,136,4.39
6508,ANDUL,ADL,SG3,KHARAGPUR,SER,HOWRAH,WEST BENGAL,12,136,4.39
6509,BALICHAK,BCK,SG3,KHARAGPUR,SER,MEDINIPUR WEST,WEST BENGAL,12,136,4.39
6510,BANKRA NAYABAZ,BKNM,SG3,KHARAGPUR,SER,HOWRAH,WEST BENGAL,12,136,4.39
6511,BARDA,BRDB,SG3,KHARAGPUR,SER,MEDINIPUR EAST,WEST BENGAL,12,136,4.39
6512,BARGACHIA,BAC,SG3,KHARAGPUR,SER,HOWRAH,WEST BENGAL,12,136,4.39
6513,BASULYA SUTAHATA,BYSA,SG3,KHARAGPUR,SER,MEDINIPUR EAST,WEST BENGAL,12,136,4.39
6514,BAURIA JN.,BVA,SG3,KHARAGPUR,SER,HOWRAH,WEST BENGAL,12,136,4.39
6515,BHOGPUR,BOP,SG3,KHARAGPUR,SER,MEDINIPUR EAST,WEST BENGAL,12,136,4.39
6516,BIRSHIBPUR,BSBP,SG3,KHARAGPUR,SER,HOWRAH,WEST BENGAL,12,136,4.39
6517,CHENGEL,CGA,SG3,KHARAGPUR,SER,HOWRAH,WEST BENGAL,12,136,4.39
6518,DASHNAGAR,DSNR,SG3,KHARAGPUR,SER,HOWRAH,WEST BENGAL,12,136,4.39
6519,DEULTI,DTE,SG3,KHARAGPUR,SER,HOWRAH,WEST BENGAL,12,136,4.39
6520,DOMJUR,DJR,SG3,KHARAGPUR,SER,HOWRAH,WEST BENGAL,12,136,4.39
6521,DURGACHAK,DZK,SG3,KHARAGPUR,SER,MEDINIPUR EAST,WEST BENGAL,12,136,4.39
6522,FULESWAR,FLR,SG3,KHARAGPUR,SER,HOWRAH,WEST BENGAL,12,136,4.39
6523,GHORAGHATA,GGTA,SG3,KHARAGPUR,SER,HOWRAH,WEST BENGAL,12,136,4.39
6524,GIRI MAIDAN,GMDN,SG3,KHARAGPUR,SER,MEDINIPUR WEST,WEST BENGAL,12,136,4.39
6525,GOKULPUR,GKL,SG3,KHARAGPUR,SER,MEDINIPUR WEST,WEST BENGAL,12,136,4.39
6526,HALDIA,HLZ,SG3,KHARAGPUR,SER,MEDINIPUR EAST,WEST BENGAL,12,136,4.39
6527,HAUR,HAUR,SG3,KHARAGPUR,SER,MEDINIPUR EAST,WEST BENGAL,12,136,4.39
6528,JAKPUR,JPR,SG3,KHARAGPUR,SER,MEDINIPUR WEST,WEST BENGAL,12,136,4.39
6529,KESHABPUR,KSBP,SG3,KHARAGPUR,SER,MEDINIPUR EAST,WEST BENGAL,12,136,4.39
6530,KHIRAI,KHAI,SG3,KHARAGPUR,SER,MEDINIPUR EAST,WEST BENGAL,12,136,4.39
6531,KOLAGHAT,QGT,SG3,KHARAGPUR,SER,MEDINIPUR EAST,WEST BENGAL,12,136,4.39
6532,KULGACHIA,KGY,SG3,KHARAGPUR,SER,HOWRAH,WEST BENGAL,12,136,4.39
6533,MADPUR,MPD,SG3,KHARAGPUR,SER,MEDINIPUR WEST,WEST BENGAL,12,136,4.39
6534,MAHISADAL,MSDL,SG3,KHARAGPUR,SER,MEDINIPUR EAST,WEST BENGAL,12,136,4.39
6535,MAJU,MJH,SG3,KHARAGPUR,SER,HOWRAH,WEST BENGAL,12,136,4.39
6536,MAURIGRAM,MRGM,SG3,KHARAGPUR,SER,HOWRAH,WEST BENGAL,12,136,4.39
6537,NALPUR,NALR,SG3,KHARAGPUR,SER,HOWRAH,WEST BENGAL,12,136,4.39
6538,NANDAIGAJAN P.H.,NDGJ,SG3,KHARAGPUR,SER,MEDINIPUR EAST,WEST BENGAL,12,136,4.39
6539,NARAYAN PAKURIA MURA,NPMR,SG3,KHARAGPUR,SER,MEDINIPUR EAST,WEST BENGAL,12,136,4.39
6540,RADHAMOHANPUR,RDU,SG3,KHARAGPUR,SER,MEDINIPUR WEST,WEST BENGAL,12,136,4.39
6541,RAGHUNATHBARI,RGX,SG3,KHARAGPUR,SER,MEDINIPUR EAST,WEST BENGAL,12,136,4.39
6542,RAJAGODA,RGA,SG3,KHARAGPUR,SER,MEDINIPUR EAST,WEST BENGAL,12,136,4.39
6543,RAMRAJATALA,RMJ,SG3,KHARAGPUR,SER,HOWRAH,WEST BENGAL,12,136,4.39
6544,SANKRAIL,SEL,SG3,KHARAGPUR,SER,HOWRAH,WEST BENGAL,12,136,4.39
6545,SHYAM CHAK,SMCK,SG3,KHARAGPUR,SER,MEDINIPUR WEST,WEST BENGAL,12,136,4.39
6546,TAMLUK,TMZ,SG3,KHARAGPUR,SER,MEDINIPUR EAST,WEST BENGAL,12,136,4.39
6547,TIKIAPARA,TPKR,SG3,KHARAGPUR,SER,HOWRAH,WEST BENGAL,12,136,4.39
6548,ULUBARIA,ULB,SG3,KHARAGPUR,SER,HOWRAH,WEST BENGAL,12,136,4.39
6549,AKASHI P.H,AKZ,HG2,RANCHI,SER,LOHARDAGA,JHARKHAND,2,55,4.39
6550,ARGORA P.H,AOR,HG2,RANCHI,SER,RANCHI,JHARKHAND,2,55,4.39
6551,BARKICHANPI,BICI,HG2,RANCHI,SER,LOHARDAGA,JHARKHAND,2,55,4.39
6552,BEGUNKODAR,BKDR,HG2,RANCHI,SER,PURULIA,WEST BENGAL,2,55,4.39
6553,IRGAON P.H,IRN,HG2,RANCHI,SER,LOHARDAGA,JHARKHAND,2,55,4.39
6554,ITKY P.H.,ITKY,HG2,RANCHI,SER,RANCHI,JHARKHAND,2,55,4.39
6555,NAGJUA F.S,NJA,HG2,RANCHI,SER,LOHARDAGA,JHARKHAND,2,55,4.39
6556,NARKOPI F.S,NRKP,HG2,RANCHI,SER,RANCHI,JHARKHAND,2,55,4.39
6557,PISKA F.S,PIS,HG2,RANCHI,SER,RANCHI,JHARKHAND,2,55,4.39
6558,BAKARKUDI,BKKI,HG3,RANCHI,SER,SARAIKELA KHARSAWAN,JHARKHAND,3,55,4.39
6559,BODAGRAM PH,BODG,HG3,RANCHI,SER,LATEHAR,JHARKHAND,3,55,4.39
6560,HENDLASO BHOKTA,HBB,HG3,RANCHI,SER,LOHARDAGA,JHARKHAND,3,55,4.39
6561,SONDIMRA,SND,HG3,RANCHI,SER,RAMGARH,JHARKHAND,3,55,4.39
6562,HATIA,HTE,NSG3,RANCHI,SER,RANCHI,JHARKHAND,6,55,4.39
6563,RANCHI,RNC,NSG3,RANCHI,SER,RANCHI,JHARKHAND,6,55,4.39
6564,JHALIDA,JAA,NSG5,RANCHI,SER,PURULIA,WEST BENGAL,8,55,4.39
6565,LOHARDAGA BS,LAD,NSG5,RANCHI,SER,LOHARDAGA,JHARKHAND,8,55,4.39
6566,MURI,MURI,NSG5,RANCHI,SER,RANCHI,JHARKHAND,8,55,4.39
6567,NAMKOM,NKM,NSG5,RANCHI,SER,RANCHI,JHARKHAND,8,55,4.39
6568,RAMGARH CANTT.,RMT,NSG5,RANCHI,SER,RAMGARH,JHARKHAND,8,55,4.39
6569,BAKASPUR,BKPR,NSG6,RANCHI,SER,KHUNTI,JHARKHAND,9,55,4.39
6570,BALASIRING,BLRG,NSG6,RANCHI,SER,RANCHI,JHARKHAND,9,55,4.39
6571,BANO,BANO,NSG6,RANCHI,SER,SIMDEGA,JHARKHAND,9,55,4.39
6572,BARKIPONA,BRKP,NSG6,RANCHI,SER,RAMGARH,JHARKHAND,9,55,4.39
6573,BARLANGA,BLNG,NSG6,RANCHI,SER,RAMGARH,JHARKHAND,9,55,4.39
6574,GANGAGHAT,GAG,NSG6,RANCHI,SER,RANCHI,JHARKHAND,9,55,4.39
6575,GAUTAMDHARA,GATD,NSG6,RANCHI,SER,RANCHI,JHARKHAND,9,55,4.39
6576,GOLA ROAD,GRE,NSG6,RANCHI,SER,RAMGARH,JHARKHAND,9,55,4.39
6577,GOONDA (BIHAR),GDBR,NSG6,RANCHI,SER,SARAIKELA KHARSAWAN,JHARKHAND,9,55,4.39
6578,GOVINDPUR ROAD,GBX,NSG6,RANCHI,SER,KHUNTI,JHARKHAND,9,55,4.39
6579,HARUBERA,HRBR,NSG6,RANCHI,SER,RAMGARH,JHARKHAND,9,55,4.39
6580,HESALONG FS,HNSL,NSG6,RANCHI,SER,SARAIKELA KHARSAWAN,JHARKHAND,9,55,4.39
6581,ILLOO,ILO,NSG6,RANCHI,SER,PURULIA,WEST BENGAL,9,55,4.39
6582,JHIMRI,JHMR,NSG6,RANCHI,SER,SARAIKELA KHARSAWAN,JHARKHAND,9,55,4.39
6583,JOHNA,JON,NSG6,RANCHI,SER,RANCHI,JHARKHAND,9,55,4.39
6584,KANAROAN,KNRN,NSG6,RANCHI,SER,SIMDEGA,JHARKHAND,9,55,4.39
6585,KARRA,KRRA,NSG6,RANCHI,SER,KHUNTI,JHARKHAND,9,55,4.39
6586,KITA,KITA,NSG6,RANCHI,SER,RANCHI,JHARKHAND,9,55,4.39
6587,KURKURA,KRKR,NSG6,RANCHI,SER,GUMLA,JHARKHAND,9,55,4.39
6588,LATEMDA,LTMD,NSG6,RANCHI,SER,SARAIKELA KHARSAWAN,JHARKHAND,9,55,4.39
6589,LODHMA,LOM,NSG6,RANCHI,SER,KHUNTI,JHARKHAND,9,55,4.39
6590,MAEL,MAEL,NSG6,RANCHI,SER,RAMGARH,JHARKHAND,9,55,4.39
6591,MAHABUANG,MCZ,NSG6,RANCHI,SER,SIMDEGA,JHARKHAND,9,55,4.39
6592,ORGA,ORGA,NSG6,RANCHI,SER,SIMDEGA,JHARKHAND,9,55,4.39
6593,PAKRA,PKC,NSG6,RANCHI,SER,GUMLA,JHARKHAND,9,55,4.39
6594,PARBATONIA,PBB,NSG6,RANCHI,SER,SIMDEGA,JHARKHAND,9,55,4.39
6595,POKLA,PKF,NSG6,RANCHI,SER,GUMLA,JHARKHAND,9,55,4.39
6596,SILLI,SLF,NSG6,RANCHI,SER,RANCHI,JHARKHAND,9,55,4.39
6597,SUISA,SSIA,NSG6,RANCHI,SER,PURULIA,WEST BENGAL,9,55,4.39
6598,TANGRABASULI B.S,TGB,NSG6,RANCHI,SER,RANCHI,JHARKHAND,9,55,4.39
6599,TATI,TATI,NSG6,RANCHI,SER,SIMDEGA,JHARKHAND,9,55,4.39
6600,TATISILWAI,TIS,NSG6,RANCHI,SER,RANCHI,JHARKHAND,9,55,4.39
6601,TIRALDIH,TUL,NSG6,RANCHI,SER,SARAIKELA KHARSAWAN,JHARKHAND,9,55,4.39
6602,TORANG,TRAN,NSG6,RANCHI,SER,PURULIA,WEST BENGAL,9,55,4.39
6603,TULIN,THO,NSG6,RANCHI,SER,PURULIA,WEST BENGAL,9,55,4.39
6604,ANAVARDIKANPETTAI (HALT),AVN,HG1,CHENNAI CENTRAL,SR,VELLORE,TAMIL NADU,1,160,6.26
6605,KANCHIPURAM EAST (HALT),CJE,HG1,CHENNAI CENTRAL,SR,KANCHIPURAM,TAMIL NADU,1,160,6.26
6606,MARAIMALAI NAGAR (HALT),MMNK,HG1,CHENNAI CENTRAL,SR,KANCHIPURAM,TAMIL NADU,1,160,6.26
6607,PARANUR (HALT),PWU,HG1,CHENNAI CENTRAL,SR,KANCHIPURAM,TAMIL NADU,1,160,6.26
6608,POTHERI (HALT),POTI,HG1,CHENNAI CENTRAL,SR,KANCHIPURAM,TAMIL NADU,1,160,6.26
6609,URAPPAKKAM (HALT),UPM,HG1,CHENNAI CENTRAL,SR,KANCHIPURAM,TAMIL NADU,1,160,6.26
6610,ACHARAPAKKAM (HALT),ACK,HG2,CHENNAI CENTRAL,SR,KANCHIPURAM,TAMIL NADU,2,160,6.26
6611,AKKAMPET (HALT),AKAT,HG2,CHENNAI CENTRAL,SR,SPSR NELLORE,ANDHRA PRADESH,2,160,6.26
6612,MELALATHUR (HALT),MEH,HG2,CHENNAI CENTRAL,SR,VELLORE,TAMIL NADU,2,160,6.26
6613,VILLIAMBAKKAM (HALT),VB,HG2,CHENNAI CENTRAL,SR,KANCHIPURAM,TAMIL NADU,2,160,6.26
6614,VIRINCHIPURAM (HALT),VJ,HG2,CHENNAI CENTRAL,SR,VELLORE,TAMIL NADU,2,160,6.26
6615,ICHCHIPUTTUR (HALT),IPT,HG3,CHENNAI CENTRAL,SR,VELLORE,TAMIL NADU,3,160,6.26
6616,NATHAPETTAI (HALT),NTT,HG3,CHENNAI CENTRAL,SR,KANCHIPURAM,TAMIL NADU,3,160,6.26
6617,PADALAM (HALT),PTM,HG3,CHENNAI CENTRAL,SR,KANCHIPURAM,TAMIL NADU,3,160,6.26
6618,PADI (HALT),PADI,HG3,CHENNAI CENTRAL,SR,CHENNAI,TAMIL NADU,3,160,6.26
6619,PALAYASIVARAM (HALT),PYV,HG3,CHENNAI CENTRAL,SR,KANCHIPURAM,TAMIL NADU,3,160,6.26
6620,REDDIPALAYAM (HALT),RDY,HG3,CHENNAI CENTRAL,SR,KANCHIPURAM,TAMIL NADU,3,160,6.26
6621,THAKKOLAM (HALT),TKO,HG3,CHENNAI CENTRAL,SR,VELLORE,TAMIL NADU,3,160,6.26
6622,VENKATANARASIMHARAJUVARIPETA (HALT),VKZ,HG3,CHENNAI CENTRAL,SR,CHITTOOR,ANDHRA PRADESH,3,160,6.26
6623,CHENNAI CENTRAL,MAS,NSG1,CHENNAI CENTRAL,SR,CHENNAI,TAMIL NADU,4,160,6.26
6624,CHENNAI EGMORE,MS,NSG1,CHENNAI CENTRAL,SR,CHENNAI,TAMIL NADU,4,160,6.26
6625,TAMBARAM,TBM,NSG1,CHENNAI CENTRAL,SR,KANCHIPURAM,TAMIL NADU,4,160,6.26
6626,ARAKKONAM JN,AJJ,NSG2,CHENNAI CENTRAL,SR,VELLORE,TAMIL NADU,5,160,6.26
6627,AVADI,AVD,NSG2,CHENNAI CENTRAL,SR,THIRUVALLUR,TAMIL NADU,5,160,6.26
6628,CHENGALPATTU JN.,CGL,NSG2,CHENNAI CENTRAL,SR,KANCHIPURAM,TAMIL NADU,5,160,6.26
6629,KATPADI,KPD,NSG2,CHENNAI CENTRAL,SR,VELLORE,TAMIL NADU,5,160,6.26
6630,TIRUVALLUR,TRL,NSG2,CHENNAI CENTRAL,SR,THIRUVALLUR,TAMIL NADU,5,160,6.26
6631,GUDUVANCHERI,GI,NSG3,CHENNAI CENTRAL,SR,KANCHIPURAM,TAMIL NADU,6,160,6.26
6632,JOLARPETTAI,JTJ,NSG3,CHENNAI CENTRAL,SR,VELLORE,TAMIL NADU,6,160,6.26
6633,MAMBALAM,MBM,NSG3,CHENNAI CENTRAL,SR,CHENNAI,TAMIL NADU,6,160,6.26
6634,PERAMBUR,PER,NSG3,CHENNAI CENTRAL,SR,CHENNAI,TAMIL NADU,6,160,6.26
6635,PERUNGALATHUR (FLAG),PRGL,NSG3,CHENNAI CENTRAL,SR,KANCHIPURAM,TAMIL NADU,6,160,6.26
6636,KANCHIPURAM,CJ,NSG4,CHENNAI CENTRAL,SR,KANCHIPURAM,TAMIL NADU,7,160,6.26
6637,MELMARUVATHUR,MLMR,NSG4,CHENNAI CENTRAL,SR,KANCHIPURAM,TAMIL NADU,7,160,6.26
6638,SINGAPERUMALKOIL,SKL,NSG4,CHENNAI CENTRAL,SR,KANCHIPURAM,TAMIL NADU,7,160,6.26
6639,TIRUTTANI,TRT,NSG4,CHENNAI CENTRAL,SR,THIRUVALLUR,TAMIL NADU,7,160,6.26
6640,AMBUR,AB,NSG5,CHENNAI CENTRAL,SR,VELLORE,TAMIL NADU,8,160,6.26
6641,EKAMBARAKUPPAM (FLAG),EKM,NSG5,CHENNAI CENTRAL,SR,CHITTOOR,ANDHRA PRADESH,8,160,6.26
6642,GUDIYATHAM,GYM,NSG5,CHENNAI CENTRAL,SR,VELLORE,TAMIL NADU,8,160,6.26
6643,KATTANGULATHUR,CTM,NSG5,CHENNAI CENTRAL,SR,KANCHIPURAM,TAMIL NADU,8,160,6.26
6644,NAYUDUPETA,NYP,NSG5,CHENNAI CENTRAL,SR,SPSR NELLORE,ANDHRA PRADESH,8,160,6.26
6645,PUTTUR,PUT,NSG5,CHENNAI CENTRAL,SR,CHITTOOR,ANDHRA PRADESH,8,160,6.26
6646,SHOLINGHUR,SHU,NSG5,CHENNAI CENTRAL,SR,VELLORE,TAMIL NADU,8,160,6.26
6647,SULLURUPETA,SPE,NSG5,CHENNAI CENTRAL,SR,SPSR NELLORE,ANDHRA PRADESH,8,160,6.26
6648,TINDIVANAM,TMV,NSG5,CHENNAI CENTRAL,SR,VILLUPURAM,TAMIL NADU,8,160,6.26
6649,VANDALUR,VDR,NSG5,CHENNAI CENTRAL,SR,TIRUCHIRAPPALLI,TAMIL NADU,8,160,6.26
6650,VANIYAMBADI,VN,NSG5,CHENNAI CENTRAL,SR,VELLORE,TAMIL NADU,8,160,6.26
6651,WALAJAROAD,WJR,NSG5,CHENNAI CENTRAL,SR,VELLORE,TAMIL NADU,8,160,6.26
6652,ANNA NAGAR,ANNG,NSG6,CHENNAI CENTRAL,SR,CHENNAI,TAMIL NADU,9,160,6.26
6653,ARAMBAKKAM,AKM,NSG6,CHENNAI CENTRAL,SR,THIRUVALLUR,TAMIL NADU,9,160,6.26
6654,CHITTERI,CTRE,NSG6,CHENNAI CENTRAL,SR,VELLORE,TAMIL NADU,9,160,6.26
6655,DORAVARI CHATRAM,DVR,NSG6,CHENNAI CENTRAL,SR,SPSR NELLORE,ANDHRA PRADESH,9,160,6.26
6656,ELAVUR,ELR,NSG6,CHENNAI CENTRAL,SR,THIRUVALLUR,TAMIL NADU,9,160,6.26
6657,KARUNGUZHI,KGZ,NSG6,CHENNAI CENTRAL,SR,KANCHIPURAM,TAMIL NADU,9,160,6.26
6658,KAVANUR,KVN,NSG6,CHENNAI CENTRAL,SR,VELLORE,TAMIL NADU,9,160,6.26
6659,KETTANDAPATTI,KDY,NSG6,CHENNAI CENTRAL,SR,VELLORE,TAMIL NADU,9,160,6.26
6660,LATTERI,LTI,NSG6,CHENNAI CENTRAL,SR,VELLORE,TAMIL NADU,9,160,6.26
6661,MADURANTHAGAM,MMK,NSG6,CHENNAI CENTRAL,SR,KANCHIPURAM,TAMIL NADU,9,160,6.26
6662,MAILAM,MTL,NSG6,CHENNAI CENTRAL,SR,VILLUPURAM,TAMIL NADU,9,160,6.26
6663,MELPATTI,MPI,NSG6,CHENNAI CENTRAL,SR,VELLORE,TAMIL NADU,9,160,6.26
6664,MUKUNDARAYAPURAM,MCN,NSG6,CHENNAI CENTRAL,SR,VELLORE,TAMIL NADU,9,160,6.26
6665,MUNDIYAMBAKKAM,MYP,NSG6,CHENNAI CENTRAL,SR,VILLUPURAM,TAMIL NADU,9,160,6.26
6666,NAGARI,NG,NSG6,CHENNAI CENTRAL,SR,CHITTOOR,ANDHRA PRADESH,9,160,6.26
6667,ODUR,ODUR,NSG6,CHENNAI CENTRAL,SR,SPSR NELLORE,ANDHRA PRADESH,9,160,6.26
6668,OLAKUR,OLA,NSG6,CHENNAI CENTRAL,SR,VILLUPURAM,TAMIL NADU,9,160,6.26
6669,OTIVAKKAM,OV,NSG6,CHENNAI CENTRAL,SR,KANCHIPURAM,TAMIL NADU,9,160,6.26
6670,PACHAKUPPAM,PCKM,NSG6,CHENNAI CENTRAL,SR,VELLORE,TAMIL NADU,9,160,6.26
6671,PALUR,PALR,NSG6,CHENNAI CENTRAL,SR,KANCHIPURAM,TAMIL NADU,9,160,6.26
6672,PEDAPARIYA,PYA,NSG6,CHENNAI CENTRAL,SR,SPSR NELLORE,ANDHRA PRADESH,9,160,6.26
6673,PERANI,PEI,NSG6,CHENNAI CENTRAL,SR,VILLUPURAM,TAMIL NADU,9,160,6.26
6674,POLIREDDYPALEM,PEL,NSG6,CHENNAI CENTRAL,SR,SPSR NELLORE,ANDHRA PRADESH,9,160,6.26
6675,PONPADI,POI,NSG6,CHENNAI CENTRAL,SR,THIRUVALLUR,TAMIL NADU,9,160,6.26
6676,PUDI,PUDI,NSG6,CHENNAI CENTRAL,SR,CHITTOOR,ANDHRA PRADESH,9,160,6.26
6677,SEVUR,SVUR,NSG6,CHENNAI CENTRAL,SR,VELLORE,TAMIL NADU,9,160,6.26
6678,TADA,TADA,NSG6,CHENNAI CENTRAL,SR,SPSR NELLORE,ANDHRA PRADESH,9,160,6.26
6679,TADUKU,TDK,NSG6,CHENNAI CENTRAL,SR,CHITTOOR,ANDHRA PRADESH,9,160,6.26
6680,THALANGAI,TUG,NSG6,CHENNAI CENTRAL,SR,VELLORE,TAMIL NADU,9,160,6.26
6681,THIRUVALAM,THL,NSG6,CHENNAI CENTRAL,SR,VELLORE,TAMIL NADU,9,160,6.26
6682,TIRUMALPUR,TMLP,NSG6,CHENNAI CENTRAL,SR,VELLORE,TAMIL NADU,9,160,6.26
6683,TOZHUPEDU,TZD,NSG6,CHENNAI CENTRAL,SR,KANCHIPURAM,TAMIL NADU,9,160,6.26
6684,VALATHOOR,VLT,NSG6,CHENNAI CENTRAL,SR,VELLORE,TAMIL NADU,9,160,6.26
6685,VEPAGUNTA,VGA,NSG6,CHENNAI CENTRAL,SR,CHITTOOR,ANDHRA PRADESH,9,160,6.26
6686,VIKRAVANDI,VVN,NSG6,CHENNAI CENTRAL,SR,VILLUPURAM,TAMIL NADU,9,160,6.26
6687,VINNAMANGALAM,VGM,NSG6,CHENNAI CENTRAL,SR,VELLORE,TAMIL NADU,9,160,6.26
6688,WALAJABAD,WJ,NSG6,CHENNAI CENTRAL,SR,KANCHIPURAM,TAMIL NADU,9,160,6.26
6689,CHENNAI BEACH,MSB,SG1,CHENNAI CENTRAL,SR,CHENNAI,TAMIL NADU,10,160,6.26
6690,GUINDY,GDY,SG2,CHENNAI CENTRAL,SR,CHENNAI,TAMIL NADU,11,160,6.26
6691,PAZHAVANTHANGAL (FLAG),PZA,SG2,CHENNAI CENTRAL,SR,KANCHIPURAM,TAMIL NADU,11,160,6.26
6692,VELACHERI,VLCY,SG2,CHENNAI CENTRAL,SR,CHENNAI,TAMIL NADU,11,160,6.26
6693,AMBATTUR,ABU,SG3,CHENNAI CENTRAL,SR,THIRUVALLUR,TAMIL NADU,12,160,6.26
6694,ANNANUR (HALT),ANNR,SG3,CHENNAI CENTRAL,SR,THIRUVALLUR,TAMIL NADU,12,160,6.26
6695,ANUPPAMPATTU (FLAG),APB,SG3,CHENNAI CENTRAL,SR,THIRUVALLUR,TAMIL NADU,12,160,6.26
6696,ATTHIPATTU (FLAG),AIP,SG3,CHENNAI CENTRAL,SR,THIRUVALLUR,TAMIL NADU,12,160,6.26
6697,ATTIPATTUPUDUNAGAR (HALT),AIPP,SG3,CHENNAI CENTRAL,SR,THIRUVALLUR,TAMIL NADU,12,160,6.26
6698,BASIN BRIDGE JN,BBQ,SG3,CHENNAI CENTRAL,SR,CHENNAI,TAMIL NADU,12,160,6.26
6699,CHENNAI CHETPET (FLAG),MSC,SG3,CHENNAI CENTRAL,SR,CHENNAI,TAMIL NADU,12,160,6.26
6700,CHENNAI FORT (FLAG),MSF,SG3,CHENNAI CENTRAL,SR,CHENNAI,TAMIL NADU,12,160,6.26
6701,CHENNAI PARK,MPK,SG3,CHENNAI CENTRAL,SR,CHENNAI,TAMIL NADU,12,160,6.26
6702,CHEPAUK,MCPK,SG3,CHENNAI CENTRAL,SR,CHENNAI,TAMIL NADU,12,160,6.26
6703,CHINTADRIPET,MCPT,SG3,CHENNAI CENTRAL,SR,CHENNAI,TAMIL NADU,12,160,6.26
6704,CHROMPET (FLAG),CMP,SG3,CHENNAI CENTRAL,SR,KANCHIPURAM,TAMIL NADU,12,160,6.26
6705,EGATTUR (HALT),EGT,SG3,CHENNAI CENTRAL,SR,THIRUVALLUR,TAMIL NADU,12,160,6.26
6706,ENNORE,ENR,SG3,CHENNAI CENTRAL,SR,THIRUVALLUR,TAMIL NADU,12,160,6.26
6707,GREENWAYS ROAD (FLAG),GWYR,SG3,CHENNAI CENTRAL,SR,CHENNAI,TAMIL NADU,12,160,6.26
6708,GUMMIDIPUNDI,GPD,SG3,CHENNAI CENTRAL,SR,THIRUVALLUR,TAMIL NADU,12,160,6.26
6709,HINDU COLLEGE (HALT),HC,SG3,CHENNAI CENTRAL,SR,THIRUVALLUR,TAMIL NADU,12,160,6.26
6710,INDIRANAGAR (FLAG),INDR,SG3,CHENNAI CENTRAL,SR,CHENNAI,TAMIL NADU,12,160,6.26
6711,KADAMBATTUR,KBT,SG3,CHENNAI CENTRAL,SR,THIRUVALLUR,TAMIL NADU,12,160,6.26
6712,KASTURIBANAGAR (FLAG),KTBR,SG3,CHENNAI CENTRAL,SR,CHENNAI,TAMIL NADU,12,160,6.26
6713,KATHIVAKKAM (FLAG),KAVM,SG3,CHENNAI CENTRAL,SR,THIRUVALLUR,TAMIL NADU,12,160,6.26
6714,KAVARAIPETTAI,KVP,SG3,CHENNAI CENTRAL,SR,THIRUVALLUR,TAMIL NADU,12,160,6.26
6715,KODAMBAKKAM,MKK,SG3,CHENNAI CENTRAL,SR,CHENNAI,TAMIL NADU,12,160,6.26
6716,KORATTUR (FLAG),KOTR,SG3,CHENNAI CENTRAL,SR,THIRUVALLUR,TAMIL NADU,12,160,6.26
6717,KORUKKUPET,KOK,SG3,CHENNAI CENTRAL,SR,THIRUVALLUR,TAMIL NADU,12,160,6.26
6718,KOTTURPURAM (FLAG),KTPM,SG3,CHENNAI CENTRAL,SR,CHENNAI,TAMIL NADU,12,160,6.26
6719,LIGHT HOUSE (FLAG),MLHS,SG3,CHENNAI CENTRAL,SR,CHENNAI,TAMIL NADU,12,160,6.26
6720,MANAVUR (FLAG),MAF,SG3,CHENNAI CENTRAL,SR,THIRUVALLUR,TAMIL NADU,12,160,6.26
6721,MANDAIVELI (FLAG),MNDY,SG3,CHENNAI CENTRAL,SR,CHENNAI,TAMIL NADU,12,160,6.26
6722,MEENAMBAKKAM,MN,SG3,CHENNAI CENTRAL,SR,KANCHIPURAM,TAMIL NADU,12,160,6.26
6723,MINJUR,MJR,SG3,CHENNAI CENTRAL,SR,THIRUVALLUR,TAMIL NADU,12,160,6.26
6724,MOORE MARKET COMPLEX,MASS,SG3,CHENNAI CENTRAL,SR,CHENNAI,TAMIL NADU,12,160,6.26
6725,MOSUR (HALT),MSU,SG3,CHENNAI CENTRAL,SR,VELLORE,TAMIL NADU,12,160,6.26
6726,MUNDAKAKANNI AMMANKOIL,MKAK,SG3,CHENNAI CENTRAL,SR,CHENNAI,TAMIL NADU,12,160,6.26
6727,NANDIYAMBAKKAM (HALT),NPKM,SG3,CHENNAI CENTRAL,SR,THIRUVALLUR,TAMIL NADU,12,160,6.26
6728,NEMILICHERRY (HALT),NEC,SG3,CHENNAI CENTRAL,SR,THIRUVALLUR,TAMIL NADU,12,160,6.26
6729,NUNGAMBAKKAM (FLAG),NBK,SG3,CHENNAI CENTRAL,SR,CHENNAI,TAMIL NADU,12,160,6.26
6730,PALLAVARAM,PV,SG3,CHENNAI CENTRAL,SR,KANCHIPURAM,TAMIL NADU,12,160,6.26
6731,PARK TOWN (FLAG),MPKT,SG3,CHENNAI CENTRAL,SR,CHENNAI,TAMIL NADU,12,160,6.26
6732,PATTABIRAM (FLAG),PAB,SG3,CHENNAI CENTRAL,SR,THIRUVALLUR,TAMIL NADU,12,160,6.26
6733,PATTABIRAM E-DEPOT,PRES,SG3,CHENNAI CENTRAL,SR,THIRUVALLUR,TAMIL NADU,12,160,6.26
6734,PATTABIRAM MILITARY SIDING (FLAG),PTMS,SG3,CHENNAI CENTRAL,SR,THIRUVALLUR,TAMIL NADU,12,160,6.26
6735,PATTRAVAKKAM (FLAG),PVM,SG3,CHENNAI CENTRAL,SR,THIRUVALLUR,TAMIL NADU,12,160,6.26
6736,PERAMBUR CARRIAGE WORKS (FLAG),PCW,SG3,CHENNAI CENTRAL,SR,CHENNAI,TAMIL NADU,12,160,6.26
6737,PERAMBUR LOCO WORKS (FLAG),PEW,SG3,CHENNAI CENTRAL,SR,CHENNAI,TAMIL NADU,12,160,6.26
6738,PERUNGUDI,PRGD,SG3,CHENNAI CENTRAL,SR,CHENNAI,TAMIL NADU,12,160,6.26
6739,PONNERI,PON,SG3,CHENNAI CENTRAL,SR,THIRUVALLUR,TAMIL NADU,12,160,6.26
6740,PULIAMANAGALAM (HALT),PLMG,SG3,CHENNAI CENTRAL,SR,VELLORE,TAMIL NADU,12,160,6.26
6741,PUTLUR (HALT),PTLR,SG3,CHENNAI CENTRAL,SR,THIRUVALLUR,TAMIL NADU,12,160,6.26
6742,ROYAPURAM (HALT),RPM,SG3,CHENNAI CENTRAL,SR,CHENNAI,TAMIL NADU,12,160,6.26
6743,SAIDAPET,SP,SG3,CHENNAI CENTRAL,SR,CHENNAI,TAMIL NADU,12,160,6.26
6744,SENJIPANAMPAKKAM (HALT),SPAM,SG3,CHENNAI CENTRAL,SR,THIRUVALLUR,TAMIL NADU,12,160,6.26
6745,SEVVAPET ROAD,SVR,SG3,CHENNAI CENTRAL,SR,THIRUVALLUR,TAMIL NADU,12,160,6.26
6746,ST.THOMASMOUNT,STM,SG3,CHENNAI CENTRAL,SR,KANCHIPURAM,TAMIL NADU,12,160,6.26
6747,TAMBARAM SANITORIUM (FLAG),TBMS,SG3,CHENNAI CENTRAL,SR,KANCHIPURAM,TAMIL NADU,12,160,6.26
6748,TARAMANI,TRMN,SG3,CHENNAI CENTRAL,SR,CHENNAI,TAMIL NADU,12,160,6.26
6749,THIRUMULLAIVOIL (HALT),TMVL,SG3,CHENNAI CENTRAL,SR,THIRUVALLUR,TAMIL NADU,12,160,6.26
6750,THIRUNINRAVUR,TI,SG3,CHENNAI CENTRAL,SR,THIRUVALLUR,TAMIL NADU,12,160,6.26
6751,TIRUMAYILAI,MTMY,SG3,CHENNAI CENTRAL,SR,CHENNAI,TAMIL NADU,12,160,6.26
6752,TIRUSULAM (FLAG),TLM,SG3,CHENNAI CENTRAL,SR,KANCHIPURAM,TAMIL NADU,12,160,6.26
6753,TIRUVALANGADU,TO,SG3,CHENNAI CENTRAL,SR,THIRUVALLUR,TAMIL NADU,12,160,6.26
6754,TIRUVALLIKENI (FLAG),MTCN,SG3,CHENNAI CENTRAL,SR,CHENNAI,TAMIL NADU,12,160,6.26
6755,TIRUVANMIYUR,TYMR,SG3,CHENNAI CENTRAL,SR,CHENNAI,TAMIL NADU,12,160,6.26
6756,TIRUVOTTIYUR,TVT,SG3,CHENNAI CENTRAL,SR,THIRUVALLUR,TAMIL NADU,12,160,6.26
6757,TONDIARPET (FLAG),TNP,SG3,CHENNAI CENTRAL,SR,THIRUVALLUR,TAMIL NADU,12,160,6.26
6758,VEPPAMBATTU (FLAG),VEU,SG3,CHENNAI CENTRAL,SR,THIRUVALLUR,TAMIL NADU,12,160,6.26
6759,VILLIVAKKAM,VLK,SG3,CHENNAI CENTRAL,SR,CHENNAI,TAMIL NADU,12,160,6.26
6760,VOC NAGAR (HALT),VOC,SG3,CHENNAI CENTRAL,SR,THIRUVALLUR,TAMIL NADU,12,160,6.26
6761,VYASARPADI JEEVA (FLAG),VJM,SG3,CHENNAI CENTRAL,SR,CHENNAI,TAMIL NADU,12,160,6.26
6762,WASHERMANPET,WST,SG3,CHENNAI CENTRAL,SR,CHENNAI,TAMIL NADU,12,160,6.26
6763,WIMCO NAGAR (FLAG),WCN,SG3,CHENNAI CENTRAL,SR,THIRUVALLUR,TAMIL NADU,12,160,6.26
6764,AZHWARKURICHI (HALT),AZK,HG2,MADURAI,SR,TENKASI,TAMIL NADU,2,135,6.26
6765,CHETTIYAPATTI (HALT),CII,HG2,MADURAI,SR,TIRUCHIRAPPALLI,TAMIL NADU,2,135,6.26
6766,KAILASAPURAM (HALT),KLPM,HG2,MADURAI,SR,TUTICORIN,TAMIL NADU,2,135,6.26
6767,KARAIKKURICHCHI (HALT),KARK,HG2,MADURAI,SR,TIRUNELVELI,TAMIL NADU,2,135,6.26
6768,KIZHA AMBUR (HALT),KIB,HG2,MADURAI,SR,TENKASI,TAMIL NADU,2,135,6.26
6769,KOTTAIYUR (HALT),KTYR,HG2,MADURAI,SR,SIVAGANGA,TAMIL NADU,2,135,6.26
6770,KURI (HALT),KIF,HG2,MADURAI,SR,KOLLAM,KERALA,2,135,6.26
6771,MADATHUKULAM (HALT),MDKM,HG2,MADURAI,SR,TIRUPPUR,TAMIL NADU,2,135,6.26
6772,MANDAPAM CAMP (HALT),MC,HG2,MADURAI,SR,RAMANATHAPURAM,TAMIL NADU,2,135,6.26
6773,TUTIMELUR (HALT),TME,HG2,MADURAI,SR,TUTICORIN,TAMIL NADU,2,135,6.26
6774,VALANTARAVAI (HALT),VTV,HG2,MADURAI,SR,RAMANATHAPURAM,TAMIL NADU,2,135,6.26
6775,VIRAVANALLUR (HALT),VVR,HG2,MADURAI,SR,TIRUNELVELI,TAMIL NADU,2,135,6.26
6776,ARYANKAVU (HALT),AYV,HG3,MADURAI,SR,KOLLAM,KERALA,3,135,6.26
6777,CHANDANATTOP (HALT),CTPE,HG3,MADURAI,SR,KOLLAM,KERALA,3,135,6.26
6778,EDAPALAYAM (HALT),EDP,HG3,MADURAI,SR,KOLLAM,KERALA,3,135,6.26
6779,KALTHURITHI (HALT),KTHY,HG3,MADURAI,SR,KOLLAM,KERALA,3,135,6.26
6780,KUNDARA EAST (HALT),KFV,HG3,MADURAI,SR,KOLLAM,KERALA,3,135,6.26
6781,NAGAMALAI WEST (HALT),NGMW,HG3,MADURAI,SR,MADURAI,TAMIL NADU,3,135,6.26
6782,NAMANASAMUDRAM (HALT),NMN,HG3,MADURAI,SR,PUDUKKOTTAI,TAMIL NADU,3,135,6.26
6783,NARAIKKINAR (HALT),NRK,HG3,MADURAI,SR,TIRUNELVELI,TAMIL NADU,3,135,6.26
6784,RAJAGAMBIRAM (HALT),RAGM,HG3,MADURAI,SR,SIVAGANGA,TAMIL NADU,3,135,6.26
6785,SAMUDRAM (HALT),SMDM,HG3,MADURAI,SR,TIRUCHIRAPPALLI,TAMIL NADU,3,135,6.26
6786,VADPALANJI (HALT),VAJ,HG3,MADURAI,SR,MADURAI,TAMIL NADU,3,135,6.26
6787,MADURAI JN,MDU,NSG2,MADURAI,SR,MADURAI,TAMIL NADU,5,135,6.26
6788,DINDIGUL JN,DG,NSG3,MADURAI,SR,DINDIGUL,TAMIL NADU,6,135,6.26
6789,RAMESWARAM,RMM,NSG3,MADURAI,SR,RAMANATHAPURAM,TAMIL NADU,6,135,6.26
6790,TIRUNELVELI JN,TEN,NSG3,MADURAI,SR,TIRUNELVELI,TAMIL NADU,6,135,6.26
6791,TUTICORIN,TN,NSG3,MADURAI,SR,TUTICORIN,TAMIL NADU,6,135,6.26
6792,KARAIKKUDI JN,KKDI,NSG4,MADURAI,SR,SIVAGANGA,TAMIL NADU,7,135,6.26
6793,KOVILPATTI,CVP,NSG4,MADURAI,SR,TUTICORIN,TAMIL NADU,7,135,6.26
6794,PALANI,PLNI,NSG4,MADURAI,SR,DINDIGUL,TAMIL NADU,7,135,6.26
6795,RAMANATHAPURAM,RMD,NSG4,MADURAI,SR,RAMANATHAPURAM,TAMIL NADU,7,135,6.26
6796,TENKASI JN,TSI,NSG4,MADURAI,SR,TENKASI,TAMIL NADU,7,135,6.26
6797,TIRUCHENDUR,TCN,NSG4,MADURAI,SR,TUTICORIN,TAMIL NADU,7,135,6.26
6798,VIRUDHUNAGAR JN,VPT,NSG4,MADURAI,SR,VIRUDHUNAGAR,TAMIL NADU,7,135,6.26
6799,AMBASAMUDRAM,ASD,NSG5,MADURAI,SR,TIRUNELVELI,TAMIL NADU,8,135,6.26
6800,DEVAKOTTAI ROAD (FLAG),DKO,NSG5,MADURAI,SR,SIVAGANGA,TAMIL NADU,8,135,6.26
6801,KADAYANALLUR,KDNL,NSG5,MADURAI,SR,TENKASI,TAMIL NADU,8,135,6.26
6802,KODAIKKANAL ROAD,KQN,NSG5,MADURAI,SR,DINDIGUL,TAMIL NADU,8,135,6.26
6803,MANAMADURAI JN,MNM,NSG5,MADURAI,SR,SIVAGANGA,TAMIL NADU,8,135,6.26
6804,NAZARETH,NZT,NSG5,MADURAI,SR,TUTICORIN,TAMIL NADU,8,135,6.26
6805,ODDANCHATRAM,ODC,NSG5,MADURAI,SR,DINDIGUL,TAMIL NADU,8,135,6.26
6806,PARAMAKKUDI,PMK,NSG5,MADURAI,SR,RAMANATHAPURAM,TAMIL NADU,8,135,6.26
6807,PUDUKKOTAI,PDKT,NSG5,MADURAI,SR,PUDUKKOTTAI,TAMIL NADU,8,135,6.26
6808,RAJAPALAYAM,RJPM,NSG5,MADURAI,SR,VIRUDHUNAGAR,TAMIL NADU,8,135,6.26
6809,SANKARANKOVIL,SNKL,NSG5,MADURAI,SR,TENKASI,TAMIL NADU,8,135,6.26
6810,SATTUR,SRT,NSG5,MADURAI,SR,VIRUDHUNAGAR,TAMIL NADU,8,135,6.26
6811,SENGOTTAI,SCT,NSG5,MADURAI,SR,TENKASI,TAMIL NADU,8,135,6.26
6812,SHOLAVANDAN,SDN,NSG5,MADURAI,SR,MADURAI,TAMIL NADU,8,135,6.26
6813,SIVAGANGA,SVGA,NSG5,MADURAI,SR,SIVAGANGA,TAMIL NADU,8,135,6.26
6814,SIVAKASI,SVKS,NSG5,MADURAI,SR,VIRUDHUNAGAR,TAMIL NADU,8,135,6.26
6815,SRIVILLIPUTTUR,SVPR,NSG5,MADURAI,SR,VIRUDHUNAGAR,TAMIL NADU,8,135,6.26
6816,THIRUPPARANKUNDRAM,TDN,NSG5,MADURAI,SR,MADURAI,TAMIL NADU,8,135,6.26
6817,TIRUMANGALAM,TMQ,NSG5,MADURAI,SR,MADURAI,TAMIL NADU,8,135,6.26
6818,TIRUTTANGAL (FLAG),TTL,NSG5,MADURAI,SR,VIRUDHUNAGAR,TAMIL NADU,8,135,6.26
6819,VANCHI MANIYACHI JN,MEJ,NSG5,MADURAI,SR,TUTICORIN,TAMIL NADU,8,135,6.26
6820,AKKARAIPPATTI,API,NSG6,MADURAI,SR,DINDIGUL,TAMIL NADU,9,135,6.26
6821,ALWAR TIRUNAGARI (FLAG),AWT,NSG6,MADURAI,SR,TUTICORIN,TAMIL NADU,9,135,6.26
6822,AMBATURAI,ABI,NSG6,MADURAI,SR,DINDIGUL,TAMIL NADU,9,135,6.26
6823,ANDIPATTI,ADPT,NSG6,MADURAI,SR,THENI,TAMIL NADU,9,135,6.26
6824,ARUMUGANERI,ANY,NSG6,MADURAI,SR,TUTICORIN,TAMIL NADU,9,135,6.26
6825,ARUPPUKKOTTAI,APK,NSG6,MADURAI,SR,VIRUDHUNAGAR,TAMIL NADU,9,135,6.26
6826,AUVANEESWAREM,AVS,NSG6,MADURAI,SR,KOLLAM,KERALA,9,135,6.26
6827,AYYALUR,AYR,NSG6,MADURAI,SR,DINDIGUL,TAMIL NADU,9,135,6.26
6828,BHAGAVATHIPURAM,BJM,NSG6,MADURAI,SR,TENKASI,TAMIL NADU,9,135,6.26
6829,BODINAYAKKANUR,BDNK,NSG6,MADURAI,SR,THENI,TAMIL NADU,9,135,6.26
6830,CHATRAPPATTI,CHPT,NSG6,MADURAI,SR,DINDIGUL,TAMIL NADU,9,135,6.26
6831,CHERAN MAHADEVI,SMD,NSG6,MADURAI,SR,TIRUNELVELI,TAMIL NADU,9,135,6.26
6832,CHETTINAD,CTND,NSG6,MADURAI,SR,SIVAGANGA,TAMIL NADU,9,135,6.26
6833,EDAMANN,EDN,NSG6,MADURAI,SR,KOLLAM,KERALA,9,135,6.26
6834,EZHUKONE (FLAG),EKN,NSG6,MADURAI,SR,KOLLAM,KERALA,9,135,6.26
6835,GANGAIKONDAN,GDN,NSG6,MADURAI,SR,TIRUNELVELI,TAMIL NADU,9,135,6.26
6836,GOMANGALAM,GMGM,NSG6,MADURAI,SR,COIMBATORE,TAMIL NADU,9,135,6.26
6837,KACHCHANAVILAI (FLAG),KCHV,NSG6,MADURAI,SR,TUTICORIN,TAMIL NADU,9,135,6.26
6838,KADAMBUR,KDU,NSG6,MADURAI,SR,TUTICORIN,TAMIL NADU,9,135,6.26
6839,KALLAL,KAL,NSG6,MADURAI,SR,SIVAGANGA,TAMIL NADU,9,135,6.26
6840,KALLIDAIKURICHI (FLAG),KIC,NSG6,MADURAI,SR,TIRUNELVELI,TAMIL NADU,9,135,6.26
6841,KALLIGUDI,KGD,NSG6,MADURAI,SR,VIRUDHUNAGAR,TAMIL NADU,9,135,6.26
6842,KALPATTICHATRAM,KFC,NSG6,MADURAI,SR,DINDIGUL,TAMIL NADU,9,135,6.26
6843,KAYALPATTINAM (FLAG),KZY,NSG6,MADURAI,SR,TUTICORIN,TAMIL NADU,9,135,6.26
6844,KEERANUR,KRUR,NSG6,MADURAI,SR,PUDUKKOTTAI,TAMIL NADU,9,135,6.26
6845,KILAKADAIYAM,KKY,NSG6,MADURAI,SR,TIRUNELVELI,TAMIL NADU,9,135,6.26
6846,KILIKOLLUR,KLQ,NSG6,MADURAI,SR,KOLLAM,KERALA,9,135,6.26
6847,KIZHAPULIYUR (FLAG),KYZ,NSG6,MADURAI,SR,TENKASI,TAMIL NADU,9,135,6.26
6848,KOLATHUR,KLS,NSG6,MADURAI,SR,TIRUCHIRAPPALLI,TAMIL NADU,9,135,6.26
6849,KOTTARAKARA,KKZ,NSG6,MADURAI,SR,KOLLAM,KERALA,9,135,6.26
6850,KUDALNAGAR,KON,NSG6,MADURAI,SR,MADURAI,TAMIL NADU,9,135,6.26
6851,KUMARAMANGALAM,KRMG,NSG6,MADURAI,SR,TRIUCHIRAPPALLI,TAMIL NADU,9,135,6.26
6852,KUNDARA,KUV,NSG6,MADURAI,SR,KOLLAM,KERALA,9,135,6.26
6853,KURUMBUR (FLAG),KZB,NSG6,MADURAI,SR,TUTICORIN,TAMIL NADU,9,135,6.26
6854,MADURAI EAST (FLAG),MES,NSG6,MADURAI,SR,MADURAI,TAMIL NADU,9,135,6.26
6855,MAIVADI ROAD,MVRD,NSG6,MADURAI,SR,TIRUPPUR,TAMIL NADU,9,135,6.26
6856,MANAPARAI,MPA,NSG6,MADURAI,SR,TIRUCHIRAPPALLI,TAMIL NADU,9,135,6.26
6857,MANDAPAM,MMM,NSG6,MADURAI,SR,RAMANATHAPURAM,TAMIL NADU,9,135,6.26
6858,MELAKKONNAKKULAM,MEKM,NSG6,MADURAI,SR,SIVAGANGA,TAMIL NADU,9,135,6.26
6859,METTUR (FLAG),MTE,NSG6,MADURAI,SR,TENKASI,TAMIL NADU,9,135,6.26
6860,MILAVITTAN,MVN,NSG6,MADURAI,SR,TUTICORIN,TAMIL NADU,9,135,6.26
6861,NARIKKUDI,NKK,NSG6,MADURAI,SR,VIRUDHUNAGAR,TAMIL NADU,9,135,6.26
6862,NEW ARYANKAVU,AYVN,NSG6,MADURAI,SR,KOLLAM,KERALA,9,135,6.26
6863,OTTAKKAL (FLAG),OKL,NSG6,MADURAI,SR,KOLLAM,KERALA,9,135,6.26
6864,PALAYAMKOTTAI (FLAG),PCO,NSG6,MADURAI,SR,TIRUNELVELI,TAMIL NADU,9,135,6.26
6865,PAMBAKOVIL SHANDY,PBKS,NSG6,MADURAI,SR,TENKASI,TAMIL NADU,9,135,6.26
6866,PAMBAN (FLAG),PBM,NSG6,MADURAI,SR,RAMANATHAPURAM,TAMIL NADU,9,135,6.26
6867,PANANGUDI,PNGI,NSG6,MADURAI,SR,SIVAGANGA,TAMIL NADU,9,135,6.26
6868,PAVURCHATRAM,PCM,NSG6,MADURAI,SR,TENKASI,TAMIL NADU,9,135,6.26
6869,PETTAI (FLAG),PEA,NSG6,MADURAI,SR,TIRUNELVELI,TAMIL NADU,9,135,6.26
6870,PUNALUR,PUU,NSG6,MADURAI,SR,KOLLAM,KERALA,9,135,6.26
6871,PUNGGUDI,PUG,NSG6,MADURAI,SR,TIRUCHIRAPPALLI,TAMIL NADU,9,135,6.26
6872,PUSHPATTUR,PPTR,NSG6,MADURAI,SR,DINDIGUL,TAMIL NADU,9,135,6.26
6873,RAVANASAMUDRAM (FLAG),RVS,NSG6,MADURAI,SR,TENKASI,TAMIL NADU,9,135,6.26
6874,SAMAYANALLUR,SER,NSG6,MADURAI,SR,MADURAI,TAMIL NADU,9,135,6.26
6875,SATTIRAKKUDI,SQD,NSG6,MADURAI,SR,RAMANATHAPURAM,TAMIL NADU,9,135,6.26
6876,SEYDUNGANALLUR,SDNR,NSG6,MADURAI,SR,TUTICORIN,TAMIL NADU,9,135,6.26
6877,SILAIMAN,ILA,NSG6,MADURAI,SR,MADURAI,TAMIL NADU,9,135,6.26
6878,SRIVAIKUNTAM,SVV,NSG6,MADURAI,SR,TUTICORIN,TAMIL NADU,9,135,6.26
6879,SUDIYUR,SUX,NSG6,MADURAI,SR,RAMANATHAPURAM,TAMIL NADU,9,135,6.26
6880,TALAIYUTHU,TAY,NSG6,MADURAI,SR,TIRUNELVELI,TAMIL NADU,9,135,6.26
6881,TAMARAIPADI,TMP,NSG6,MADURAI,SR,DINDIGUL,TAMIL NADU,9,135,6.26
6882,TATTAPARAI,TIP,NSG6,MADURAI,SR,TUTICORIN,TAMIL NADU,9,135,6.26
6883,TENI,TENI,NSG6,MADURAI,SR,THENI,TAMIL NADU,9,135,6.26
6884,TENMALAI,TML,NSG6,MADURAI,SR,KOLLAM,KERALA,9,135,6.26
6885,THATHANKULAM (FLAG),TTQ,NSG6,MADURAI,SR,TUTICORIN,TAMIL NADU,9,135,6.26
6886,TIRUCHCHULI,TCH,NSG6,MADURAI,SR,VIRUDHUNAGAR,TAMIL NADU,9,135,6.26
6887,TIRUMAYAM,TYM,NSG6,MADURAI,SR,PUDUKKOTTAI,TAMIL NADU,9,135,6.26
6888,TIRUNELVELI TOWN (FLAG),TYT,NSG6,MADURAI,SR,TIRUNELVELI,TAMIL NADU,9,135,6.26
6889,TIRUPPACHETTI,TPC,NSG6,MADURAI,SR,SIVAGANGA,TAMIL NADU,9,135,6.26
6890,TIRUPPUVANAM,TVN,NSG6,MADURAI,SR,SIVAGANGA,TAMIL NADU,9,135,6.26
6891,TULUKAPATTI,TY,NSG6,MADURAI,SR,VIRUDHUNAGAR,TAMIL NADU,9,135,6.26
6892,UCHIPPULI,UCP,NSG6,MADURAI,SR,RAMANATHAPURAM,TAMIL NADU,9,135,6.26
6893,UDUMALAIPPETTAI,UDT,NSG6,MADURAI,SR,TIRUPPUR,TAMIL NADU,9,135,6.26
6894,USILAMPATTI,USLP,NSG6,MADURAI,SR,MADURAI,TAMIL NADU,9,135,6.26
6895,VADAMADURAI,VDM,NSG6,MADURAI,SR,DINDIGUL,TAMIL NADU,9,135,6.26
6896,VADIPATTI,VDP,NSG6,MADURAI,SR,MADURAI,TAMIL NADU,9,135,6.26
6897,VAIYAMPATTI,VPJ,NSG6,MADURAI,SR,DINDIGUL,TAMIL NADU,9,135,6.26
6898,VELLANUR,VEL,NSG6,MADURAI,SR,PUDUKKOTTAI,TAMIL NADU,9,135,6.26
6899,MELATTUR (HALT),MLTR,HG1,PALGHAT,SR,MALAPPURAM,KERALA,1,89,6.26
6900,PATTIKKAD (HALT),PKQ,HG1,PALGHAT,SR,MALAPPURAM,KERALA,1,89,6.26
6901,CHANDERA (HALT),CDRA,HG2,PALGHAT,SR,KASARAGOD,KERALA,2,89,6.26
6902,CHEMANCHERI (HALT),CMC,HG2,PALGHAT,SR,KOZHIKODE,KERALA,2,89,6.26
6903,CHERUKARA (HALT),CQA,HG2,PALGHAT,SR,MALAPPURAM,KERALA,2,89,6.26
6904,KALANAD (HALT),KLAD,HG2,PALGHAT,SR,KASARAGOD,KERALA,2,89,6.26
6905,KULUKKALLUR (HALT),KZC,HG2,PALGHAT,SR,PALAKKAD,KERALA,2,89,6.26
6906,MUKKALI (HALT),MUKE,HG2,PALGHAT,SR,KOZHIKODE,KERALA,2,89,6.26
6907,NADAPURAM ROAD (HALT),NAU,HG2,PALGHAT,SR,KOZHIKODE,KERALA,2,89,6.26
6908,TODIYAPPULAM (HALT),TDPM,HG2,PALGHAT,SR,MALAPPURAM,KERALA,2,89,6.26
6909,TUVVUR (HALT),TUV,HG2,PALGHAT,SR,MALAPPURAM,KERALA,2,89,6.26
6910,VADANAMKURUSHSHI (HALT),VDKS,HG2,PALGHAT,SR,PALAKKAD,KERALA,2,89,6.26
6911,VALLAPUZHA (HALT),VPZ,HG2,PALGHAT,SR,PALAKKAD,KERALA,2,89,6.26
6912,VELLAYIL (HALT),VLL,HG2,PALGHAT,SR,KOZHIKODE,KERALA,2,89,6.26
6913,ANAMALAI ROAD (HALT),ANM,HG3,PALGHAT,SR,COIMBATORE,TAMIL NADU,3,89,6.26
6914,CHIRAKKAL (HALT),CQL,HG3,PALGHAT,SR,KANNUR,KERALA,3,89,6.26
6915,DHARMADAM (HALT),DMD,HG3,PALGHAT,SR,KANNUR,KERALA,3,89,6.26
6916,IRINGAL (HALT),IGL,HG3,PALGHAT,SR,KOZHIKODE,KERALA,3,89,6.26
6917,KODUMUNDA (HALT),KODN,HG3,PALGHAT,SR,PALAKKAD,KERALA,3,89,6.26
6918,MANKARA (HALT),MNY,HG3,PALGHAT,SR,PALAKKAD,KERALA,3,89,6.26
6919,PALAPPURAM (HALT),PLPM,HG3,PALGHAT,SR,PALAKKAD,KERALA,3,89,6.26
6920,PERASHSHANNUR (HALT),PEU,HG3,PALGHAT,SR,MALAPPURAM,KERALA,3,89,6.26
6921,VADAKANNIKAPURAM (HALT),VDK,HG3,PALGHAT,SR,PALAKKAD,KERALA,3,89,6.26
6922,VELLARAKKAD (HALT),VEK,HG3,PALGHAT,SR,KASARAGOD,KERALA,3,89,6.26
6923,KOZHIKKODE,CLT,NSG2,PALGHAT,SR,KOZHIKODE,KERALA,5,89,6.26
6924,KANNUR,CAN,NSG3,PALGHAT,SR,KANNUR,KERALA,6,89,6.26
6925,MANGALORE CENTRAL,MAQ,NSG3,PALGHAT,SR,DAKSHINA KANNADA,KARNATAKA,6,89,6.26
6926,MANGALORE JN,MAJN,NSG3,PALGHAT,SR,DAKSHINA KANNADA,KARNATAKA,6,89,6.26
6927,PALAKKAD JN.,PGT,NSG3,PALGHAT,SR,PALAKKAD,KERALA,6,89,6.26
6928,SHORANUR JN.,SRR,NSG3,PALGHAT,SR,PALAKKAD,KERALA,6,89,6.26
6929,THALASSERY,TLY,NSG3,PALGHAT,SR,KANNUR,KERALA,6,89,6.26
6930,TIRUR,TIR,NSG3,PALGHAT,SR,MALAPPURAM,KERALA,6,89,6.26
6931,VADAKARA,BDJ,NSG3,PALGHAT,SR,KOZHIKODE,KERALA,6,89,6.26
6932,BEKAL FORT FLAG),BFR,NSG4,PALGHAT,SR,KASARAGOD,KERALA,7,89,6.26
6933,KANHANGAD,KZE,NSG4,PALGHAT,SR,KASARAGOD,KERALA,7,89,6.26
6934,KASARGOD,KGQ,NSG4,PALGHAT,SR,KASARAGOD,KERALA,7,89,6.26
6935,KUTTIPURAM,KTU,NSG4,PALGHAT,SR,MALAPPURAM,KERALA,7,89,6.26
6936,MAHE,MAHE,NSG4,PALGHAT,SR,KOZHIKODE,KERALA,7,89,6.26
6937,OTTAPPALAM,OTP,NSG4,PALGHAT,SR,PALAKKAD,KERALA,7,89,6.26
6938,PAYYANNUR,PAY,NSG4,PALGHAT,SR,KANNUR,KERALA,7,89,6.26
6939,QUILANDI,QLD,NSG4,PALGHAT,SR,KOZHIKODE,KERALA,7,89,6.26
6940,ULLAL,ULL,NSG4,PALGHAT,SR,DAKSHINA KANNADA,KARNATAKA,7,89,6.26
6941,ANGADIPURAM,AAM,NSG5,PALGHAT,SR,MALAPPURAM,KERALA,8,89,6.26
6942,CHARVATTUR,CHV,NSG5,PALGHAT,SR,KASARAGOD,KERALA,8,89,6.26
6943,FEROK,FK,NSG5,PALGHAT,SR,KOZHIKODE,KERALA,8,89,6.26
6944,KANNAPURAM,KPQ,NSG5,PALGHAT,SR,KANNUR,KERALA,8,89,6.26
6945,KUMBLA,KMQ,NSG5,PALGHAT,SR,KASARAGOD,KERALA,8,89,6.26
6946,NILAMBUR ROAD,NIL,NSG5,PALGHAT,SR,MALAPPURAM,KERALA,8,89,6.26
6947,NILESHWAR,NLE,NSG5,PALGHAT,SR,KASARAGOD,KERALA,8,89,6.26
6948,PALAKKAD TOWN,PGTN,NSG5,PALGHAT,SR,PALAKKAD,KERALA,8,89,6.26
6949,PARAPANANGADI,PGI,NSG5,PALGHAT,SR,MALAPPURAM,KERALA,8,89,6.26
6950,PATTAMBI,PTB,NSG5,PALGHAT,SR,PALAKKAD,KERALA,8,89,6.26
6951,PAYANGADI,PAZ,NSG5,PALGHAT,SR,KANNUR,KERALA,8,89,6.26
6952,POLLACHI,POY,NSG5,PALGHAT,SR,COIMBATORE,TAMIL NADU,8,89,6.26
6953,TANUR,TA,NSG5,PALGHAT,SR,MALAPPURAM,KERALA,8,89,6.26
6954,VANIYAMBALAM,VNB,NSG5,PALGHAT,SR,MALAPPURAM,KERALA,8,89,6.26
6955,ELATTUR,ETR,NSG6,PALGHAT,SR,KOZHIKODE,KERALA,9,89,6.26
6956,ELIMALA (FLAG),ELM,NSG6,PALGHAT,SR,KANNUR,KERALA,9,89,6.26
6957,ETAKKOT,ETK,NSG6,PALGHAT,SR,KANNUR,KERALA,9,89,6.26
6958,ETTIMADAI,ETMD,NSG6,PALGHAT,SR,COIMBATORE,TAMIL NADU,9,89,6.26
6959,JAGANNATH TEMPLE GATE (FLAG),JGE,NSG6,PALGHAT,SR,KANNUR,KERALA,9,89,6.26
6960,JOKATTE,JOKT,NSG6,PALGHAT,SR,DAKSHIN KANNAD,KARNATAKA,9,89,6.26
6961,KADALUNDI,KN,NSG6,PALGHAT,SR,KOZHIKODE,KERALA,9,89,6.26
6962,KALLAYI,KUL,NSG6,PALGHAT,SR,KOZHIKODE,KERALA,9,89,6.26
6963,KANJIKODE,KJKD,NSG6,PALGHAT,SR,PALAKKAD,KERALA,9,89,6.26
6964,KANNUR SOUTH,CS,NSG6,PALGHAT,SR,KANNUR,KERALA,9,89,6.26
6965,KARAKAD,KRKD,NSG6,PALGHAT,SR,PALAKKAD,KERALA,9,89,6.26
6966,KINATTUKKADAVU,CNV,NSG6,PALGHAT,SR,COIMBATORE,TAMIL NADU,9,89,6.26
6967,KOLLENGODE,KLGD,NSG6,PALGHAT,SR,PALAKKAD,KERALA,9,89,6.26
6968,KOTIKULAM,KQK,NSG6,PALGHAT,SR,KASARAGOD,KERALA,9,89,6.26
6969,LAKKITI,LDY,NSG6,PALGHAT,SR,PALAKKAD,KERALA,9,89,6.26
6970,MADUKARAI,MDKI,NSG6,PALGHAT,SR,COIMBATORE,TAMIL NADU,9,89,6.26
6971,MANJESHWAR,MJS,NSG6,PALGHAT,SR,KASARAGOD,KERALA,9,89,6.26
6972,MANNANUR,MNUR,NSG6,PALGHAT,SR,PALAKKAD,KERALA,9,89,6.26
6973,MINATCHIPURAM,MXM,NSG6,PALGHAT,SR,PALAKKAD,KERALA,9,89,6.26
6974,MUTHALAMADA,MMDA,NSG6,PALGHAT,SR,PALAKKAD,KERALA,9,89,6.26
6975,PALLIPURAM,PUM,NSG6,PALGHAT,SR,PALAKKAD,KERALA,9,89,6.26
6976,PAPPINISSERI (FLAG),PPNS,NSG6,PALGHAT,SR,KANNUR,KERALA,9,89,6.26
6977,PARLI,PLL,NSG6,PALGHAT,SR,PALAKKAD,KERALA,9,89,6.26
6978,PAYYOLI (FLAG),PYOL,NSG6,PALGHAT,SR,KASARAGOD,KERALA,9,89,6.26
6979,PUDUNAGARAM,PDGM,NSG6,PALGHAT,SR,PALAKKAD,KERALA,9,89,6.26
6980,TIKKOTTI,TKT,NSG6,PALGHAT,SR,KASARAGOD,KERALA,9,89,6.26
6981,TIRUNNAVAYA,TUA,NSG6,PALGHAT,SR,MALAPPURAM,KERALA,9,89,6.26
6982,TRIKARPUR (FLAG),TKQ,NSG6,PALGHAT,SR,KASARAGOD,KERALA,9,89,6.26
6983,UPPALA,UAA,NSG6,PALGHAT,SR,DAKSHINA KANNADA,KARNATAKA,9,89,6.26
6984,VALAPATTANAM,VAPM,NSG6,PALGHAT,SR,KANNUR,KERALA,9,89,6.26
6985,VALLIKUNNU (FLAG),VLI,NSG6,PALGHAT,SR,MALAPPURAM,KERALA,9,89,6.26
6986,WALAYAR,WRA,NSG6,PALGHAT,SR,PALAKKAD,KERALA,9,89,6.26
6987,WEST HILL,WH,NSG6,PALGHAT,SR,KOZHIKODE,KERALA,9,89,6.26
6988,VILLIYANUR (HALT),VI,HG1,TRICHY,SR,PONDICHERRY,PUDUCHERRY,1,145,6.26
6989,AIYANAPURAM (HALT),AYN,HG2,TRICHY,SR,THANJAVUR,TAMIL NADU,2,145,6.26
6990,AMMAPET (HALT),AMT,HG2,TRICHY,SR,THANJAVUR,TAMIL NADU,2,145,6.26
6991,DARASURAM (HALT),DSM,HG2,TRICHY,SR,THANJAVUR,TAMIL NADU,2,145,6.26
6992,MANJATTIDAL (HALT),MCJ,HG2,TRICHY,SR,TIRUCHIRAPPALLI,TAMIL NADU,2,145,6.26
6993,NIDUR (HALT),NID,HG2,TRICHY,SR,NAGAPATTINAM,TAMIL NADU,2,145,6.26
6994,PARANGIPETTAI (HALT),PO,HG2,TRICHY,SR,CUDDALORE,TAMIL NADU,2,145,6.26
6995,PICHCHANDAR KOIL (HALT),BXS,HG2,TRICHY,SR,TIRUCHIRAPPALLI,TAMIL NADU,2,145,6.26
6996,SWAMIMALAI (HALT),SWI,HG2,TRICHY,SR,THANJAVUR,TAMIL NADU,2,145,6.26
6997,TIRUCHCHIRAPPALLI PALAKARAI (HALT),TPE,HG2,TRICHY,SR,TIRUCHIRAPPALLI,TAMIL NADU,2,145,6.26
6998,TIRUVIDAIMARUDUR (HALT),TDR,HG2,TRICHY,SR,THANJAVUR,TAMIL NADU,2,145,6.26
6999,VALAVANUR (HALT),VRA,HG2,TRICHY,SR,VILLUPURAM,TAMIL NADU,2,145,6.26
7000,VELIPPALAIYAM (HALT),VXM,HG2,TRICHY,SR,NAGAPATTINAM,TAMIL NADU,2,145,6.26
7001,VELLORE TOWN (HALT),VT,HG2,TRICHY,SR,VELLORE,TAMIL NADU,2,145,6.26
7002,VRIDDHACHALAM TOWN (HALT),VRT,HG2,TRICHY,SR,CUDDALORE,TAMIL NADU,2,145,6.26
7003,ADHICHCHANUR (HALT),ACN,HG3,TRICHY,SR,TIRUVANNAMALAI,TAMIL NADU,3,145,6.26
7004,ADIYAKKAMANGALAM (HALT),AYM,HG3,TRICHY,SR,THIRUVARUR,TAMIL NADU,3,145,6.26
7005,ALATTAMBADI (HALT),ATB,HG3,TRICHY,SR,THIRUVARUR,TAMIL NADU,3,145,6.26
7006,AMMANUR (HALT),AMNR,HG3,TRICHY,SR,THIRUVARUR,TAMIL NADU,3,145,6.26
7007,ANDAMPALLAM (HALT),AND,HG3,TRICHY,SR,TIRUVANNAMALAI,TAMIL NADU,3,145,6.26
7008,ANDANAPPETTAI (HALT),APE,HG3,TRICHY,SR,NAGAPATTINAM,TAMIL NADU,3,145,6.26
7009,AYANDUR (HALT),AYD,HG3,TRICHY,SR,VILLUPURAM,TAMIL NADU,3,145,6.26
7010,AYYAMPET (HALT),AZP,HG3,TRICHY,SR,THANJAVUR,TAMIL NADU,3,145,6.26
7011,CAPPER QUARRY (HALT),CQS,HG3,TRICHY,SR,CUDDALORE,TAMIL NADU,3,145,6.26
7012,ICHCHANGADU (HALT),ICGH,HG3,TRICHY,SR,ARIYALUR,TAMIL NADU,3,145,6.26
7013,KANDANUR PUDUVAYAL (HALT),KNPL,HG3,TRICHY,SR,SIVAGANGA,TAMIL NADU,3,145,6.26
7014,KATTUR (HALT),KTTR,HG3,TRICHY,SR,TIRUCHIRAPPALLI,TAMIL NADU,3,145,6.26
7015,KOYILVENNI (HALT),KYV,HG3,TRICHY,SR,THIRUVARUR,TAMIL NADU,3,145,6.26
7016,KUDIKADU (HALT),KXO,HG3,TRICHY,SR,THANJAVUR,TAMIL NADU,3,145,6.26
7017,KUTHUR (HALT),KOQ,HG3,TRICHY,SR,NAGAPATTINAM,TAMIL NADU,3,145,6.26
7018,MADIMANGALAM (HALT),MCL,HG3,TRICHY,SR,TIRUVANNAMALAI,TAMIL NADU,3,145,6.26
7019,MANALI (HALT),MNLI,HG3,TRICHY,SR,THIRUVARUR,TAMIL NADU,3,145,6.26
7020,MANGUDI (HALT),MAX,HG3,TRICHY,SR,THIRUVARUR,TAMIL NADU,3,145,6.26
7021,MAVUR ROAD (HALT),MARD,HG3,TRICHY,SR,THIRUVARUR,TAMIL NADU,3,145,6.26
7022,MUTHUPETTAI (HALT),MTT,HG3,TRICHY,SR,THIRUVARUR,TAMIL NADU,3,145,6.26
7023,NARASINGANPET (HALT),NPT,HG3,TRICHY,SR,THANJAVUR,TAMIL NADU,3,145,6.26
7024,ONNUPURAM (HALT),OPM,HG3,TRICHY,SR,TIRUVANNAMALAI,TAMIL NADU,3,145,6.26
7025,OTTANKADU (HALT),TCT,HG3,TRICHY,SR,THIRUVARUR,TAMIL NADU,3,145,6.26
7026,PASUPATHIKOIL (HALT),PVL,HG3,TRICHY,SR,THANJAVUR,TAMIL NADU,3,145,6.26
7027,PENNATHUR (HALT),PNTR,HG3,TRICHY,SR,VELLORE,TAMIL NADU,3,145,6.26
7028,PUNTHOTTAM HALT,POM,HG3,TRICHY,SR,THIRUVARUR,TAMIL NADU,3,145,6.26
7029,SEDARAMPATTU (HALT),SDPT,HG3,TRICHY,SR,TIRUVANNAMALAI,TAMIL NADU,3,145,6.26
7030,TIRUMALAIRAYAN PATTINAM (HALT),TMPT,HG3,TRICHY,SR,KARAIKAL,PUDUCHERRY,3,145,6.26
7031,TIRUMATHIKUNNAM (HALT),TMU,HG3,TRICHY,SR,THIRUVARUR,TAMIL NADU,3,145,6.26
7032,TIRUNAGESWARAM (HALT),TRM,HG3,TRICHY,SR,THANJAVUR,TAMIL NADU,3,145,6.26
7033,TONDAMANPATTI (HALT),TOM,HG3,TRICHY,SR,TIRUCHIRAPPALLI,TAMIL NADU,3,145,6.26
7034,UTHAMAR KOVIL (HALT),UKV,HG3,TRICHY,SR,TIRUCHIRAPPALLI,TAMIL NADU,3,145,6.26
7035,VALARAMANIKKAM (HALT),VMM,HG3,TRICHY,SR,PUDUKKOTTAI,TAMIL NADU,3,145,6.26
7036,VALLAMPADUGAI (HALT),VMP,HG3,TRICHY,SR,CUDDALORE,TAMIL NADU,3,145,6.26
7037,VARAKALPATTU (HALT),VKP,HG3,TRICHY,SR,CUDDALORE,TAMIL NADU,3,145,6.26
7038,VELLUR (HALT),VER,HG3,TRICHY,SR,ARIYALUR,TAMIL NADU,3,145,6.26
7039,THANJAVUR JN,TJ,NSG3,TRICHY,SR,THANJAVUR,TAMIL NADU,6,145,6.26
7040,TIRUCHCHIRAPPALLI JN,TPJ,NSG3,TRICHY,SR,TIRUCHIRAPPALLI,TAMIL NADU,6,145,6.26
7041,VILLUPURAM JN.,VM,NSG3,TRICHY,SR,VILLUPURAM,TAMIL NADU,6,145,6.26
7042,KUMBAKONAM,KMU,NSG4,TRICHY,SR,THANJAVUR,TAMIL NADU,7,145,6.26
7043,MAYILADUTHURAI JN.,MV,NSG4,TRICHY,SR,NAGAPATTINAM,TAMIL NADU,7,145,6.26
7044,NAGAPPATTINAM,NGT,NSG4,TRICHY,SR,NAGAPATTINAM,TAMIL NADU,7,145,6.26
7045,PUDUCHERRY,PDY,NSG4,TRICHY,SR,PONDICHERRY,PUDUCHERRY,7,145,6.26
7046,ARIYALUR,ALU,NSG5,TRICHY,SR,ARIYALUR,TAMIL NADU,8,145,6.26
7047,CHIDAMBARAM,CDM,NSG5,TRICHY,SR,CUDDALORE,TAMIL NADU,8,145,6.26
7048,CUDDALORE PORT JN.,CUPJ,NSG5,TRICHY,SR,CUDDALORE,TAMIL NADU,8,145,6.26
7049,KARAIKAL,KIK,NSG5,TRICHY,SR,KARAIKAL,PUDUCHERRY,8,145,6.26
7050,LALGUDI,LLI,NSG5,TRICHY,SR,TIRUCHIRAPPALLI,TAMIL NADU,8,145,6.26
7051,MANNARGUDI,MQ,NSG5,TRICHY,SR,THIRUVARUR,TAMIL NADU,8,145,6.26
7052,NAGORE,NCR,NSG5,TRICHY,SR,NAGAPATTINAM,TAMIL NADU,8,145,6.26
7053,NIDAMANGALAM,NMJ,NSG5,TRICHY,SR,THIRUVARUR,TAMIL NADU,8,145,6.26
7054,PAPANASAM (FLAG),PML,NSG5,TRICHY,SR,THANJAVUR,TAMIL NADU,8,145,6.26
7055,SIRKAZHI,SY,NSG5,TRICHY,SR,NAGAPATTINAM,TAMIL NADU,8,145,6.26
7056,SRIRANGAM,SRGM,NSG5,TRICHY,SR,TIRUCHIRAPPALLI,TAMIL NADU,8,145,6.26
7057,THIRUKKOVILUR,TRK,NSG5,TRICHY,SR,VILLUPURAM,TAMIL NADU,8,145,6.26
7058,THIRUVARUR JN.,TVR,NSG5,TRICHY,SR,THIRUVARUR,TAMIL NADU,8,145,6.26
7059,TIRUCHCHIRAPPALLI FORT,TP,NSG5,TRICHY,SR,TIRUCHIRAPPALLI,TAMIL NADU,8,145,6.26
7060,TIRUPPADIRIPPULIYUR,TDPR,NSG5,TRICHY,SR,CUDDALORE,TAMIL NADU,8,145,6.26
7061,TIRUVANNAMALAI,TNM,NSG5,TRICHY,SR,TIRUVANNAMALAI,TAMIL NADU,8,145,6.26
7062,TIRUVERUMBUR,TRB,NSG5,TRICHY,SR,TIRUCHIRAPPALLI,TAMIL NADU,8,145,6.26
7063,VELANKANNI,VLNK,NSG5,TRICHY,SR,NAGAPATTINAM,TAMIL NADU,8,145,6.26
7064,VELLORE CANTONMENT,VLR,NSG5,TRICHY,SR,VELLORE,TAMIL NADU,8,145,6.26
7065,VRIDDHACHALAM JN.,VRI,NSG5,TRICHY,SR,CUDDALORE,TAMIL NADU,8,145,6.26
7066,ADIRAMPATTINAM,AMM,NSG6,TRICHY,SR,THANJAVUR,TAMIL NADU,9,145,6.26
7067,ADUTURAI,ADT,NSG6,TRICHY,SR,THANJAVUR,TAMIL NADU,9,145,6.26
7068,AGARAM SIBBANDI,AGM,NSG6,TRICHY,SR,TIRUVANNAMALAI,TAMIL NADU,9,145,6.26
7069,AGASTIAMPALLI,AGX,NSG6,TRICHY,SR,NAGAPATTINAM,TAMIL NADU,9,145,6.26
7070,ALAKKUDI,ALK,NSG6,TRICHY,SR,THANJAVUR,TAMIL NADU,9,145,6.26
7071,ALAPAKAM,ALP,NSG6,TRICHY,SR,CUDDALORE,TAMIL NADU,9,145,6.26
7072,ANANDATANDAVAPURAM,ANP,NSG6,TRICHY,SR,NAGAPATTINAM,TAMIL NADU,9,145,6.26
7073,ARANTANGI,ATQ,NSG6,TRICHY,SR,PUDUKKOTTAI,TAMIL NADU,9,145,6.26
7074,ARNI ROAD,ARV,NSG6,TRICHY,SR,TIRUVANNAMALAI,TAMIL NADU,9,145,6.26
7075,AYINGUDI,AYI,NSG6,TRICHY,SR,PUDUKKOTTAI,TAMIL NADU,9,145,6.26
7076,BUDALUR,BAL,NSG6,TRICHY,SR,THANJAVUR,TAMIL NADU,9,145,6.26
7077,CHINNABABU SAMUDRAM,CBU,NSG6,TRICHY,SR,VILLUPURAM,TAMIL NADU,9,145,6.26
7078,ICHCHANGADU,ICG,NSG6,TRICHY,SR,ARIYALUR,TAMIL NADU,9,145,6.26
7079,KALLAGAM,KLGM,NSG6,TRICHY,SR,ARIYALUR,TAMIL NADU,9,145,6.26
7080,KALLAKKUDI PALANGANATHAM,KKPM,NSG6,TRICHY,SR,ARIYALUR,TAMIL NADU,9,145,6.26
7081,KANDAMBAKKAM,KDMD,NSG6,TRICHY,SR,VILLUPURAM,TAMIL NADU,9,145,6.26
7082,KANIYAMBADI,KNB,NSG6,TRICHY,SR,VELLORE,TAMIL NADU,9,145,6.26
7083,KANNAMANGALAM,KMM,NSG6,TRICHY,SR,VELLORE,TAMIL NADU,9,145,6.26
7084,KILLE,KII,NSG6,TRICHY,SR,CUDDALORE,TAMIL NADU,9,145,6.26
7085,KIZHVELUR,KVL,NSG6,TRICHY,SR,NAGAPATTINAM,TAMIL NADU,9,145,6.26
7086,KOLLIDAM,CLN,NSG6,TRICHY,SR,NAGAPATTINAM,TAMIL NADU,9,145,6.26
7087,KORADACHERI,KDE,NSG6,TRICHY,SR,THIRUVARUR,TAMIL NADU,9,145,6.26
7088,KULIKARAI,KU,NSG6,TRICHY,SR,THIRUVARUR,TAMIL NADU,9,145,6.26
7089,KURINJIPADI,KJPD,NSG6,TRICHY,SR,CUDDALORE,TAMIL NADU,9,145,6.26
7090,KUTRALAM,KTM,NSG6,TRICHY,SR,NAGAPATTINAM,TAMIL NADU,9,145,6.26
7091,MAMBALAPATTU,MMP,NSG6,TRICHY,SR,VILLUPURAM,TAMIL NADU,9,145,6.26
7092,MATHUR,MTUR,NSG6,TRICHY,SR,ARIYALUR,TAMIL NADU,9,145,6.26
7093,MELPATTAMBAKKAM,MBU,NSG6,TRICHY,SR,CUDDALORE,TAMIL NADU,9,145,6.26
7094,NANNILAM,NNM,NSG6,TRICHY,SR,THIRUVARUR,TAMIL NADU,9,145,6.26
7095,NELLIKUPPAM,NPM,NSG6,TRICHY,SR,CUDDALORE,TAMIL NADU,9,145,6.26
7096,NEYVELI,NVL,NSG6,TRICHY,SR,CUDDALORE,TAMIL NADU,9,145,6.26
7097,OTTAKOVIL,OTK,NSG6,TRICHY,SR,ARIYALUR,TAMIL NADU,9,145,6.26
7098,PANDARAVADAI,PDV,NSG6,TRICHY,SR,THANJAVUR,TAMIL NADU,9,145,6.26
7099,PANRUTI,PRT,NSG6,TRICHY,SR,CUDDALORE,TAMIL NADU,9,145,6.26
7100,PARIKKAL,PRKL,NSG6,TRICHY,SR,VILLUPURAM,TAMIL NADU,9,145,6.26
7101,PATTUKOTTAI,PKT,NSG6,TRICHY,SR,THANJAVUR,TAMIL NADU,9,145,6.26
7102,PENNADAM (FLAG),PNDM,NSG6,TRICHY,SR,CUDDALORE,TAMIL NADU,9,145,6.26
7103,PERALAM .,PEM,NSG6,TRICHY,SR,THIRUVARUR,TAMIL NADU,9,145,6.26
7104,PERAVURUNI,PVI,NSG6,TRICHY,SR,THANJAVUR,TAMIL NADU,9,145,6.26
7105,PERIYAKOTTAI,PYK,NSG6,TRICHY,SR,SIVAGANGA,TAMIL NADU,9,145,6.26
7106,POLUR,PRL,NSG6,TRICHY,SR,TIRUVANNAMALAI,TAMIL NADU,9,145,6.26
7107,PONMALAI (GOLDEN ROCK),GOC,NSG6,TRICHY,SR,TIRUCHIRAPPALLI,TAMIL NADU,9,145,6.26
7108,PUDUCHATTIRAM,PUC,NSG6,TRICHY,SR,CUDDALORE,TAMIL NADU,9,145,6.26
7109,PULLAMBADI,PMB,NSG6,TRICHY,SR,TIRUCHIRAPPALLI,TAMIL NADU,9,145,6.26
7110,PUVANUR,PVN,NSG6,TRICHY,SR,CUDDALORE,TAMIL NADU,9,145,6.26
7111,SALIYAMANGALAM,SMM,NSG6,TRICHY,SR,THANJAVUR,TAMIL NADU,9,145,6.26
7112,SENDURAI,SNDI,NSG6,TRICHY,SR,ARIYALUR,TAMIL NADU,9,145,6.26
7113,SERNDANUR,SXR,NSG6,TRICHY,SR,VILLUPURAM,TAMIL NADU,9,145,6.26
7114,SILLAKKUDI,SLTH,NSG6,TRICHY,SR,PERAMBALUR,TAMIL NADU,9,145,6.26
7115,SOLAGAMPATTI,SGM,NSG6,TRICHY,SR,TIRUCHIRAPPALLI,TAMIL NADU,9,145,6.26
7116,SUNDARAPERUMAL KOIL,SPL,NSG6,TRICHY,SR,THANJAVUR,TAMIL NADU,9,145,6.26
7117,TALANALLUR,TLNR,NSG6,TRICHY,SR,CUDDALORE,TAMIL NADU,9,145,6.26
7118,TANDARAI,TNI,NSG6,TRICHY,SR,TIRUVANNAMALAI,TAMIL NADU,9,145,6.26
7119,THIRUTHURAIYUR,TUY,NSG6,TRICHY,SR,CUDDALORE,TAMIL NADU,9,145,6.26
7120,TILLAIVILAGAM,TAM,NSG6,TRICHY,SR,THIRUVARUR,TAMIL NADU,9,145,6.26
7121,TIRUCHCHIRAPPALLI TOWN,TPTN,NSG6,TRICHY,SR,TIRUCHIRAPPALLI,TAMIL NADU,9,145,6.26
7122,TIRUNELIKKAVAL,TNK,NSG6,TRICHY,SR,THIRUVARUR,TAMIL NADU,9,145,6.26
7123,TIRUTURAIPUNDI JN.,TTP,NSG6,TRICHY,SR,THIRUVARUR,TAMIL NADU,9,145,6.26
7124,TIRUVENNAINALLUR ROAD,TVNL,NSG6,TRICHY,SR,VILLUPURAM,TAMIL NADU,9,145,6.26
7125,TITTE,TT,NSG6,TRICHY,SR,THANJAVUR,TAMIL NADU,9,145,6.26
7126,TURINJAPURAM,TJM,NSG6,TRICHY,SR,TIRUVANNAMALAI,TAMIL NADU,9,145,6.26
7127,ULUNDURPET,ULU,NSG6,TRICHY,SR,VILLUPURAM,TAMIL NADU,9,145,6.26
7128,UTTANGAL MANGALAM,UMG,NSG6,TRICHY,SR,CUDDALORE,TAMIL NADU,9,145,6.26
7129,VADALUR,VLU,NSG6,TRICHY,SR,CUDDALORE,TAMIL NADU,9,145,6.26
7130,VAITHISVARANKOIL,VDL,NSG6,TRICHY,SR,NAGAPATTINAM,TAMIL NADU,9,145,6.26
7131,VALADI,VLDE,NSG6,TRICHY,SR,TIRUCHIRAPPALLI,TAMIL NADU,9,145,6.26
7132,VENKATESAPURAM,VKM,NSG6,TRICHY,SR,VILLUPURAM,TAMIL NADU,9,145,6.26
7133,KAVALANDE H,KVE,HG1,MYSORE,SWR,MYSURU,KARNATAKA,1,118,4.55
7134,ARALAGUPPE H,ARGP,HG2,MYSORE,SWR,TUMAKURU,KARNATAKA,2,118,4.55
7135,ARJUNAHALLI H,ARNH,HG2,MYSORE,SWR,MYSURU,KARNATAKA,2,118,4.55
7136,BADANAGUPPE H,BDGP,HG2,MYSORE,SWR,CHAMARAJANAGARA,KARNATAKA,2,118,4.55
7137,BANA SHANKARI H,BNK,HG2,MYSORE,SWR,TUMAKURU,KARNATAKA,2,118,4.55
7138,BIRAHALLI H,BRBL,HG2,MYSORE,SWR,MANDYA,KARNATAKA,2,118,4.55
7139,CHINNADAGUDIHUNDI H,CGHD,HG2,MYSORE,SWR,MYSURU,KARNATAKA,2,118,4.55
7140,DORNAHALLI,DOY,HG2,MYSORE,SWR,MYSURU,KARNATAKA,2,118,4.55
7141,HAMPAPURA,HPA,HG2,MYSORE,SWR,MYSURU,KARNATAKA,2,118,4.55
7142,KONANUR H,KRNU,HG2,MYSORE,SWR,MYSURU,KARNATAKA,2,118,4.55
7143,KRISHNARAJASAGARA,KJS,HG2,MYSORE,SWR,MANDYA,KARNATAKA,2,118,4.55
7144,NARASAMBUDHI H,NBU,HG2,MYSORE,SWR,MYSURU,KARNATAKA,2,118,4.55
7145,SHIVAMOGGA H.,SME,HG2,MYSORE,SWR,SHIVAMOGGA,KARNATAKA,2,118,4.55
7146,SHRI SHARADA NAGAR,SSNH,HG2,MYSORE,SWR,TUMAKURU,KARNATAKA,2,118,4.55
7147,SRAVANUR H,SRVN,HG2,MYSORE,SWR,HASSAN,KARNATAKA,2,118,4.55
7148,SUJATAPURAM H,SJPM,HG2,MYSORE,SWR,MYSURU,KARNATAKA,2,118,4.55
7149,TANDAVAPURA H,TXM,HG2,MYSORE,SWR,MYSURU,KARNATAKA,2,118,4.55
7150,ADDERI H,AEX,HG3,MYSORE,SWR,SHIVAMOGGA,KARNATAKA,3,118,4.55
7151,ADIHALLI,ADHL,HG3,MYSORE,SWR,HASSAN,KARNATAKA,3,118,4.55
7152,ANNECHAKANAHALLI H,ANC,HG3,MYSORE,SWR,HASSAN,KARNATAKA,3,118,4.55
7153,ARABAGATTA HALT,ABGT,HG3,MYSORE,SWR,CHITRADURGA,KARNATAKA,3,118,4.55
7154,ARASALU H,ARU,HG3,MYSORE,SWR,SHIVAMOGGA,KARNATAKA,3,118,4.55
7155,BAJAKARE H,BAJE,HG3,MYSORE,SWR,DAKSHINA KANNADA,KARNATAKA,3,118,4.55
7156,BETTADNAGENHALLI H,BTGH,HG3,MYSORE,SWR,CHITRADURGA,KARNATAKA,3,118,4.55
7157,BISALEHALLI,BLHI,HG3,MYSORE,SWR,CHIKKAMAGALURU,KARNATAKA,3,118,4.55
7158,CHANDRAGIRI KOPPAL H,CGKR,HG3,MYSORE,SWR,MANDYA,KARNATAKA,3,118,4.55
7159,CHIKKANDAWADI H,CKVD,HG3,MYSORE,SWR,CHITRADURGA,KARNATAKA,3,118,4.55
7160,HANUMANAHALI H,HNH,HG3,MYSORE,SWR,DAVANGERE,KARNATAKA,3,118,4.55
7161,HARNAHALLI H,HNHL,HG3,MYSORE,SWR,DAVANGERE,KARNATAKA,3,118,4.55
7162,KALLUR YEDAHALLI H,KLYH,HG3,MYSORE,SWR,MYSURU,KARNATAKA,3,118,4.55
7163,KANIURU H,KNYR,HG3,MYSORE,SWR,DAKSHINA KANNADA,KARNATAKA,3,118,4.55
7164,KANIVEHALLI,KNVH,HG3,MYSORE,SWR,CHIKKAMAGALURU,KARNATAKA,3,118,4.55
7165,KENCHANALU H,KCLA,HG3,MYSORE,SWR,SHIVAMOGGA,KARNATAKA,3,118,4.55
7166,KODIMBALA H,KDBA,HG3,MYSORE,SWR,DAKSHINA KANNADA,KARNATAKA,3,118,4.55
7167,KONAGAVALLI H,KGVE,HG3,MYSORE,SWR,SHIVAMOGGA,KARNATAKA,3,118,4.55
7168,KORANAHALLI H,KRNH,HG3,MYSORE,SWR,CHIKKAMAGALURU,KARNATAKA,3,118,4.55
7169,MARIYAL G VADI,MRLA,HG3,MYSORE,SWR,CHAMARAJANAGARA,KARNATAKA,3,118,4.55
7170,NULENURU H,NLNR,HG3,MYSORE,SWR,CHITRADURGA,KARNATAKA,3,118,4.55
7171,MYSURU JN.,MYS,NSG2,MYSORE,SWR,MYSURU,KARNATAKA,5,118,4.55
7172,DAVANGERE,DVG,NSG3,MYSORE,SWR,DAVANGERE,KARNATAKA,6,118,4.55
7173,ARSIKERE JN.,ASK,NSG4,MYSORE,SWR,HASSAN,KARNATAKA,7,118,4.55
7174,BIRUR JN.,RRB,NSG4,MYSORE,SWR,CHIKKAMAGALURU,KARNATAKA,7,118,4.55
7175,CHAMARAJANAGAR,CMNR,NSG4,MYSORE,SWR,CHAMARAJANAGARA,KARNATAKA,7,118,4.55
7176,HARIHAR,HRR,NSG4,MYSORE,SWR,DAVANGERE,KARNATAKA,7,118,4.55
7177,HASSAN,HAS,NSG4,MYSORE,SWR,HASSAN,KARNATAKA,7,118,4.55
7178,NANAJANGUD TOWN,NTW,NSG4,MYSORE,SWR,MYSURU,KARNATAKA,7,118,4.55
7179,SAGAR-JAMBAGARU,SRF,NSG4,MYSORE,SWR,SHIVAMOGGA,KARNATAKA,7,118,4.55
7180,SHIVAMOGGA TOWN,SMET,NSG4,MYSORE,SWR,SHIVAMOGGA,KARNATAKA,7,118,4.55
7181,SHRIRANGAPATTANA,S,NSG4,MYSORE,SWR,MANDYA,KARNATAKA,7,118,4.55
7182,SUBRAHMANYA ROAD,SBHR,NSG4,MYSORE,SWR,DAKSHINA KANNADA,KARNATAKA,7,118,4.55
7183,BHADRAVATI,BDVT,NSG5,MYSORE,SWR,SHIVAMOGGA,KARNATAKA,8,118,4.55
7184,CHAMARAJAPURAM,CMJ,NSG5,MYSORE,SWR,MYSURU,KARNATAKA,8,118,4.55
7185,CHIKJAJUR JN.,JRU,NSG5,MYSORE,SWR,CHITRADURGA,KARNATAKA,8,118,4.55
7186,CHIKKAMAGALURU,CMGR,NSG5,MYSORE,SWR,CHIKKAMAGALURU,KARNATAKA,8,118,4.55
7187,CHITRADURG,CTA,NSG5,MYSORE,SWR,CHITRADURGA,KARNATAKA,8,118,4.55
7188,HOLE NARSIPUR,HLN,NSG5,MYSORE,SWR,HASSAN,KARNATAKA,8,118,4.55
7189,KABAKAPUTTUR,KBPR,NSG5,MYSORE,SWR,DAKSHINA KANNADA,KARNATAKA,8,118,4.55
7190,KADUR,DRU,NSG5,MYSORE,SWR,CHIKKAMAGALURU,KARNATAKA,8,118,4.55
7191,KRISHNARAJANAGAR,KRNR,NSG5,MYSORE,SWR,MYSURU,KARNATAKA,8,118,4.55
7192,MMAILARA HAVERI,HVR,NSG5,MYSORE,SWR,HAVERI,KARNATAKA,8,118,4.55
7193,PANDAVAPURA,PANP,NSG5,MYSORE,SWR,MANDYA,KARNATAKA,8,118,4.55
7194,RANIBENNUR,RNR,NSG5,MYSORE,SWR,HAVERI,KARNATAKA,8,118,4.55
7195,TALGUPPA,TLGP,NSG5,MYSORE,SWR,SHIVAMOGGA,KARNATAKA,8,118,4.55
7196,TARIKERE,TKE,NSG5,MYSORE,SWR,CHIKKAMAGALURU,KARNATAKA,8,118,4.55
7197,TIPTUR,TTR,NSG5,MYSORE,SWR,TUMAKURU,KARNATAKA,8,118,4.55
7198,AJJAMPUR,AJP,NSG6,MYSORE,SWR,CHIKKAMAGALURU,KARNATAKA,9,118,4.55
7199,AKKIHEBBALU,AKK,NSG6,MYSORE,SWR,MANDYA,KARNATAKA,9,118,4.55
7200,AMARAVATHI CLNY,AVC,NSG6,MYSORE,SWR,DAVANGERE,KARNATAKA,9,118,4.55
7201,AMMASANDRA,AMSA,NSG6,MYSORE,SWR,TUMAKURU,KARNATAKA,9,118,4.55
7202,AMRITAPURA,AMC,NSG6,MYSORE,SWR,CHITRADURGA,KARNATAKA,9,118,4.55
7203,ANANDAPURAM H,ANF,NSG6,MYSORE,SWR,SHIVAMOGGA,KARNATAKA,9,118,4.55
7204,ASHOKAPURAM,AP,NSG6,MYSORE,SWR,MYSURU,KARNATAKA,9,118,4.55
7205,BAGESHAPURA,BGPA,NSG6,MYSORE,SWR,HASSAN,KARNATAKA,9,118,4.55
7206,BALENAHALLI,BAHI,NSG6,MYSORE,SWR,CHITRADURGA,KARNATAKA,9,118,4.55
7207,BALLEKERE H.,BLKR,NSG6,MYSORE,SWR,CHIKKAMAGALURU,KARNATAKA,9,118,4.55
7208,BANASANDRA,BSN,NSG6,MYSORE,SWR,TUMAKURU,KARNATAKA,9,118,4.55
7209,BANAVAR,BVR,NSG6,MYSORE,SWR,HASSAN,KARNATAKA,9,118,4.55
7210,BANTAWALA,BNTL,NSG6,MYSORE,SWR,DAKSHINA KANNADA,KARNATAKA,9,118,4.55
7211,BELAGULA,BLGA,NSG6,MYSORE,SWR,MANDYA,KARNATAKA,9,118,4.55
7212,BENNEHALLI,BEHI,NSG6,MYSORE,SWR,DAVANGERE,KARNATAKA,9,118,4.55
7213,BOMMAGUNDANAKERE,BOMN,NSG6,MYSORE,SWR,CHITRADURGA,KARNATAKA,9,118,4.55
7214,BYADGI,BYD,NSG6,MYSORE,SWR,HAVERI,KARNATAKA,9,118,4.55
7215,BYADRAHALLI,BDRL,NSG6,MYSORE,SWR,BENGALURU URBAN,KARNATAKA,9,118,4.55
7216,CHALGERI,CLI,NSG6,MYSORE,SWR,HAVERI,KARNATAKA,9,118,4.55
7217,CHALLAKERE,CHKE,NSG6,MYSORE,SWR,CHITRADURGA,KARNATAKA,9,118,4.55
7218,DEVANUR,VNR,NSG6,MYSORE,SWR,CHIKKAMAGALURU,KARNATAKA,9,118,4.55
7219,DEVARGUDDA,DAD,NSG6,MYSORE,SWR,HAVERI,KARNATAKA,9,118,4.55
7220,HABANGHATTA,HHT,NSG6,MYSORE,SWR,HASSAN,KARNATAKA,9,118,4.55
7221,HALIYURU H,HLV,NSG6,MYSORE,SWR,CHITRADURGA,KARNATAKA,9,118,4.55
7222,HARAPANAHALLI,HPHI,NSG6,MYSORE,SWR,DAVANGERE,KARNATAKA,9,118,4.55
7223,HOLALKERE,HLK,NSG6,MYSORE,SWR,CHITRADURGA,KARNATAKA,9,118,4.55
7224,HONNAVALLI ROAD,HVL,NSG6,MYSORE,SWR,TUMAKURU,KARNATAKA,9,118,4.55
7225,HOSA AGRAHARA,HAH,NSG6,MYSORE,SWR,MYSURU,KARNATAKA,9,118,4.55
7226,HOSADURGA ROAD,HSD,NSG6,MYSORE,SWR,CHITRADURGA,KARNATAKA,9,118,4.55
7227,KADAKOLA,KDO,NSG6,MYSORE,SWR,MYSURU,KARNATAKA,9,118,4.55
7228,KARDI,RDI,NSG6,MYSORE,SWR,TUMAKURU,KARNATAKA,9,118,4.55
7229,KODAGANUR,KAG,NSG6,MYSORE,SWR,DAVANGERE,KARNATAKA,9,118,4.55
7230,KUMSI H,KMSI,NSG6,MYSORE,SWR,SHIVAMOGGA,KARNATAKA,9,118,4.55
7231,MANDAGERE,MGF,NSG6,MYSORE,SWR,MANDYA,KARNATAKA,9,118,4.55
7232,MASARAHALLI,MSS,NSG6,MYSORE,SWR,SHIVAMOGGA,KARNATAKA,9,118,4.55
7233,MAVINKERE,MVC,NSG6,MYSORE,SWR,HASSAN,KARNATAKA,9,118,4.55
7234,MAYAKONDA,MYK,NSG6,MYSORE,SWR,DAVANGERE,KARNATAKA,9,118,4.55
7235,MOLAKALMURU,MOMU,NSG6,MYSORE,SWR,CHITRADURGA,KARNATAKA,9,118,4.55
7236,NAGANAHALLI,NHY,NSG6,MYSORE,SWR,MANDYA,KARNATAKA,9,118,4.55
7237,NAGAVANGALA,NVF,NSG6,MYSORE,SWR,CHIKKAMAGALURU,KARNATAKA,9,118,4.55
7238,NARIMOGARU,NRJ,NSG6,MYSORE,SWR,DAKSHINA KANNADA,KARNATAKA,9,118,4.55
7239,NERALAKATTE H,NRF,NSG6,MYSORE,SWR,DAKSHINA KANNADA,KARNATAKA,9,118,4.55
7240,RAMAGIRI,RGI,NSG6,MYSORE,SWR,CHITRADURGA,KARNATAKA,9,118,4.55
7241,SAGARAKATTE,STE,NSG6,MYSORE,SWR,MYSURU,KARNATAKA,9,118,4.55
7242,SAKHARAYAPATNA,SHYP,NSG6,MYSORE,SWR,CHIKKAMAGALURU,KARNATAKA,9,118,4.55
7243,SAKLESHPUR,SKLR,NSG6,MYSORE,SWR,HASSAN,KARNATAKA,9,118,4.55
7244,SASALU,SLU,NSG6,MYSORE,SWR,CHITRADURGA,KARNATAKA,9,118,4.55
7245,SHIVANI,SHV,NSG6,MYSORE,SWR,CHIKKAMAGALURU,KARNATAKA,9,118,4.55
7246,SIVAPUR,SPV,NSG6,MYSORE,SWR,CHIKKAMAGALURU,KARNATAKA,9,118,4.55
7247,TALAKU,THKU,NSG6,MYSORE,SWR,CHITRADURGA,KARNATAKA,9,118,4.55
7248,TELIGI,TLGI,NSG6,MYSORE,SWR,DAVANGERE,KARNATAKA,9,118,4.55
7249,TOLAHUNSE,THN,NSG6,MYSORE,SWR,DAVANGERE,KARNATAKA,9,118,4.55
7250,YEDAMANGALA H,YDM,NSG6,MYSORE,SWR,DAKSHINA KANNADA,KARNATAKA,9,118,4.55
7251,BELANDUR ROAD HALT,BLRR,HG2,BENGALORE CITY,SWR,BENGALURU RURAL,KARNATAKA,2,132,4.55
7252,BEML NAGAR HALT,BEML,HG2,BENGALORE CITY,SWR,KOLAR,KARNATAKA,2,132,4.55
7253,BHAIRANAYAKANA HALLI HALT,BNKH,HG2,BENGALORE CITY,SWR,CHIKKABALLAPURA,KARNATAKA,2,132,4.55
7254,DOBBESPET HALT,DBS,HG2,BENGALORE CITY,SWR,CHIKKABALLAPURA,KARNATAKA,2,132,4.55
7255,HEGGERE HALT,HEI,HG2,BENGALORE CITY,SWR,TUMAKURU,KARNATAKA,2,132,4.55
7256,HOODI HALT,HDIH,HG2,BENGALORE CITY,SWR,BENGALURU URBAN,KARNATAKA,2,132,4.55
7257,JNANABHARATHI HALT,GNB,HG2,BENGALORE CITY,SWR,BENGALURU RURAL,KARNATAKA,2,132,4.55
7258,KODIGEHALLI HALT,KDGH,HG2,BENGALORE CITY,SWR,BENGALURU RURAL,KARNATAKA,2,132,4.55
7259,KRISHNADEVARAYA HALT,KNDV,HG2,BENGALORE CITY,SWR,BENGALURU RURAL,KARNATAKA,2,132,4.55
7260,MUDDALINGANAHALLI HALT,MDLL,HG2,BENGALORE CITY,SWR,CHIKKABALLAPURA,KARNATAKA,2,132,4.55
7261,MUTTAMPATTI HALT,MPC,HG2,BENGALORE CITY,SWR,DHARMAPURI,TAMIL NADU,2,132,4.55
7262,SOLADEVANAHALLI,SDVL,HG2,BENGALORE CITY,SWR,CBP,KARNATAKA,2,132,4.55
7263,AVATIHALLI HALT,AVT,HG3,BENGALORE CITY,SWR,CHIKKABALLAPURA,KARNATAKA,3,132,4.55
7264,BETTAHALSOOR HALT,TLS,HG3,BENGALORE CITY,SWR,CHIKKABALLAPURA,KARNATAKA,3,132,4.55
7265,BYATARAYANAHALLI HALT,BFW,HG3,BENGALORE CITY,SWR,KOLAR,KARNATAKA,3,132,4.55
7266,CHINNAKOTE HALT,CNKH,HG3,BENGALORE CITY,SWR,KOLAR,KARNATAKA,3,132,4.55
7267,DALSANUR HALT,DNU,HG3,BENGALORE CITY,SWR,KOLAR,KARNATAKA,3,132,4.55
7268,DODANAATA HALT,DTT,HG3,BENGALORE CITY,SWR,CHIKKABALLAPURA,KARNATAKA,3,132,4.55
7269,DODJALA HALT,DJL,HG3,BENGALORE CITY,SWR,CHIKKABALLAPURA,KARNATAKA,3,132,4.55
7270,GIDNAHALLI HALT,GDH,HG3,BENGALORE CITY,SWR,CHIKKABALLAPURA,KARNATAKA,3,132,4.55
7271,HUDUKULA HALT,HUD,HG3,BENGALORE CITY,SWR,KOLAR,KARNATAKA,3,132,4.55
7272,HUNASENAHALLI HALT,HUN,HG3,BENGALORE CITY,SWR,KOLAR,KARNATAKA,3,132,4.55
7273,JANAGHATTA HALT,GJT,HG3,BENGALORE CITY,SWR,KOLAR,KARNATAKA,3,132,4.55
7274,KAMASAMUDRAM HALT,KSM H,HG3,BENGALORE CITY,SWR,KOLAR,KARNATAKA,3,132,4.55
7275,KETOHALLI HALT,KHLL,HG3,BENGALORE CITY,SWR,BENGALURU RURAL,KARNATAKA,3,132,4.55
7276,KOTACHERUVU HALT,KTCR H,HG3,BENGALORE CITY,SWR,ANANTAPUR,ANDHRA PRADESH,3,132,4.55
7277,MARALAHALLI,MZV,HG3,BENGALORE CITY,SWR,KOLAR,KARNATAKA,3,132,4.55
7278,NANDI HALT,NDY,HG3,BENGALORE CITY,SWR,CHIKKABALLAPURA,KARNATAKA,3,132,4.55
7279,SEMMANDAPPATTI HALT,SMDT,HG3,BENGALORE CITY,SWR,SALEM,TAMIL NADU,3,132,4.55
7280,SOMESWARA HALT,SMWA,HG3,BENGALORE CITY,SWR,CHIKKABALLAPURA,KARNATAKA,3,132,4.55
7281,THURANDAHALLI HALT,GKV,HG3,BENGALORE CITY,SWR,KOLAR,KARNATAKA,3,132,4.55
7282,VARADAPURA,VRDP,HG3,BENGALORE CITY,SWR,KOLAR,KARNATAKA,3,132,4.55
7283,VENKATAGIRIKOTE HALT,VTE,HG3,BENGALORE CITY,SWR,CHIKKABALLAPURA,KARNATAKA,3,132,4.55
7284,VIDURASWATTHA HALT,VWA,HG3,BENGALORE CITY,SWR,CHIKKABALLAPURA,KARNATAKA,3,132,4.55
7285,KSR BENGALURU,SBC,NSG1,BENGALORE CITY,SWR,BENGALURU URBAN,KARNATAKA,4,132,4.55
7286,YESVANTPUR,YPR,NSG2,BENGALORE CITY,SWR,BENGALURU URBAN,KARNATAKA,5,132,4.55
7287,BANGALORE CANTONMENT,BNC,NSG3,BENGALORE CITY,SWR,BENGALURU URBAN,KARNATAKA,6,132,4.55
7288,BANGARPET,BWT,NSG3,BENGALORE CITY,SWR,KOLAR,KARNATAKA,6,132,4.55
7289,KENGERI,KGI,NSG3,BENGALORE CITY,SWR,BENGALURU RURAL,KARNATAKA,6,132,4.55
7290,KRISHNARAJPURAM,KJM,NSG3,BENGALORE CITY,SWR,BENGALURU URBAN,KARNATAKA,6,132,4.55
7291,MANDYA,MYA,NSG3,BENGALORE CITY,SWR,MANDYA,KARNATAKA,6,132,4.55
7292,CHANNAPATNA,CPT,NSG4,BENGALORE CITY,SWR,BENGALURU RURAL,KARNATAKA,7,132,4.55
7293,HINDUPUR,HUP,NSG4,BENGALORE CITY,SWR,ANANTAPUR,ANDHRA PRADESH,7,132,4.55
7294,HOSUR,HSRA,NSG4,BENGALORE CITY,SWR,KRISHNAGIRI,TAMIL NADU,7,132,4.55
7295,KUPPAM,KPN,NSG4,BENGALORE CITY,SWR,CHITTOOR,ANDHRA PRADESH,7,132,4.55
7296,MALUR,MLO,NSG4,BENGALORE CITY,SWR,KOLAR,KARNATAKA,7,132,4.55
7297,RAMANAGARAM,RMGM,NSG4,BENGALORE CITY,SWR,BENGALURU RURAL,KARNATAKA,7,132,4.55
7298,SATHYA SAI PRASANTI NILAYAM,SSPN,NSG4,BENGALORE CITY,SWR,ANANTAPUR,ANDHRA PRADESH,7,132,4.55
7299,TUMAKURU,TK,NSG4,BENGALORE CITY,SWR,TUMAKURU,KARNATAKA,7,132,4.55
7300,WHITEFIELD,WFD,NSG4,BENGALORE CITY,SWR,BENGALURU RURAL,KARNATAKA,7,132,4.55
7301,YELAHANKA,YNK,NSG4,BENGALORE CITY,SWR,BENGALURU RURAL,KARNATAKA,7,132,4.55
7302,BAIYYAPPANAHALLI,BYPL,NSG5,BENGALORE CITY,SWR,BENGALURU URBAN,KARNATAKA,8,132,4.55
7303,BANASWADI,BAND,NSG5,BENGALORE CITY,SWR,BENGALURU URBAN,KARNATAKA,8,132,4.55
7304,BANGALORE EAST,BNCE,NSG5,BENGALORE CITY,SWR,BENGALURU URBAN,KARNATAKA,8,132,4.55
7305,BIDADI,BID,NSG5,BENGALORE CITY,SWR,BENGALURU RURAL,KARNATAKA,8,132,4.55
7306,CHAMPION,CHU,NSG5,BENGALORE CITY,SWR,KOLAR,KARNATAKA,8,132,4.55
7307,CHIKBANAVAR,BAW,NSG5,BENGALORE CITY,SWR,BENGALURU RURAL,KARNATAKA,8,132,4.55
7308,COROMANDEL,COL,NSG5,BENGALORE CITY,SWR,KOLAR,KARNATAKA,8,132,4.55
7309,DHARMAPURI,DPJ,NSG5,BENGALORE CITY,SWR,DHARMAPURI,TAMIL NADU,8,132,4.55
7310,DODBALLAPUR,DBU,NSG5,BENGALORE CITY,SWR,CHIKKABALLAPURA,KARNATAKA,8,132,4.55
7311,GAURIBIDANUR,GBD,NSG5,BENGALORE CITY,SWR,CHIKKABALLAPURA,KARNATAKA,8,132,4.55
7312,KARMELARAM,CRLM,NSG5,BENGALORE CITY,SWR,BENGALURU RURAL,KARNATAKA,8,132,4.55
7313,MADDUR,MAD,NSG5,BENGALORE CITY,SWR,MANDYA,KARNATAKA,8,132,4.55
7314,MALLESWARAM,MWM,NSG5,BENGALORE CITY,SWR,BENGALURU RURAL,KARNATAKA,8,132,4.55
7315,NAYANDAHALLI,NYH,NSG5,BENGALORE CITY,SWR,BENGALURU RURAL,KARNATAKA,8,132,4.55
7316,OORGAUM,OGM,NSG5,BENGALORE CITY,SWR,KOLAR,KARNATAKA,8,132,4.55
7317,PENUKONDA,PKD,NSG5,BENGALORE CITY,SWR,ANANTAPUR,ANDHRA PRADESH,8,132,4.55
7318,TYAKAL,TCL,NSG5,BENGALORE CITY,SWR,KOLAR,KARNATAKA,8,132,4.55
7319,ANEKAL ROAD,AEK,NSG6,BENGALORE CITY,SWR,BENGALURU RURAL,KARNATAKA,9,132,4.55
7320,B G NAGAR,BGNR,NSG6,BENGALORE CITY,SWR,MANDYA,KARNATAKA,9,132,4.55
7321,BASAMPALLE,BSPL,NSG6,BENGALORE CITY,SWR,ANANTAPUR,ANDHRA PRADESH,9,132,4.55
7322,BISANATHAM,BSM,NSG6,BENGALORE CITY,SWR,KOLAR,KARNATAKA,9,132,4.55
7323,CHAKARLAPALLI,CPL,NSG6,BENGALORE CITY,SWR,ANANTAPUR,ANDHRA PRADESH,9,132,4.55
7324,CHANNASANDRA,CSDR,NSG6,BENGALORE CITY,SWR,BENGALURU URBAN,KARNATAKA,9,132,4.55
7325,CHENNARAYANAPATNA,CNPA,NSG6,BENGALORE CITY,SWR,HASSAN,KARNATAKA,9,132,4.55
7326,CHIKBALLAPUR,CBP,NSG6,BENGALORE CITY,SWR,CHIKKABALLAPURA,KARNATAKA,9,132,4.55
7327,CHINTAMANI,CMY,NSG6,BENGALORE CITY,SWR,CHIKKABALLAPURA,KARNATAKA,9,132,4.55
7328,DEVANAHALLI,DHL,NSG6,BENGALORE CITY,SWR,CHIKKABALLAPURA,KARNATAKA,9,132,4.55
7329,DEVARAPALLI,DPE,NSG6,BENGALORE CITY,SWR,ANANTAPUR,ANDHRA PRADESH,9,132,4.55
7330,DEVNGONTHI,DKN,NSG6,BENGALORE CITY,SWR,CHIKKABALLAPURA,KARNATAKA,9,132,4.55
7331,DODBELE,DBL,NSG6,BENGALORE CITY,SWR,BENGALURU URBAN,KARNATAKA,9,132,4.55
7332,GOLHALLI,GHL,NSG6,BENGALORE CITY,SWR,CHIKKABALLAPURA,KARNATAKA,9,132,4.55
7333,GUBBI,GBB,NSG6,BENGALORE CITY,SWR,TUMAKURU,KARNATAKA,9,132,4.55
7334,GUDUPALLI,GDP,NSG6,BENGALORE CITY,SWR,CHITTOOR,ANDHRA PRADESH,9,132,4.55
7335,HANAKERE,HNK,NSG6,BENGALORE CITY,SWR,MANDYA,KARNATAKA,9,132,4.55
7336,HEBBAL,HEB,NSG6,BENGALORE CITY,SWR,BENGALURU URBAN,KARNATAKA,9,132,4.55
7337,HEELALIGE,HLE,NSG6,BENGALORE CITY,SWR,BENGALURU RURAL,KARNATAKA,9,132,4.55
7338,HEJJALA,HJL,NSG6,BENGALORE CITY,SWR,BENGALURU RURAL,KARNATAKA,9,132,4.55
7339,HIREHALLI,HHL,NSG6,BENGALORE CITY,SWR,TUMAKURU,KARNATAKA,9,132,4.55
7340,HIRISAVE,HISE,NSG6,BENGALORE CITY,SWR,HASSAN,KARNATAKA,9,132,4.55
7341,KARUVALLI,KVLR,NSG6,BENGALORE CITY,SWR,SALEM,TAMIL NADU,9,132,4.55
7342,KELAMANGALAM,KMLM,NSG6,BENGALORE CITY,SWR,DHARMAPURI,TAMIL NADU,9,132,4.55
7343,KOLAR,KQZ,NSG6,BENGALORE CITY,SWR,KOLAR,KARNATAKA,9,132,4.55
7344,KUNIGAL,KIGL,NSG6,BENGALORE CITY,SWR,BENGALURU RURAL,KARNATAKA,9,132,4.55
7345,KYATSANDRA,KIAT,NSG6,BENGALORE CITY,SWR,TUMAKURU,KARNATAKA,9,132,4.55
7346,LOTTEGOLHALLI HALT,LOGH,NSG6,BENGALORE CITY,SWR,BENGALURU URBAN,KARNATAKA,9,132,4.55
7347,MAKALIDURGA,MKL,NSG6,BENGALORE CITY,SWR,CHIKKABALLAPURA,KARNATAKA,9,132,4.55
7348,MAKKAJIPALLI,MKJ,NSG6,BENGALORE CITY,SWR,ANANTAPUR,ANDHRA PRADESH,9,132,4.55
7349,MALLASANDRA,MLSA,NSG6,BENGALORE CITY,SWR,TUMAKURU,KARNATAKA,9,132,4.55
7350,MALUGUR,MLU,NSG6,BENGALORE CITY,SWR,ANANTAPUR,ANDHRA PRADESH,9,132,4.55
7351,MARANAYAKANAHALLI,MNKH,NSG6,BENGALORE CITY,SWR,BENGALURU RURAL,KARNATAKA,9,132,4.55
7352,MARANDAHALLI,MZU,NSG6,BENGALORE CITY,SWR,DHARMAPURI,TAMIL NADU,9,132,4.55
7353,MARIKUPPAM,MKM,NSG6,BENGALORE CITY,SWR,KOLAR,KARNATAKA,9,132,4.55
7354,MULANUR,MAR,NSG6,BENGALORE CITY,SWR,CHITTOOR,ANDHRA PRADESH,9,132,4.55
7355,NAGASAMUDRAM,NGM,NSG6,BENGALORE CITY,SWR,ANANTAPUR,ANDHRA PRADESH,9,132,4.55
7356,NARAYANAPURAM,NRYP,NSG6,BENGALORE CITY,SWR,ANANTAPUR,ANDHRA PRADESH,9,132,4.55
7357,NELAMANGALA,NMGA,NSG6,BENGALORE CITY,SWR,BENGALURU URBAN,KARNATAKA,9,132,4.55
7358,NIDAVANDA,NDV,NSG6,BENGALORE CITY,SWR,CHIKKABALLAPURA,KARNATAKA,9,132,4.55
7359,NITTUR,NTR,NSG6,BENGALORE CITY,SWR,TUMAKURU,KARNATAKA,9,132,4.55
7360,ODDARAHALLI,ORH,NSG6,BENGALORE CITY,SWR,CHIKKABALLAPURA,KARNATAKA,9,132,4.55
7361,PALAKKODU,PCV,NSG6,BENGALORE CITY,SWR,DHARMAPURI,KARNATAKA,9,132,4.55
7362,PATCHUR,PU,NSG6,BENGALORE CITY,SWR,TIRUVANNAMALAI,TAMIL NADU,9,132,4.55
7363,PERIYANAGATHUNAI,PRNT,NSG6,BENGALORE CITY,SWR,KRISHNAGIRI,TAMIL NADU,9,132,4.55
7364,RAJANKUNTI,RNN,NSG6,BENGALORE CITY,SWR,CHIKKABALLAPURA,KARNATAKA,9,132,4.55
7365,RANGEPALLI,REPI,NSG6,BENGALORE CITY,SWR,ANANTAPUR,ANDHRA PRADESH,9,132,4.55
7366,RAYAKKOTTAI,RYC,NSG6,BENGALORE CITY,SWR,DHARMAPURI,TAMIL NADU,9,132,4.55
7367,SAMPIGE ROAD,SPGR,NSG6,BENGALORE CITY,SWR,TUMAKURU,KARNATAKA,9,132,4.55
7368,SAMUDHRAVALLI,DSVS,NSG6,BENGALORE CITY,SWR,HASSAN,KARNATAKA,9,132,4.55
7369,SETTIHALLI,SET,NSG6,BENGALORE CITY,SWR,BENGALURU RURAL,KARNATAKA,9,132,4.55
7370,SHANTHIGRAMA,SIGA,NSG6,BENGALORE CITY,SWR,HASSAN,KARNATAKA,9,132,4.55
7371,SHRAVANABELAGOLA,SBGA,NSG6,BENGALORE CITY,SWR,HASSAN,KARNATAKA,9,132,4.55
7372,SIDLAGHATTA,IDT,NSG6,BENGALORE CITY,SWR,CHIKKABALLAPURA,KARNATAKA,9,132,4.55
7373,SIR M VISVESVARAYA (T) BENGALURU,SMVB,NSG6,BENGALORE CITY,SWR,BENGALURU URBAN,KARNATAKA,9,132,4.55
7374,SIVADI,SZV,NSG6,BENGALORE CITY,SWR,DHARMAPURI,TAMIL NADU,9,132,4.55
7375,SOLUR,SOLR,NSG6,BENGALORE CITY,SWR,CHIKKABALLAPURA,KARNATAKA,9,132,4.55
7376,SOMANAYAKANAPATTI,SKPT,NSG6,BENGALORE CITY,SWR,TIRUVANNAMALAI,TAMIL NADU,9,132,4.55
7377,SRINIVASPURA,SVS,NSG6,BENGALORE CITY,SWR,KOLAR,KARNATAKA,9,132,4.55
7378,THONDEBHAVI,TDV,NSG6,BENGALORE CITY,SWR,CHIKKABALLAPURA,KARNATAKA,9,132,4.55
7379,TIPPASANDRA,TASA,NSG6,BENGALORE CITY,SWR,BENGALURU RURAL,KARNATAKA,9,132,4.55
7380,TOPPUR,TPP,NSG6,BENGALORE CITY,SWR,SALEM,TAMIL NADU,9,132,4.55
7381,YEDIYURU,YY,NSG6,BENGALORE CITY,SWR,BENGALURU RURAL,KARNATAKA,9,132,4.55
7382,YELIYUR,Y,NSG6,BENGALORE CITY,SWR,MANDYA,KARNATAKA,9,132,4.55
7383,GANGAVATHI,GGVT,HG1,HUBBALLI,SWR,KOPPAL,KARNATAKA,1,134,4.55
7384,BAGEWADI H,BGWD,HG2,HUBBALLI,SWR,BELAGAVI,KARNATAKA,2,134,4.55
7385,BALLARI CANTT.,BYC,HG2,HUBBALLI,SWR,BALLARI,KARNATAKA,2,134,4.55
7386,IBRAHIMPUR H,IMR,HG2,HUBBALLI,SWR,VIJAYAPURA,KARNATAKA,2,134,4.55
7387,KADLIMATTI .H,KLM,HG2,HUBBALLI,SWR,BAGALKOTE,KARNATAKA,2,134,4.55
7388,KALASA H,KALS,HG2,HUBBALLI,SWR,DHARWAD,KARNATAKA,2,134,4.55
7389,KALSUR H,KVS,HG2,HUBBALLI,SWR,HAVERI,KARNATAKA,2,134,4.55
7390,KUDALA SANGAMA ROAD,KSAR,HG2,HUBBALLI,SWR,BAGALKOTE,KARNATAKA,2,134,4.55
7391,PADNUR H,PDNR,HG2,HUBBALLI,SWR,VIJAYAPURA,KARNATAKA,2,134,4.55
7392,PARAKANHATTI H,PRKH,HG2,HUBBALLI,SWR,BELAGAVI,KARNATAKA,2,134,4.55
7393,SULERJAVALGE,SLGE,HG2,HUBBALLI,SWR,SOLAPUR,MAHARASHTRA,2,134,4.55
7394,ANGADGERI H,ANGR,HG3,HUBBALLI,SWR,VIJAYAPURA,KARNATAKA,3,134,4.55
7395,BENAL H,BENL,HG3,HUBBALLI,SWR,VIJAYAPURA,KARNATAKA,3,134,4.55
7396,BUDAGUMPA,BDGU,HG3,HUBBALLI,SWR,KOPPAL,KARNATAKA,3,134,4.55
7397,CHIKKABENAKAL,CKBK,HG3,HUBBALLI,SWR,KOPPAL,KARNATAKA,3,134,4.55
7398,CHORGI H,CHRG,HG3,HUBBALLI,SWR,VIJAYAPURA,KARNATAKA,3,134,4.55
7399,DABOLIM H,DBM,HG3,HUBBALLI,SWR,SOUTH GOA,GOA,3,134,4.55
7400,HAMPAPATNAM,HPM,HG3,HUBBALLI,SWR,BALLARI,KARNATAKA,3,134,4.55
7401,HIRE-SHELLIKERI,HESK,HG3,HUBBALLI,SWR,BAGALKOTE,KARNATAKA,3,134,4.55
7402,HITNAL H,HTNL,HG3,HUBBALLI,SWR,KOPPAL,KARNATAKA,3,134,4.55
7403,HONAGANAHALLI .H,HOH,HG3,HUBBALLI,SWR,VIJAYAPURA,KARNATAKA,3,134,4.55
7404,IDALHOND HALT,IDJ,HG3,HUBBALLI,SWR,BELAGAVI,KARNATAKA,3,134,4.55
7405,JABBALGUDDA,JBGD,HG3,HUBBALLI,SWR,KOPPAL,KARNATAKA,3,134,4.55
7406,KADRIDEVARPALLI,KRYP,HG3,HUBBALLI,SWR,ANANTAPUR,ANDHRA PRADESH,3,134,4.55
7407,KALGURKI H,KGIH,HG3,HUBBALLI,SWR,VIJAYAPURA,KARNATAKA,3,134,4.55
7408,KARATAGI,KTGG,HG3,HUBBALLI,SWR,KOPPAL,KARNATAKA,3,134,4.55
7409,KERAKALAMATTI,KKMI,HG3,HUBBALLI,SWR,BAGALKOTE,KARNATAKA,3,134,4.55
7410,KHAJJIDONI,KJDI,HG3,HUBBALLI,SWR,BAGALKOTE,KARNATAKA,3,134,4.55
7411,KUDGI H,KDGI,HG3,HUBBALLI,SWR,VIJAYAPURA,KARNATAKA,3,134,4.55
7412,KYATANAKERI ROAD H,KTK,HG3,HUBBALLI,SWR,VIJAYAPURA,KARNATAKA,3,134,4.55
7413,MALAVI,MVY,HG3,HUBBALLI,SWR,BALLARI,KARNATAKA,3,134,4.55
7414,MARIYAMANAHALLI,MMI,HG3,HUBBALLI,SWR,BALLARI,KARNATAKA,3,134,4.55
7415,NAVANAGAR HALT,NANH,HG3,HUBBALLI,SWR,BAGALKOTE,KARNATAKA,3,134,4.55
7416,SANJUJA-DA-AREYAL H,SJDA,HG3,HUBBALLI,SWR,SOUTH GOA,GOA,3,134,4.55
7417,SIDDAPUR GRAMA,SIDG,HG3,HUBBALLI,SWR,KOPPAL,KARNATAKA,3,134,4.55
7418,SITIMANI,SII,HG3,HUBBALLI,SWR,VIJAYAPURA,KARNATAKA,3,134,4.55
7419,SOMAN KATTI,SMKT,HG3,HUBBALLI,SWR,GADAG,KARNATAKA,3,134,4.55
7420,SRIRAMANAGAR H,SRNM,HG3,HUBBALLI,SWR,KOPPAL,KARNATAKA,3,134,4.55
7421,SULIKERI,SIKI,HG3,HUBBALLI,SWR,BAGALKOTE,KARNATAKA,3,134,4.55
7422,TUNGABHADRA DAM,TBDM,HG3,HUBBALLI,SWR,BALLARI,KARNATAKA,3,134,4.55
7423,YARAGOPPA H,YGA,HG3,HUBBALLI,SWR,BAGALKOTE,KARNATAKA,3,134,4.55
7424,BALLARI JN.,BAY,NSG3,HUBBALLI,SWR,BALLARI,KARNATAKA,6,134,4.55
7425,BELAGAVI,BGM,NSG3,HUBBALLI,SWR,BELAGAVI,KARNATAKA,6,134,4.55
7426,DHARWAD,DWR,NSG3,HUBBALLI,SWR,DHARWAD,KARNATAKA,6,134,4.55
7427,SSS HUBBALLI JN,UBL,NSG3,HUBBALLI,SWR,DHARWAD,KARNATAKA,6,134,4.55
7428,VASCO-DA-GAMA,VSG,NSG3,HUBBALLI,SWR,SOUTH GOA,GOA,6,134,4.55
7429,GADAG JN.,GDG,NSG4,HUBBALLI,SWR,GADAG,KARNATAKA,7,134,4.55
7430,HOSAPETE JN.,HPT,NSG4,HUBBALLI,SWR,BALLARI,KARNATAKA,7,134,4.55
7431,LONDA JN.,LD,NSG4,HUBBALLI,SWR,BELAGAVI,KARNATAKA,7,134,4.55
7432,VIJAYAPURA,BJP,NSG4,HUBBALLI,SWR,VIJAYAPURA,KARNATAKA,7,134,4.55
7433,ALMATTI,LMT,NSG5,HUBBALLI,SWR,VIJAYAPURA,KARNATAKA,8,134,4.55
7434,ALNAVAR JN.,LWR,NSG5,HUBBALLI,SWR,DHARWAD,KARNATAKA,8,134,4.55
7435,BADAMI,BDM,NSG5,HUBBALLI,SWR,BAGALKOTE,KARNATAKA,8,134,4.55
7436,BAGALKOT,BGK,NSG5,HUBBALLI,SWR,BAGALKOTE,KARNATAKA,8,134,4.55
7437,BASAVANA BAGEVADI RO,BSRX,NSG5,HUBBALLI,SWR,VIJAYAPURA,KARNATAKA,8,134,4.55
7438,GHATPRABHA,GPB,NSG5,HUBBALLI,SWR,BELAGAVI,KARNATAKA,8,134,4.55
7439,GOKAK ROAD,GKK,NSG5,HUBBALLI,SWR,BELAGAVI,KARNATAKA,8,134,4.55
7440,INDI ROAD,IDR,NSG5,HUBBALLI,SWR,VIJAYAPURA,KARNATAKA,8,134,4.55
7441,KOPPAL,KBL,NSG5,HUBBALLI,SWR,KOPPAL,KARNATAKA,8,134,4.55
7442,KUDACHI,KUD,NSG5,HUBBALLI,SWR,BELAGAVI,KARNATAKA,8,134,4.55
7443,MUNIRABAD,MRB,NSG5,HUBBALLI,SWR,KOPPAL,KARNATAKA,8,134,4.55
7444,RAYADURG,RDG,NSG5,HUBBALLI,SWR,ANANTAPUR,ANDHRA PRADESH,8,134,4.55
7445,RAYBAG,RBG,NSG5,HUBBALLI,SWR,BELAGAVI,KARNATAKA,8,134,4.55
7446,SANVORDEM CHUCH,SVM,NSG5,HUBBALLI,SWR,SOUTH GOA,GOA,8,134,4.55
7447,TORANAGALLU JN.,TNGL,NSG5,HUBBALLI,SWR,BALLARI,KARNATAKA,8,134,4.55
7448,UGAR KHURD,UGR,NSG5,HUBBALLI,SWR,BELAGAVI,KARNATAKA,8,134,4.55
7449,YALVIGI,YLG,NSG5,HUBBALLI,SWR,HAVERI,KARNATAKA,8,134,4.55
7450,AMBEWADI,AVA,NSG6,HUBBALLI,SWR,BELAGAVI,KARNATAKA,9,134,4.55
7451,ANNIGERI,NGR,NSG6,HUBBALLI,SWR,DHARWAD,KARNATAKA,9,134,4.55
7452,BALGANUR,BLR,NSG6,HUBBALLI,SWR,GADAG,KARNATAKA,9,134,4.55
7453,BANNI KOPPA,BNA,NSG6,HUBBALLI,SWR,KOPPAL,KARNATAKA,9,134,4.55
7454,BHANAPUR,BNP,NSG6,HUBBALLI,SWR,KOPPAL,KARNATAKA,9,134,4.55
7455,CANSAULIM,CSM,NSG6,HUBBALLI,SWR,SOUTH GOA,GOA,9,134,4.55
7456,CASTLE ROCK,CLR,NSG6,HUBBALLI,SWR,UTTARA KANNADA,KARNATAKA,9,134,4.55
7457,CHANDAR GOA,CNR,NSG6,HUBBALLI,SWR,SOUTH GOA,GOA,9,134,4.55
7458,CHIKODI ROAD,CKR,NSG6,HUBBALLI,SWR,BELAGAVI,KARNATAKA,9,134,4.55
7459,CHINCHLI,CNC,NSG6,HUBBALLI,SWR,BELAGAVI,KARNATAKA,9,134,4.55
7460,DAROJI,DAJ,NSG6,HUBBALLI,SWR,BALLARI,KARNATAKA,9,134,4.55
7461,DESUR,DUR,NSG6,HUBBALLI,SWR,BELAGAVI,KARNATAKA,9,134,4.55
7462,DEVARAYI,DEV,NSG6,HUBBALLI,SWR,BELAGAVI,KARNATAKA,9,134,4.55
7463,GADIGANURU,GNR,NSG6,HUBBALLI,SWR,BALLARI,KARNATAKA,9,134,4.55
7464,GINIGERA,GIN,NSG6,HUBBALLI,SWR,KOPPAL,KARNATAKA,9,134,4.55
7465,GUDGERI,GDI,NSG6,HUBBALLI,SWR,DHARWAD,KARNATAKA,9,134,4.55
7466,GULEDAGUDDA ROAD,GED,NSG6,HUBBALLI,SWR,BAGALKOTE,KARNATAKA,9,134,4.55
7467,GUNJI,GNJ,NSG6,HUBBALLI,SWR,BELAGAVI,KARNATAKA,9,134,4.55
7468,HAGARIBOMMANAHALLI,HBI,NSG6,HUBBALLI,SWR,BALLARI,KARNATAKA,9,134,4.55
7469,HARLAPUR,RLP,NSG6,HUBBALLI,SWR,GADAG,KARNATAKA,9,134,4.55
7470,HEBSUR,HBS,NSG6,HUBBALLI,SWR,DHARWAD,KARNATAKA,9,134,4.55
7471,HOLE ALUR,HLAR,NSG6,HUBBALLI,SWR,GADAG,KARNATAKA,9,134,4.55
7472,HOMBAL,HBL,NSG6,HUBBALLI,SWR,GADAG,KARNATAKA,9,134,4.55
7473,HULKOTI,LKT,NSG6,HUBBALLI,SWR,GADAG,KARNATAKA,9,134,4.55
7474,JADRAMA KUNTI,JRKT,NSG6,HUBBALLI,SWR,BAGALKOTE,KARNATAKA,9,134,4.55
7475,JUMNAL,JML,NSG6,HUBBALLI,SWR,VIJAYAPURA,KARNATAKA,9,134,4.55
7476,KALEM,KM,NSG6,HUBBALLI,SWR,SOUTH GOA,GOA,9,134,4.55
7477,KAMBARGANVI,KBI,NSG6,HUBBALLI,SWR,DHARWAD,KARNATAKA,9,134,4.55
7478,KANGINHAL,KGX,NSG6,HUBBALLI,SWR,GADAG,KARNATAKA,9,134,4.55
7479,KARAJGI,KJG,NSG6,HUBBALLI,SWR,HAVERI,KARNATAKA,9,134,4.55
7480,KHANAPUR,KNP,NSG6,HUBBALLI,SWR,BELAGAVI,KARNATAKA,9,134,4.55
7481,KOTTURU,KTY,NSG6,HUBBALLI,SWR,BALLARI,KARNATAKA,9,134,4.55
7482,KUDATINI,KDN,NSG6,HUBBALLI,SWR,BALLARI,KARNATAKA,9,134,4.55
7483,KULEM,QLM,NSG6,HUBBALLI,SWR,SOUTH GOA,GOA,9,134,4.55
7484,KUNDGOL,KNO,NSG6,HUBBALLI,SWR,DHARWAD,KARNATAKA,9,134,4.55
7485,KUSUGALL,KUG,NSG6,HUBBALLI,SWR,DHARWAD,KARNATAKA,9,134,4.55
7486,KYARKOP,KRKP,NSG6,HUBBALLI,SWR,DHARWAD,KARNATAKA,9,134,4.55
7487,LACHYAN,LHN,NSG6,HUBBALLI,SWR,VIJAYAPURA,KARNATAKA,9,134,4.55
7488,LAKHMAPUR,LKY,NSG6,HUBBALLI,SWR,BAGALKOTE,KARNATAKA,9,134,4.55
7489,MALLAPUR,MLP,NSG6,HUBBALLI,SWR,GADAG,KARNATAKA,9,134,4.55
7490,MINCHNAL,MNL,NSG6,HUBBALLI,SWR,VIJAYAPURA,KARNATAKA,9,134,4.55
7491,MUGAD,MGD,NSG6,HUBBALLI,SWR,DHARWAD,KARNATAKA,9,134,4.55
7492,MUGALOLLI H,MGL,NSG6,HUBBALLI,SWR,BAGALKOTE,KARNATAKA,9,134,4.55
7493,MULVAD,MVD,NSG6,HUBBALLI,SWR,VIJAYAPURA,KARNATAKA,9,134,4.55
7494,NAVALGUND ROAD,NVD,NSG6,HUBBALLI,SWR,DHARWAD,KARNATAKA,9,134,4.55
7495,NAVALUR,NVU,NSG6,HUBBALLI,SWR,DHARWAD,KARNATAKA,9,134,4.55
7496,NIMBAL,NBL,NSG6,HUBBALLI,SWR,VIJAYAPURA,KARNATAKA,9,134,4.55
7497,OBALAPURAM,OBM,NSG6,HUBBALLI,SWR,ANANTAPUR,ANDHRA PRADESH,9,134,4.55
7498,PACHHAPUR,PCH,NSG6,HUBBALLI,SWR,BELAGAVI,KARNATAKA,9,134,4.55
7499,SAMBRE,SXB,NSG6,HUBBALLI,SWR,BELAGAVI,KARNATAKA,9,134,4.55
7500,SANKAVAL,SKVL,NSG6,HUBBALLI,SWR,SOUTH GOA,GOA,9,134,4.55
7501,SAUNSHI,SNH,NSG6,HUBBALLI,SWR,DHARWAD,KARNATAKA,9,134,4.55
7502,SAVANUR,SVNR,NSG6,HUBBALLI,SWR,HAVERI,KARNATAKA,9,134,4.55
7503,SHEDBAL,SED,NSG6,HUBBALLI,SWR,BELAGAVI,KARNATAKA,9,134,4.55
7504,SISVINHALLI,SVHE,NSG6,HUBBALLI,SWR,DHARWAD,KARNATAKA,9,134,4.55
7505,SOMALAPURAM,SLM,NSG6,HUBBALLI,SWR,ANANTAPUR,ANDHRA PRADESH,9,134,4.55
7506,SOMPUR ROAD,SOQ,NSG6,HUBBALLI,SWR,GADAG,KARNATAKA,9,134,4.55
7507,SULADHAL,SUL,NSG6,HUBBALLI,SWR,BELAGAVI,KARNATAKA,9,134,4.55
7508,SULEBHAVI,SBH,NSG6,HUBBALLI,SWR,BELAGAVI,KARNATAKA,9,134,4.55
7509,TADWAL,TVL,NSG6,HUBBALLI,SWR,SOLAPUR,MAHARASHTRA,9,134,4.55
7510,TAVARGATTI,TVG,NSG6,HUBBALLI,SWR,BELAGAVI,KARNATAKA,9,134,4.55
7511,TINAI GHAT,TGT,NSG6,HUBBALLI,SWR,UTTARA KANNADA,KARNATAKA,9,134,4.55
7512,UNKAL,UNK,NSG6,HUBBALLI,SWR,DHARWAD,KARNATAKA,9,134,4.55
7513,VIJAYANAGAR,VJR,NSG6,HUBBALLI,SWR,SANGLI,MAHARASHTRA,9,134,4.55
7514,VYASA COLONY JN,VC,NSG6,HUBBALLI,SWR,BALLARI,KARNATAKA,9,134,4.55
7515,VYASANKERI,VYS,NSG6,HUBBALLI,SWR,BALLARI,KARNATAKA,9,134,4.55
7516,WANDAL,WDL,NSG6,HUBBALLI,SWR,VIJAYAPURA,KARNATAKA,9,134,4.55
7517,LUKWASA,LWS,HG2,BHOPAL,WCR,SHIVPURI,MADHYA PRADESH,2,88,3.52
7518,RAGHOGARH,RGG,HG2,BHOPAL,WCR,GUNA,MADHYA PRADESH,2,88,3.52
7519,CHAUHANI,CAZ,HG3,BHOPAL,WCR,SHAJAPUR,MADHYA PRADESH,3,88,3.52
7520,KHAIGAON,KHA,HG3,BHOPAL,WCR,EAST NIMAR,MADHYA PRADESH,3,88,3.52
7521,KHAJURI,KAW,HG3,BHOPAL,WCR,SHIVPURI,MADHYA PRADESH,3,88,3.52
7522,KHONKER,KCR,HG3,BHOPAL,WCR,SHIVPURI,MADHYA PRADESH,3,88,3.52
7523,RAISERJAGIR,RSJ,HG3,BHOPAL,WCR,SHIVPURI,MADHYA PRADESH,3,88,3.52
7524,RENHAT,RENH,HG3,BHOPAL,WCR,GWALIOR,MADHYA PRADESH,3,88,3.52
7525,TARAVATA,TRWT,HG3,BHOPAL,WCR,GUNA,MADHYA PRADESH,3,88,3.52
7526,UDYANKHERI,UDK,HG3,BHOPAL,WCR,RAJGARH,MADHYA PRADESH,3,88,3.52
7527,BHOPAL JN.,BPL,NSG2,BHOPAL,WCR,BHOPAL,MADHYA PRADESH,5,88,3.52
7528,RANI KAMALAPATI,RKMP,NSG2,BHOPAL,WCR,BHOPAL,MADHYA PRADESH,5,88,3.52
7529,BINA JN.,BINA,NSG3,BHOPAL,WCR,SAGAR,MADHYA PRADESH,6,88,3.52
7530,ITARSI JN.,ET,NSG3,BHOPAL,WCR,HOSHANGABAD,MADHYA PRADESH,6,88,3.52
7531,GANJ BASODA,BAQ,NSG4,BHOPAL,WCR,VIDISHA,MADHYA PRADESH,7,88,3.52
7532,GUNA,GUNA,NSG4,BHOPAL,WCR,GUNA,MADHYA PRADESH,7,88,3.52
7533,HOSHANGABAD,HBD,NSG4,BHOPAL,WCR,HOSHANGABAD,MADHYA PRADESH,7,88,3.52
7534,SANCHI,SCI,NSG4,BHOPAL,WCR,RAISEN,MADHYA PRADESH,7,88,3.52
7535,SHIVPURI,SVPI,NSG4,BHOPAL,WCR,SHIVPURI,MADHYA PRADESH,7,88,3.52
7536,VIDISHA,BHS,NSG4,BHOPAL,WCR,VIDISHA,MADHYA PRADESH,7,88,3.52
7537,ASHOK NAGAR,ASKN,NSG5,BHOPAL,WCR,ASHOKNAGAR,MADHYA PRADESH,8,88,3.52
7538,BANAPURA,BPF,NSG5,BHOPAL,WCR,HOSHANGABAD,MADHYA PRADESH,8,88,3.52
7539,BIYAVRA RAJGARH,BRRG,NSG5,BHOPAL,WCR,RAJGARH,MADHYA PRADESH,8,88,3.52
7540,CHACHAURA-BINAGANJ,CBK,NSG5,BHOPAL,WCR,RAJGARH,MADHYA PRADESH,8,88,3.52
7541,CHHANERA,CAER,NSG5,BHOPAL,WCR,EAST NIMAR,MADHYA PRADESH,8,88,3.52
7542,HARDA,HD,NSG5,BHOPAL,WCR,HARDA,MADHYA PRADESH,8,88,3.52
7543,KHIRKIYA,KKN,NSG5,BHOPAL,WCR,HARDA,MADHYA PRADESH,8,88,3.52
7544,MANDI BAMORA,MABA,NSG5,BHOPAL,WCR,SAGAR,MADHYA PRADESH,8,88,3.52
7545,MANDI DIP,MDDP,NSG5,BHOPAL,WCR,RAISEN,MADHYA PRADESH,8,88,3.52
7546,MUNGAOLI,MNV,NSG5,BHOPAL,WCR,ASHOKNAGAR,MADHYA PRADESH,8,88,3.52
7547,PACHOR ROAD,PFR,NSG5,BHOPAL,WCR,RAJGARH,MADHYA PRADESH,8,88,3.52
7548,RUTHIYAI,RTA,NSG5,BHOPAL,WCR,GUNA,MADHYA PRADESH,8,88,3.52
7549,S.HIRDARAMNAGAR,SHRN,NSG5,BHOPAL,WCR,BHOPAL,MADHYA PRADESH,8,88,3.52
7550,SHAJAPUR,SFY,NSG5,BHOPAL,WCR,SHAJAPUR,MADHYA PRADESH,8,88,3.52
7551,TIMARNI,TBN,NSG5,BHOPAL,WCR,HARDA,MADHYA PRADESH,8,88,3.52
7552,BADARWAS,BDWS,NSG6,BHOPAL,WCR,SHIVPURI,MADHYA PRADESH,9,88,3.52
7553,BARETH,BET,NSG6,BHOPAL,WCR,VIDISHA,MADHYA PRADESH,9,88,3.52
7554,BARKHERA,BKA,NSG6,BHOPAL,WCR,RAISEN,MADHYA PRADESH,9,88,3.52
7555,BARUD,BRUD,NSG6,BHOPAL,WCR,EAST NIMAR,MADHYA PRADESH,9,88,3.52
7556,BHIRINGI,BRI,NSG6,BHOPAL,WCR,HARDA,MADHYA PRADESH,9,88,3.52
7557,BIR,BIR,NSG6,BHOPAL,WCR,EAST NIMAR,MADHYA PRADESH,9,88,3.52
7558,BUDNI,BNI,NSG6,BHOPAL,WCR,SEHORE,MADHYA PRADESH,9,88,3.52
7559,CHARKHERA,CRK,NSG6,BHOPAL,WCR,HARDA,MADHYA PRADESH,9,88,3.52
7560,CHARKHERA KHURD,CKKD,NSG6,BHOPAL,WCR,EAST NIMAR,MADHYA PRADESH,9,88,3.52
7561,DAGAR KHEDI,DRHI,NSG6,BHOPAL,WCR,EAST NIMAR,MADHYA PRADESH,9,88,3.52
7562,DEWANGANJ,DWG,NSG6,BHOPAL,WCR,RAISEN,MADHYA PRADESH,9,88,3.52
7563,DHARMKUNDI,DKI,NSG6,BHOPAL,WCR,HOSHANGABAD,MADHYA PRADESH,9,88,3.52
7564,DULARIYA,DRA,NSG6,BHOPAL,WCR,HOSHANGABAD,MADHYA PRADESH,9,88,3.52
7565,GHATIGAON,GHAI,NSG6,BHOPAL,WCR,GWALIOR,MADHYA PRADESH,9,88,3.52
7566,GULABGANJ,GLG,NSG6,BHOPAL,WCR,VIDISHA,MADHYA PRADESH,9,88,3.52
7567,GUNERU BAMORI,GVB,NSG6,BHOPAL,WCR,ASHOKNAGAR,MADHYA PRADESH,9,88,3.52
7568,HINOTIA PIPALKHERA,HPKA,NSG6,BHOPAL,WCR,ASHOKNAGAR,MADHYA PRADESH,9,88,3.52
7569,KALHAR,KAH,NSG6,BHOPAL,WCR,VIDISHA,MADHYA PRADESH,9,88,3.52
7570,KANJIYA,KXB,NSG6,BHOPAL,WCR,SAGAR,MADHYA PRADESH,9,88,3.52
7571,KOLARAS,KLRS,NSG6,BHOPAL,WCR,SHIVPURI,MADHYA PRADESH,9,88,3.52
7572,KUMBHRAJ,KHRJ,NSG6,BHOPAL,WCR,GUNA,MADHYA PRADESH,9,88,3.52
7573,KURWAI-KETHORA,KIKA,NSG6,BHOPAL,WCR,VIDISHA,MADHYA PRADESH,9,88,3.52
7574,MABAN,MABN,NSG6,BHOPAL,WCR,GUNA,MADHYA PRADESH,9,88,3.52
7575,MAHADEOKHEDI,MDVK,NSG6,BHOPAL,WCR,SAGAR,MADHYA PRADESH,9,88,3.52
7576,MAHUGARHA,MUGA,NSG6,BHOPAL,WCR,GUNA,MADHYA PRADESH,9,88,3.52
7577,MATHELA,MTA,NSG6,BHOPAL,WCR,EAST NIMAR,MADHYA PRADESH,9,88,3.52
7578,MISROD,MSO,NSG6,BHOPAL,WCR,BHOPAL,MADHYA PRADESH,9,88,3.52
7579,MIYANA,MINA,NSG6,BHOPAL,WCR,GUNA,MADHYA PRADESH,9,88,3.52
7580,MOHANA,MOJ,NSG6,BHOPAL,WCR,GWALIOR,MADHYA PRADESH,9,88,3.52
7581,OBAIDULLA GANJ,ODG,NSG6,BHOPAL,WCR,RAISEN,MADHYA PRADESH,9,88,3.52
7582,ORR,ORR,NSG6,BHOPAL,WCR,ASHOKNAGAR,MADHYA PRADESH,9,88,3.52
7583,PABAI,PAI,NSG6,BHOPAL,WCR,VIDISHA,MADHYA PRADESH,9,88,3.52
7584,PADARKHEDA,PARH,NSG6,BHOPAL,WCR,SHIVPURI,MADHYA PRADESH,9,88,3.52
7585,PAGARA,PGA,NSG6,BHOPAL,WCR,GUNA,MADHYA PRADESH,9,88,3.52
7586,PAGDHAL,PGL,NSG6,BHOPAL,WCR,HOSHANGABAD,MADHYA PRADESH,9,88,3.52
7587,PALASNER,PAL,NSG6,BHOPAL,WCR,HARDA,MADHYA PRADESH,9,88,3.52
7588,PANIHAR,PNHR,NSG6,BHOPAL,WCR,GWALIOR,MADHYA PRADESH,9,88,3.52
7589,PARBANA MAU,PQU,NSG6,BHOPAL,WCR,RAJGARH,MADHYA PRADESH,9,88,3.52
7590,PILIGHAT,PIGT,NSG6,BHOPAL,WCR,ASHOKNAGAR,MADHYA PRADESH,9,88,3.52
7591,PIPRAIGAON,PIA,NSG6,BHOPAL,WCR,ASHOKNAGAR,MADHYA PRADESH,9,88,3.52
7592,POWERKHEDA,PRKD,NSG6,BHOPAL,WCR,HOSHANGABAD,MADHYA PRADESH,9,88,3.52
7593,RAHATWAS,RTWS,NSG6,BHOPAL,WCR,ASHOKNAGAR,MADHYA PRADESH,9,88,3.52
7594,RATIKHEDA,RIKA,NSG6,BHOPAL,WCR,ASHOKNAGAR,MADHYA PRADESH,9,88,3.52
7595,SALAMATPUR,SMT,NSG6,BHOPAL,WCR,RAISEN,MADHYA PRADESH,9,88,3.52
7596,SARANGPUR,SFW,NSG6,BHOPAL,WCR,RAJGARH,MADHYA PRADESH,9,88,3.52
7597,SEMAKHEDI,SRKI,NSG6,BHOPAL,WCR,SAGAR,MADHYA PRADESH,9,88,3.52
7598,SHADHORAGAON,SHDR,NSG6,BHOPAL,WCR,ASHOKNAGAR,MADHYA PRADESH,9,88,3.52
7599,SINDURIA-KACHARI,SFZ,NSG6,BHOPAL,WCR,RAJGARH,MADHYA PRADESH,9,88,3.52
7600,SUKHI SEWANIYAN,SUW,NSG6,BHOPAL,WCR,BHOPAL,MADHYA PRADESH,9,88,3.52
7601,SUMER,SUMR,NSG6,BHOPAL,WCR,VIDISHA,MADHYA PRADESH,9,88,3.52
7602,SURGAON BANJARI,SGBJ,NSG6,BHOPAL,WCR,EAST NIMAR,MADHYA PRADESH,9,88,3.52
7603,TALVADYA,TLV,NSG6,BHOPAL,WCR,EAST NIMAR,MADHYA PRADESH,9,88,3.52
7604,VIJAYPUR,VJP,NSG6,BHOPAL,WCR,GUNA,MADHYA PRADESH,9,88,3.52
7605,DAMAY,DMYA,HG2,JABALPUR,WCR,UMARIA,MADHYA PRADESH,2,111,3.52
7606,MADHAVNAGAR ROAD,MDRR,HG2,JABALPUR,WCR,KATNI,MADHYA PRADESH,2,111,3.52
7607,NEW KATNI JN.,NKJ,HG2,JABALPUR,WCR,KATNI,MADHYA PRADESH,2,111,3.52
7608,SANSARPUR,SNRR,HG2,JABALPUR,WCR,KATNI,MADHYA PRADESH,2,111,3.52
7609,SHANKARPUR BHADAURA,SKBR,HG2,JABALPUR,WCR,SINGRAULI,MADHYA PRADESH,2,111,3.52
7610,BARA,BARA,HG3,JABALPUR,WCR,SHAHDOL,MADHYA PRADESH,3,111,3.52
7611,DANGIDHAR,DGD,HG3,JABALPUR,WCR,SAGAR,MADHYA PRADESH,3,111,3.52
7612,GHUNWARA,GNWA,HG3,JABALPUR,WCR,SATNA,MADHYA PRADESH,3,111,3.52
7613,HATI,HATI,HG3,JABALPUR,WCR,SATNA,MADHYA PRADESH,3,111,3.52
7614,JUNHETA,JHT,HG3,JABALPUR,WCR,HOSHANGABAD,MADHYA PRADESH,3,111,3.52
7615,KANCHANPUR ROAD,KNC,HG3,JABALPUR,WCR,SIDHI,MADHYA PRADESH,3,111,3.52
7616,LAKHAKERA,LEK,HG3,JABALPUR,WCR,KATNI,MADHYA PRADESH,3,111,3.52
7617,JABALPUR,JBP,NSG2,JABALPUR,WCR,JABALPUR,MADHYA PRADESH,5,111,3.52
7618,KATNI JN,KTE,NSG3,JABALPUR,WCR,KATNI,MADHYA PRADESH,6,111,3.52
7619,MAIHAR,MYR,NSG3,JABALPUR,WCR,SATNA,MADHYA PRADESH,6,111,3.52
7620,REWA,REWA,NSG3,JABALPUR,WCR,REWA,MADHYA PRADESH,6,111,3.52
7621,SATNA,STA,NSG3,JABALPUR,WCR,SATNA,MADHYA PRADESH,6,111,3.52
7622,SAUGOR,SGO,NSG3,JABALPUR,WCR,SAGAR,MADHYA PRADESH,6,111,3.52
7623,DAMOH,DMO,NSG4,JABALPUR,WCR,DAMOH,MADHYA PRADESH,7,111,3.52
7624,KATNI MURWARA,KMZ,NSG4,JABALPUR,WCR,KATNI,MADHYA PRADESH,7,111,3.52
7625,NARSINGHPUR,NU,NSG4,JABALPUR,WCR,NARSINGHPUR,MADHYA PRADESH,7,111,3.52
7626,PIPARIYA,PPI,NSG4,JABALPUR,WCR,HOSHANGABAD,MADHYA PRADESH,7,111,3.52
7627,BANDAKPUR,BNU,NSG5,JABALPUR,WCR,DAMOH,MADHYA PRADESH,8,111,3.52
7628,BANKHEDI,BKH,NSG5,JABALPUR,WCR,HOSHANGABAD,MADHYA PRADESH,8,111,3.52
7629,BARGAWAN,BRGW,NSG5,JABALPUR,WCR,SINGRAULI,MADHYA PRADESH,8,111,3.52
7630,BEOHARI,BEHR,NSG5,JABALPUR,WCR,SHAHDOL,MADHYA PRADESH,8,111,3.52
7631,BINA MALKHEDI,MAKR,NSG5,JABALPUR,WCR,SAGAR,MADHYA PRADESH,8,111,3.52
7632,GADARWARA,GAR,NSG5,JABALPUR,WCR,NARSINGHPUR,MADHYA PRADESH,8,111,3.52
7633,JAITWAR,JTW,NSG5,JABALPUR,WCR,SATNA,MADHYA PRADESH,8,111,3.52
7634,KARELI,KY,NSG5,JABALPUR,WCR,NARSINGHPUR,MADHYA PRADESH,8,111,3.52
7635,KATNI SOUTH,KTES,NSG5,JABALPUR,WCR,KATNI,MADHYA PRADESH,8,111,3.52
7636,KHURAI,KYE,NSG5,JABALPUR,WCR,SAGAR,MADHYA PRADESH,8,111,3.52
7637,MADAN MAHAL,MML,NSG5,JABALPUR,WCR,JABALPUR,MADHYA PRADESH,8,111,3.52
7638,MAKRONIA,MKRN,NSG5,JABALPUR,WCR,SAGAR,MADHYA PRADESH,8,111,3.52
7639,PATHARIA,PHA,NSG5,JABALPUR,WCR,DAMOH,MADHYA PRADESH,8,111,3.52
7640,SARAIGRAM,SGAM,NSG5,JABALPUR,WCR,SINGRAULI,MADHYA PRADESH,8,111,3.52
7641,SHRIDHAM,SRID,NSG5,JABALPUR,WCR,NARSINGHPUR,MADHYA PRADESH,8,111,3.52
7642,SIHORA ROAD,SHR,NSG5,JABALPUR,WCR,JABALPUR,MADHYA PRADESH,8,111,3.52
7643,SOHAGPUR,SGP,NSG5,JABALPUR,WCR,HOSHANGABAD,MADHYA PRADESH,8,111,3.52
7644,ADHARTAL,ADTL,NSG6,JABALPUR,WCR,JABALPUR,MADHYA PRADESH,9,111,3.52
7645,AMDARA,UDR,NSG6,JABALPUR,WCR,SATNA,MADHYA PRADESH,9,111,3.52
7646,ASLANA,ANA,NSG6,JABALPUR,WCR,DAMOH,MADHYA PRADESH,9,111,3.52
7647,BAGAHAI ROAD,BGHI,NSG6,JABALPUR,WCR,SATNA,MADHYA PRADESH,9,111,3.52
7648,BAGHORA,BJQ,NSG6,JABALPUR,WCR,SAGAR,MADHYA PRADESH,9,111,3.52
7649,BAGRA TAWA,BGTA,NSG6,JABALPUR,WCR,HOSHANGABAD,MADHYA PRADESH,9,111,3.52
7650,BAKHLETA,BQQ,NSG6,JABALPUR,WCR,KATNI,MADHYA PRADESH,9,111,3.52
7651,BANSAPAHAR,BNSP,NSG6,JABALPUR,WCR,CHITRAKOOT,UTTAR PRADESH,9,111,3.52
7652,BELKHERA,BELD,NSG6,JABALPUR,WCR,NARSINGHPUR,MADHYA PRADESH,9,111,3.52
7653,BHADANPUR,BUU,NSG6,JABALPUR,WCR,SATNA,MADHYA PRADESH,9,111,3.52
7654,BHARSENDI,BSDL,NSG6,JABALPUR,WCR,SINGRAULI,MADHYA PRADESH,9,111,3.52
7655,BHERAGHAT,BRGT,NSG6,JABALPUR,WCR,JABALPUR,MADHYA PRADESH,9,111,3.52
7656,BHITONI,BHTN,NSG6,JABALPUR,WCR,JABALPUR,MADHYA PRADESH,9,111,3.52
7657,BIJAYSOTA,VST,NSG6,JABALPUR,WCR,SHAHDOL,MADHYA PRADESH,9,111,3.52
7658,BIKRAMPUR,BMR,NSG6,JABALPUR,WCR,NARSINGHPUR,MADHYA PRADESH,9,111,3.52
7659,BOHANI,BNE,NSG6,JABALPUR,WCR,NARSINGHPUR,MADHYA PRADESH,9,111,3.52
7660,CHATENI,CTJ,NSG6,JABALPUR,WCR,SHAHDOL,MADHYA PRADESH,9,111,3.52
7661,CHITAHRA,CTHR,NSG6,JABALPUR,WCR,SATNA,MADHYA PRADESH,9,111,3.52
7662,DEORAGRAM,DRGM,NSG6,JABALPUR,WCR,SINGRAULI,MADHYA PRADESH,9,111,3.52
7663,DEORI,DOE,NSG6,JABALPUR,WCR,JABALPUR,MADHYA PRADESH,9,111,3.52
7664,DUBRI KALAN,BARD,NSG6,JABALPUR,WCR,SIDHI,MADHYA PRADESH,9,111,3.52
7665,DUNDI,DDCE,NSG6,JABALPUR,WCR,JABALPUR,MADHYA PRADESH,9,111,3.52
7666,GAJARA BAHARA,GAJB,NSG6,JABALPUR,WCR,SINGRAULI,MADHYA PRADESH,9,111,3.52
7667,GANESHGANJ,GAJ,NSG6,JABALPUR,WCR,SAGAR,MADHYA PRADESH,9,111,3.52
7668,GHAT PINDRAI,GPC,NSG6,JABALPUR,WCR,NARSINGHPUR,MADHYA PRADESH,9,111,3.52
7669,GHATERA,GEA,NSG6,JABALPUR,WCR,DAMOH,MADHYA PRADESH,9,111,3.52
7670,GIRWAR,GW,NSG6,JABALPUR,WCR,SAGAR,MADHYA PRADESH,9,111,3.52
7671,GOLAPATTI,GTY,NSG6,JABALPUR,WCR,DAMOH,MADHYA PRADESH,9,111,3.52
7672,GOSALPUR,GSPR,NSG6,JABALPUR,WCR,JABALPUR,MADHYA PRADESH,9,111,3.52
7673,GURAMKHEDI,GMD,NSG6,JABALPUR,WCR,HOSHANGABAD,MADHYA PRADESH,9,111,3.52
7674,GURRA,GRO,NSG6,JABALPUR,WCR,HOSHANGABAD,MADHYA PRADESH,9,111,3.52
7675,HARDUA,HDU,NSG6,JABALPUR,WCR,KATNI,MADHYA PRADESH,9,111,3.52
7676,HINAUTA RAMBAN,HNM,NSG6,JABALPUR,WCR,SATNA,MADHYA PRADESH,9,111,3.52
7677,ISARWARA,ISH,NSG6,JABALPUR,WCR,SAGAR,MADHYA PRADESH,9,111,3.52
7678,JERUWA KHERA,JRK,NSG6,JABALPUR,WCR,SAGAR,MADHYA PRADESH,9,111,3.52
7679,JOBA,JOBA,NSG6,JABALPUR,WCR,SIDHI,MADHYA PRADESH,9,111,3.52
7680,JUKEHI,JKE,NSG6,JABALPUR,WCR,SATNA,MADHYA PRADESH,9,111,3.52
7681,KAIMA,KMA,NSG6,JABALPUR,WCR,SATNA,MADHYA PRADESH,9,111,3.52
7682,KARAK-BEL,KKB,NSG6,JABALPUR,WCR,NARSINGHPUR,MADHYA PRADESH,9,111,3.52
7683,KARHIYA-BHADELI,KYX,NSG6,JABALPUR,WCR,DAMOH,MADHYA PRADESH,9,111,3.52
7684,KATANGI KHURD,KTKD,NSG6,JABALPUR,WCR,KATNI,MADHYA PRADESH,9,111,3.52
7685,KHANNA BANJARI,KHBJ,NSG6,JABALPUR,WCR,KATNI,MADHYA PRADESH,9,111,3.52
7686,KHUTAHA,KTHA,NSG6,JABALPUR,WCR,SATNA,MADHYA PRADESH,9,111,3.52
7687,LAGARGAWAN,LGCE,NSG6,JABALPUR,WCR,SATNA,MADHYA PRADESH,9,111,3.52
7688,LIDHORA KHURD,LDA,NSG6,JABALPUR,WCR,SAGAR,MADHYA PRADESH,9,111,3.52
7689,MAHROI,MFQ,NSG6,JABALPUR,WCR,UMARIA,MADHYA PRADESH,9,111,3.52
7690,MAJHAULI,MZHL,NSG6,JABALPUR,WCR,SINGRAULI,MADHYA PRADESH,9,111,3.52
7691,MAJHGAWAN,MJG,NSG6,JABALPUR,WCR,SATNA,MADHYA PRADESH,9,111,3.52
7692,MAJHGAWANPHATAK,MJGP,NSG6,JABALPUR,WCR,KATNI,MADHYA PRADESH,9,111,3.52
7693,MARKUNDI,MKD,NSG6,JABALPUR,WCR,CHITRAKOOT,UTTAR PRADESH,9,111,3.52
7694,MARWASGRAM,MWJ,NSG6,JABALPUR,WCR,SIDHI,MADHYA PRADESH,9,111,3.52
7695,NARIAOLI,NOI,NSG6,JABALPUR,WCR,SAGAR,MADHYA PRADESH,9,111,3.52
7696,NIWAR,NWR,NSG6,JABALPUR,WCR,KATNI,MADHYA PRADESH,9,111,3.52
7697,NIWAS ROAD,NWB,NSG6,JABALPUR,WCR,SINGRAULI,MADHYA PRADESH,9,111,3.52
7698,PAKARIA ROAD,PKRD,NSG6,JABALPUR,WCR,SATNA,MADHYA PRADESH,9,111,3.52
7699,PATOHAN,PTHD,NSG6,JABALPUR,WCR,KATNI,MADHYA PRADESH,9,111,3.52
7700,PATWARA,PTWA,NSG6,JABALPUR,WCR,KATNI,MADHYA PRADESH,9,111,3.52
7701,PIPARIYA KALAN,PWK,NSG6,JABALPUR,WCR,KATNI,MADHYA PRADESH,9,111,3.52
7702,RITHI,REI,NSG6,JABALPUR,WCR,KATNI,MADHYA PRADESH,9,111,3.52
7703,SAGMA,SAGM,NSG6,JABALPUR,WCR,SATNA,MADHYA PRADESH,9,111,3.52
7704,SAGONI,SAO,NSG6,JABALPUR,WCR,DAMOH,MADHYA PRADESH,9,111,3.52
7705,SAKARIYA,SKAR,NSG6,JABALPUR,WCR,SATNA,MADHYA PRADESH,9,111,3.52
7706,SALAIA,SYA,NSG6,JABALPUR,WCR,DAMOH,MADHYA PRADESH,9,111,3.52
7707,SALHANA,SLHA,NSG6,JABALPUR,WCR,KATNI,MADHYA PRADESH,9,111,3.52
7708,SALICHAUKA ROAD,SCKR,NSG6,JABALPUR,WCR,HOSHANGABAD,MADHYA PRADESH,9,111,3.52
7709,SLEEMANABAD RAOD,SBD,NSG6,JABALPUR,WCR,KATNI,MADHYA PRADESH,9,111,3.52
7710,SONTALAI,SQL,NSG6,JABALPUR,WCR,HOSHANGABAD,MADHYA PRADESH,9,111,3.52
7711,SUMRERI,SMRR,NSG6,JABALPUR,WCR,SAGAR,MADHYA PRADESH,9,111,3.52
7712,SURASARAIGHAT-JHARA,SSGJ,NSG6,JABALPUR,WCR,SINGRAULI,MADHYA PRADESH,9,111,3.52
7713,TIKARIA,TKYR,NSG6,JABALPUR,WCR,CHITRAKOOT,UTTAR PRADESH,9,111,3.52
7714,TURKI ROAD,TZR,NSG6,JABALPUR,WCR,SATNA,MADHYA PRADESH,9,111,3.52
7715,UNCHHERA,UHR,NSG6,JABALPUR,WCR,SATNA,MADHYA PRADESH,9,111,3.52
7716,DHINDHORA-HUKMIKHEDA,DNHK,HG2,KOTA,WCR,KARAULI,RAJASTHAN,2,98,3.52
7717,CHANDRESAL,CDSL,HG3,KOTA,WCR,KOTA,RAJASTHAN,3,98,3.52
7718,CHURAMAN NAGRI,CRG,HG3,KOTA,WCR,MATHURA,UTTAR PRADESH,3,98,3.52
7719,JAICHOLI,JCU,HG3,KOTA,WCR,BHARATPUR,RAJASTHAN,3,98,3.52
7720,RANIKUND RARAH,RKR,HG3,KOTA,WCR,BHARATPUR,RAJASTHAN,3,98,3.52
7721,SALABAD,SABD,HG3,KOTA,WCR,BHARATPUR,RAJASTHAN,3,98,3.52
7722,SIKRODA MINA,SKDM,HG3,KOTA,WCR,KARAULI,RAJASTHAN,3,98,3.52
7723,KOTA JN.,KOTA,NSG2,KOTA,WCR,KOTA,RAJASTHAN,5,98,3.52
7724,BHARATPUR,BTE,NSG3,KOTA,WCR,BHARATPUR,RAJASTHAN,6,98,3.52
7725,SAWAI MADHOPUR JN.,SWM,NSG3,KOTA,WCR,SAWAI MADHOPUR,RAJASTHAN,6,98,3.52
7726,BUNDI,BUDI,NSG4,KOTA,WCR,BUNDI,RAJASTHAN,7,98,3.52
7727,DAKANIYA TALAV,DKNT,NSG4,KOTA,WCR,KOTA,RAJASTHAN,7,98,3.52
7728,GANGAPUR CITY,GGC,NSG4,KOTA,WCR,SAWAI MADHOPUR,RAJASTHAN,7,98,3.52
7729,HINDAUN CITY,HAN,NSG4,KOTA,WCR,KARAULI,RAJASTHAN,7,98,3.52
7730,RAMGANJ MANDI,RMA,NSG4,KOTA,WCR,KOTA,RAJASTHAN,7,98,3.52
7731,BARAN,BAZ,NSG5,KOTA,WCR,BARAN,RAJASTHAN,8,98,3.52
7732,BAYANA JN.,BXN,NSG5,KOTA,WCR,BHARATPUR,RAJASTHAN,8,98,3.52
7733,BHAWANI MANDI,BWM,NSG5,KOTA,WCR,JHALAWAR,RAJASTHAN,8,98,3.52
7734,CHAUMAHLA,CMU,NSG5,KOTA,WCR,JHALAWAR,RAJASTHAN,8,98,3.52
7735,CHHABRA GUGOR,CAG,NSG5,KOTA,WCR,BARAN,RAJASTHAN,8,98,3.52
7736,INDRAGARH SUMERGANJ,IDG,NSG5,KOTA,WCR,BUNDI,RAJASTHAN,8,98,3.52
7737,JHALAWAR CITY,JLWC,NSG5,KOTA,WCR,JHALAWAR,RAJASTHAN,8,98,3.52
7738,LAKHERI,LKE,NSG5,KOTA,WCR,BUNDI,RAJASTHAN,8,98,3.52
7739,SHAMGARH,SGZ,NSG5,KOTA,WCR,MANDSAUR,MADHYA PRADESH,8,98,3.52
7740,SHRI MAHAVEERJI,SMBJ,NSG5,KOTA,WCR,KARAULI,RAJASTHAN,8,98,3.52
7741,SHRI-MAHAVEERJI,SMVJ,NSG5,KOTA,WCR,KARAULI,RAJASTHAN,8,98,3.52
7742,SUWASRA,SVA,NSG5,KOTA,WCR,MANDSAUR,MADHYA PRADESH,8,98,3.52
7743,VIKRAMGARH ALOT,VMA,NSG5,KOTA,WCR,UJJAIN,MADHYA PRADESH,8,98,3.52
7744,ALNIYA,ALNI,NSG6,KOTA,WCR,KOTA,RAJASTHAN,9,98,3.52
7745,AMLI,AMLI,NSG6,KOTA,WCR,TONK,RAJASTHAN,9,98,3.52
7746,ANTAH,ATH,NSG6,KOTA,WCR,BARAN,RAJASTHAN,9,98,3.52
7747,ARNETHA,ARE,NSG6,KOTA,WCR,BUNDI,RAJASTHAN,9,98,3.52
7748,ATRU,ATRU,NSG6,KOTA,WCR,BARAN,RAJASTHAN,9,98,3.52
7749,BARUNDANI,BNDI,NSG6,KOTA,WCR,BHILWARA,RAJASTHAN,9,98,3.52
7750,BASSI BERISAL,BSSL,NSG6,KOTA,WCR,CHITTORGARH,RAJASTHAN,9,98,3.52
7751,BHONRA,BON,NSG6,KOTA,WCR,KOTA,RAJASTHAN,9,98,3.52
7752,BHULON,BLO,NSG6,KOTA,WCR,BARAN,RAJASTHAN,9,98,3.52
7753,BIJORA,BJK,NSG6,KOTA,WCR,BARAN,RAJASTHAN,9,98,3.52
7754,CHAURAKHERI,CRKR,NSG6,KOTA,WCR,GUNA,MADHYA PRADESH,9,98,3.52
7755,CHHAJAWA,CJW,NSG6,KOTA,WCR,BARAN,RAJASTHAN,9,98,3.52
7756,CHHOTI ODAI,COO,NSG6,KOTA,WCR,SAWAI MADHOPUR,RAJASTHAN,9,98,3.52
7757,DADHDEVI,DDV,NSG6,KOTA,WCR,KOTA,RAJASTHAN,9,98,3.52
7758,DARA,DARA,NSG6,KOTA,WCR,KOTA,RAJASTHAN,9,98,3.52
7759,DHARNAODA,DHR,NSG6,KOTA,WCR,GUNA,MADHYA PRADESH,9,98,3.52
7760,DHAURMUI JAGHINA,DUM,NSG6,KOTA,WCR,BHARATPUR,RAJASTHAN,9,98,3.52
7761,DHUANKHERI,DKRA,NSG6,KOTA,WCR,MANDSAUR,MADHYA PRADESH,9,98,3.52
7762,DIGOD,DXD,NSG6,KOTA,WCR,KOTA,RAJASTHAN,9,98,3.52
7763,DUMARIYA,DY,NSG6,KOTA,WCR,BHARATPUR,RAJASTHAN,9,98,3.52
7764,FATEH SINGHPURA,FSP,NSG6,KOTA,WCR,KARAULI,RAJASTHAN,9,98,3.52
7765,GAROT,GOH,NSG6,KOTA,WCR,MANDSAUR,MADHYA PRADESH,9,98,3.52
7766,GHATA-KA-VARANA,GKB,NSG6,KOTA,WCR,BUNDI,RAJASTHAN,9,98,3.52
7767,GURLA,GQL,NSG6,KOTA,WCR,KOTA,RAJASTHAN,9,98,3.52
7768,JAJAN PATTI,JJA,NSG6,KOTA,WCR,MATHURA,UTTAR PRADESH,9,98,3.52
7769,JALINDRI,JNRI,NSG6,KOTA,WCR,BHILWARA,RAJASTHAN,9,98,3.52
7770,JHALAWAR ROAD,JHW,NSG6,KOTA,WCR,JHALAWAR,RAJASTHAN,9,98,3.52
7771,JHALRAPATAN,JAPN,NSG6,KOTA,WCR,JHALAWAR,RAJASTHAN,9,98,3.52
7772,JULMI,JLF,NSG6,KOTA,WCR,KOTA,RAJASTHAN,9,98,3.52
7773,JUNAKHERA,JAKA,NSG6,KOTA,WCR,JHALAWAR,RAJASTHAN,9,98,3.52
7774,KANWALPURA,KIW,NSG6,KOTA,WCR,KOTA,RAJASTHAN,9,98,3.52
7775,KAPREN,KPZ,NSG6,KOTA,WCR,BUNDI,RAJASTHAN,9,98,3.52
7776,KELA DEVI,KEV,NSG6,KOTA,WCR,BHARATPUR,RAJASTHAN,9,98,3.52
7777,KESHOLI,KOLI,NSG6,KOTA,WCR,BARAN,RAJASTHAN,9,98,3.52
7778,KESHORAI. PATAN,KPTN,NSG6,KOTA,WCR,BUNDI,RAJASTHAN,9,98,3.52
7779,KHANDIP,KNDP,NSG6,KOTA,WCR,SAWAI MADHOPUR,RAJASTHAN,9,98,3.52
7780,KURLASI,KRLS,NSG6,KOTA,WCR,MANDSAUR,MADHYA PRADESH,9,98,3.52
7781,KUSHTALA,KTA,NSG6,KOTA,WCR,SAWAI MADHOPUR,RAJASTHAN,9,98,3.52
7782,LABAN,LBN,NSG6,KOTA,WCR,BUNDI,RAJASTHAN,9,98,3.52
7783,LALPUR UMRI,LRU,NSG6,KOTA,WCR,SAWAI MADHOPUR,RAJASTHAN,9,98,3.52
7784,LUNI RICHHA,LNR,NSG6,KOTA,WCR,RATLAM,MADHYA PRADESH,9,98,3.52
7785,MAHIDPUR ROAD,MEP,NSG6,KOTA,WCR,UJJAIN,MADHYA PRADESH,9,98,3.52
7786,MALARNA,MLZ,NSG6,KOTA,WCR,SAWAI MADHOPUR,RAJASTHAN,9,98,3.52
7787,MANDALGARH,MLGH,NSG6,KOTA,WCR,BHILWARA,RAJASTHAN,9,98,3.52
7788,MOKHOLI,MXL,NSG6,KOTA,WCR,SAWAI MADHOPUR,RAJASTHAN,9,98,3.52
7789,MORAK,MKX,NSG6,KOTA,WCR,KOTA,RAJASTHAN,9,98,3.52
7790,MOTIPURA CHAUKI,MTPC,NSG6,KOTA,WCR,BARAN,RAJASTHAN,9,98,3.52
7791,MURHESI RAMPUR,MSRP,NSG6,KOTA,WCR,MATHURA,UTTAR PRADESH,9,98,3.52
7792,NARAYANPUR TATWARA,NNW,NSG6,KOTA,WCR,SAWAI MADHOPUR,RAJASTHAN,9,98,3.52
7793,NATHUKHERI,NKH,NSG6,KOTA,WCR,MANDSAUR,MADHYA PRADESH,9,98,3.52
7794,NIMODA,NMD,NSG6,KOTA,WCR,KARAULI,RAJASTHAN,9,98,3.52
7795,PARSOLI,PSLI,NSG6,KOTA,WCR,CHITTORGARH,RAJASTHAN,9,98,3.52
7796,PILODA,PDZ,NSG6,KOTA,WCR,SAWAI MADHOPUR,RAJASTHAN,9,98,3.52
7797,PINGORA,PNGR,NSG6,KOTA,WCR,BHARATPUR,RAJASTHAN,9,98,3.52
7798,PIPALDA ROAD,POR,NSG6,KOTA,WCR,BARAN,RAJASTHAN,9,98,3.52
7799,RANTHAMBHOR,RNT,NSG6,KOTA,WCR,SAWAI MADHOPUR,RAJASTHAN,9,98,3.52
7800,RAVTHA ROAD,RDT,NSG6,KOTA,WCR,KOTA,RAJASTHAN,9,98,3.52
7801,RAWANJNA DUNGAR,RWJ,NSG6,KOTA,WCR,SAWAI MADHOPUR,RAJASTHAN,9,98,3.52
7802,ROHAL KHURD,RLK,NSG6,KOTA,WCR,UJJAIN,MADHYA PRADESH,9,98,3.52
7803,SALPURA,SYL,NSG6,KOTA,WCR,BARAN,RAJASTHAN,9,98,3.52
7804,SEWAR,SWAR,NSG6,KOTA,WCR,BHARATPUR,RAJASTHAN,9,98,3.52
7805,SHRI KALYANPURA,SKPA,NSG6,KOTA,WCR,KOTA,RAJASTHAN,9,98,3.52
7806,SHYAMPURA,SMPA,NSG6,KOTA,WCR,BHILWARA,RAJASTHAN,9,98,3.52
7807,SOGARIA,SGAC,NSG6,KOTA,WCR,KOTA,RAJASTHAN,9,98,3.52
7808,SRINAGAR,SNAR,NSG6,KOTA,WCR,BUNDI,RAJASTHAN,9,98,3.52
7809,SUNDLAK,SDLK,NSG6,KOTA,WCR,BARAN,RAJASTHAN,9,98,3.52
7810,TALAVLI,TLZ,NSG6,KOTA,WCR,JHALAWAR,RAJASTHAN,9,98,3.52
7811,THALERA,THEA,NSG6,KOTA,WCR,BUNDI,RAJASTHAN,9,98,3.52
7812,THURIA,THUR,NSG6,KOTA,WCR,UJJAIN,MADHYA PRADESH,9,98,3.52
7813,UPARMAL,URML,NSG6,KOTA,WCR,BHILWARA,RAJASTHAN,9,98,3.52
7814,BHATARIYA,BTYA,HG3,AHMEDABAD,WR,MAHESANA,GUJARAT,3,117,7.86
7815,BHATSAR,BATS,HG3,AHMEDABAD,WR,PATAN,GUJARAT,3,117,7.86
7816,DETHLI,DHLI,HG3,AHMEDABAD,WR,MAHESANA,GUJARAT,3,117,7.86
7817,DHANPURA,DNPR,HG3,AHMEDABAD,WR,MAHESANA,GUJARAT,3,117,7.86
7818,GHUMASAN,GUS,HG3,AHMEDABAD,WR,MAHESANA,GUJARAT,3,117,7.86
7819,GUNJA,GUJ,HG3,AHMEDABAD,WR,MAHESANA,GUJARAT,3,117,7.86
7820,HAPA ROAD,HPRD,HG3,AHMEDABAD,WR,SABAR KANTHA,GUJARAT,3,117,7.86
7821,JADAR,JADR,HG3,AHMEDABAD,WR,SABAR KANTHA,GUJARAT,3,117,7.86
7822,JALIYA MATH,JLM,HG3,AHMEDABAD,WR,GANDHINAGAR,GUJARAT,3,117,7.86
7823,KHARI AMARPURA,KIA,HG3,AHMEDABAD,WR,SABAR KANTHA,GUJARAT,3,117,7.86
7824,KHERALU,KRU,HG3,AHMEDABAD,WR,MAHESANA,GUJARAT,3,117,7.86
7825,KHEROL,KOY,HG3,AHMEDABAD,WR,SABAR KANTHA,GUJARAT,3,117,7.86
7826,MAHADEVPURA,MHDP,HG3,AHMEDABAD,WR,SABAR KANTHA,GUJARAT,3,117,7.86
7827,MEDRA,MDRA,HG3,AHMEDABAD,WR,GANDHINAGAR,GUJARAT,3,117,7.86
7828,PANCHOT,PHC,HG3,AHMEDABAD,WR,MAHESANA,GUJARAT,3,117,7.86
7829,PUDGAM GANESHPURA,PDGP,HG3,AHMEDABAD,WR,MAHESANA,GUJARAT,3,117,7.86
7830,RANDALA,RLD,HG3,AHMEDABAD,WR,MAHESANA,GUJARAT,3,117,7.86
7831,SAHIJPUR,SAHP,HG3,AHMEDABAD,WR,AHMADABAD,GUJARAT,3,117,7.86
7832,SANKHARI,SNHR,HG3,AHMEDABAD,WR,PATAN,GUJARAT,3,117,7.86
7833,SELAVI,SHLV,HG3,AHMEDABAD,WR,PATAN,GUJARAT,3,117,7.86
7834,VADALI,VAE,HG3,AHMEDABAD,WR,SABAR KANTHA,GUJARAT,3,117,7.86
7835,VARETHA,VTDI,HG3,AHMEDABAD,WR,MAHESANA,GUJARAT,3,117,7.86
7836,VENPURA,VNP,HG3,AHMEDABAD,WR,MAHESANA,GUJARAT,3,117,7.86
7837,VIROCHANNAGAR,VCN,HG3,AHMEDABAD,WR,AHMADABAD,GUJARAT,3,117,7.86
7838,AHMEDABAD JN.,ADI,NSG1,AHMEDABAD,WR,AHMADABAD,GUJARAT,4,117,7.86
7839,BHUJ,BHUJ,NSG3,AHMEDABAD,WR,KACHCHH,GUJARAT,6,117,7.86
7840,GANDHIDHAM JN.,GIMB,NSG3,AHMEDABAD,WR,KACHCHH,GUJARAT,6,117,7.86
7841,PALANPUR JN.,PNU,NSG3,AHMEDABAD,WR,BANAS KANTHA,GUJARAT,6,117,7.86
7842,MAHESANA JN.,MSH,NSG4,AHMEDABAD,WR,MAHESANA,GUJARAT,7,117,7.86
7843,MANINAGAR,MAN,NSG4,AHMEDABAD,WR,AHMADABAD,GUJARAT,7,117,7.86
7844,PATAN,PTN,NSG4,AHMEDABAD,WR,PATAN,GUJARAT,7,117,7.86
7845,SAMAKHIALI JN.,SIOB,NSG4,AHMEDABAD,WR,KACHCHH,GUJARAT,7,117,7.86
7846,SIDDHAPUR,SID,NSG4,AHMEDABAD,WR,PATAN,GUJARAT,7,117,7.86
7847,UNJHA,UJA,NSG4,AHMEDABAD,WR,MAHESANA,GUJARAT,7,117,7.86
7848,VIRAMGAM JN.,VG,NSG4,AHMEDABAD,WR,AHMADABAD,GUJARAT,7,117,7.86
7849,ADIPUR,AI,NSG5,AHMEDABAD,WR,KACHCHH,GUJARAT,8,117,7.86
7850,ANJAR,AJE,NSG5,AHMEDABAD,WR,KACHCHH,GUJARAT,8,117,7.86
7851,BHACHAU,BCOB,NSG5,AHMEDABAD,WR,KACHCHH,GUJARAT,8,117,7.86
7852,CHANDLODIYA,CLDY,NSG5,AHMEDABAD,WR,AHMADABAD,GUJARAT,8,117,7.86
7853,DHRANGANDHRA,DHG,NSG5,AHMEDABAD,WR,SURENDRANAGAR,GUJARAT,8,117,7.86
7854,GANDHINAGAR CAPITAL,GNC,NSG5,AHMEDABAD,WR,GANDHINAGAR,GUJARAT,8,117,7.86
7855,KALOL,KLL,NSG5,AHMEDABAD,WR,GANDHINAGAR,GUJARAT,8,117,7.86
7856,SABARMATI BG,SBT,NSG5,AHMEDABAD,WR,AHMADABAD,GUJARAT,8,117,7.86
7857,SABARMATI MG,SBI,NSG5,AHMEDABAD,WR,AHMADABAD,GUJARAT,8,117,7.86
7858,ADESAR,AAR,NSG6,AHMEDABAD,WR,KACHCHH,GUJARAT,9,117,7.86
7859,ADRAJ MOTI,AJM,NSG6,AHMEDABAD,WR,GANDHINAGAR,GUJARAT,9,117,7.86
7860,AMBLI ROAD,ABD,NSG6,AHMEDABAD,WR,AHMADABAD,GUJARAT,9,117,7.86
7861,AMBLIYASAN,UMN,NSG6,AHMEDABAD,WR,MAHESANA,GUJARAT,9,117,7.86
7862,ASARVA JN.,ASV,NSG6,AHMEDABAD,WR,AHMADABAD,GUJARAT,9,117,7.86
7863,BHABHAR,BAH,NSG6,AHMEDABAD,WR,BANAS KANTHA,GUJARAT,9,117,7.86
7864,BHANDU-MOTIDAU,BHU,NSG6,AHMEDABAD,WR,MAHESANA,GUJARAT,9,117,7.86
7865,BHANKODA,BKD,NSG6,AHMEDABAD,WR,AHMADABAD,GUJARAT,9,117,7.86
7866,BHILDI JN.,BLDI,NSG6,AHMEDABAD,WR,BANAS KANTHA,GUJARAT,9,117,7.86
7867,BHIMASAR,BMSR,NSG6,AHMEDABAD,WR,KACHCHH,GUJARAT,9,117,7.86
7868,BHOYANI,BHAN,NSG6,AHMEDABAD,WR,MAHESANA,GUJARAT,9,117,7.86
7869,BHUTAKIYA BHIMASAR,BUBR,NSG6,AHMEDABAD,WR,KACHCHH,GUJARAT,9,117,7.86
7870,CHANDISAR,CDS,NSG6,AHMEDABAD,WR,BANAS KANTHA,GUJARAT,9,117,7.86
7871,CHANDKHEDA ROAD,CDK,NSG6,AHMEDABAD,WR,AHMADABAD,GUJARAT,9,117,7.86
7872,CHHANSARA,CASA,NSG6,AHMEDABAD,WR,PATAN,GUJARAT,9,117,7.86
7873,CHHAPI,CHP,NSG6,AHMEDABAD,WR,BANAS KANTHA,GUJARAT,9,117,7.86
7874,CHHARODI,CE,NSG6,AHMEDABAD,WR,AHMADABAD,GUJARAT,9,117,7.86
7875,CHIRAI,CHIB,NSG6,AHMEDABAD,WR,KACHCHH,GUJARAT,9,117,7.86
7876,CHITROD,COE,NSG6,AHMEDABAD,WR,KACHCHH,GUJARAT,9,117,7.86
7877,DABHODA,DBO,NSG6,AHMEDABAD,WR,GANDHINAGAR,GUJARAT,9,117,7.86
7878,DANGARWA,DNW,NSG6,AHMEDABAD,WR,MAHESANA,GUJARAT,9,117,7.86
7879,DEVGAM,DVGM,NSG6,AHMEDABAD,WR,BANAS KANTHA,GUJARAT,9,117,7.86
7880,DHANAKWADA,DKW,NSG6,AHMEDABAD,WR,BANAS KANTHA,GUJARAT,9,117,7.86
7881,DHAREWADA,DRW,NSG6,AHMEDABAD,WR,BANAS KANTHA,GUJARAT,9,117,7.86
7882,DHINOJ,DHJ,NSG6,AHMEDABAD,WR,PATAN,GUJARAT,9,117,7.86
7883,DISA,DISA,NSG6,AHMEDABAD,WR,BANAS KANTHA,GUJARAT,9,117,7.86
7884,DIYODAR,DEOR,NSG6,AHMEDABAD,WR,BANAS KANTHA,GUJARAT,9,117,7.86
7885,GARMADI,GM,NSG6,AHMEDABAD,WR,PATAN,GUJARAT,9,117,7.86
7886,HALVAD,HVD,NSG6,AHMEDABAD,WR,MORBI,GUJARAT,9,117,7.86
7887,HIMMATNAGAR,HMT,NSG6,AHMEDABAD,WR,SABAR KANTHA,GUJARAT,9,117,7.86
7888,IDAR,IDAR,NSG6,AHMEDABAD,WR,SABAR KANTHA,GUJARAT,9,117,7.86
7889,JAGUDAN,JDN,NSG6,AHMEDABAD,WR,MAHESANA,GUJARAT,9,117,7.86
7890,JAKHVADA,JKA,NSG6,AHMEDABAD,WR,AHMADABAD,GUJARAT,9,117,7.86
7891,JAKSI,JKS,NSG6,AHMEDABAD,WR,AHMADABAD,GUJARAT,9,117,7.86
7892,JASALI,JSI,NSG6,AHMEDABAD,WR,BANAS KANTHA,GUJARAT,9,117,7.86
7893,JHULASAN,JUL,NSG6,AHMEDABAD,WR,MAHESANA,GUJARAT,9,117,7.86
7894,JOTANA,JTN,NSG6,AHMEDABAD,WR,MAHESANA,GUJARAT,9,117,7.86
7895,KADI,KADI,NSG6,AHMEDABAD,WR,MAHESANA,GUJARAT,9,117,7.86
7896,KAMLI,KMLI,NSG6,AHMEDABAD,WR,MAHESANA,GUJARAT,9,117,7.86
7897,KATOSAN- ROAD,KTRD,NSG6,AHMEDABAD,WR,AHMADABAD,GUJARAT,9,117,7.86
7898,KHODIYAR,KHD,NSG6,AHMEDABAD,WR,AHMADABAD,GUJARAT,9,117,7.86
7899,KIDIYANAGAR,KYG,NSG6,AHMEDABAD,WR,KACHCHH,GUJARAT,9,117,7.86
7900,KUKMA,KEMA,NSG6,AHMEDABAD,WR,KACHCHH,GUJARAT,9,117,7.86
7901,LAKADIYA,LKZ,NSG6,AHMEDABAD,WR,KACHCHH,GUJARAT,9,117,7.86
7902,LAKHAPAT,LAA,NSG6,AHMEDABAD,WR,KACHCHH,GUJARAT,9,117,7.86
7903,LINCH,LCH,NSG6,AHMEDABAD,WR,MAHESANA,GUJARAT,9,117,7.86
7904,LORWADA,LW,NSG6,AHMEDABAD,WR,BANAS KANTHA,GUJARAT,9,117,7.86
7905,MALIYA MIYANA JN,MALB,NSG6,AHMEDABAD,WR,MORBI,GUJARAT,9,117,7.86
7906,MITHA,MITA,NSG6,AHMEDABAD,WR,BANAS KANTHA,GUJARAT,9,117,7.86
7907,NANDOL DAHEGAM,NHM,NSG6,AHMEDABAD,WR,GANDHINAGAR,GUJARAT,9,117,7.86
7908,NARODA,NRD,NSG6,AHMEDABAD,WR,AHMADABAD,GUJARAT,9,117,7.86
7909,PADAMPUR,PDF,NSG6,AHMEDABAD,WR,KACHCHH,GUJARAT,9,117,7.86
7910,PIPLEE,PLE,NSG6,AHMEDABAD,WR,PATAN,GUJARAT,9,117,7.86
7911,PIPRALA,PFL,NSG6,AHMEDABAD,WR,PATAN,GUJARAT,9,117,7.86
7912,PRANTIJ,PRJ,NSG6,AHMEDABAD,WR,SABAR KANTHA,GUJARAT,9,117,7.86
7913,RADHANPUR,RDHP,NSG6,AHMEDABAD,WR,PATAN,GUJARAT,9,117,7.86
7914,RAKHIYAL,RKH,NSG6,AHMEDABAD,WR,GANDHINAGAR,GUJARAT,9,117,7.86
7915,RANUJ (JN),RUJ,NSG6,AHMEDABAD,WR,PATAN,GUJARAT,9,117,7.86
7916,RATNAL,RUT,NSG6,AHMEDABAD,WR,KACHCHH,GUJARAT,9,117,7.86
7917,SANAND,SAU,NSG6,AHMEDABAD,WR,AHMADABAD,GUJARAT,9,117,7.86
7918,SANTALPUR,SNLR,NSG6,AHMEDABAD,WR,PATAN,GUJARAT,9,117,7.86
7919,SARDARGRAM,SDGM,NSG6,AHMEDABAD,WR,AHMADABAD,GUJARAT,9,117,7.86
7920,SHIVALAKHA,SIA,NSG6,AHMEDABAD,WR,KACHCHH,GUJARAT,9,117,7.86
7921,SONASAN.,SNSN,NSG6,AHMEDABAD,WR,SABAR KANTHA,GUJARAT,9,117,7.86
7922,TALOD,TOD,NSG6,AHMEDABAD,WR,SABAR KANTHA,GUJARAT,9,117,7.86
7923,UMARDESHI,UM,NSG6,AHMEDABAD,WR,BANAS KANTHA,GUJARAT,9,117,7.86
7924,VADNAGAR,VDG,NSG6,AHMEDABAD,WR,MAHESANA,GUJARAT,9,117,7.86
7925,VAGHPURA,VU,NSG6,AHMEDABAD,WR,PATAN,GUJARAT,9,117,7.86
7926,VARAHI,VRX,NSG6,AHMEDABAD,WR,PATAN,GUJARAT,9,117,7.86
7927,VATVA,VTA,NSG6,AHMEDABAD,WR,AHMADABAD,GUJARAT,9,117,7.86
7928,VIJAPUR,VJF,NSG6,AHMEDABAD,WR,MAHESANA,GUJARAT,9,117,7.86
7929,VISNAGAR,VNG,NSG6,AHMEDABAD,WR,MAHESANA,GUJARAT,9,117,7.86
7930,VONDH,VONB,NSG6,AHMEDABAD,WR,KACHCHH,GUJARAT,9,117,7.86
7931,BETAWAD,BEW,HG2,MUMBAI CENTRAL,WR,DHULE,MAHARASHTRA,2,113,7.86
7932,ANAVAL,ANW,HG3,MUMBAI CENTRAL,WR,SURAT,GUJARAT,3,113,7.86
7933,ANCHELI,ACL,HG3,MUMBAI CENTRAL,WR,NAVSARI,GUJARAT,3,113,7.86
7934,BAGUMRA,BGMR,HG3,MUMBAI CENTRAL,WR,SURAT,GUJARAT,3,113,7.86
7935,BAGWADA,BAGD,HG3,MUMBAI CENTRAL,WR,VALSAD,MAHARASHTRA,3,113,7.86
7936,BHONE,BHNE,HG3,MUMBAI CENTRAL,WR,JALGAON,MAHARASHTRA,3,113,7.86
7937,BORDI ROAD,BRRD,HG3,MUMBAI CENTRAL,WR,PALGHAR,MAHARASHTRA,3,113,7.86
7938,CHIKHLI ROAD,CIO,HG3,MUMBAI CENTRAL,WR,NAVSARI,GUJARAT,3,113,7.86
7939,DHOLIKUVA,DOLK,HG3,MUMBAI CENTRAL,WR,NAVSARI,GUJARAT,3,113,7.86
7940,DOSVADA,DSD,HG3,MUMBAI CENTRAL,WR,TAPI,GUJARAT,3,113,7.86
7941,DUNGARDA,DNGD,HG3,MUMBAI CENTRAL,WR,TAPI,GUJARAT,3,113,7.86
7942,GANDEVI,GNV,HG3,MUMBAI CENTRAL,WR,NAVSARI,GUJARAT,3,113,7.86
7943,GANDHISMRITI,GNST,HG3,MUMBAI CENTRAL,WR,NAVSARI,GUJARAT,3,113,7.86
7944,HOL,HOL,HG3,MUMBAI CENTRAL,WR,DHULE,MAHARASHTRA,3,113,7.86
7945,JORA-VASAN,JRS,HG3,MUMBAI CENTRAL,WR,VALSAD,GUJARAT,3,113,7.86
7946,KALA-AMBA,KMB,HG3,MUMBAI CENTRAL,WR,NAVSARI,GUJARAT,3,113,7.86
7947,KEVDI ROAD,KVO,HG3,MUMBAI CENTRAL,WR,SURAT,GUJARAT,3,113,7.86
7948,MANGROLIA,MGRL,HG3,MUMBAI CENTRAL,WR,SURAT,GUJARAT,3,113,7.86
7949,RANKUVA,RW,HG3,MUMBAI CENTRAL,WR,NAVSARI,GUJARAT,3,113,7.86
7950,SONSHELU,SNSL,HG3,MUMBAI CENTRAL,WR,DHULE,MAHARASHTRA,3,113,7.86
7951,MUMBAI CENTRAL,MMCT,NSG1,MUMBAI CENTRAL,WR,MUMBAI,MAHARASHTRA,4,113,7.86
7952,SURAT,ST,NSG1,MUMBAI CENTRAL,WR,SURAT,GUJARAT,4,113,7.86
7953,BANDRA TERMINUS,BDTS,NSG2,MUMBAI CENTRAL,WR,MUMBAI,MAHARASHTRA,5,113,7.86
7954,NAVSARI,NVS,NSG2,MUMBAI CENTRAL,WR,NAVSARI,GUJARAT,5,113,7.86
7955,BILLIMORA JN.,BIM,NSG3,MUMBAI CENTRAL,WR,NAVSARI,GUJARAT,6,113,7.86
7956,UDHNA JN.,UDN,NSG3,MUMBAI CENTRAL,WR,SURAT,GUJARAT,6,113,7.86
7957,VALSAD,BL,NSG3,MUMBAI CENTRAL,WR,VALSAD,GUJARAT,6,113,7.86
7958,VAPI,VAPI,NSG3,MUMBAI CENTRAL,WR,VALSAD,GUJARAT,6,113,7.86
7959,DONDAICHA,DDE,NSG4,MUMBAI CENTRAL,WR,DHULE,MAHARASHTRA,7,113,7.86
7960,UDVADA,UVD,NSG4,MUMBAI CENTRAL,WR,VALSAD,GUJARAT,7,113,7.86
7961,UMBERGAON ROAD,UBR,NSG4,MUMBAI CENTRAL,WR,VALSAD,GUJARAT,7,113,7.86
7962,AMALNER,AN,NSG5,MUMBAI CENTRAL,WR,JALGAON,MAHARASHTRA,8,113,7.86
7963,AMALSAD,AML,NSG5,MUMBAI CENTRAL,WR,NAVSARI,GUJARAT,8,113,7.86
7964,BHILAD,BLD,NSG5,MUMBAI CENTRAL,WR,VALSAD,GUJARAT,8,113,7.86
7965,CHALTHAN,CHM,NSG5,MUMBAI CENTRAL,WR,SURAT,GUJARAT,8,113,7.86
7966,DHARANGAON,DXG,NSG5,MUMBAI CENTRAL,WR,JALGAON,MAHARASHTRA,8,113,7.86
7967,MAROLI,MRL,NSG5,MUMBAI CENTRAL,WR,NAVSARI,GUJARAT,8,113,7.86
7968,NANDURBAR,NDB,NSG5,MUMBAI CENTRAL,WR,NANDURBAR,MAHARASHTRA,8,113,7.86
7969,SACHIN,SCH,NSG5,MUMBAI CENTRAL,WR,SURAT,GUJARAT,8,113,7.86
7970,SANJAN,SJN,NSG5,MUMBAI CENTRAL,WR,VALSAD,GUJARAT,8,113,7.86
7971,VYARA,VYA,NSG5,MUMBAI CENTRAL,WR,TAPI,GUJARAT,8,113,7.86
7972,ATUL,ATUL,NSG6,MUMBAI CENTRAL,WR,VALSAD,GUJARAT,9,113,7.86
7973,BARDOLI,BIY,NSG6,MUMBAI CENTRAL,WR,SURAT,GUJARAT,9,113,7.86
7974,BHADBHUNJA,BBAI,NSG6,MUMBAI CENTRAL,WR,TAPI,GUJARAT,9,113,7.86
7975,BHADWAD,BAWD,NSG6,MUMBAI CENTRAL,WR,NANDURBAR,MAHARASHTRA,9,113,7.86
7976,BHESTAN,BHET,NSG6,MUMBAI CENTRAL,WR,SURAT,GUJARAT,9,113,7.86
7977,BHORTEX,BRTK,NSG6,MUMBAI CENTRAL,WR,JALGAON,MAHARASHTRA,9,113,7.86
7978,CHAUPALE,CUE,NSG6,MUMBAI CENTRAL,WR,NANDURBAR,MAHARASHTRA,9,113,7.86
7979,CHAVALKHEDE,CHLK,NSG6,MUMBAI CENTRAL,WR,JALGAON,MAHARASHTRA,9,113,7.86
7980,CHINCHPADA,CPD,NSG6,MUMBAI CENTRAL,WR,NANDURBAR,MAHARASHTRA,9,113,7.86
7981,DHEKVAD,DWD,NSG6,MUMBAI CENTRAL,WR,NANDURBAR,MAHARASHTRA,9,113,7.86
7982,DUNGRI,DGI,NSG6,MUMBAI CENTRAL,WR,VALSAD,GUJARAT,9,113,7.86
7983,GANGADHRA,GGAR,NSG6,MUMBAI CENTRAL,WR,SURAT,GUJARAT,9,113,7.86
7984,GHOLWAD,GVD,NSG6,MUMBAI CENTRAL,WR,PALGHAR,MAHARASHTRA,9,113,7.86
7985,KAHER,KRAI,NSG6,MUMBAI CENTRAL,WR,TAPI,GUJARAT,9,113,7.86
7986,KARAMBELI,KEB,NSG6,MUMBAI CENTRAL,WR,VALSAD,GUJARAT,9,113,7.86
7987,KHANDBARA,KBH,NSG6,MUMBAI CENTRAL,WR,NANDURBAR,MAHARASHTRA,9,113,7.86
7988,KHATGAON,KHTG,NSG6,MUMBAI CENTRAL,WR,NANDURBAR,MAHARASHTRA,9,113,7.86
7989,KIKAKUI ROAD,KKRD,NSG6,MUMBAI CENTRAL,WR,TAPI,GUJARAT,9,113,7.86
7990,KOLDE,KFF,NSG6,MUMBAI CENTRAL,WR,NANDURBAR,MAHARASHTRA,9,113,7.86
7991,LAKKADKOT,LKKD,NSG6,MUMBAI CENTRAL,WR,TAPI,GUJARAT,9,113,7.86
7992,MADHI,MID,NSG6,MUMBAI CENTRAL,WR,SURAT,GUJARAT,9,113,7.86
7993,NARDANA,NDN,NSG6,MUMBAI CENTRAL,WR,DHULE,MAHARASHTRA,9,113,7.86
7994,NAVAPUR,NWU,NSG6,MUMBAI CENTRAL,WR,NANDURBAR,MAHARASHTRA/GUJARAT,9,113,7.86
7995,PADSE,PDP,NSG6,MUMBAI CENTRAL,WR,JALGAON,MAHARASHTRA,9,113,7.86
7996,PALDHI,PLD,NSG6,MUMBAI CENTRAL,WR,JALGAON,MAHARASHTRA,9,113,7.86
7997,PARDI,PAD,NSG6,MUMBAI CENTRAL,WR,VALSAD,GUJARAT,9,113,7.86
7998,RANALA,RNL,NSG6,MUMBAI CENTRAL,WR,NANDURBAR,MAHARASHTRA,9,113,7.86
7999,SINDKHEDA,SNK,NSG6,MUMBAI CENTRAL,WR,DHULE,MAHARASHTRA,9,113,7.86
8000,TAKARKHEDA,TKHE,NSG6,MUMBAI CENTRAL,WR,JALGAON,MAHARASHTRA,9,113,7.86
8001,TIMBARVA,TBV,NSG6,MUMBAI CENTRAL,WR,SURAT,GUJARAT,9,113,7.86
8002,TISI,TISI,NSG6,MUMBAI CENTRAL,WR,NANDURBAR,MAHARASHTRA,9,113,7.86
8003,UKAI SONGADH,USD,NSG6,MUMBAI CENTRAL,WR,TAPI,GUJARAT,9,113,7.86
8004,UNAI AND VANSDA ROAD,UNI,NSG6,MUMBAI CENTRAL,WR,NAVSARI,GUJARAT,9,113,7.86
8005,VEDCHHA,VDH,NSG6,MUMBAI CENTRAL,WR,VALSAD,GUJARAT,9,113,7.86
8006,VIKHRAN ROAD,VKH,NSG6,MUMBAI CENTRAL,WR,DHULE,MAHARASHTRA,9,113,7.86
8007,WAGHAI,WGI,NSG6,MUMBAI CENTRAL,WR,NAVSARI,GUJARAT,9,113,7.86
8008,ANDHERI,ADH,SG1,MUMBAI CENTRAL,WR,MUMBAI,MAHARASHTRA,10,113,7.86
8009,BANDRA,BA,SG1,MUMBAI CENTRAL,WR,MUMBAI,MAHARASHTRA,10,113,7.86
8010,BHAYANDER,BYR,SG1,MUMBAI CENTRAL,WR,MUMBAI,MAHARASHTRA,10,113,7.86
8011,BOISAR,BOR,SG1,MUMBAI CENTRAL,WR,PALGHAR,MAHARASHTRA,10,113,7.86
8012,BORIVALI,BVI,SG1,MUMBAI CENTRAL,WR,MUMBAI,MAHARASHTRA,10,113,7.86
8013,CHURCHGATE,CCG,SG1,MUMBAI CENTRAL,WR,MUMBAI,MAHARASHTRA,10,113,7.86
8014,DADAR,DDR,SG1,MUMBAI CENTRAL,WR,MUMBAI,MAHARASHTRA,10,113,7.86
8015,DAHISAR,DIC,SG1,MUMBAI CENTRAL,WR,MUMBAI,MAHARASHTRA,10,113,7.86
8016,GOREGAON,GMN,SG1,MUMBAI CENTRAL,WR,MUMBAI,MAHARASHTRA,10,113,7.86
8017,JOGESHWARI,JOS,SG1,MUMBAI CENTRAL,WR,MUMBAI,MAHARASHTRA,10,113,7.86
8018,KANDIVALI,KILE,SG1,MUMBAI CENTRAL,WR,MUMBAI,MAHARASHTRA,10,113,7.86
8019,KHAR ROAD,KHAR,SG1,MUMBAI CENTRAL,WR,MUMBAI,MAHARASHTRA,10,113,7.86
8020,MAHIM JN.,MM,SG1,MUMBAI CENTRAL,WR,MUMBAI,MAHARASHTRA,10,113,7.86
8021,MALAD,MDD,SG1,MUMBAI CENTRAL,WR,MUMBAI,MAHARASHTRA,10,113,7.86
8022,MIRA ROAD,MIRA,SG1,MUMBAI CENTRAL,WR,MUMBAI,MAHARASHTRA,10,113,7.86
8023,NALLASOPARA,NSP,SG1,MUMBAI CENTRAL,WR,PALGHAR,MAHARASHTRA,10,113,7.86
8024,SANTACRUZ,STC,SG1,MUMBAI CENTRAL,WR,MUMBAI,MAHARASHTRA,10,113,7.86
8025,VASAI ROAD,BSR,SG1,MUMBAI CENTRAL,WR,PALGHAR,MAHARASHTRA,10,113,7.86
8026,VILLE PARLE,VLP,SG1,MUMBAI CENTRAL,WR,MUMBAI,MAHARASHTRA,10,113,7.86
8027,VIRAR,VR,SG1,MUMBAI CENTRAL,WR,PALGHAR,MAHARASHTRA,10,113,7.86
8028,CHARNI ROAD,CYR,SG2,MUMBAI CENTRAL,WR,MUMBAI,MAHARASHTRA,11,113,7.86
8029,GRANT ROAD,GTR,SG2,MUMBAI CENTRAL,WR,MUMBAI,MAHARASHTRA,11,113,7.86
8030,LOWER PAREL,PL,SG2,MUMBAI CENTRAL,WR,MUMBAI,MAHARASHTRA,11,113,7.86
8031,MAHALAXMI,MX,SG2,MUMBAI CENTRAL,WR,MUMBAI,MAHARASHTRA,11,113,7.86
8032,MARINE LINES,MEL,SG2,MUMBAI CENTRAL,WR,MUMBAI,MAHARASHTRA,11,113,7.86
8033,MATUNGA ROAD,MRU,SG2,MUMBAI CENTRAL,WR,MUMBAI,MAHARASHTRA,11,113,7.86
8034,NAIGAON,NIG,SG2,MUMBAI CENTRAL,WR,PALGHAR,MAHARASHTRA,11,113,7.86
8035,PALGHAR,PLG,SG2,MUMBAI CENTRAL,WR,PALGHAR,MAHARASHTRA,11,113,7.86
8036,PRABHADEVI,PBHD,SG2,MUMBAI CENTRAL,WR,MUMBAI,MAHARASHTRA,11,113,7.86
8037,DAHANU ROAD,DRD,SG3,MUMBAI CENTRAL,WR,PALGHAR,MAHARASHTRA,12,113,7.86
8038,KELVE ROAD,KLV,SG3,MUMBAI CENTRAL,WR,PALGHAR,MAHARASHTRA,12,113,7.86
8039,RAM MANDIR,RMAR,SG3,MUMBAI CENTRAL,WR,MUMBAI,MAHARASHTRA,12,113,7.86
8040,SAPHALE,SAH,SG3,MUMBAI CENTRAL,WR,PALGHAR,MAHARASHTRA,12,113,7.86
8041,UMROLI,UOI,SG3,MUMBAI CENTRAL,WR,PALGHAR,MAHARASHTRA,12,113,7.86
8042,VAITARNA,VTN,SG3,MUMBAI CENTRAL,WR,PALGHAR,MAHARASHTRA,12,113,7.86
8043,VANGAON,VGN,SG3,MUMBAI CENTRAL,WR,PALGHAR,MAHARASHTRA,12,113,7.86
8044,NAR TOWN,NTN,HG1,VADODARA,WR,ANAND,GUJARAT,1,120,7.86
8045,AGAS,AGAS,HG2,VADODARA,WR,ANAND,GUJARAT,2,120,7.86
8046,JABUGAM,JBU,HG2,VADODARA,WR,VADODARA,GUJARAT,2,120,7.86
8047,KARAMSAD,KRYR,HG2,VADODARA,WR,ANAND,GUJARAT,2,120,7.86
8048,PANDORI,PNDR,HG2,VADODARA,WR,AMRELI,GUJARAT,2,120,7.86
8049,SANKHEDA BAHADURPUR,SAK,HG2,VADODARA,WR,VADODARA,GUJARAT,2,120,7.86
8050,SAYAMA,SAY,HG2,VADODARA,WR,ANAND,GUJARAT,2,120,7.86
8051,TARAPUR JN.,TRP,HG2,VADODARA,WR,ANAND,GUJARAT,2,120,7.86
8052,TEJGADH,TJH,HG2,VADODARA,WR,CHHOTAUDEPUR,GUJARAT,2,120,7.86
8053,YAWARPURA,YVP,HG2,VADODARA,WR,ANAND,GUJARAT,2,120,7.86
8054,ALINDRA ROAD,AIR,HG3,VADODARA,WR,VADODARA,GUJARAT,3,120,7.86
8055,AMALPUR,AMLP,HG3,VADODARA,WR,VADODARA,GUJARAT,3,120,7.86
8056,ANKLAV,ALV,HG3,VADODARA,WR,ANAND,GUJARAT,3,120,7.86
8057,BACHAR,BCHR,HG3,VADODARA,WR,VADODARA,GUJARAT,3,120,7.86
8058,BARIPUR MANDALA,BRPM,HG3,VADODARA,WR,VADODARA,GUJARAT,3,120,7.86
8059,BAYAD,BAYD,HG3,VADODARA,WR,AHMADABAD,GUJARAT,3,120,7.86
8060,BHANER MINAWADA ROAD,BMVR,HG3,VADODARA,WR,KHEDA,GUJARAT,3,120,7.86
8061,BHARTHALI,BRTL,HG3,VADODARA,WR,VADODARA,GUJARAT,3,120,7.86
8062,BHATIEL,BHAL,HG3,VADODARA,WR,ANAND,GUJARAT,3,120,7.86
8063,BHETASI,BETI,HG3,VADODARA,WR,ANAND,GUJARAT,3,120,7.86
8064,BHILAPUR,BILP,HG3,VADODARA,WR,VADODARA,GUJARAT,3,120,7.86
8065,BORSAD,BO,HG3,VADODARA,WR,ANAND,GUJARAT,3,120,7.86
8066,CHANDOD,CDD,HG3,VADODARA,WR,VADODARA,GUJARAT,3,120,7.86
8067,DAVOL,DOW,HG3,VADODARA,WR,ANAND,GUJARAT,3,120,7.86
8068,DHANSURA,DNUA,HG3,VADODARA,WR,ARVALLI,GUJARAT,3,120,7.86
8069,JOJWA,JJW,HG3,VADODARA,WR,VADODARA,GUJARAT,3,120,7.86
8070,KALITALAWADI,KLWD,HG3,VADODARA,WR,ANAND,GUJARAT,3,120,7.86
8071,KAPADVANJ,KVNJ,HG3,VADODARA,WR,KHEDA,GUJARAT,3,120,7.86
8072,KASHIPURA,KSUA,HG3,VADODARA,WR,ANAND,GUJARAT,3,120,7.86
8073,KATHLAL,KTAL,HG3,VADODARA,WR,KHEDA,GUJARAT,3,120,7.86
8074,KELANPUR,KEP,HG3,VADODARA,WR,VADODARA,GUJARAT,3,120,7.86
8075,KUDSAD,KDSD,HG3,VADODARA,WR,SURAT,GUJARAT,3,120,7.86
8076,LOTANA,LAN,HG3,VADODARA,WR,VADODARA,GUJARAT,3,120,7.86
8077,MAHUDHA,MHUA,HG3,VADODARA,WR,KHEDA,GUJARAT,3,120,7.86
8078,MALSAR,MLSR,HG3,VADODARA,WR,VADODARA,GUJARAT,3,120,7.86
8079,MODASA,MDSA,HG3,VADODARA,WR,ARVALLI,GUJARAT,3,120,7.86
8080,MOTI KORAL,MKRL,HG3,VADODARA,WR,VADODARA,GUJARAT,3,120,7.86
8081,NADA,NADA,HG3,VADODARA,WR,BHARUCH,GUJARAT,3,120,7.86
8082,NARESHWAR ROAD,NRUR,HG3,VADODARA,WR,VADODARA,GUJARAT,3,120,7.86
8083,PARIKHA,PRKA,HG3,VADODARA,WR,VADODARA,GUJARAT,3,120,7.86
8084,PUNIYAVANT,PQT,HG3,VADODARA,WR,CHHOTAUDEPUR,GUJARAT,3,120,7.86
8085,SANIYAD,SNAD,HG3,VADODARA,WR,VADODARA,GUJARAT,3,120,7.86
8086,SINOR,SINR,HG3,VADODARA,WR,VADODARA,GUJARAT,3,120,7.86
8087,SUSKAL,SSKL,HG3,VADODARA,WR,VADODARA,GUJARAT,3,120,7.86
8088,THUWAVI,TWV,HG3,VADODARA,WR,AHMADABAD,GUJARAT,3,120,7.86
8089,VADAJ,VRJ,HG3,VADODARA,WR,VADODARA,GUJARAT,3,120,7.86
8090,VADALI LUTER ROAD,VLTR,HG3,VADODARA,WR,KHEDA,GUJARAT,3,120,7.86
8091,VADHVANA,VAN,HG3,VADODARA,WR,VADODARA,GUJARAT,3,120,7.86
8092,VIRSAD,VRS,HG3,VADODARA,WR,ANAND,GUJARAT,3,120,7.86
8093,VADODARA JN.,BRC,NSG2,VADODARA,WR,VADODARA,GUJARAT,5,120,7.86
8094,ANAND JN.,ANND,NSG3,VADODARA,WR,ANAND,GUJARAT,6,120,7.86
8095,ANKLESHWAR JN.,AKV,NSG3,VADODARA,WR,BHARUCH,GUJARAT,6,120,7.86
8096,BHARUCH JN.,BH,NSG3,VADODARA,WR,BHARUCH,GUJARAT,6,120,7.86
8097,NADIAD JN.,ND,NSG3,VADODARA,WR,KHEDA,GUJARAT,6,120,7.86
8098,KIM,KIM,NSG4,VADODARA,WR,SURAT,GUJARAT,7,120,7.86
8099,KOSAMBA JN.,KSB,NSG4,VADODARA,WR,SURAT,GUJARAT,7,120,7.86
8100,MAHEMADAVAD KHEDA RO,MHD,NSG4,VADODARA,WR,KHEDA,GUJARAT,7,120,7.86
8101,MIYAGAM KARJAN JN.,MYG,NSG4,VADODARA,WR,VADODARA,GUJARAT,7,120,7.86
8102,DEROL,DRL,NSG5,VADODARA,WR,PANCH MAHALS,GUJARAT,8,120,7.86
8103,GODHRA JN.,GDA,NSG5,VADODARA,WR,PANCH MAHALS,GUJARAT,8,120,7.86
8104,KHAMBHAT,CBY,NSG5,VADODARA,WR,ANAND,GUJARAT,8,120,7.86
8105,PALEJ,PLJ,NSG5,VADODARA,WR,BHARUCH,GUJARAT,8,120,7.86
8106,PETLAD JN.,PTD,NSG5,VADODARA,WR,ANAND,GUJARAT,8,120,7.86
8107,VISHVAMITRI JN,VS,NSG5,VADODARA,WR,VADODARA,GUJARAT,8,120,7.86
8108,ADAS ROAD,ADD,NSG6,VADODARA,WR,ANAND,GUJARAT,9,120,7.86
8109,ANGADI,AGCI,NSG6,VADODARA,WR,KHEDA,GUJARAT,9,120,7.86
8110,BAJVA,BJW,NSG6,VADODARA,WR,VADODARA,GUJARAT,9,120,7.86
8111,BAKROL,BKRL,NSG6,VADODARA,WR,PANCH MAHALS,GUJARAT,9,120,7.86
8112,BAREJADI (NANDEJ),BJD,NSG6,VADODARA,WR,AHMADABAD,GUJARAT,9,120,7.86
8113,BHALEJ,BAJ,NSG6,VADODARA,WR,ANAND,GUJARAT,9,120,7.86
8114,BHATPUR,BTPR,NSG6,VADODARA,WR,UNKNOWN,GUJARAT,9,120,7.86
8115,BOCHASAN JN.,BCHN,NSG6,VADODARA,WR,ANAND,GUJARAT,9,120,7.86
8116,BODELI,BDE,NSG6,VADODARA,WR,VADODARA,GUJARAT,9,120,7.86
8117,CHAMPANER ROAD JN.,CPN,NSG6,VADODARA,WR,VADODARA,GUJARAT,9,120,7.86
8118,CHAVAJ,CVJ,NSG6,VADODARA,WR,BHARUCH,GUJARAT,9,120,7.86
8119,CHHAYAPURI,CYI,NSG6,VADODARA,WR,VADODARA,GUJARAT,9,120,7.86
8120,CHHOTA UDEPUR,CTD,NSG6,VADODARA,WR,CHHOTAUDEPUR,GUJARAT,9,120,7.86
8121,CHHUCHHAPURA JN.,CCP,NSG6,VADODARA,WR,VADODARA,GUJARAT,9,120,7.86
8122,CHORANDA JN.,CRND,NSG6,VADODARA,WR,VADODARA,GUJARAT,9,120,7.86
8123,DABHOI JN.,DB,NSG6,VADODARA,WR,VADODARA,GUJARAT,9,120,7.86
8124,DAHEJ,DGFJ,NSG6,VADODARA,WR,BHARUCH,GUJARAT,9,120,7.86
8125,DAKOR,DK,NSG6,VADODARA,WR,KHEDA,GUJARAT,9,120,7.86
8126,GERATPUR,GER,NSG6,VADODARA,WR,AHMADABAD,GUJARAT,9,120,7.86
8127,GOTHAJ,GTE,NSG6,VADODARA,WR,KHEDA,GUJARAT,9,120,7.86
8128,GOTHANGAM,GTX,NSG6,VADODARA,WR,SURAT,GUJARAT,9,120,7.86
8129,HATHURAN,HAT,NSG6,VADODARA,WR,SURAT,GUJARAT,9,120,7.86
8130,ITOLA,ITA,NSG6,VADODARA,WR,VADODARA,GUJARAT,9,120,7.86
8131,KANIJ,KANJ,NSG6,VADODARA,WR,KHEDA,GUJARAT,9,120,7.86
8132,KANJARI BORIYAVI,KBRV,NSG6,VADODARA,WR,KHEDA,GUJARAT,9,120,7.86
8133,KASHIPURA SARAR,KSPR,NSG6,VADODARA,WR,VADODARA,GUJARAT,9,120,7.86
8134,KATHANA,KTNA,NSG6,VADODARA,WR,ANAND,GUJARAT,9,120,7.86
8135,KHARSALIYA,KRSA,NSG6,VADODARA,WR,PANCH MAHALS,GUJARAT,9,120,7.86
8136,KOSAD,KSE,NSG6,VADODARA,WR,SURAT,GUJARAT,9,120,7.86
8137,LAKODRA,LKD,NSG6,VADODARA,WR,VADODARA,GUJARAT,9,120,7.86
8138,MAKARPURA,MPR,NSG6,VADODARA,WR,VADODARA,GUJARAT,9,120,7.86
8139,NABIPUR,NIU,NSG6,VADODARA,WR,BHARUCH,GUJARAT,9,120,7.86
8140,NANDESARI,NDR,NSG6,VADODARA,WR,VADODARA,GUJARAT,9,120,7.86
8141,NENPUR,NEP,NSG6,VADODARA,WR,KHEDA,GUJARAT,9,120,7.86
8142,ODE,ODE,NSG6,VADODARA,WR,ANAND,GUJARAT,9,120,7.86
8143,PANOLI,PAO,NSG6,VADODARA,WR,BHARUCH,GUJARAT,9,120,7.86
8144,PAVI,PAVI,NSG6,VADODARA,WR,VADODARA,GUJARAT,9,120,7.86
8145,PILOL,PIO,NSG6,VADODARA,WR,VADODARA,GUJARAT,9,120,7.86
8146,PRATAP NAGAR,PRTN,NSG6,VADODARA,WR,VADODARA,GUJARAT,9,120,7.86
8147,RANOLI,RNO,NSG6,VADODARA,WR,VADODARA,GUJARAT,9,120,7.86
8148,SADANAPURA,SNA,NSG6,VADODARA,WR,ANAND,GUJARAT,9,120,7.86
8149,SAMLAYA JN.,SMLA,NSG6,VADODARA,WR,VADODARA,GUJARAT,9,120,7.86
8150,SAYAN,SYN,NSG6,VADODARA,WR,SURAT,GUJARAT,9,120,7.86
8151,SEVALIYA,SVL,NSG6,VADODARA,WR,PANCH MAHALS,GUJARAT,9,120,7.86
8152,THASRA,TAS,NSG6,VADODARA,WR,KHEDA,GUJARAT,9,120,7.86
8153,TIMBA ROAD,TBA,NSG6,VADODARA,WR,PANCH MAHALS,GUJARAT,9,120,7.86
8154,TUWA,TUWA,NSG6,VADODARA,WR,PANCH MAHALS,GUJARAT,9,120,7.86
8155,UMRETH,UMH,NSG6,VADODARA,WR,ANAND,GUJARAT,9,120,7.86
8156,UTARSANDA,UTD,NSG6,VADODARA,WR,KHEDA,GUJARAT,9,120,7.86
8157,UTRAN,URN,NSG6,VADODARA,WR,SURAT,GUJARAT,9,120,7.86
8158,VADOD,VXD,NSG6,VADODARA,WR,ANAND,GUJARAT,9,120,7.86
8159,VALLABH-VIDHYA NAGAR,VLYN,NSG6,VADODARA,WR,ANAND,GUJARAT,9,120,7.86
8160,VAREDIYA,VRE,NSG6,VADODARA,WR,BHARUCH,GUJARAT,9,120,7.86
8161,VARNAMA,VRM,NSG6,VADODARA,WR,VADODARA,GUJARAT,9,120,7.86
8162,VASAD JN.,VDA,NSG6,VADODARA,WR,ANAND,GUJARAT,9,120,7.86
8163,VAVADI KHURD,VKG,NSG6,VADODARA,WR,PANCH MAHALS,GUJARAT,9,120,7.86
8164,AMRELI PARA,AEP,HG2,BHAVNAGAR,WR,AMRELI,GUJARAT,2,143,7.86
8165,ARNEJ,AEJ,HG2,BHAVNAGAR,WR,KHEDA,GUJARAT,2,143,7.86
8166,BADODAR,BDDR,HG2,BHAVNAGAR,WR,JUNAGADH,GUJARAT,2,143,7.86
8167,DUNGAR JN.,DGJ,HG2,BHAVNAGAR,WR,AMRELI,GUJARAT,2,143,7.86
8168,GIR GADHARA,GEG,HG2,BHAVNAGAR,WR,AHMADABAD,GUJARAT,2,143,7.86
8169,HADMADIYA,HRM,HG2,BHAVNAGAR,WR,AHMADABAD,GUJARAT,2,143,7.86
8170,KOTHARIYA,RKY,HG2,BHAVNAGAR,WR,RAJKOT,GUJARAT,2,143,7.86
8171,MADHADA,MDHA,HG2,BHAVNAGAR,WR,BHAVNAGAR,GUJARAT,2,143,7.86
8172,TARSAI,TRSR,HG2,BHAVNAGAR,WR,JAMNAGAR,GUJARAT,2,143,7.86
8173,AMRITVEL,AVL,HG3,BHAVNAGAR,WR,BHAVNAGAR,GUJARAT,3,143,7.86
8174,BADHADA,BDHA,HG3,BHAVNAGAR,WR,AMRELI,GUJARAT,3,143,7.86
8175,BAJUD,BJUD,HG3,BHAVNAGAR,WR,BHAVNAGAR,GUJARAT,3,143,7.86
8176,BANDHNATH,BNTH,HG3,BHAVNAGAR,WR,JUNAGADH,GUJARAT,3,143,7.86
8177,BHEMSWADI,BSWD,HG3,BHAVNAGAR,WR,AMRELI,GUJARAT,3,143,7.86
8178,CHITRAWAD,CTRD,HG3,BHAVNAGAR,WR,GIR SOMNATH,GUJARAT,3,143,7.86
8179,CHOKI SORATH,CKE,HG3,BHAVNAGAR,WR,JUNAGADH,GUJARAT,3,143,7.86
8180,DHOLI (BHAL),DIBL,HG3,BHAVNAGAR,WR,AHMADABAD,GUJARAT,3,143,7.86
8181,GHATWAD,GTWD,HG3,BHAVNAGAR,WR,AHMADABAD,GUJARAT,3,143,7.86
8182,GIR HADMATIYA,GRHM,HG3,BHAVNAGAR,WR,AHMADABAD,GUJARAT,3,143,7.86
8183,GODHANESWAR,GS,HG3,BHAVNAGAR,WR,AHMADABAD,GUJARAT,3,143,7.86
8184,GOMTA,GTT,HG3,BHAVNAGAR,WR,AHMADABAD,GUJARAT,3,143,7.86
8185,HATHIGADH,HTGR,HG3,BHAVNAGAR,WR,AHMADABAD,GUJARAT,3,143,7.86
8186,INGORALA,IGRL,HG3,BHAVNAGAR,WR,BHAVNAGAR,GUJARAT,3,143,7.86
8187,JAMBUR,JBB,HG3,BHAVNAGAR,WR,JUNAGADH,GUJARAT,3,143,7.86
8188,JAMWALA,JVL,HG3,BHAVNAGAR,WR,GIR SOMNATH,GUJARAT,3,143,7.86
8189,JASHAPAR,JSPR,HG3,BHAVNAGAR,WR,JAMNAGAR,GUJARAT,3,143,7.86
8190,JETALVAD,JTV,HG3,BHAVNAGAR,WR,JUNAGADH,GUJARAT,3,143,7.86
8191,JIRA ROAD,JIR,HG3,BHAVNAGAR,WR,AMRELI,GUJARAT,3,143,7.86
8192,JUNICHAVAND,JCN,HG3,BHAVNAGAR,WR,JUNAGADH,GUJARAT,3,143,7.86
8193,KANAD,KNAD,HG3,BHAVNAGAR,WR,BHAVNAGAR,GUJARAT,3,143,7.86
8194,KATHKOLA,KTLA,HG3,BHAVNAGAR,WR,JAMNAGAR,GUJARAT,3,143,7.86
8195,LOLIYA,LO,HG3,BHAVNAGAR,WR,SURENDRANAGAR,GUJARAT,3,143,7.86
8196,MARIYANA,MRYA,HG3,BHAVNAGAR,WR,AMRELI,GUJARAT,3,143,7.86
8197,MOTA-JADRA,MQZ,HG3,BHAVNAGAR,WR,BHAVNAGAR,GUJARAT,3,143,7.86
8198,PANCHTALAVDA ROAD,PCT,HG3,BHAVNAGAR,WR,AMRELI,GUJARAT,3,143,7.86
8199,RANA BORDI,RNBD,HG3,BHAVNAGAR,WR,PORBANDAR,GUJARAT,3,143,7.86
8200,RAYAKA,RY,HG3,BHAVNAGAR,WR,AHMADABAD,GUJARAT,3,143,7.86
8201,SAJANVAV ROAD,SJF,HG3,BHAVNAGAR,WR,AMRELI,GUJARAT,3,143,7.86
8202,SAKHPUR,SKR,HG3,BHAVNAGAR,WR,PORBANDAR,GUJARAT,3,143,7.86
8203,SANDHANIDHAR,SDHR,HG3,BHAVNAGAR,WR,GIR SOMNATH,GUJARAT,3,143,7.86
8204,SUPEDI,SPD,HG3,BHAVNAGAR,WR,RAJKOT,GUJARAT,3,143,7.86
8205,TORNIYA,TORA,HG3,BHAVNAGAR,WR,JUNAGADH,GUJARAT,3,143,7.86
8206,VADIYA DEVLI,VDV,HG3,BHAVNAGAR,WR,AMRELI,GUJARAT,3,143,7.86
8207,VALADAR,VLDR,HG3,BHAVNAGAR,WR,GIR SOMNATH,GUJARAT,3,143,7.86
8208,VAVERA,VVV,HG3,BHAVNAGAR,WR,AMRELI,GUJARAT,3,143,7.86
8209,VEJALKA,VJK,HG3,BHAVNAGAR,WR,SURENDRANAGAR,GUJARAT,3,143,7.86
8210,BHAVNAGAR TERMINUS,BVC,NSG4,BHAVNAGAR,WR,BHAVNAGAR,GUJARAT,7,143,7.86
8211,BOTAD JN.,BTD,NSG4,BHAVNAGAR,WR,BOTAD,GUJARAT,7,143,7.86
8212,JUNAGADH JN.,JND,NSG4,BHAVNAGAR,WR,JUNAGADH,GUJARAT,7,143,7.86
8213,PALITANA,PIT,NSG4,BHAVNAGAR,WR,BHAVNAGAR,GUJARAT,7,143,7.86
8214,PORBANDAR,PBR,NSG4,BHAVNAGAR,WR,PORBANDAR,GUJARAT,7,143,7.86
8215,SOMNATH,SMNH,NSG4,BHAVNAGAR,WR,UNKNOWN,GUJARAT,7,143,7.86
8216,VERAVAL,VRL,NSG4,BHAVNAGAR,WR,GIR SOMNATH,GUJARAT,7,143,7.86
8217,BHAVANAGAR PARA,BVP,NSG5,BHAVNAGAR,WR,BHAVNAGAR,GUJARAT,8,143,7.86
8218,DHOLA JN.,DLJ,NSG5,BHAVNAGAR,WR,BHAVNAGAR,GUJARAT,8,143,7.86
8219,GANDHIGRAM,GG,NSG5,BHAVNAGAR,WR,AHMADABAD,GUJARAT,8,143,7.86
8220,GONDAL,GDL,NSG5,BHAVNAGAR,WR,RAJKOT,GUJARAT,8,143,7.86
8221,JETALSAR JN.,JLR,NSG5,BHAVNAGAR,WR,RAJKOT,GUJARAT,8,143,7.86
8222,JORAVARNAGAR,JVN,NSG5,BHAVNAGAR,WR,SURENDRANAGAR,GUJARAT,8,143,7.86
8223,KESHOD,KSD,NSG5,BHAVNAGAR,WR,JUNAGADH,GUJARAT,8,143,7.86
8224,LIMBDI,LM,NSG5,BHAVNAGAR,WR,SURENDRANAGAR,GUJARAT,8,143,7.86
8225,MALIYA HATINA,MLHA,NSG5,BHAVNAGAR,WR,JUNAGADH,GUJARAT,8,143,7.86
8226,NAVAGADH,NUD,NSG5,BHAVNAGAR,WR,RAJKOT,GUJARAT,8,143,7.86
8227,SAVARKUNDLA,SVKD,NSG5,BHAVNAGAR,WR,AMRELI,GUJARAT,8,143,7.86
8228,SIHOR JN,SOJN,NSG5,BHAVNAGAR,WR,BHAVNAGAR,GUJARAT,8,143,7.86
8229,SONGADH,SGD,NSG5,BHAVNAGAR,WR,BHAVNAGAR,GUJARAT,8,143,7.86
8230,ADARI ROAD,ADE,NSG6,BHAVNAGAR,WR,JUNAGADH,GUJARAT,9,143,7.86
8231,ALAMPUR,ALMR,NSG6,BHAVNAGAR,WR,BHAVNAGAR,GUJARAT,9,143,7.86
8232,ALAU,AAZ,NSG6,BHAVNAGAR,WR,BOTAD,GUJARAT,9,143,7.86
8233,AMRELI,AE,NSG6,BHAVNAGAR,WR,AMRELI,GUJARAT,9,143,7.86
8234,BALWA,WAB,NSG6,BHAVNAGAR,WR,JAMNAGAR,GUJARAT,9,143,7.86
8235,BAVLA,VLA,NSG6,BHAVNAGAR,WR,AHMADABAD,GUJARAT,9,143,7.86
8236,BHADER,BADR,NSG6,BHAVNAGAR,WR,AMRELI,GUJARAT,9,143,7.86
8237,BHANVAD,BNVD,NSG6,BHAVNAGAR,WR,JAMNAGAR,GUJARAT,9,143,7.86
8238,BHAYAVADAR,BHY,NSG6,BHAVNAGAR,WR,RAJKOT,GUJARAT,9,143,7.86
8239,BHIMNATH,BNH,NSG6,BHAVNAGAR,WR,AHMADABAD,GUJARAT,9,143,7.86
8240,BILKHA,BILK,NSG6,BHAVNAGAR,WR,JUNAGADH,GUJARAT,9,143,7.86
8241,CHALALA,CLC,NSG6,BHAVNAGAR,WR,AMRELI,GUJARAT,9,143,7.86
8242,CHANDARAVA,CDV,NSG6,BHAVNAGAR,WR,BOTAD,GUJARAT,9,143,7.86
8243,CHITAL,CTL,NSG6,BHAVNAGAR,WR,AMRELI,GUJARAT,9,143,7.86
8244,CHORWAD ROAD.,CVR,NSG6,BHAVNAGAR,WR,GIR SOMNATH,GUJARAT,9,143,7.86
8245,CHUDA,CDA,NSG6,BHAVNAGAR,WR,SURENDRANAGAR,GUJARAT,9,143,7.86
8246,DAMNAGAR,DME,NSG6,BHAVNAGAR,WR,AMRELI,GUJARAT,9,143,7.86
8247,DELVADA,DVA,NSG6,BHAVNAGAR,WR,GIR SOMNATH,GUJARAT,9,143,7.86
8248,DHANDHUKA,DCK,NSG6,BHAVNAGAR,WR,AHMADABAD,GUJARAT,9,143,7.86
8249,DHARI,DARI,NSG6,BHAVNAGAR,WR,AMRELI,GUJARAT,9,143,7.86
8250,DHASA JN.,DAS,NSG6,BHAVNAGAR,WR,BOTAD,GUJARAT,9,143,7.86
8251,DHOLKA,DOK,NSG6,BHAVNAGAR,WR,AHMADABAD,GUJARAT,9,143,7.86
8252,DHORAJI,DJI,NSG6,BHAVNAGAR,WR,RAJKOT,GUJARAT,9,143,7.86
8253,GADHAKDA,GKD,NSG6,BHAVNAGAR,WR,AMRELI,GUJARAT,9,143,7.86
8254,GOP JAM,GPP,NSG6,BHAVNAGAR,WR,JAMNAGAR,GUJARAT,9,143,7.86
8255,HADALA BHAL,HLB,NSG6,BHAVNAGAR,WR,SURENDRANAGAR,GUJARAT,9,143,7.86
8256,JALILA ROAD,JIL,NSG6,BHAVNAGAR,WR,BOTAD,GUJARAT,9,143,7.86
8257,JALIYA,JA,NSG6,BHAVNAGAR,WR,BHAVNAGAR,GUJARAT,9,143,7.86
8258,JAM JODHPUR,JDH,NSG6,BHAVNAGAR,WR,JAMNAGAR,GUJARAT,9,143,7.86
8259,JETPUR,JTP,NSG6,BHAVNAGAR,WR,RAJKOT,GUJARAT,9,143,7.86
8260,KANSIYA NES,KANS,NSG6,BHAVNAGAR,WR,GIR SOMNATH,GUJARAT,9,143,7.86
8261,KHAKHRAIYA,KKK,NSG6,BHAVNAGAR,WR,AMRELI,GUJARAT,9,143,7.86
8262,KHIJADIYA JN.,KJV,NSG6,BHAVNAGAR,WR,AMRELI,GUJARAT,9,143,7.86
8263,KHODIYAR-MANDIR,KDMR,NSG6,BHAVNAGAR,WR,BHAVNAGAR,GUJARAT,9,143,7.86
8264,KODINAR,KODR,NSG6,BHAVNAGAR,WR,AHMADABAD,GUJARAT,9,143,7.86
8265,KOTHA GANGAD,KTGD,NSG6,BHAVNAGAR,WR,AHMADABAD,GUJARAT,9,143,7.86
8266,KUNDLI,KDI,NSG6,BHAVNAGAR,WR,BOTAD,GUJARAT,9,143,7.86
8267,KUNKAVAV JN.,KKV,NSG6,BHAVNAGAR,WR,AMRELI,GUJARAT,9,143,7.86
8268,LALPUR JAM,LPJ,NSG6,BHAVNAGAR,WR,JAMNAGAR,GUJARAT,9,143,7.86
8269,LATHI,LAT,NSG6,BHAVNAGAR,WR,AMRELI,GUJARAT,9,143,7.86
8270,LATHIDAD,LTD,NSG6,BHAVNAGAR,WR,BOTAD,GUJARAT,9,143,7.86
8271,LILIYA MOTA,LMO,NSG6,BHAVNAGAR,WR,AMRELI,GUJARAT,9,143,7.86
8272,LOTHAL BHURKHI,LHBK,NSG6,BHAVNAGAR,WR,AHMADABAD,GUJARAT,9,143,7.86
8273,LUNIDHAR,LDU,NSG6,BHAVNAGAR,WR,AMRELI,GUJARAT,9,143,7.86
8274,LUSHALA,LAL,NSG6,BHAVNAGAR,WR,JUNAGADH,GUJARAT,9,143,7.86
8275,MAHUVA JN.,MHV,NSG6,BHAVNAGAR,WR,BHAVNAGAR,GUJARAT,9,143,7.86
8276,MORAIYA,MORA,NSG6,BHAVNAGAR,WR,AHMADABAD,GUJARAT,9,143,7.86
8277,NINGALA,NGA,NSG6,BHAVNAGAR,WR,BHAVNAGAR,GUJARAT,9,143,7.86
8278,PANELI MOTI,PLM,NSG6,BHAVNAGAR,WR,RAJKOT,GUJARAT,9,143,7.86
8279,PRACHI ROAD JN.,PCC,NSG6,BHAVNAGAR,WR,GIR SOMNATH,GUJARAT,9,143,7.86
8280,RAJULA CITY,RJU,NSG6,BHAVNAGAR,WR,AMRELI,GUJARAT,9,143,7.86
8281,RAJULA JN.,RLA,NSG6,BHAVNAGAR,WR,AMRELI,GUJARAT,9,143,7.86
8282,RANAVAV,RWO,NSG6,BHAVNAGAR,WR,PORBANDAR,GUJARAT,9,143,7.86
8283,RANPUR,RUR,NSG6,BHAVNAGAR,WR,BOTAD,GUJARAT,9,143,7.86
8284,RIBADA,RBR,NSG6,BHAVNAGAR,WR,RAJKOT,GUJARAT,9,143,7.86
8285,SANOSRA,SOA,NSG6,BHAVNAGAR,WR,BHAVNAGAR,GUJARAT,9,143,7.86
8286,SARANGPUR ROAD,SAPR,NSG6,BHAVNAGAR,WR,SURENDRANAGAR,GUJARAT,9,143,7.86
8287,SARKHEJ,SEJ,NSG6,BHAVNAGAR,WR,AHMADABAD,GUJARAT,9,143,7.86
8288,SASAN GIR,SASG,NSG6,BHAVNAGAR,WR,GIR SOMNATH,GUJARAT,9,143,7.86
8289,SATADHAR,STDR,NSG6,BHAVNAGAR,WR,JUNAGADH,GUJARAT,9,143,7.86
8290,SAVNI,SVB,NSG6,BHAVNAGAR,WR,GIR SOMNATH,GUJARAT,9,143,7.86
8291,SHAPUR,SHH,NSG6,BHAVNAGAR,WR,JUNAGADH,GUJARAT,9,143,7.86
8292,SURENDRANAGAR GATE,SRGT,NSG6,BHAVNAGAR,WR,SURENDRANAGAR,GUJARAT,9,143,7.86
8293,TAGDI,TID,NSG6,BHAVNAGAR,WR,AHMADABAD,GUJARAT,9,143,7.86
8294,TALALA JN.,TAV,NSG6,BHAVNAGAR,WR,GIR SOMNATH,GUJARAT,9,143,7.86
8295,UJALVAV,UJ,NSG6,BHAVNAGAR,WR,BHAVNAGAR,GUJARAT,9,143,7.86
8296,UNA,UNA,NSG6,BHAVNAGAR,WR,GIR SOMNATH,GUJARAT,9,143,7.86
8297,UPLETA,UA,NSG6,BHAVNAGAR,WR,RAJKOT,GUJARAT,9,143,7.86
8298,VADAL,VAL,NSG6,BHAVNAGAR,WR,JUNAGADH,GUJARAT,9,143,7.86
8299,VARTEJ,VTJ,NSG6,BHAVNAGAR,WR,BHAVNAGAR,GUJARAT,9,143,7.86
8300,VASTRAPUR,VTP,NSG6,BHAVNAGAR,WR,AHMADABAD,GUJARAT,9,143,7.86
8301,VAVDI,VVD,NSG6,BHAVNAGAR,WR,AMRELI,GUJARAT,9,143,7.86
8302,VIJPADI ROAD,VJD,NSG6,BHAVNAGAR,WR,AMRELI,GUJARAT,9,143,7.86
8303,VIRPUR,VRR,NSG6,BHAVNAGAR,WR,RAJKOT,GUJARAT,9,143,7.86
8304,VISAVADAR,VSW,NSG6,BHAVNAGAR,WR,JUNAGADH,GUJARAT,9,143,7.86
8305,WADHWAN CITY,WC,NSG6,BHAVNAGAR,WR,SURENDRANAGAR,GUJARAT,9,143,7.86
8306,WANSJALIYA JN.,WSJ,NSG6,BHAVNAGAR,WR,JAMNAGAR,GUJARAT,9,143,7.86
8307,DHUVA,DU,HG3,RAJKOT,WR,MORBI,GUJARAT,3,53,7.86
8308,RAFLESHWAR,RF,HG3,RAJKOT,WR,MORBI,GUJARAT,3,53,7.86
8309,RAJKOT JN.,RJT,NSG2,RAJKOT,WR,RAJKOT,GUJARAT,5,53,7.86
8310,JAMNAGAR,JAM,NSG3,RAJKOT,WR,JAMNAGAR,GUJARAT,6,53,7.86
8311,DWARKA,DWK,NSG4,RAJKOT,WR,DEVBHUMI DWARKA,GUJARAT,7,53,7.86
8312,SURENDRANAGAR,SUNR,NSG4,RAJKOT,WR,SURENDRANAGAR,GUJARAT,7,53,7.86
8313,BHAKTINAGAR,BKNG,NSG5,RAJKOT,WR,RAJKOT,GUJARAT,8,53,7.86
8314,HAPA,HAPA,NSG5,RAJKOT,WR,JAMNAGAR,GUJARAT,8,53,7.86
8315,KANALUS,KNLS,NSG5,RAJKOT,WR,JAMNAGAR,GUJARAT,8,53,7.86
8316,KHAMBHALIYA,KMBL,NSG5,RAJKOT,WR,DEVBHUMI DWARKA,GUJARAT,8,53,7.86
8317,MITHAPUR,MTHP,NSG5,RAJKOT,WR,DEVBHUMI DWARKA,GUJARAT,8,53,7.86
8318,MORBI,MVI,NSG5,RAJKOT,WR,MORBI,GUJARAT,8,53,7.86
8319,OKHA,OKHA,NSG5,RAJKOT,WR,DEVBHUMI DWARKA,GUJARAT,8,53,7.86
8320,PADADHARI,PDH,NSG5,RAJKOT,WR,RAJKOT,GUJARAT,8,53,7.86
8321,THAN JN.,THAN,NSG5,RAJKOT,WR,SURENDRANAGAR,GUJARAT,8,53,7.86
8322,WANKANER JN.,WKR,NSG5,RAJKOT,WR,MORBI,GUJARAT,8,53,7.86
8323,ALIYAWADA,ALB,NSG6,RAJKOT,WR,JAMNAGAR,GUJARAT,9,53,7.86
8324,AMARSAR,AXA,NSG6,RAJKOT,WR,MORBI,GUJARAT,9,53,7.86
8325,BALA ROAD,BLRD,NSG6,RAJKOT,WR,SURENDRANAGAR,GUJARAT,9,53,7.86
8326,BARWALA ROAD,BRL,NSG6,RAJKOT,WR,AHMADABAD,GUJARAT,9,53,7.86
8327,BHATEL,BHTL,NSG6,RAJKOT,WR,DEVBHUMI DWARKA,GUJARAT,9,53,7.86
8328,BHATIYA,BHTA,NSG6,RAJKOT,WR,DEVBHUMI DWARKA,GUJARAT,9,53,7.86
8329,BHOPALKA,BPKA,NSG6,RAJKOT,WR,DEVBHUMI DWARKA,GUJARAT,9,53,7.86
8330,BILESHWAR,BLWR,NSG6,RAJKOT,WR,RAJKOT,GUJARAT,9,53,7.86
8331,CHAMARAJ,CJR,NSG6,RAJKOT,WR,SURENDRANAGAR,GUJARAT,9,53,7.86
8332,CHANOL,CX,NSG6,RAJKOT,WR,RAJKOT,GUJARAT,9,53,7.86
8333,DAHINSARA JN.,DAC,NSG6,RAJKOT,WR,RAJKOT,GUJARAT,9,53,7.86
8334,DALADI,DL,NSG6,RAJKOT,WR,MORBI,GUJARAT,9,53,7.86
8335,DIGSAR,DXR,NSG6,RAJKOT,WR,SURENDRANAGAR,GUJARAT,9,53,7.86
8336,GORINJA,GRJA,NSG6,RAJKOT,WR,DEVBHUMI DWARKA,GUJARAT,9,53,7.86
8337,HADMATIYA JN.,HM,NSG6,RAJKOT,WR,RAJKOT,GUJARAT,9,53,7.86
8338,JALIYA DEVANI,JALD,NSG6,RAJKOT,WR,RAJKOT,GUJARAT,9,53,7.86
8339,JAM WANTHALI,WTJ,NSG6,RAJKOT,WR,JAMNAGAR,GUJARAT,9,53,7.86
8340,KANAKOT,KNKT,NSG6,RAJKOT,WR,MORBI,GUJARAT,9,53,7.86
8341,KHANDERI,KHDI,NSG6,RAJKOT,WR,RAJKOT,GUJARAT,9,53,7.86
8342,KHORANA,KHC,NSG6,RAJKOT,WR,RAJKOT,GUJARAT,9,53,7.86
8343,LAKHABAWAL,LKBL,NSG6,RAJKOT,WR,JAMNAGAR,GUJARAT,9,53,7.86
8344,LAKHAMANCHI,LMC,NSG6,RAJKOT,WR,SURENDRANAGAR,GUJARAT,9,53,7.86
8345,LAKHTAR,LTR,NSG6,RAJKOT,WR,SURENDRANAGAR,GUJARAT,9,53,7.86
8346,LILAPUR ROAD,LPR,NSG6,RAJKOT,WR,SURENDRANAGAR,GUJARAT,9,53,7.86
8347,LUNSARIYA,LXR,NSG6,RAJKOT,WR,MORBI,GUJARAT,9,53,7.86
8348,MAKANSAR,MU,NSG6,RAJKOT,WR,MORBI,GUJARAT,9,53,7.86
8349,MODPUR,MDPR,NSG6,RAJKOT,WR,JAMNAGAR,GUJARAT,9,53,7.86
8350,MULI ROAD,MOL,NSG6,RAJKOT,WR,SURENDRANAGAR,GUJARAT,9,53,7.86
8351,NAZARBAG,NZG,NSG6,RAJKOT,WR,MORBI,GUJARAT,9,53,7.86
8352,OKHA MADHI,OKD,NSG6,RAJKOT,WR,DEVBHUMI DWARKA,GUJARAT,9,53,7.86
8353,PIPLI,PPLI,NSG6,RAJKOT,WR,JAMNAGAR,GUJARAT,9,53,7.86
8354,RAMPARDA,RA,NSG6,RAJKOT,WR,SURENDRANAGAR,GUJARAT,9,53,7.86
8355,SABLI ROAD,SR,NSG6,RAJKOT,WR,SURENDRANAGAR,GUJARAT,9,53,7.86
8356,SINDHAWADAR,SDD,NSG6,RAJKOT,WR,MORBI,GUJARAT,9,53,7.86
8357,VAGDIYA,VD,NSG6,RAJKOT,WR,SURENDRANAGAR,GUJARAT,9,53,7.86
8358,VANI ROAD,VNRD,NSG6,RAJKOT,WR,SURENDRANAGAR,GUJARAT,9,53,7.86
8359,VAVANIYA,WWA,NSG6,RAJKOT,WR,MORBI,GUJARAT,9,53,7.86
8360,KACHNARA,KHNR,HG2,RATLAM,WR,MANDSAUR,MADHYA PRADESH,2,118,7.86
8361,OSRA,OSRA,HG2,RATLAM,WR,INDORE,MADHYA PRADESH,2,118,7.86
8362,AJIT KHERI,AJKI,HG3,RATLAM,WR,UNKNOWN,MADHYA PRADESH,3,118,7.86
8363,BALAUDA TAKUN,BLDK,HG3,RATLAM,WR,INDORE,MADHYA PRADESH,3,118,7.86
8364,BHATISUDA HALT,BTSD,HG3,RATLAM,WR,UJJAIN,MADHYA PRADESH,3,118,7.86
8365,CHAKROD,CKOD,HG3,RATLAM,WR,SHAJAPUR,MADHYA PRADESH,3,118,7.86
8366,CHINTAMAN GANESH,CNN,HG3,RATLAM,WR,UJJAIN,MADHYA PRADESH,3,118,7.86
8367,DONTA,DON,HG3,RATLAM,WR,DEWAS,MADHYA PRADESH,3,118,7.86
8368,HARANYAKHERI,HKH,HG3,RATLAM,WR,INDORE,MADHYA PRADESH,3,118,7.86
8369,KISONI,KONY,HG3,RATLAM,WR,SHAJAPUR,MADHYA PRADESH,3,118,7.86
8370,KOTLAKHERI,KTKH,HG3,RATLAM,WR,KHARGONE,MADHYA PRADESH,3,118,7.86
8371,LEKODA,LOD,HG3,RATLAM,WR,UJJAIN,MADHYA PRADESH,3,118,7.86
8372,LOKMANYA NAGAR,LKMN,HG3,RATLAM,WR,INDORE,MADHYA PRADESH,3,118,7.86
8373,MOHAMMADKHERA,MQE,HG3,RATLAM,WR,SHAJAPUR,GUJARAT,3,118,7.86
8374,PIR JHALAR,PJH,HG3,RATLAM,WR,UJJAIN,MADHYA PRADESH,3,118,7.86
8375,PRITAM NAGAR,PRNG,HG3,RATLAM,WR,RATLAM,MADHYA PRADESH,3,118,7.86
8376,SAIFEE NAGAR HALT,SFNR,HG3,RATLAM,WR,INDORE,MADHYA PRADESH,3,118,7.86
8377,SHIVPURA,SVT,HG3,RATLAM,WR,UJJAIN,MADHYA PRADESH,3,118,7.86
8378,SUNDERABAD,SNBD,HG3,RATLAM,WR,UJJAIN,MADHYA PRADESH,3,118,7.86
8379,UNDASA MADHAWAPU,UDM,HG3,RATLAM,WR,UJJAIN,MADHYA PRADESH,3,118,7.86
8380,INDORE JN.,INDB,NSG2,RATLAM,WR,INDORE,MADHYA PRADESH,5,118,7.86
8381,UJJAIN JN.,UJN,NSG2,RATLAM,WR,UJJAIN,MADHYA PRADESH,5,118,7.86
8382,CHITTAURGARH,COR,NSG3,RATLAM,WR,CHITTORGARH,RAJASTHAN,6,118,7.86
8383,RATLAM JN.,RTM,NSG3,RATLAM,WR,RATLAM,MADHYA PRADESH,6,118,7.86
8384,DAHOD,DHD,NSG4,RATLAM,WR,DOHAD,GUJARAT,7,118,7.86
8385,DEWAS,DWX,NSG4,RATLAM,WR,DEWAS,MADHYA PRADESH,7,118,7.86
8386,MANDSOR,MDS,NSG4,RATLAM,WR,MANDSAUR,MADHYA PRADESH,7,118,7.86
8387,NAGDA JN.,NAD,NSG4,RATLAM,WR,UJJAIN,MADHYA PRADESH,7,118,7.86
8388,NIMACH,NMH,NSG4,RATLAM,WR,NEEMUCH,MADHYA PRADESH,7,118,7.86
8389,AKODIA,AKD,NSG5,RATLAM,WR,SHAJAPUR,MADHYA PRADESH,8,118,7.86
8390,BAMNIA,BMI,NSG5,RATLAM,WR,JHABUA,MADHYA PRADESH,8,118,7.86
8391,BERCHHA,BCH,NSG5,RATLAM,WR,SHAJAPUR,MADHYA PRADESH,8,118,7.86
8392,CHANDERIYA,CNA,NSG5,RATLAM,WR,CHITTORGARH,RAJASTHAN,8,118,7.86
8393,DR AMBEDKAR NGR,DADN,NSG5,RATLAM,WR,INDORE,MADHYA PRADESH,8,118,7.86
8394,JAORA,JAO,NSG5,RATLAM,WR,RATLAM,MADHYA PRADESH,8,118,7.86
8395,KALAPIPAL,KPP,NSG5,RATLAM,WR,SHAJAPUR,MADHYA PRADESH,8,118,7.86
8396,KHACHROD,KUH,NSG5,RATLAM,WR,UJJAIN,MADHYA PRADESH,8,118,7.86
8397,LIMKHEDA,LMK,NSG5,RATLAM,WR,DOHAD,GUJARAT,8,118,7.86
8398,MAKSI,MKC,NSG5,RATLAM,WR,SHAJAPUR,MADHYA PRADESH,8,118,7.86
8399,MEGHNAGAR,MGN,NSG5,RATLAM,WR,JHABUA,MADHYA PRADESH,8,118,7.86
8400,NIMBAHERA,NBH,NSG5,RATLAM,WR,CHITTORGARH,RAJASTHAN,8,118,7.86
8401,PIPLIA,PIP,NSG5,RATLAM,WR,MANDSAUR,MADHYA PRADESH,8,118,7.86
8402,SEHORE,SEH,NSG5,RATLAM,WR,SEHORE,MADHYA PRADESH,8,118,7.86
8403,SHUJALPUR,SJP,NSG5,RATLAM,WR,SHAJAPUR,MADHYA PRADESH,8,118,7.86
8404,THANDLA ROAD,THDR,NSG5,RATLAM,WR,JHABUA,MADHYA PRADESH,8,118,7.86
8405,AJANTI,ANI,NSG6,RATLAM,WR,EAST NIMAR,MADHYA PRADESH,9,118,7.86
8406,AJNOD,AJN,NSG6,RATLAM,WR,INDORE,MADHYA PRADESH,9,118,7.86
8407,AMARGARH,AGR,NSG6,RATLAM,WR,JHABUA,MADHYA PRADESH,9,118,7.86
8408,ANAS,ANAS,NSG6,RATLAM,WR,DOHAD,GUJARAT,9,118,7.86
8409,ASLAODA,ASL,NSG6,RATLAM,WR,UJJAIN,MADHYA PRADESH,9,118,7.86
8410,ATTAR,ATR,NSG6,RATLAM,WR,KHANDWA,MADHYA PRADESH,9,118,7.86
8411,BAJRANGGARH,BJG,NSG6,RATLAM,WR,JHABUA,MADHYA PRADESH,9,118,7.86
8412,BAKANIAN BHAUNRI,BQE,NSG6,RATLAM,WR,BHOPAL,MADHYA PRADESH,9,118,7.86
8413,BAKTAL,BKTL,NSG6,RATLAM,WR,SEHORE,MADHYA PRADESH,9,118,7.86
8414,BANGROD,BOD,NSG6,RATLAM,WR,RATLAM,MADHYA PRADESH,9,118,7.86
8415,BARAYALA CHAURASI,BRLA,NSG6,RATLAM,WR,RATLAM,MADHYA PRADESH,9,118,7.86
8416,BARLAI,BLAX,NSG6,RATLAM,WR,INDORE,MADHYA PRADESH,9,118,7.86
8417,BARNAGAR,BNG,NSG6,RATLAM,WR,UJJAIN,MADHYA PRADESH,9,118,7.86
8418,BARWAHA,BWW,NSG6,RATLAM,WR,KHARGONE,MADHYA PRADESH,9,118,7.86
8419,BERAWANYA,BRNA,NSG6,RATLAM,WR,UJJAIN,MADHYA PRADESH,9,118,7.86
8420,BHAIRONGARH,BOG,NSG6,RATLAM,WR,RATLAM,MADHYA PRADESH,9,118,7.86
8421,BILDI,BILD,NSG6,RATLAM,WR,RATLAM,MADHYA PRADESH,9,118,7.86
8422,BISALWAS KALAN,BIWK,NSG6,RATLAM,WR,NEEMUCH,MADHYA PRADESH,9,118,7.86
8423,BOLAI,BLX,NSG6,RATLAM,WR,SHAJAPUR,MADHYA PRADESH,9,118,7.86
8424,BORDI,BIO,NSG6,RATLAM,WR,DOHAD,GUJARAT,9,118,7.86
8425,CHANCHELAV,CCL,NSG6,RATLAM,WR,PANCH MAHALS,GUJARAT,9,118,7.86
8426,CHORAL,CRL,NSG6,RATLAM,WR,INDORE,MADHYA PRADESH,9,118,7.86
8427,DALAUDA,DLD,NSG6,RATLAM,WR,MANDSAUR,MADHYA PRADESH,9,118,7.86
8428,DHODHAR,DOD,NSG6,RATLAM,WR,RATLAM,MADHYA PRADESH,9,118,7.86
8429,FATEHABAD CHANDRAWAT,FTD,NSG6,RATLAM,WR,UJJAIN,MADHYA PRADESH,9,118,7.86
8430,GAMBHIRI ROAD,GRF,NSG6,RATLAM,WR,CHITTORGARH,RAJASTHAN,9,118,7.86
8431,GAUTAMPURA ROAD,GPX,NSG6,RATLAM,WR,INDORE,MADHYA PRADESH,9,118,7.86
8432,HARKIA KHAL,HKL,NSG6,RATLAM,WR,NEEMUCH,MADHYA PRADESH,9,118,7.86
8433,JABRI,JBX,NSG6,RATLAM,WR,SHAJAPUR,MADHYA PRADESH,9,118,7.86
8434,JAWAD ROAD,JWO,NSG6,RATLAM,WR,NEEMUCH,MADHYA PRADESH,9,118,7.86
8435,JEKOT,JKT,NSG6,RATLAM,WR,DOHAD,GUJARAT,9,118,7.86
8436,KALAKUND,KKD,NSG6,RATLAM,WR,INDORE,MADHYA PRADESH,9,118,7.86
8437,KALI SINDH,KSH,NSG6,RATLAM,WR,SHAJAPUR,MADHYA PRADESH,9,118,7.86
8438,KANSUDHI,KIZ,NSG6,RATLAM,WR,PANCH MAHALS,GUJARAT,9,118,7.86
8439,KARACHHA,KDHA,NSG6,RATLAM,WR,UJJAIN,MADHYA PRADESH,9,118,7.86
8440,LAKSHMIBAI NAGAR,LMNR,NSG6,RATLAM,WR,INDORE,MADHYA PRADESH,9,118,7.86
8441,MALHARGARH,MLG,NSG6,RATLAM,WR,MANDSAUR,MADHYA PRADESH,9,118,7.86
8442,MANGAL MAHUDI,MAM,NSG6,RATLAM,WR,DOHAD,GUJARAT,9,118,7.86
8443,MANGLIYAGAON,MGG,NSG6,RATLAM,WR,INDORE,MADHYA PRADESH,9,118,7.86
8444,MORWANI,MRN,NSG6,RATLAM,WR,RATLAM,MADHYA PRADESH,9,118,7.86
8445,MUKHTIARA BALWARA,MKT,NSG6,RATLAM,WR,KHARGONE,MADHYA PRADESH,9,118,7.86
8446,NAIKHERI,NKI,NSG6,RATLAM,WR,UJJAIN,MADHYA PRADESH,9,118,7.86
8447,NAMLI,NLI,NSG6,RATLAM,WR,RATLAM,MADHYA PRADESH,9,118,7.86
8448,NARANJIPUR,NRGR,NSG6,RATLAM,WR,DEWAS,MADHYA PRADESH,9,118,7.86
8449,NAUGANWAN,NGW,NSG6,RATLAM,WR,RATLAM,MADHYA PRADESH,9,118,7.86
8450,NIMAR-KHERI,NKR,NSG6,RATLAM,WR,EAST NIMAR,MADHYA PRADESH,9,118,7.86
8451,OMKARESHWAR ROAD,OM,NSG6,RATLAM,WR,EAST NIMAR,MADHYA PRADESH,9,118,7.86
8452,PACHAWAN,PNWN,NSG6,RATLAM,WR,SEHORE,MADHYA PRADESH,9,118,7.86
8453,PALIA,PLA,NSG6,RATLAM,WR,INDORE,MADHYA PRADESH,9,118,7.86
8454,PALSORA MAKRAWAN,PSO,NSG6,RATLAM,WR,UJJAIN,MADHYA PRADESH,9,118,7.86
8455,PANCH PIPLIA,PCN,NSG6,RATLAM,WR,JHABUA,MADHYA PRADESH,9,118,7.86
8456,PARBATI,PRB,NSG6,RATLAM,WR,SHAJAPUR,MADHYA PRADESH,9,118,7.86
8457,PATAL PANI,PTP,NSG6,RATLAM,WR,INDORE,MADHYA PRADESH,9,118,7.86
8458,PHANDA,PUD,NSG6,RATLAM,WR,SEHORE,MADHYA PRADESH,9,118,7.86
8459,PINGLESWAR,PLW,NSG6,RATLAM,WR,UJJAIN,MADHYA PRADESH,9,118,7.86
8460,PIPLOD JN.,PPD,NSG6,RATLAM,WR,DOHAD,GUJARAT,9,118,7.86
8461,PIPLODA BAGLA,PPG,NSG6,RATLAM,WR,UJJAIN,MADHYA PRADESH,9,118,7.86
8462,PIR UMROD,PUO,NSG6,RATLAM,WR,SHAJAPUR,MADHYA PRADESH,9,118,7.86
8463,RAJENDRA NAGAR,RJQ,NSG6,RATLAM,WR,INDORE,MADHYA PRADESH,9,118,7.86
8464,RANYALA JASMIYA,RCJ,NSG6,RATLAM,WR,DEWAS,MADHYA PRADESH,9,118,7.86
8465,RAOTI,RTI,NSG6,RATLAM,WR,RATLAM,MADHYA PRADESH,9,118,7.86
8466,RAU,RAU,NSG6,RATLAM,WR,INDORE,MADHYA PRADESH,9,118,7.86
8467,RENTIYA,RET,NSG6,RATLAM,WR,DOHAD,GUJARAT,9,118,7.86
8468,RUNIJA,RNJ,NSG6,RATLAM,WR,UJJAIN,MADHYA PRADESH,9,118,7.86
8469,RUNKHERA,RNH,NSG6,RATLAM,WR,UJJAIN,MADHYA PRADESH,9,118,7.86
8470,SANAWAD,SWD,NSG6,RATLAM,WR,KHARGONE,MADHYA PRADESH,9,118,7.86
8471,SANT ROAD,SAT,NSG6,RATLAM,WR,PANCH MAHALS,GUJARAT,9,118,7.86
8472,SHAMBHUPARA,SMP,NSG6,RATLAM,WR,CHITTORGARH,RAJASTHAN,9,118,7.86
8473,TAJPUR,TJP,NSG6,RATLAM,WR,UJJAIN,MADHYA PRADESH,9,118,7.86
8474,TARANA ROAD,TAN,NSG6,RATLAM,WR,UJJAIN,MADHYA PRADESH,9,118,7.86
8475,UNHEL,UNL,NSG6,RATLAM,WR,UJJAIN,MADHYA PRADESH,9,118,7.86
8476,USRA,USRA,NSG6,RATLAM,WR,DOHAD,GUJARAT,9,118,7.86
8477,VIKRAMNAGAR,VRG,NSG6,RATLAM,WR,UJJAIN,MADHYA PRADESH,9,118,7.86
