S No,Station Name,Station Code,Station Category,Division,Zone,District,State
1,BHORAS BUDRUKH,BFJ,HG2,BHUSAWAL,CR,JALGAON,MAHARASHTRA
2,JAMNER,JMNR,HG2,BHUSAWAL,CR,JALGAON,MAHARASHTRA
3,ANJANGAON,ANJ,HG3,BHUSAWAL,CR,AMRAVATI,MAHARASHTRA
4,BANOSA,BASA,HG3,BHUSAWAL,CR,AMRAVATI,MAHARASHTRA
5,BHADSIVNI,BDKE,HG3,BHUSAWAL,CR,WASHIM,MAHARASHTRA
6,BHAGDARA,BGR,HG3,BHUSAWAL,CR,JALGAON,MAHARASHTRA
7,BORVIHIR,BRVR,HG3,BHUSAWAL,CR,DHULE,MAHARASHTRA
8,CHAMAK,CMK,HG3,BHUSAWAL,CR,AMRAVATI,MAHARASHTRA
9,DARWHA MOTI BAGH JN.,DWM,HG3,BHUSAWAL,CR,YAVATMAL,MAHARASHTRA
10,KAPUSTALNI,KTNI,HG3,BHUSAWAL,CR,AMRAVATI,MAHARASHTRA
11,KARANJA,KRJA,HG3,BHUSAWAL,CR,WASHIM,MAHARASHTRA
12,KARANJA TOWN,KRJT,HG3,BHUSAWAL,CR,WASHIM,MAHARASHTRA
13,KHUSTA BUZURG,KSBG,HG3,BHUSAWAL,CR,AMRAVATI,MAHARASHTRA
14,KINKHED,KQV,HG3,BHUSAWAL,CR,AKOLA,MAHARASHTRA
15,KOHDAD,KDK,HG3,BHUSAWAL,CR,EAST NIMAR,MADHYA PRADESH
16,KOKALDA,KXD,HG3,BHUSAWAL,CR,AMRAVATI,MAHARASHTRA
17,KOLHADI,KLHD,HG3,BHUSAWAL,CR,JALGAON,MAHARASHTRA
18,LADKHED,LDD,HG3,BHUSAWAL,CR,YAVATMAL,MAHARASHTRA
19,LAKHPURI,LPU,HG3,BHUSAWAL,CR,AKOLA,MAHARASHTRA
20,LASINA,LSN,HG3,BHUSAWAL,CR,YAVATMAL,MAHARASHTRA
21,LEHGAON,LGN,HG3,BHUSAWAL,CR,AMRAVATI,MAHARASHTRA
22,LING,LING,HG3,BHUSAWAL,CR,YAVATMAL,MAHARASHTRA
23,MANDURA,MNDA,HG3,BHUSAWAL,CR,AKOLA,MAHARASHTRA
24,MOHADI PRAGANE LALIN,MHAD,HG3,BHUSAWAL,CR,DHULE,MAHARASHTRA
25,MORDAD TANDA,MWK,HG3,BHUSAWAL,CR,DHULE,MAHARASHTRA
26,MURTIZAPUR TOWN,MZRT,HG3,BHUSAWAL,CR,AKOLA,MAHARASHTRA
27,NOWBAGH,NBGH,HG3,BHUSAWAL,CR,AMRAVATI,MAHARASHTRA
28,PAHUR,PHU,HG3,BHUSAWAL,CR,JALGAON,MAHARASHTRA
29,PIMPALGAON,PMGN,HG3,BHUSAWAL,CR,JALGAON,MAHARASHTRA
30,POHE,POHE,HG3,BHUSAWAL,CR,WASHIM,MAHARASHTRA
31,RAJMANE,RM,HG3,BHUSAWAL,CR,JALGAON,MAHARASHTRA
32,SANGWI,SWQ,HG3,BHUSAWAL,CR,YAVATMAL,MAHARASHTRA
33,SHENDURNI,SDRN,HG3,BHUSAWAL,CR,JALGAON,MAHARASHTRA
34,SHIRALA,SIRL,HG3,BHUSAWAL,CR,AMRAVATI,MAHARASHTRA
35,SOMTHAN,SMTN,HG3,BHUSAWAL,CR,WASHIM,MAHARASHTRA
36,TAPONA,TPN,HG3,BHUSAWAL,CR,YAVATMAL,MAHARASHTRA
37,VARKHEDI,VRKD,HG3,BHUSAWAL,CR,JALGAON,MAHARASHTRA
38,VILEGAON,VLN,HG3,BHUSAWAL,CR,WASHIM,MAHARASHTRA
39,WARUDKHED,WRD,HG3,BHUSAWAL,CR,YAVATMAL,MAHARASHTRA
40,NASHIK ROAD,NK,NSG2,BHUSAWAL,CR,NASHIK,MAHARASHTRA
41,AKOLA JN.,AK,NSG3,BHUSAWAL,CR,AKOLA,MAHARASHTRA
42,AMRAVATI,AMI,NSG3,BHUSAWAL,CR,AMRAVATI,MAHARASHTRA
43,BADNERA JN.,BD,NSG3,BHUSAWAL,CR,AMRAVATI,MAHARASHTRA
44,BHUSAVAL JN.,BSL,NSG3,BHUSAWAL,CR,JALGAON,MAHARASHTRA
45,JALGAON JN,JL,NSG3,BHUSAWAL,CR,JALGAON,MAHARASHTRA
46,KHANDWA,KNW,NSG3,BHUSAWAL,CR,EAST NIMAR,MADHYA PRADESH
47,MANMAD JN.,MMR,NSG3,BHUSAWAL,CR,NASHIK,MAHARASHTRA
48,SHEGAON,SEG,NSG3,BHUSAWAL,CR,BULDHANA,MAHARASHTRA
49,BURHANPUR,BAU,NSG4,BHUSAWAL,CR,BURHANPUR,MADHYA PRADESH
50,CHALISGAON JN,CSN,NSG4,BHUSAWAL,CR,JALGAON,MAHARASHTRA
51,MALKAPUR,MKU,NSG4,BHUSAWAL,CR,BULDHANA,MAHARASHTRA
52,BODWAD,BDWD,NSG5,BHUSAWAL,CR,JALGAON,MAHARASHTRA
53,DEVLALI,DVL,NSG5,BHUSAWAL,CR,NASHIK,MAHARASHTRA
54,DHULE,DHI,NSG5,BHUSAWAL,CR,DHULE,MAHARASHTRA
55,LASALGAON,LS,NSG5,BHUSAWAL,CR,NASHIK,MAHARASHTRA
56,MURTIZAPUR,MZR,NSG5,BHUSAWAL,CR,AKOLA,MAHARASHTRA
57,NANDGAON,NGN,NSG5,BHUSAWAL,CR,NASHIK,MAHARASHTRA
58,NANDURA,NN,NSG5,BHUSAWAL,CR,BULDHANA,MAHARASHTRA
59,NEPANAGAR,NPNR,NSG5,BHUSAWAL,CR,BURHANPUR,MADHYA PRADESH
60,NIPHAD,NR,NSG5,BHUSAWAL,CR,NASHIK,MAHARASHTRA
61,PACHORA JN.,PC,NSG5,BHUSAWAL,CR,JALGAON,MAHARASHTRA
62,RAVER,RV,NSG5,BHUSAWAL,CR,JALGAON,MAHARASHTRA
63,ACHALPUR,ELP,NSG6,BHUSAWAL,CR,AMRAVATI,MAHARASHTRA
64,ACHEGAON,ACG,NSG6,BHUSAWAL,CR,JALGAON,MAHARASHTRA
65,ANKAI,ANK,NSG6,BHUSAWAL,CR,NASHIK,MAHARASHTRA
66,ASIRGARH ROAD,AGQ,NSG6,BHUSAWAL,CR,BURHANPUR,MADHYA PRADESH
67,ASVALI,AV,NSG6,BHUSAWAL,CR,NASHIK,MAHARASHTRA
68,BAGMAR,BMA,NSG6,BHUSAWAL,CR,EAST NIMAR,MADHYA PRADESH
69,BHADLI,BDI,NSG6,BHUSAWAL,CR,JALGAON,MAHARASHTRA
70,BISWA BRIDGE,BIS,NSG6,BHUSAWAL,CR,BULDHANA,MAHARASHTRA
71,BORGAON,BGN,NSG6,BHUSAWAL,CR,AKOLA,MAHARASHTRA
72,CHANDNI,CDI,NSG6,BHUSAWAL,CR,BURHANPUR,MADHYA PRADESH
73,CHANDUR BAZAR,CNDB,NSG6,BHUSAWAL,CR,AMRAVATI,MAHARASHTRA
74,DONGARGAON,DGN,NSG6,BHUSAWAL,CR,EAST NIMAR,MADHYA PRADESH
75,DUSKHEDA,DSK,NSG6,BHUSAWAL,CR,JALGAON,MAHARASHTRA
76,GAIGAON,GAO,NSG6,BHUSAWAL,CR,AKOLA,MAHARASHTRA
77,GALAN,GAA,NSG6,BHUSAWAL,CR,JALGAON,MAHARASHTRA
78,GHOTI,GO,NSG6,BHUSAWAL,CR,NASHIK,MAHARASHTRA
79,HIRAPUR,HPR,NSG6,BHUSAWAL,CR,JALGAON,MAHARASHTRA
80,HISVAHAL,HSL,NSG6,BHUSAWAL,CR,NASHIK,MAHARASHTRA
81,JALAMB JN.,JM,NSG6,BHUSAWAL,CR,BULDHANA,MAHARASHTRA
82,JAMDHA,JMD,NSG6,BHUSAWAL,CR,JALGAON,MAHARASHTRA
83,KAJGAON,KJ,NSG6,BHUSAWAL,CR,JALGAON,MAHARASHTRA
84,KASBE SUKENE,KBSN,NSG6,BHUSAWAL,CR,NASHIK,MAHARASHTRA
85,KATEPURNA,KTP,NSG6,BHUSAWAL,CR,AKOLA,MAHARASHTRA
86,KHAMGAON,KMN,NSG6,BHUSAWAL,CR,BULDHANA,MAHARASHTRA
87,KHAMKHED,KMKD,NSG6,BHUSAWAL,CR,BULDHANA,MAHARASHTRA
88,KHERWADI,KW,NSG6,BHUSAWAL,CR,NASHIK,MAHARASHTRA
89,KHUMGAON BURTI,KJL,NSG6,BHUSAWAL,CR,BULDHANA,MAHARASHTRA
90,KURAM,KUM,NSG6,BHUSAWAL,CR,AKOLA,MAHARASHTRA
91,LAHAVIT,LT,NSG6,BHUSAWAL,CR,NASHIK,MAHARASHTRA
92,MAHEJI,MYJ,NSG6,BHUSAWAL,CR,JALGAON,MAHARASHTRA
93,MANA,MANA,NSG6,BHUSAWAL,CR,AKOLA,MAHARASHTRA
94,MANDWA,MWA,NSG6,BHUSAWAL,CR,EAST NIMAR,MADHYA PRADESH
95,MHASAVAD,MWD,NSG6,BHUSAWAL,CR,JALGAON,MAHARASHTRA
96,NAGARDEVLA,NGD,NSG6,BHUSAWAL,CR,JALGAON,MAHARASHTRA
97,NAYDONGRI,NI,NSG6,BHUSAWAL,CR,NASHIK,MAHARASHTRA
98,NEW AMRAVATI,NAVI,NSG6,BHUSAWAL,CR,AMRAVATI,MAHARASHTRA
99,NIMBHORA,NB,NSG6,BHUSAWAL,CR,JALGAON,MAHARASHTRA
100,ODHA,ODHA,NSG6,BHUSAWAL,CR,NASHIK,MAHARASHTRA
101,PANJHAN,PJN,NSG6,BHUSAWAL,CR,NASHIK,MAHARASHTRA
102,PARAS,PS,NSG6,BHUSAWAL,CR,AKOLA,MAHARASHTRA
103,PARDHADE,PHQ,NSG6,BHUSAWAL,CR,JALGAON,MAHARASHTRA
104,PIMPARKHED,PKE,NSG6,BHUSAWAL,CR,NASHIK,MAHARASHTRA
105,SAVDA,SAV,NSG6,BHUSAWAL,CR,JALGAON,MAHARASHTRA
106,SHIRSOLI,SS,NSG6,BHUSAWAL,CR,JALGAON,MAHARASHTRA
107,SHIRUD,SHF,NSG6,BHUSAWAL,CR,DHULE,MAHARASHTRA
108,SHRI KSHETRA NAGJHARI,NGZ,NSG6,BHUSAWAL,CR,BULDHANA,MAHARASHTRA
109,SUMMIT,SUM,NSG6,BHUSAWAL,CR,NASHIK,MAHARASHTRA
110,TAKLI,TKI,NSG6,BHUSAWAL,CR,AMRAVATI,MAHARASHTRA
111,UGAON,UGN,NSG6,BHUSAWAL,CR,NASHIK,MAHARASHTRA
112,VAGHLI,VGL,NSG6,BHUSAWAL,CR,JALGAON,MAHARASHTRA
113,VARANGAON,VNA,NSG6,BHUSAWAL,CR,JALGAON,MAHARASHTRA
114,WADODA,WADO,NSG6,BHUSAWAL,CR,BULDHANA,MAHARASHTRA
115,WAGHODA,WGA,NSG6,BHUSAWAL,CR,JALGAON,MAHARASHTRA
116,WALGAON,WLGN,NSG6,BHUSAWAL,CR,AMRAVATI,MAHARASHTRA
117,YAVATMAL,YTL,NSG6,BHUSAWAL,CR,YAVATMAL,MAHARASHTRA
118,YEULKHED,YAD,NSG6,BHUSAWAL,CR,AKOLA,MAHARASHTRA
119,CHAUK,CHOK,HG2,MUMBAI,CR,RAIGAD,MAHARASHTRA
120,HAMARAPUR,HMRR,HG2,MUMBAI,CR,RAIGAD,MAHARASHTRA
121,JUICHANDRA,JCNR,HG2,MUMBAI,CR,THANE,MAHARASHTRA
122,KASU,KASU,HG2,MUMBAI,CR,RAIGAD,MAHARASHTRA
123,NAVADE ROAD,NVRD,HG2,MUMBAI,CR,RAIGAD,MAHARASHTRA
124,NIDI,NIDI,HG2,MUMBAI,CR,RAIGAD,MAHARASHTRA
125,CHIKHLI,CKHS,HG3,MUMBAI,CR,RAIGAD,MAHARASHTRA
126,MOHOPE,MHPE,HG3,MUMBAI,CR,RAIGAD,MAHARASHTRA
127,OOMBERMALI,OMB,HG3,MUMBAI,CR,THANE,MAHARASHTRA
128,RASAYANI,RSYI,HG3,MUMBAI,CR,RAIGAD,MAHARASHTRA
129,THANSIT,THS,HG3,MUMBAI,CR,THANE,MAHARASHTRA
130,C SHIVAJI MAH T,CSMT,NSG1,MUMBAI,CR,MUMBAI,MAHARASHTRA
131,DADAR,DR,NSG1,MUMBAI,CR,MUMBAI,MAHARASHTRA
132,KALYAN JN.,KYN,NSG1,MUMBAI,CR,THANE,MAHARASHTRA
133,LOKMANYA TILAK TERMI,LTT,NSG1,MUMBAI,CR,MUMBAI,MAHARASHTRA
134,PANVEL,PNVL,NSG1,MUMBAI,CR,RAIGAD,MAHARASHTRA
135,THANE,TNA,NSG1,MUMBAI,CR,THANE,MAHARASHTRA
136,LONAVALA,LNL,NSG3,MUMBAI,CR,PUNE,MAHARASHTRA
137,AMAN LODGE,ANLG,NSG4,MUMBAI,CR,RAIGAD,MAHARASHTRA
138,BHIVANDI ROAD,BIRD,NSG4,MUMBAI,CR,THANE,MAHARASHTRA
139,MATHERAN,MAE,NSG4,MUMBAI,CR,RAIGAD,MAHARASHTRA
140,IGATPURI,IGP,NSG5,MUMBAI,CR,NASHIK,MAHARASHTRA
141,ROHA,ROHA,NSG5,MUMBAI,CR,RAIGAD,MAHARASHTRA
142,APTA,APTA,NSG6,MUMBAI,CR,RAIGAD,MAHARASHTRA
143,JITE,JITE,NSG6,MUMBAI,CR,RAIGAD,MAHARASHTRA
144,KALAMBOLI,KLMC,NSG6,MUMBAI,CR,RAIGAD,MAHARASHTRA
145,KAMAN ROAD,KARD,NSG6,MUMBAI,CR,THANE,MAHARASHTRA
146,KHANDALA,KAD,NSG6,MUMBAI,CR,RAIGAD,MAHARASHTRA
147,KHARBAV,KHBV,NSG6,MUMBAI,CR,THANE,MAHARASHTRA
148,NAGOTHANE,NGTN,NSG6,MUMBAI,CR,RAIGAD,MAHARASHTRA
149,NILAJE,NIIJ,NSG6,MUMBAI,CR,THANE,MAHARASHTRA
150,PEN,PEN,NSG6,MUMBAI,CR,RAIGAD,MAHARASHTRA
151,SOMTANE,SMNE,NSG6,MUMBAI,CR,RAIGAD,MAHARASHTRA
152,TALOJA PANCHNAND,TPND,NSG6,MUMBAI,CR,RAIGAD,MAHARASHTRA
153,AMBARNATH,ABH,SG1,MUMBAI,CR,THANE,MAHARASHTRA
154,BADLAPUR,BUD,SG1,MUMBAI,CR,THANE,MAHARASHTRA
155,BHANDUP,BND,SG1,MUMBAI,CR,MUMBAI,MAHARASHTRA
156,DIVA,DIVA,SG1,MUMBAI,CR,THANE,MAHARASHTRA
157,DOMBIVLI,DI,SG1,MUMBAI,CR,THANE,MAHARASHTRA
158,GHATKOPAR,GC,SG1,MUMBAI,CR,MUMBAI,MAHARASHTRA
159,KURLA JN.,CLA,SG1,MUMBAI,CR,MUMBAI,MAHARASHTRA
160,MANKHURD,MNKD,SG1,MUMBAI,CR,MUMBAI,MAHARASHTRA
161,MULUND,MLND,SG1,MUMBAI,CR,MUMBAI,MAHARASHTRA
162,MUMBRA,MBQ,SG1,MUMBAI,CR,THANE,MAHARASHTRA
163,SION,SIN,SG1,MUMBAI,CR,MUMBAI,MAHARASHTRA
164,VIKHROLI,VK,SG1,MUMBAI,CR,MUMBAI,MAHARASHTRA
165,AIRAVALI,AIRL,SG2,MUMBAI,CR,THANE,MAHARASHTRA
166,AMBIVLI,ABY,SG2,MUMBAI,CR,THANE,MAHARASHTRA
167,BELAPUR C.B.D,BEPR,SG2,MUMBAI,CR,THANE,MAHARASHTRA
168,BYCULLA,BY,SG2,MUMBAI,CR,MUMBAI,MAHARASHTRA
169,CHEMBUR,CMBR,SG2,MUMBAI,CR,MUMBAI,MAHARASHTRA
170,CHINCHPOKLI,CHG,SG2,MUMBAI,CR,MUMBAI,MAHARASHTRA
171,COTTON GREEN,CTGN,SG2,MUMBAI,CR,MUMBAI,MAHARASHTRA
172,CURREY ROAD,CRD,SG2,MUMBAI,CR,MUMBAI,MAHARASHTRA
173,GHANSOLI,GNSL,SG2,MUMBAI,CR,THANE,MAHARASHTRA
174,GOVANDI,GV,SG2,MUMBAI,CR,MUMBAI,MAHARASHTRA
175,GURU TEGHBAHADURNAGA,GTBN,SG2,MUMBAI,CR,MUMBAI,MAHARASHTRA
176,JUINAGAR,JNJ,SG2,MUMBAI,CR,THANE,MAHARASHTRA
177,KALVA,KLVA,SG2,MUMBAI,CR,THANE,MAHARASHTRA
178,KANJUR MARG,KJRD,SG2,MUMBAI,CR,MUMBAI,MAHARASHTRA
179,KARJAT,KJT,SG2,MUMBAI,CR,RAIGAD,MAHARASHTRA
180,KHANDESHWAR,KNDS,SG2,MUMBAI,CR,RAIGAD,MAHARASHTRA
181,KHARGHAR,KHAG,SG2,MUMBAI,CR,RAIGAD,MAHARASHTRA
182,KINGS CIRCLE,KCE,SG2,MUMBAI,CR,MUMBAI,MAHARASHTRA
183,KOPARKHAIRANE,KPHN,SG2,MUMBAI,CR,THANE,MAHARASHTRA
184,MANSAROVAR,MANR,SG2,MUMBAI,CR,RAIGAD,MAHARASHTRA
185,MASJID,MSD,SG2,MUMBAI,CR,MUMBAI,MAHARASHTRA
186,MATUNGA,MTN,SG2,MUMBAI,CR,MUMBAI,MAHARASHTRA
187,NAHUR,NHU,SG2,MUMBAI,CR,MUMBAI SUBURBAN,MAHARASHTRA
188,NERUL,NEU,SG2,MUMBAI,CR,THANE,MAHARASHTRA
189,SANDHURST ROAD,SNRD,SG2,MUMBAI,CR,MUMBAI,MAHARASHTRA
190,SANPADA,SNCR,SG2,MUMBAI,CR,THANE,MAHARASHTRA
191,SEAWOODSDARAVE,SWDV,SG2,MUMBAI,CR,THANE,MAHARASHTRA
192,SEWRI,SVE,SG2,MUMBAI,CR,MUMBAI,MAHARASHTRA
193,SHAHAD,SHAD,SG2,MUMBAI,CR,THANE,MAHARASHTRA
194,THAKURLI,THK,SG2,MUMBAI,CR,THANE,MAHARASHTRA
195,TILAK NAGAR,TKNG,SG2,MUMBAI,CR,MUMBAI,MAHARASHTRA
196,TITWALA,TLA,SG2,MUMBAI,CR,THANE,MAHARASHTRA
197,ULHASNAGAR,ULNR,SG2,MUMBAI,CR,THANE,MAHARASHTRA
198,VADALA ROAD,VDLR,SG2,MUMBAI,CR,MUMBAI,MAHARASHTRA
199,VASHI,VSH,SG2,MUMBAI,CR,THANE,MAHARASHTRA
200,VIDYAVIHAR,VVH,SG2,MUMBAI,CR,MUMBAI,MAHARASHTRA
201,VITHALWADI,VLDI,SG2,MUMBAI,CR,THANE,MAHARASHTRA
202,ASANGAON,ASO,SG3,MUMBAI,CR,THANE,MAHARASHTRA
203,ATGAON,ATG,SG3,MUMBAI,CR,THANE,MAHARASHTRA
204,BAMANDONGRI,BMDR,SG3,MUMBAI,CR,RAIGAD,MAHARASHTRA
205,BHIVPURI ROAD,BVS,SG3,MUMBAI,CR,RAIGAD,MAHARASHTRA
206,CHUNABHATTI,CHF,SG3,MUMBAI,CR,MUMBAI,MAHARASHTRA
207,DOCKYARD ROAD,DKRD,SG3,MUMBAI,CR,MUMBAI,MAHARASHTRA
208,DOLAVALI,DLV,SG3,MUMBAI,CR,RAIGAD,MAHARASHTRA
209,KASARA,KSRA,SG3,MUMBAI,CR,THANE,MAHARASHTRA
210,KELAVLI,KLY,SG3,MUMBAI,CR,RAIGAD,MAHARASHTRA
211,KHADAVLI,KDV,SG3,MUMBAI,CR,THANE,MAHARASHTRA
212,KHARDI,KE,SG3,MUMBAI,CR,THANE,MAHARASHTRA
213,KHARKOPAR,KARP,SG3,MUMBAI,CR,RAIGAD,MAHARASHTRA
214,KHOPOLI,KHPI,SG3,MUMBAI,CR,RAIGAD,MAHARASHTRA
215,KOPAR,KOPR,SG3,MUMBAI,CR,THANE,MAHARASHTRA
216,LOWJEE,LWJ,SG3,MUMBAI,CR,RAIGAD,MAHARASHTRA
217,NERAL,NRL,SG3,MUMBAI,CR,RAIGAD,MAHARASHTRA
218,PALASDHARI,PDI,SG3,MUMBAI,CR,RAIGAD,MAHARASHTRA
219,PAREL,PR,SG3,MUMBAI,CR,MUMBAI,MAHARASHTRA
220,RABALE,RABE,SG3,MUMBAI,CR,THANE,MAHARASHTRA
221,REAY ROAD,RRD,SG3,MUMBAI,CR,MUMBAI,MAHARASHTRA
222,SHELU,SHLU,SG3,MUMBAI,CR,RAIGAD,MAHARASHTRA
223,TURBHE,TUH,SG3,MUMBAI,CR,THANE,MAHARASHTRA
224,VANGANI,VGI,SG3,MUMBAI,CR,THANE,MAHARASHTRA
225,VASIND,VSD,SG3,MUMBAI,CR,THANE,MAHARASHTRA
226,BARCHHI ROAD,BCRD,HG2,NAGPUR,CR,BETUL,MADHYA PRADESH
227,BARELIPAR,BQM,HG2,NAGPUR,CR,CHHINDWARA,MADHYA PRADESH
228,BENODA,BNOD,HG2,NAGPUR,CR,AMRAVATI,MAHARASHTRA
229,GANGIWARA,GNW,HG2,NAGPUR,CR,CHHINDWARA,MADHYA PRADESH
230,MARKADHANA,MKDN,HG2,NAGPUR,CR,CHHINDWARA,MADHYA PRADESH
231,MOWAD,MWAD,HG2,NAGPUR,CR,NAGPUR,MAHARASHTRA
232,VARUD,VADR,HG2,NAGPUR,CR,WARDHA,MAHARASHTRA
233,DARIMETA,DDMT,HG3,NAGPUR,CR,CHHINDWARA,MADHYA PRADESH
234,GHUDANKHAPA,GDKP,HG3,NAGPUR,CR,CHHINDWARA,MADHYA PRADESH
235,GONDWANA VISAPUR,GNVR,HG3,NAGPUR,CR,CHANDRAPUR,MAHARASHTRA
236,HATNAPUR,HTN,HG3,NAGPUR,CR,BETUL,MADHYA PRADESH
237,HIWARKHED,HKNT,HG3,NAGPUR,CR,AMRAVATI,MAHARASHTRA
238,LALAWADI,LLD,HG3,NAGPUR,CR,BETUL,MADHYA PRADESH
239,MAGARDOH,MGRD,HG3,NAGPUR,CR,BETUL,MADHYA PRADESH
240,MALKAPUR ROAD,MALK,HG3,NAGPUR,CR,BETUL,MADHYA PRADESH
241,TINKHEDA,TNH,HG3,NAGPUR,CR,NAGPUR,MAHARASHTRA
242,NAGPUR,NGP,NSG2,NAGPUR,CR,NAGPUR,MAHARASHTRA
243,BALHARSHAH,BPQ,NSG3,NAGPUR,CR,CHANDRAPUR,MAHARASHTRA
244,BETUL,BZU,NSG4,NAGPUR,CR,BETUL,MADHYA PRADESH
245,CHANDRAPUR (MAHARASH,CD,NSG4,NAGPUR,CR,CHANDRAPUR,MAHARASHTRA
246,SEVAGRAM,SEGM,NSG4,NAGPUR,CR,WARDHA,MAHARASHTRA
247,AJNI,AJNI,NSG5,NAGPUR,CR,NAGPUR,MAHARASHTRA
248,AMLA JN.,AMLA,NSG5,NAGPUR,CR,BETUL,MADHYA PRADESH
249,BHANDAK,BUX,NSG5,NAGPUR,CR,CHANDRAPUR,MAHARASHTRA
250,BHUGAON,BPK,NSG5,NAGPUR,CR,WARDHA,MAHARASHTRA
251,CHANDUR,CND,NSG5,NAGPUR,CR,AMRAVATI,MAHARASHTRA
252,DHAMANGAON,DMN,NSG5,NAGPUR,CR,AMRAVATI,MAHARASHTRA
253,GHORADONGRI,GDYA,NSG5,NAGPUR,CR,BETUL,MADHYA PRADESH
254,HINGANGHAT,HGT,NSG5,NAGPUR,CR,WARDHA,MAHARASHTRA
255,JUNNOR DEO,JNO,NSG5,NAGPUR,CR,CHHINDWARA,MADHYA PRADESH
256,KATOL,KATL,NSG5,NAGPUR,CR,NAGPUR,MAHARASHTRA
257,MULTAI,MTY,NSG5,NAGPUR,CR,BETUL,MADHYA PRADESH
258,NARKHER,NRKR,NSG5,NAGPUR,CR,NAGPUR,MAHARASHTRA
259,PANDHURNA,PAR,NSG5,NAGPUR,CR,CHHINDWARA,MADHYA PRADESH
260,PARASIA,PUX,NSG5,NAGPUR,CR,CHHINDWARA,MADHYA PRADESH
261,PULGAON JN.,PLO,NSG5,NAGPUR,CR,WARDHA,MAHARASHTRA
262,WARDHA JN.,WR,NSG5,NAGPUR,CR,WARDHA,MAHARASHTRA
263,WARORA,WRR,NSG5,NAGPUR,CR,CHANDRAPUR,MAHARASHTRA
264,BABUPETH,BUPH,NSG6,NAGPUR,CR,CHANDRAPUR,MAHARASHTRA
265,BARBATPUR,BBTR,NSG6,NAGPUR,CR,HOSHANGABAD,MADHYA PRADESH
266,BARSALI,BYS,NSG6,NAGPUR,CR,BETUL,MADHYA PRADESH
267,BHARATWADA,BWRA,NSG6,NAGPUR,CR,NAGPUR,MAHARASHTRA
268,BORDHAI,BXY,NSG6,NAGPUR,CR,CHHINDWARA,MADHYA PRADESH
269,BORKHEDI,BOK,NSG6,NAGPUR,CR,NAGPUR,MAHARASHTRA
270,BUTI BORI,BTBR,NSG6,NAGPUR,CR,NAGPUR,MAHARASHTRA
271,CHICHONDA,CCD,NSG6,NAGPUR,CR,BETUL,MADHYA PRADESH
272,CHIKNI ROAD,CKNI,NSG6,NAGPUR,CR,CHANDRAPUR,MAHARASHTRA
273,DAHEGAON,DAE,NSG6,NAGPUR,CR,WARDHA,MAHARASHTRA
274,DHARAKHOH,DHQ,NSG6,NAGPUR,CR,BETUL,MADHYA PRADESH
275,DHODRA MOHAR,DOH,NSG6,NAGPUR,CR,BETUL,MADHYA PRADESH
276,GODHANI,GNQ,NSG6,NAGPUR,CR,NAGPUR,MAHARASHTRA
277,GUMGAON,GMG,NSG6,NAGPUR,CR,NAGPUR,MAHARASHTRA
278,HIRDAGARH,HRG,NSG6,NAGPUR,CR,CHHINDWARA,MADHYA PRADESH
279,IKLEHRA,IKR,NSG6,NAGPUR,CR,CHHINDWARA,MADHYA PRADESH
280,JAMBARA,JMV,NSG6,NAGPUR,CR,BETUL,MADHYA PRADESH
281,JAULKHERA,JKR,NSG6,NAGPUR,CR,BETUL,MADHYA PRADESH
282,KALA AKHAR,KQE,NSG6,NAGPUR,CR,HOSHANGABAD,MADHYA PRADESH
283,KALAMBHA,KLBA,NSG6,NAGPUR,CR,NAGPUR,MAHARASHTRA
284,KALMESHWAR,KSWR,NSG6,NAGPUR,CR,NAGPUR,MAHARASHTRA
285,KAOTHA,KAOT,NSG6,NAGPUR,CR,WARDHA,MAHARASHTRA
286,KAYAR,KAYR,NSG6,NAGPUR,CR,YAVATMAL,MAHARASHTRA
287,KHAPRI,KRI,NSG6,NAGPUR,CR,NAGPUR,MAHARASHTRA
288,KIRATGARH,KRTH,NSG6,NAGPUR,CR,HOSHANGABAD,MADHYA PRADESH
289,KOHLI,KOHL,NSG6,NAGPUR,CR,NAGPUR,MAHARASHTRA
290,LINGTI,LNT,NSG6,NAGPUR,CR,YAVATMAL,MAHARASHTRA
291,MAJRI JN.,MJRI,NSG6,NAGPUR,CR,CHANDRAPUR,MAHARASHTRA
292,MAJRIKHADAN,MJKN,NSG6,NAGPUR,CR,CHANDRAPUR,MAHARASHTRA
293,MALKHED,MLR,NSG6,NAGPUR,CR,AMRAVATI,MAHARASHTRA
294,MARAMJHIRI,MJY,NSG6,NAGPUR,CR,BETUL,MADHYA PRADESH
295,METPANJRA,MER,NSG6,NAGPUR,CR,NAGPUR,MAHARASHTRA
296,MORSHI,MRSH,NSG6,NAGPUR,CR,AMRAVATI,MAHARASHTRA
297,NAGRI,NGI,NSG6,NAGPUR,CR,CHANDRAPUR,MAHARASHTRA
298,NAWEGAON,NVG,NSG6,NAGPUR,CR,CHHINDWARA,MADHYA PRADESH
299,PALACHAURI,PCLI,NSG6,NAGPUR,CR,CHHINDWARA,MADHYA PRADESH
300,PIMPALKHUTI,PMKT,NSG6,NAGPUR,CR,YAVATMAL,MAHARASHTRA
301,PUSLA,PUSA,NSG6,NAGPUR,CR,AMRAVATI,MAHARASHTRA
302,SAHELI,SAHL,NSG6,NAGPUR,CR,HOSHANGABAD,MADHYA PRADESH
303,SELOO ROAD,SLOR,NSG6,NAGPUR,CR,WARDHA,MAHARASHTRA
304,SINDI,SNI,NSG6,NAGPUR,CR,NAGPUR,MAHARASHTRA
305,SONEGAON,SNN,NSG6,NAGPUR,CR,WARDHA,MAHARASHTRA
306,SONKHAMB,SNKB,NSG6,NAGPUR,CR,NAGPUR,MAHARASHTRA
307,TADALI,TAE,NSG6,NAGPUR,CR,CHANDRAPUR,MAHARASHTRA
308,TAKU,TAKU,NSG6,NAGPUR,CR,HOSHANGABAD,MADHYA PRADESH
309,TALNI,TLN,NSG6,NAGPUR,CR,BULDHANA,MAHARASHTRA
310,TEEGAON,TEO,NSG6,NAGPUR,CR,CHHINDWARA,MADHYA PRADESH
311,TIMTALA,TMT,NSG6,NAGPUR,CR,AMRAVATI,MAHARASHTRA
312,TULJAPUR,TGP,NSG6,NAGPUR,CR,WARDHA,MAHARASHTRA
313,WAGHOLI,WG,NSG6,NAGPUR,CR,WARDHA,MAHARASHTRA
314,WANI,WANI,NSG6,NAGPUR,CR,YAVATMAL,MAHARASHTRA
315,WARUD ORANGE CITY,WOC,NSG6,NAGPUR,CR,AMRAVATI,MAHARASHTRA
316,KADETHAN,KDTN,HG2,PUNE,CR,PUNE,MAHARASHTRA
317,KANHE,KNHE,HG2,PUNE,CR,PUNE,MAHARASHTRA
318,KATPHAL,KFH,HG2,PUNE,CR,PUNE,MAHARASHTRA
319,KHUTBAV,KTT,HG2,PUNE,CR,PUNE,MAHARASHTRA
320,MANJARI BUDRUK,MJBK,HG2,PUNE,CR,PUNE,MAHARASHTRA
321,SHIRSAI,SSI,HG2,PUNE,CR,PUNE,MAHARASHTRA
322,VISHRAMBAG,VRB,HG2,PUNE,CR,SANGLI,MAHARASHTRA
323,AMNAPUR,ANQ,HG3,PUNE,CR,SANGLI,MAHARASHTRA
324,MADHAVNAGAR,MDVR,HG3,PUNE,CR,SANGLI,MAHARASHTRA
325,MALADGAON,MDDG,HG3,PUNE,CR,PUNE,MAHARASHTRA
326,NIMSHIRGAON TAMDALGE,NMGT,HG3,PUNE,CR,KOLHAPUR,MAHARASHTRA
327,PHALTAN,PLLD,HG3,PUNE,CR,SATARA,MAHARASHTRA
328,SURWADI,SWLN,HG3,PUNE,CR,SATARA,MAHARASHTRA
329,TARADGAON,TGLN,HG3,PUNE,CR,SATARA,MAHARASHTRA
330,PUNE JN.,PUNE,NSG1,PUNE,CR,PUNE,MAHARASHTRA
331,CHHATRAPATI SHAHU MAHARAJ TERMINUS,KOP,NSG3,PUNE,CR,KOLHAPUR,MAHARASHTRA
332,MIRAJ JN.,MRJ,NSG3,PUNE,CR,SANGLI,MAHARASHTRA
333,BARAMATI,BRMT,NSG5,PUNE,CR,PUNE,MAHARASHTRA
334,HATKANANGALE,HTK,NSG5,PUNE,CR,KOLHAPUR,MAHARASHTRA
335,JAYASINGPUR,JSP,NSG5,PUNE,CR,KOLHAPUR,MAHARASHTRA
336,JEJURI,JJR,NSG5,PUNE,CR,PUNE,MAHARASHTRA
337,KARAD,KRD,NSG5,PUNE,CR,SATARA,MAHARASHTRA
338,KEDGAON,KDG,NSG5,PUNE,CR,PUNE,MAHARASHTRA
339,KIRLOSKARVADI,KOV,NSG5,PUNE,CR,SANGLI,MAHARASHTRA
340,SANGLI,SLI,NSG5,PUNE,CR,SANGLI,MAHARASHTRA
341,SATARA,STR,NSG5,PUNE,CR,SATARA,MAHARASHTRA
342,URULI,URI,NSG5,PUNE,CR,PUNE,MAHARASHTRA
343,VALIVADE,VV,NSG5,PUNE,CR,KOLHAPUR,MAHARASHTRA
344,ADARKI,AKI,NSG6,PUNE,CR,SATARA,MAHARASHTRA
345,ALANDI,ALN,NSG6,PUNE,CR,PUNE,MAHARASHTRA
346,AMBALE,ABLE,NSG6,PUNE,CR,PUNE,MAHARASHTRA
347,BHAVANINAGAR,BVNR,NSG6,PUNE,CR,SANGLI,MAHARASHTRA
348,BHILAVDI,BVQ,NSG6,PUNE,CR,SANGLI,MAHARASHTRA
349,DAUNDAJ,DNJ,NSG6,PUNE,CR,PUNE,MAHARASHTRA
350,HADAPSAR,HDP,NSG6,PUNE,CR,PUNE,MAHARASHTRA
351,JARANDESHWAR,JSV,NSG6,PUNE,CR,SATARA,MAHARASHTRA
352,KOREGAON,KRG,NSG6,PUNE,CR,SATARA,MAHARASHTRA
353,LONAND JN.,LNN,NSG6,PUNE,CR,SATARA,MAHARASHTRA
354,LONI,LONI,NSG6,PUNE,CR,PUNE,MAHARASHTRA
355,MASUR,MSR,NSG6,PUNE,CR,SATARA,MAHARASHTRA
356,NANDRE,NDE,NSG6,PUNE,CR,SANGLI,MAHARASHTRA
357,NIRA,NIRA,NSG6,PUNE,CR,PUNE,MAHARASHTRA
358,PALSI,PLV,NSG6,PUNE,CR,SATARA,MAHARASHTRA
359,PATAS,PAA,NSG6,PUNE,CR,PUNE,MAHARASHTRA
360,PHURSUNGI,FSG,NSG6,PUNE,CR,PUNE,MAHARASHTRA
361,RAHIMATPUR,RMP,NSG6,PUNE,CR,SATARA,MAHARASHTRA
362,RAJEVADI,RJW,NSG6,PUNE,CR,PUNE,MAHARASHTRA
363,RUKADI,RKD,NSG6,PUNE,CR,KOLHAPUR,MAHARASHTRA
364,SALPA,SLP,NSG6,PUNE,CR,SATARA,MAHARASHTRA
365,SASVAD ROAD,SSV,NSG6,PUNE,CR,PUNE,MAHARASHTRA
366,SHENOLI,SNE,NSG6,PUNE,CR,SATARA,MAHARASHTRA
367,SHINDAWANE,SHIV,NSG6,PUNE,CR,PUNE,MAHARASHTRA
368,SHIRAVDE,SIW,NSG6,PUNE,CR,SATARA,MAHARASHTRA
369,TAKARI,TKR,NSG6,PUNE,CR,SANGLI,MAHARASHTRA
370,TARGAON,TAZ,NSG6,PUNE,CR,SATARA,MAHARASHTRA
371,VALHA,WLH,NSG6,PUNE,CR,PUNE,MAHARASHTRA
372,WATHAR,WTR,NSG6,PUNE,CR,SATARA,MAHARASHTRA
373,YEVAT,YT,NSG6,PUNE,CR,PUNE,MAHARASHTRA
374,AKURDI,AKRD,SG3,PUNE,CR,PUNE,MAHARASHTRA
375,BEGDEWADI,BGWI,SG3,PUNE,CR,PUNE,MAHARASHTRA
376,CHINCHVAD,CCH,SG3,PUNE,CR,PUNE,MAHARASHTRA
377,DAPODI,DAPD,SG3,PUNE,CR,PUNE,MAHARASHTRA
378,DEHU ROAD,DEHR,SG3,PUNE,CR,PUNE,MAHARASHTRA
379,GHORAWADI,GRWD,SG3,PUNE,CR,PUNE,MAHARASHTRA
380,KAMSHET,KMST,SG3,PUNE,CR,PUNE,MAHARASHTRA
381,KASARWADI,KSWD,SG3,PUNE,CR,PUNE,MAHARASHTRA
382,KHADKI,KK,SG3,PUNE,CR,PUNE,MAHARASHTRA
383,MALAVLI,MVL,SG3,PUNE,CR,PUNE,MAHARASHTRA
384,PIMPRI,PMP,SG3,PUNE,CR,PUNE,MAHARASHTRA
385,SHIVAJI NAGAR,SVJR,SG3,PUNE,CR,PUNE,MAHARASHTRA
386,TALEGAON,TGN,SG3,PUNE,CR,PUNE,MAHARASHTRA
387,VADGAON,VDN,SG3,PUNE,CR,PUNE,MAHARASHTRA
388,ASHTI,AHI,HG3,SOLAPUR,CR,SOLAPUR,MAHARASHTRA
389,BELANKI,BLNK,HG3,SOLAPUR,CR,SANGLI,MAHARASHTRA
390,HARANGUL,HGL,HG3,SOLAPUR,CR,LATUR,MAHARASHTRA
391,JAVALE,JVA,HG3,SOLAPUR,CR,SOLAPUR,MAHARASHTRA
392,KADA,KDAA,HG3,SOLAPUR,CR,AHMEDNAGAR,MAHARASHTRA
393,KALAMB ROAD,KMRD,HG3,SOLAPUR,CR,OSMANABAD,MAHARASHTRA
394,LANGARPETH,LNP,HG3,SOLAPUR,CR,SANGLI,MAHARASHTRA
395,MHASOBA DONGARGAON,MSDG,HG3,SOLAPUR,CR,SOLAPUR,MAHARASHTRA
396,MURUD,MRX,HG3,SOLAPUR,CR,LATUR,MAHARASHTRA
397,NARAYANDOHO,NYDO,HG3,SOLAPUR,CR,AHMEDNAGAR,MAHARASHTRA
398,NEW DHANORA,NDNR,HG3,SOLAPUR,CR,BEED,MAHARASHTRA
399,NEW LONI,NLNI,HG3,SOLAPUR,CR,BEED,MAHARASHTRA
400,NIMBLAK,NNB,HG3,SOLAPUR,CR,AHMEDNAGAR,MAHARASHTRA
401,NIPANI VADGAON,NPW,HG3,SOLAPUR,CR,AHMEDNAGAR,MAHARASHTRA
402,PATHROT,PTRT,HG3,SOLAPUR,CR,AMRAVATI,MAHARASHTRA
403,SOLAPURWADI,SPWI,HG3,SOLAPUR,CR,BEED,MAHARASHTRA
404,WASUD,WSD,HG3,SOLAPUR,CR,SOLAPUR,MAHARASHTRA
405,SOLAPUR,SUR,NSG2,SOLAPUR,CR,SOLAPUR,MAHARASHTRA
406,AHMADNAGAR.,ANG,NSG3,SOLAPUR,CR,AHMEDNAGAR,MAHARASHTRA
407,DAUND JN.,DD,NSG3,SOLAPUR,CR,PUNE,MAHARASHTRA
408,KALABURAGI,KLBG,NSG3,SOLAPUR,CR,BAGALKOTE,KARNATAKA
409,KOPARGAON,KPG,NSG3,SOLAPUR,CR,AHMEDNAGAR,MAHARASHTRA
410,SAINAGAR SHIRDI,SNSI,NSG3,SOLAPUR,CR,AHMEDNAGAR,MAHARASHTRA
411,KURDUWADI,KWV,NSG4,SOLAPUR,CR,SOLAPUR,MAHARASHTRA
412,LATUR,LUR,NSG4,SOLAPUR,CR,LATUR,MAHARASHTRA
413,PANDHARPUR,PVR,NSG4,SOLAPUR,CR,SOLAPUR,MAHARASHTRA
414,WADI,WADI,NSG4,SOLAPUR,CR,KALABURAGI,KARNATAKA
415,AKALKOT ROAD,AKOR,NSG5,SOLAPUR,CR,SOLAPUR,MAHARASHTRA
416,BARSI TOWN,BTW,NSG5,SOLAPUR,CR,SOLAPUR,MAHARASHTRA
417,BELAPUR,BAP,NSG5,SOLAPUR,CR,AHMEDNAGAR,MAHARASHTRA
418,DAUND CHORDLINE,DDCC,NSG5,SOLAPUR,CR,PUNE,MAHARASHTRA
419,DUDHANI,DUD,NSG5,SOLAPUR,CR,SOLAPUR,MAHARASHTRA
420,GANAGAPUR ROAD,GUR,NSG5,SOLAPUR,CR,KALABURAGI,KARNATAKA
421,HOTGI,HG,NSG5,SOLAPUR,CR,SOLAPUR,MAHARASHTRA
422,JEUR,JEUR,NSG5,SOLAPUR,CR,SOLAPUR,MAHARASHTRA
423,SHAHABAD,SDB,NSG5,SOLAPUR,CR,KALABURAGI,KARNATAKA
424,USMANABAD,UMD,NSG5,SOLAPUR,CR,OSMANABAD,MAHARASHTRA
425,AKOLNER,AKR,NSG6,SOLAPUR,CR,AHMEDNAGAR,MAHARASHTRA
426,ANGAR,AAG,NSG6,SOLAPUR,CR,SOLAPUR,MAHARASHTRA
427,ARAG,ARAG,NSG6,SOLAPUR,CR,SANGLI,MAHARASHTRA
428,AUSA ROAD,OSA,NSG6,SOLAPUR,CR,LATUR,MAHARASHTRA
429,BABLAD,BBD,NSG6,SOLAPUR,CR,KALABURAGI,KARNATAKA
430,BALE,BALE,NSG6,SOLAPUR,CR,SOLAPUR,MAHARASHTRA
431,BELVANDI,BWD,NSG6,SOLAPUR,CR,AHMEDNAGAR,MAHARASHTRA
432,BHIGWAN,BGVN,NSG6,SOLAPUR,CR,PUNE,MAHARASHTRA
433,BORIBIAL,BRB,NSG6,SOLAPUR,CR,PUNE,MAHARASHTRA
434,BOROTI,BOT,NSG6,SOLAPUR,CR,SOLAPUR,MAHARASHTRA
435,CHITALI,CIT,NSG6,SOLAPUR,CR,AHMEDNAGAR,MAHARASHTRA
436,DHALGAON,DLGN,NSG6,SOLAPUR,CR,SANGLI,MAHARASHTRA
437,DHAVALAS,DHS,NSG6,SOLAPUR,CR,SOLAPUR,MAHARASHTRA
438,DHOKI,DKY,NSG6,SOLAPUR,CR,OSMANABAD,MAHARASHTRA
439,GAUDGAON.,GDGN,NSG6,SOLAPUR,CR,KALABURAGI,KARNATAKA
440,HIRENANDURU,HQR,NSG6,SOLAPUR,CR,KALABURAGI,KARNATAKA
441,HUNSIHADGIL,HHD,NSG6,SOLAPUR,CR,KALABURAGI,KARNATAKA
442,JATH ROAD,JTRD,NSG6,SOLAPUR,CR,SANGLI,MAHARASHTRA
443,JINTI ROAD,JNTR,NSG6,SOLAPUR,CR,SOLAPUR,MAHARASHTRA
444,KANHEGAON,KNGN,NSG6,SOLAPUR,CR,AHMEDNAGAR,MAHARASHTRA
445,KASHTI,KSTH,NSG6,SOLAPUR,CR,AHMEDNAGAR,MAHARASHTRA
446,KAVATHE-MAHANKAL,KVK,NSG6,SOLAPUR,CR,SANGLI,MAHARASHTRA
447,KEM,KEM,NSG6,SOLAPUR,CR,SOLAPUR,MAHARASHTRA
448,KULALI,KUI,NSG6,SOLAPUR,CR,KALABURAGI,KARNATAKA
449,MADHA,MA,NSG6,SOLAPUR,CR,SOLAPUR,MAHARASHTRA
450,MALIKPETH,MKPT,NSG6,SOLAPUR,CR,SOLAPUR,MAHARASHTRA
451,MALTHAN,MLM,NSG6,SOLAPUR,CR,PUNE,MAHARASHTRA
452,MARTUR,MR,NSG6,SOLAPUR,CR,KALABURAGI,KARNATAKA
453,MODNIMB,MLB,NSG6,SOLAPUR,CR,SOLAPUR,MAHARASHTRA
454,MOHOL,MO,NSG6,SOLAPUR,CR,SOLAPUR,MAHARASHTRA
455,MUNDHEWADI,MVE,NSG6,SOLAPUR,CR,SOLAPUR,MAHARASHTRA
456,NAGANSUR,NGS,NSG6,SOLAPUR,CR,SOLAPUR,MAHARASHTRA
457,PADHEGAON,PDGN,NSG6,SOLAPUR,CR,AHMEDNAGAR,MAHARASHTRA
458,PAKNI,PK,NSG6,SOLAPUR,CR,SOLAPUR,MAHARASHTRA
459,PANGRI,PJR,NSG6,SOLAPUR,CR,OSMANABAD,MAHARASHTRA
460,PAREWADI,PRWD,NSG6,SOLAPUR,CR,SOLAPUR,MAHARASHTRA
461,POPHLAJ,PPJ,NSG6,SOLAPUR,CR,SOLAPUR,MAHARASHTRA
462,PUNTAMBA,PB,NSG6,SOLAPUR,CR,AHMEDNAGAR,MAHARASHTRA
463,RAHURI,RRI,NSG6,SOLAPUR,CR,AHMEDNAGAR,MAHARASHTRA
464,RANJANGAON ROAD,RNJD,NSG6,SOLAPUR,CR,AHMEDNAGAR,MAHARASHTRA
465,SANGOLA,SGLA,NSG6,SOLAPUR,CR,AHMEDNAGAR,MAHARASHTRA
466,SAROLA,SRL,NSG6,SOLAPUR,CR,PUNE,MAHARASHTRA
467,SAWALGI,SVG,NSG6,SOLAPUR,CR,KALABURAGI,KARNATAKA
468,SHENDRI,SEI,NSG6,SOLAPUR,CR,SOLAPUR,MAHARASHTRA
469,SHRIGONDA ROAD,SGND,NSG6,SOLAPUR,CR,AHMEDNAGAR,MAHARASHTRA
470,SULGARE,SGRE,NSG6,SOLAPUR,CR,SANGLI,MAHARASHTRA
471,TAJ SULTANPUR,TJSP,NSG6,SOLAPUR,CR,KALABURAGI,KARNATAKA
472,TIKEKARWADI,TKWD,NSG6,SOLAPUR,CR,SOLAPUR,MAHARASHTRA
473,TILATI,TLT,NSG6,SOLAPUR,CR,SOLAPUR,MAHARASHTRA
474,VAKAV,WKA,NSG6,SOLAPUR,CR,SOLAPUR,MAHARASHTRA
475,VAMBORI,VBR,NSG6,SOLAPUR,CR,AHMEDNAGAR,MAHARASHTRA
476,VILAD,VL,NSG6,SOLAPUR,CR,AHMEDNAGAR,MAHARASHTRA
477,VISAPUR,VPR,NSG6,SOLAPUR,CR,AHMEDNAGAR,MAHARASHTRA
478,WADSINGE,WDS,NSG6,SOLAPUR,CR,SOLAPUR,MAHARASHTRA
479,WASHIMBE,WSB,NSG6,SOLAPUR,CR,SOLAPUR,MAHARASHTRA
480,YEDSHI,YSI,NSG6,SOLAPUR,CR,OSMANABAD,MAHARASHTRA
481,YEOLA,YL,NSG6,SOLAPUR,CR,NASHIK,MAHARASHTRA
482,BAGADIA PH,BGDI,HG2,KHURDA ROAD,ECOR,JAGATSINGHAPUR,ODISHA
483,BANABIHARI GWALIPUR,BNHR,HG2,KHURDA ROAD,ECOR,JAGATSINGHAPUR,ODISHA
484,CHATRAPUR COURT PH,CAPC,HG2,KHURDA ROAD,ECOR,GANJAM,ODISHA
485,DANDIMAL PH,DNDL,HG2,KHURDA ROAD,ECOR,DHENKANAL,ODISHA
486,DULAKHAPATNA PH,DLPT,HG2,KHURDA ROAD,ECOR,JAJAPUR,ODISHA
487,JANKIDEIPUR PH,JKDP,HG2,KHURDA ROAD,ECOR,PURI,ODISHA
488,JHANKADA SARALA ROAD,JSRD,HG2,KHURDA ROAD,ECOR,JAGATSINGHAPUR,ODISHA
489,KALIJAI - PH,KLJI,HG2,KHURDA ROAD,ECOR,GANJAM,ODISHA
490,KAPALI ROAD PH,KPLD,HG2,KHURDA ROAD,ECOR,BHADRAK,ODISHA
491,KATHAJORI PH,KTJI,HG2,KHURDA ROAD,ECOR,CUTTACK,ODISHA
492,LINGARAJ TEMPLE ROAD,LGTR,HG2,KHURDA ROAD,ECOR,KHORDHA,ODISHA
493,MUKTESWARPURI PH,MKTP,HG2,KHURDA ROAD,ECOR,KHORDHA,ODISHA
494,NIMAKANA PH,NIN,HG2,KHURDA ROAD,ECOR,JAGATSINGHAPUR,ODISHA
495,PATIA PH,PTAB,HG2,KHURDA ROAD,ECOR,KHORDHA,ODISHA
496,SHYAMACHARANPUR PH,SCPR,HG2,KHURDA ROAD,ECOR,DHENKANAL,ODISHA
497,TALCHER THERMAL PH,TTPT,HG2,KHURDA ROAD,ECOR,ANUGUL,ODISHA
498,VANIVIHAR PH,BNBH,HG2,KHURDA ROAD,ECOR,KHORDHA,ODISHA
499,ARGUL PH,ARGL,HG3,KHURDA ROAD,ECOR,KHORDHA,ODISHA
500,BADAKHANDIAITA,BDKT,HG3,KHURDA ROAD,ECOR,JAGATSINGHAPUR,ODISHA
501,BADAPADAGAON PH,BDPG,HG3,KHURDA ROAD,ECOR,CUTTACK,ODISHA
502,BOLAGARH TOWN PH,BORT,HG3,KHURDA ROAD,ECOR,KHORDHA,ODISHA
503,BRAHMANI PH,BRMI,HG3,KHURDA ROAD,ECOR,JAJAPUR,ODISHA
504,DHAULIMUHAN PH,DLMH,HG3,KHURDA ROAD,ECOR,KHORDHA,ODISHA
505,GOLABAI PH,GLBA,HG3,KHURDA ROAD,ECOR,KHORDHA,ODISHA
506,GOPALPUR BALIKUDA PH,GBK,HG3,KHURDA ROAD,ECOR,CUTTACK,ODISHA
507,GOPINATH JEW BAN,GNJB,HG3,KHURDA ROAD,ECOR,JAGATSINGHAPUR,ODISHA
508,JENAPUR ROAD PH,JPRD,HG3,KHURDA ROAD,ECOR,PURI,ODISHA
509,MAHADIA PH,MHDB,HG3,KHURDA ROAD,ECOR,DHENKANAL,ODISHA
510,MANGULI-CHOUDWAR PH,MACR,HG3,KHURDA ROAD,ECOR,CUTTACK,ODISHA
511,MATTAGAJAPUR,MTND,HG3,KHURDA ROAD,ECOR,CUTTACK,ODISHA
512,NAYABHAGIRATHIPUR PH,NBT,HG3,KHURDA ROAD,ECOR,DHENKANAL,ODISHA
513,SARPESWAR PH,SPSR,HG3,KHURDA ROAD,ECOR,CUTTACK,ODISHA
514,SRI JHADESWAR PH,SJDR,HG3,KHURDA ROAD,ECOR,CUTTACK,ODISHA
515,BHUBANESWAR,BBS,NSG2,KHURDA ROAD,ECOR,KHORDHA,ODISHA
516,PURI,PURI,NSG2,KHURDA ROAD,ECOR,PURI,ODISHA
517,BHADRAK,BHC,NSG3,KHURDA ROAD,ECOR,BHADRAK,ODISHA
518,BRAHMAPUR,BAM,NSG3,KHURDA ROAD,ECOR,GANJAM,ODISHA
519,CUTTACK,CTC,NSG3,KHURDA ROAD,ECOR,CUTTACK,ODISHA
520,KHURDA ROAD JN.,KUR,NSG3,KHURDA ROAD,ECOR,KHORDHA,ODISHA
521,PALASA,PSA,NSG3,KHURDA ROAD,ECOR,SRIKAKULAM,ANDHRA PRADESH
522,BALUGAON,BALU,NSG4,KHURDA ROAD,ECOR,KHORDHA,ODISHA
523,JAJPUR KEONJHAR ROAD,JJKR,NSG4,KHURDA ROAD,ECOR,JAJAPUR,ODISHA
524,ANGUL,ANGL,NSG5,KHURDA ROAD,ECOR,ANUGUL,ODISHA
525,CHATRAPUR,CAP,NSG5,KHURDA ROAD,ECOR,GANJAM,ODISHA
526,DHANMANDAL,DNM,NSG5,KHURDA ROAD,ECOR,JAJAPUR,ODISHA
527,DHENKANAL,DNKL,NSG5,KHURDA ROAD,ECOR,DHENKANAL,ODISHA
528,ICHCHAPURAM,IPM,NSG5,KHURDA ROAD,ECOR,SRIKAKULAM,ANDHRA PRADESH
529,KENDUJHARGARH,KDJR,NSG5,KHURDA ROAD,ECOR,KENDUJHAR,ODISHA
530,KHALLIKOTA,KIT,NSG5,KHURDA ROAD,ECOR,GANJAM,ODISHA
531,PARADEEP,PRDP,NSG5,KHURDA ROAD,ECOR,JAGATSINGHAPUR,ODISHA
532,SOMPETA,SPT,NSG5,KHURDA ROAD,ECOR,SRIKAKULAM,ANDHRA PRADESH
533,TALCHER,TLHR,NSG5,KHURDA ROAD,ECOR,ANUGUL,ODISHA
534,TALCHER ROAD,TLHD,NSG5,KHURDA ROAD,ECOR,ANUGUL,ODISHA
535,BADABANDHA,BDBA,NSG6,KHURDA ROAD,ECOR,JAGATSINGHAPUR,ODISHA
536,BAGHUAPAL,BGPL,NSG6,KHURDA ROAD,ECOR,JAJAPUR,ODISHA
537,BAITARNI ROAD,BTV,NSG6,KHURDA ROAD,ECOR,JAJAPUR,ODISHA
538,BAJIPADA,BJPD,NSG6,KHURDA ROAD,ECOR,KENDRAPARA,ODISHA
539,BARANG,BRAG,NSG6,KHURDA ROAD,ECOR,CUTTACK,ODISHA
540,BARITHENGARH PH,BRTG,NSG6,KHURDA ROAD,ECOR,JAJAPUR,ODISHA
541,BARUVA,BAV,NSG6,KHURDA ROAD,ECOR,SRIKAKULAM,ANDHRA PRADESH
542,BASANTAPUR,BSTP,NSG6,KHURDA ROAD,ECOR,KENDUJHAR,ODISHA
543,BAUDPUR,BUDR,NSG6,KHURDA ROAD,ECOR,BHADRAK,ODISHA
544,BEGUNIA,BYZA,NSG6,KHURDA ROAD,ECOR,KHORDHA,ODISHA
545,BHUBANESWAR NEW,BBSN,NSG6,KHURDA ROAD,ECOR,KHORDHA,ODISHA
546,BHUSANDPUR,BSDP,NSG6,KHURDA ROAD,ECOR,KHORDHA,ODISHA
547,BIRPURUSOTHAMPUR,BRST,NSG6,KHURDA ROAD,ECOR,PURI,ODISHA
548,BOLAGARH ROAD,BORD,NSG6,KHURDA ROAD,ECOR,KHORDHA,ODISHA
549,BUDHAPANK,BDPK,NSG6,KHURDA ROAD,ECOR,ANUGUL,ODISHA
550,BYREE,BYY,NSG6,KHURDA ROAD,ECOR,JAJAPUR,ODISHA
551,CHANDIKHOLE RD.,CIKR,NSG6,KHURDA ROAD,ECOR,JAJAPUR,ODISHA
552,CHARBATIA,CBT,NSG6,KHURDA ROAD,ECOR,CUTTACK,ODISHA
553,CHILIKDARA,CLDR,NSG6,KHURDA ROAD,ECOR,KENDUJHAR,ODISHA
554,CHILKA,CLKA,NSG6,KHURDA ROAD,ECOR,KHORDHA,ODISHA
555,DELANG,DEG,NSG6,KHURDA ROAD,ECOR,PURI,ODISHA
556,GANGADHARPUR,GNGD,NSG6,KHURDA ROAD,ECOR,KHORDHA,ODISHA
557,GANJAM,GAM,NSG6,KHURDA ROAD,ECOR,GANJAM,ODISHA
558,GHANTAKHAL NIDHIPUR,GHNH,NSG6,KHURDA ROAD,ECOR,CUTTACK,ODISHA
559,GOALDIH,GADH,NSG6,KHURDA ROAD,ECOR,KENDUJHAR,ODISHA
560,GOLANTHRA,GTA,NSG6,KHURDA ROAD,ECOR,GANJAM,ODISHA
561,GORAKHNATH,GRKN,NSG6,KHURDA ROAD,ECOR,JAGATSINGHAPUR,ODISHA
562,GURUDIJHATIA,GJTA,NSG6,KHURDA ROAD,ECOR,CUTTACK,ODISHA
563,HARICHANDANPUR,HCNR,NSG6,KHURDA ROAD,ECOR,KENDUJHAR,ODISHA
564,HARIDASPUR,HDS,NSG6,KHURDA ROAD,ECOR,JAJAPUR,ODISHA
565,HARIPURGRAM JN.,HPGM,NSG6,KHURDA ROAD,ECOR,PURI,ODISHA
566,HINDOL ROAD,HND,NSG6,KHURDA ROAD,ECOR,DHENKANAL,ODISHA
567,HUMMA,HMA,NSG6,KHURDA ROAD,ECOR,GANJAM,ODISHA
568,JAGANNATHAPUR,JNP,NSG6,KHURDA ROAD,ECOR,GANJAM,ODISHA
569,JAKHAPURA JN,JKPR,NSG6,KHURDA ROAD,ECOR,JAJAPUR,ODISHA
570,JENAPUR,JEN,NSG6,KHURDA ROAD,ECOR,JAJAPUR,ODISHA
571,JHADUPUDI,JPI,NSG6,KHURDA ROAD,ECOR,SRIKAKULAM,ANDHRA PRADESH
572,JORANDA ROAD,JRZ,NSG6,KHURDA ROAD,ECOR,DHENKANAL,ODISHA
573,KAIPADAR ROAD,KPXR,NSG6,KHURDA ROAD,ECOR,KHORDHA,ODISHA
574,KALAGAR,KLGA,NSG6,KHURDA ROAD,ECOR,KENDRAPARA,ODISHA
575,KALUPARA GHAT,KAPG,NSG6,KHURDA ROAD,ECOR,KHORDHA,ODISHA
576,KANAS ROAD,KASR,NSG6,KHURDA ROAD,ECOR,PURI,ODISHA
577,KANDARPUR,KDRP,NSG6,KHURDA ROAD,ECOR,CUTTACK,ODISHA
578,KAPILAS ROAD,KIS,NSG6,KHURDA ROAD,ECOR,CUTTACK,ODISHA
579,KENDRAPARA,KENP,NSG6,KHURDA ROAD,ECOR,KENDRAPARA,ODISHA
580,KENDRAPARA ROAD,KNPR,NSG6,KHURDA ROAD,ECOR,CUTTACK,ODISHA
581,KENDUAPADA,KED,NSG6,KHURDA ROAD,ECOR,BHADRAK,Odisha
582,KEREJANGA,KPJG,NSG6,KHURDA ROAD,ECOR,ANUGUL,ODISHA
583,KHURDA TOWN,KURT,NSG6,KHURDA ROAD,ECOR,KHORDHA,ODISHA
584,KORAI,KRIH,NSG6,KHURDA ROAD,ECOR,JAJAPUR,ODISHA
585,KUHURI,KUU,NSG6,KHURDA ROAD,ECOR,KHORDHA,ODISHA
586,LALITGIRI,LLTG,NSG6,KHURDA ROAD,ECOR,JAJAPUR,ODISHA
587,MAHIPUR,MAHI,NSG6,KHURDA ROAD,ECOR,NAYAGARH,ODISHA
588,MALATIPATPUR,MLT,NSG6,KHURDA ROAD,ECOR,PURI,ODISHA
589,MANCHESWAR,MCS,NSG6,KHURDA ROAD,ECOR,KHORDHA,ODISHA
590,MANDASA ROAD,MMS,NSG6,KHURDA ROAD,ECOR,SRIKAKULAM,ANDHRA PRADESH
591,MANJURI ROAD,MZZ,NSG6,KHURDA ROAD,ECOR,BHADRAK,ODISHA
592,MARSHAGHAI ROAD,MSGR,NSG6,KHURDA ROAD,ECOR,KENDRAPARA,ODISHA
593,MERAMANDALI,MRDL,NSG6,KHURDA ROAD,ECOR,DHENKANAL,ODISHA
594,MOTARI HALT,MWQ,NSG6,KHURDA ROAD,ECOR,PURI,ODISHA
595,NARAJ MARTHAPUR,NQR,NSG6,KHURDA ROAD,ECOR,CUTTACK,ODISHA
596,NARANPUR,NANR,NSG6,KHURDA ROAD,ECOR,KENDUJHAR,ODISHA
597,NAYAGARH,NYG,NSG6,KHURDA ROAD,ECOR,KENDUJHAR,ODISHA
598,NAYAGARH TOWN,NYGT,NSG6,KHURDA ROAD,ECOR,NAYAGARH,ODISHA
599,NERGUNDI JN.,NRG,NSG6,KHURDA ROAD,ECOR,CUTTACK,ODISHA
600,NEW GARH MADHUPUR,NGMP,NSG6,KHURDA ROAD,ECOR,JAJAPUR,ODISHA
601,NILAKANTHESWAR,NKW,NSG6,KHURDA ROAD,ECOR,KENDUJHAR,ODISHA
602,NIRAKARPUR,NKP,NSG6,KHURDA ROAD,ECOR,KHORDHA,ODISHA
603,NUAGAN,NUGN,NSG6,KHURDA ROAD,ECOR,KENDRAPARA,ODISHA
604,NUAGAON ROAD,NXNR,NSG6,KHURDA ROAD,ECOR,NAYAGARH,ODISHA
605,PORJANPUR,PRNR,NSG6,KHURDA ROAD,ECOR,KENDUJHAR,ODISHA
606,RADHA KISHOREPUR,RQP,NSG6,KHURDA ROAD,ECOR,CUTTACK,ODISHA
607,RAGHUNATH PUR,RCTC,NSG6,KHURDA ROAD,ECOR,CUTTACK,ODISHA
608,RAHAMA,RHMA,NSG6,KHURDA ROAD,ECOR,GANJAM,ODISHA
609,RAJATH GARH,RJGR,NSG6,KHURDA ROAD,ECOR,CUTTACK,ODISHA
610,RAJSUNAKHALA,RSKA,NSG6,KHURDA ROAD,ECOR,NAYAGARH,ODISHA
611,RAMBHA,RBA,NSG6,KHURDA ROAD,ECOR,JAGATSINGHAPUR,ODISHA
612,RATNAGIRI ROAD,RTGR,NSG6,KHURDA ROAD,ECOR,JAJAPUR,ODISHA
613,RETANG,RTN,NSG6,KHURDA ROAD,ECOR,KHORDHA,ODISHA
614,SADASHIBAPUR,SSPR,NSG6,KHURDA ROAD,ECOR,DHENKANAL,ODISHA
615,SAGADAPATA,SGDP,NSG6,KHURDA ROAD,ECOR,KENDUJHAR,ODISHA
616,SAKHI GOPAL,SIL,NSG6,KHURDA ROAD,ECOR,PURI,ODISHA
617,SALEGAON,SQQ,NSG6,KHURDA ROAD,ECOR,CUTTACK,ODISHA
618,SIJU,SIJU,NSG6,KHURDA ROAD,ECOR,JAGATSINGHAPUR,ODISHA
619,SITABANJI,STBJ,NSG6,KHURDA ROAD,ECOR,KENDUJHAR,ODISHA
620,SOLARI,SLZ,NSG6,KHURDA ROAD,ECOR,KHORDHA,ODISHA
621,SUKINDA ROAD,SKND,NSG6,KHURDA ROAD,ECOR,JAJAPUR,ODISHA
622,SUMMADEVI,SUDV,NSG6,KHURDA ROAD,ECOR,SRIKAKULAM,ANDHRA PRADESH
623,SURLA ROAD,SLRD,NSG6,KHURDA ROAD,ECOR,GANJAM,ODISHA
624,TANGIRIAPAL,TGRL,NSG6,KHURDA ROAD,ECOR,KENDUJHAR,ODISHA
625,TAPANG,TAP,NSG6,KHURDA ROAD,ECOR,KHORDHA,ODISHA
626,TOMKA,TMKA,NSG6,KHURDA ROAD,ECOR,JAJAPUR,ODISHA
627,BALANGIR ROAD,BNRD,HG3,SAMBALPUR,ECOR,BALANGIR,ODISHA
628,DEPUR PH,DPUR,HG3,SAMBALPUR,ECOR,KALAHANDI,ODISHA
629,G RAMACHANDRAPUR PH,GRCP,HG3,SAMBALPUR,ECOR,KALAHANDI,ODISHA
630,KUTURUKHAMAR PH,KTRK,HG3,SAMBALPUR,ECOR,KALAHANDI,ODISHA
631,SAMBALPUR,SBP,NSG3,SAMBALPUR,ECOR,SAMBALPUR,ODISHA
632,BALANGIR,BLGR,NSG4,SAMBALPUR,ECOR,BALANGIR,ODISHA
633,KESINGA,KSNG,NSG4,SAMBALPUR,ECOR,KALAHANDI,ODISHA
634,TITLAGARH,TIG,NSG4,SAMBALPUR,ECOR,BALANGIR,ODISHA
635,AMBODALA,AMB,NSG5,SAMBALPUR,ECOR,RAYAGADA,ODISHA
636,BAGBAHRA,BGBR,NSG5,SAMBALPUR,ECOR,MAHASAMUND,CHHATTISGARH
637,BARGARH ROAD,BRGA,NSG5,SAMBALPUR,ECOR,BARGARH,ODISHA
638,BARPALI,BRPL,NSG5,SAMBALPUR,ECOR,BARGARH,ODISHA
639,BHAWANIPATNA,BWIP,NSG5,SAMBALPUR,ECOR,KALAHANDI,ODISHA
640,HARISHANKER ROAD,HSK,NSG5,SAMBALPUR,ECOR,BALANGIR,ODISHA
641,HIRAKUD,HKG,NSG5,SAMBALPUR,ECOR,SAMBALPUR,ODISHA
642,JUNAGARH ROAD,JNRD,NSG5,SAMBALPUR,ECOR,KALAHANDI,ODISHA
643,KANTABANJI,KBJ,NSG5,SAMBALPUR,ECOR,BALANGIR,ODISHA
644,KHARIAR ROAD,KRAR,NSG5,SAMBALPUR,ECOR,NUAPADA,ODISHA
645,MAHASAMUND,MSMD,NSG5,SAMBALPUR,ECOR,MAHASAMUND,CHHATTISGARH
646,MUNIGUDA,MNGD,NSG5,SAMBALPUR,ECOR,RAYAGADA,ODISHA
647,NAWAPARA ROAD,NPD,NSG5,SAMBALPUR,ECOR,NUAPADA,ODISHA
648,NORLA ROAD,NRLR,NSG5,SAMBALPUR,ECOR,KALAHANDI,ODISHA
649,RAIRAKHOL,RAIR,NSG5,SAMBALPUR,ECOR,SAMBALPUR,ODISHA
650,SAMBALPUR CITY,SBPY,NSG5,SAMBALPUR,ECOR,SAMBALPUR,ODISHA
651,ARAND,ARN,NSG6,SAMBALPUR,ECOR,MAHASAMUND,CHHATTISGARH
652,ARANG MAHANADI,ANMD,NSG6,SAMBALPUR,ECOR,MAHASAMUND,CHHATTISGARH
653,ATTABIRA,ATS,NSG6,SAMBALPUR,ECOR,BARGARH,ODISHA
654,BADMAL,BUDM,NSG6,SAMBALPUR,ECOR,BALANGIR,ODISHA
655,BAMUR,BAMR,NSG6,SAMBALPUR,ECOR,ANUGUL,ODISHA
656,BELSONDA,BLSN,NSG6,SAMBALPUR,ECOR,MAHASAMUND,CHHATTISGARH
657,BHIMKHOJ,BMKJ,NSG6,SAMBALPUR,ECOR,MAHASAMUND,CHHATTISGARH
658,BICHHUPALI,BHPI,NSG6,SAMBALPUR,ECOR,BALANGIR,ODISHA
659,BISSAMCUTTACK,BMCK,NSG6,SAMBALPUR,ECOR,RAYAGADA,ODISHA
660,BOINDA,BONA,NSG6,SAMBALPUR,ECOR,ANUGUL,ODISHA
661,BRUNDAMAL,BXQ,NSG6,SAMBALPUR,ECOR,JHARSUGUDA,ODISHA
662,CHARMAL,CHAR,NSG6,SAMBALPUR,ECOR,SAMBALPUR,ODISHA
663,DEOBAHAL,DOBH,NSG6,SAMBALPUR,ECOR,BARGARH,ODISHA
664,DEOGAN ROAD,DFR,NSG6,SAMBALPUR,ECOR,BALANGIR,ODISHA
665,DOIKALLU,DKLU,NSG6,SAMBALPUR,ECOR,RAYAGADA,ODISHA
666,DUNGRIPALI,DJX,NSG6,SAMBALPUR,ECOR,SONEPUR,ODISHA
667,GODBHAGA,GBQ,NSG6,SAMBALPUR,ECOR,BARGARH,ODISHA
668,HANDAPA,HNPA,NSG6,SAMBALPUR,ECOR,ANUGUL,ODISHA
669,HATIBARI,HATB,NSG6,SAMBALPUR,ECOR,SAMBALPUR,ODISHA
670,JARAPADA,JRPD,NSG6,SAMBALPUR,ECOR,ANUGUL,ODISHA
671,JHARSUGUDA ROAD,JSGR,NSG6,SAMBALPUR,ECOR,JHARSUGUDA,ODISHA
672,JUJOMURA,JUJA,NSG6,SAMBALPUR,ECOR,SAMBALPUR,ODISHA
673,KANDEL ROAD,KDLR,NSG6,SAMBALPUR,ECOR,KALAHANDI,ODISHA
674,KHALIAPALI,KHPL,NSG6,SAMBALPUR,ECOR,BALANGIR,ODISHA
675,KOMAKHAN,KMK,NSG6,SAMBALPUR,ECOR,MAHASAMUND,CHHATTISGARH
676,LAKHNA,LKNA,NSG6,SAMBALPUR,ECOR,NUAPADA,ODISHA
677,LANJIGARH ROAD,LJR,NSG6,SAMBALPUR,ECOR,KALAHANDI,ODISHA
678,LAPANGA,LPG,NSG6,SAMBALPUR,ECOR,SAMBALPUR,ODISHA
679,LOISINGHA,LSX,NSG6,SAMBALPUR,ECOR,BALANGIR,ODISHA
680,MANESWAR,MANE,NSG6,SAMBALPUR,ECOR,SAMBALPUR,ODISHA
681,MURIBAHAL,MRBL,NSG6,SAMBALPUR,ECOR,BALANGIR,ODISHA
682,RAHENBHATA,RNBT,NSG6,SAMBALPUR,ECOR,BALANGIR,ODISHA
683,RENGALI,RGL,NSG6,SAMBALPUR,ECOR,SAMBALPUR,ODISHA
684,RUPRA ROAD,RPRD,NSG6,SAMBALPUR,ECOR,KALAHANDI,ODISHA
685,SAINTALA,SFC,NSG6,SAMBALPUR,ECOR,BALANGIR,ODISHA
686,SARAGIPALI,SRGP,NSG6,SAMBALPUR,ECOR,ANUGUL,ODISHA
687,SASON,SSN,NSG6,SAMBALPUR,ECOR,SAMBALPUR,ODISHA
688,SIKIR,SFK,NSG6,SAMBALPUR,ECOR,BALANGIR,ODISHA
689,THERUBALI,THV,NSG6,SAMBALPUR,ECOR,RAYAGADA,ODISHA
690,TUREKALA ROAD,TRKR,NSG6,SAMBALPUR,ECOR,BALANGIR,ODISHA
691,MARRIPALEM PH,MIPM,HG1,WALTAIR,ECOR,VISAKHAPATANAM,ANDHRA PRADESH
692,BANSADHARA PH,BSDR,HG2,WALTAIR,ECOR,GAJAPATI,ODISHA
693,DANDU GOPALAPURARN H,DGB,HG2,WALTAIR,ECOR,SRIKAKULAM,ANDHRA PRADESH
694,HADOBHANGI PH,HBF,HG2,WALTAIR,ECOR,GAJAPATI,ODISHA
695,HARISHCHANDRAPURAM P,HCM,HG2,WALTAIR,ECOR,SRIKAKULAM,ANDHRA PRADESH
696,KASHINAGAR PH,KNGR,HG2,WALTAIR,ECOR,GAJAPATI,ODISHA
697,NARSIPURAM HALT,NSX,HG2,WALTAIR,ECOR,VIZIANAGARAM,ANDHRA PRADESH
698,PATAPATNAM,PHM,HG2,WALTAIR,ECOR,SRIKAKULAM,ANDHRA PRADESH
699,PEDDASANA,PDSN,HG2,WALTAIR,ECOR,SRIKAKULAM,ANDHRA PRADESH
700,ROUTHPURAM PH,RMZ,HG2,WALTAIR,ECOR,SRIKAKULAM,ANDHRA PRADESH
701,SITAPURAM PH,SPRM,HG2,WALTAIR,ECOR,GAJAPATI,ODISHA
702,TEKKALI PH,TEK,HG2,WALTAIR,ECOR,SRIKAKULAM,ANDHRA PRADESH
703,BATUVA PH,BTVA,HG3,WALTAIR,ECOR,SRIKAKULAM,ANDHRA PRADESH
704,GANGUWADA,BNPL,HG3,WALTAIR,ECOR,SRIKAKULAM,ANDHRA PRADESH
705,LIHURI PH,LRI,HG3,WALTAIR,ECOR,GAJAPATI,ODISHA
706,NARAYANAPPAVALASA HA,NGJA,HG3,WALTAIR,ECOR,VIZIANAGARAM,ANDHRA PRADESH
707,PALASINGI,PLSG,HG3,WALTAIR,ECOR,GAJAPATI,ODISHA
708,PARANNAVALASA,PRVA,HG3,WALTAIR,ECOR,VIZIANAGARAM,ANDHRA PRADESH
709,ROMPALLE PH,RML,HG3,WALTAIR,ECOR,VIZIANAGARAM,ANDHRA PRADESH
710,SALUR,SALR,HG3,WALTAIR,ECOR,VIZIANAGARAM,ANDHRA PRADESH
711,TEMBURU,TMB,HG3,WALTAIR,ECOR,SRIKAKULAM,ANDHRA PRADESH
712,VISAKHAPATNAM,VSKP,NSG2,WALTAIR,ECOR,VISAKHAPATANAM,ANDHRA PRADESH
713,VIZIANAGARAM JN.,VZM,NSG3,WALTAIR,ECOR,VIZIANAGARAM,ANDHRA PRADESH
714,ARAKU,ARK,NSG4,WALTAIR,ECOR,VISAKHAPATANAM,ANDHRA PRADESH
715,JAGDALPUR,JDB,NSG4,WALTAIR,ECOR,BASTAR,CHHATTISGARH
716,RAYAGADA,RGDA,NSG4,WALTAIR,ECOR,RAYAGADA,ODISHA
717,SIMHACHALAM,SCM,NSG4,WALTAIR,ECOR,VISAKHAPATANAM,ANDHRA PRADESH
718,SRIKAKULAM ROAD,CHE,NSG4,WALTAIR,ECOR,SRIKAKULAM,ANDHRA PRADESH
719,BOBBILI JN,VBL,NSG5,WALTAIR,ECOR,VIZIANAGARAM,ANDHRA PRADESH
720,CHIPURUPALLI,CPP,NSG5,WALTAIR,ECOR,VIZIANAGARAM,ANDHRA PRADESH
721,DUVVADA,DVD,NSG5,WALTAIR,ECOR,VISAKHAPATANAM,ANDHRA PRADESH
722,JEYPORE,JYP,NSG5,WALTAIR,ECOR,KORAPUT,ODISHA
723,KORAPUT JN,KRPU,NSG5,WALTAIR,ECOR,KORAPUT,ODISHA
724,KOTTAVALASA,KTV,NSG5,WALTAIR,ECOR,VIZIANAGARAM,ANDHRA PRADESH
725,NAUPADA JN.,NWP,NSG5,WALTAIR,ECOR,SRIKAKULAM,ANDHRA PRADESH
726,PARVATIPURAM,PVP,NSG5,WALTAIR,ECOR,VIZIANAGARAM,ANDHRA PRADESH
727,PARVATIPURAM TOWN,PVPT,NSG5,WALTAIR,ECOR,VIZIANAGARAM,ANDHRA PRADESH
728,PONDURU,PDU,NSG5,WALTAIR,ECOR,SRIKAKULAM,ANDHRA PRADESH
729,TILARU,TIU,NSG5,WALTAIR,ECOR,SRIKAKULAM,ANDHRA PRADESH
730,ALAMANDA,ALM,NSG6,WALTAIR,ECOR,VIZIANAGARAM,ANDHRA PRADESH
731,AMAGURA,AGZ,NSG6,WALTAIR,ECOR,BASTAR,CHHATTISGARH
732,AMBAGAON,AGB,NSG6,WALTAIR,ECOR,KORAPUT,ODISHA
733,BACHELI,BCHL,NSG6,WALTAIR,ECOR,DANTEWADA,CHHATTISGARH
734,BADE ARAPUR,BDXX,NSG6,WALTAIR,ECOR,BASTAR,CHHATTISGARH
735,BAIGUDA,BGUA,NSG6,WALTAIR,ECOR,KORAPUT,ODISHA
736,BHALUMASKA,BLMK,NSG6,WALTAIR,ECOR,RAYAGADA,ODISHA
737,BHANSI,BHNS,NSG6,WALTAIR,ECOR,DANTEWADA,CHHATTISGARH
738,BHEJA,BHJA,NSG6,WALTAIR,ECOR,KORAPUT,ODISHA
739,BODDAVARA,BDVR,NSG6,WALTAIR,ECOR,VIZIANAGARAM,ANDHRA PRADESH
740,BORRAGUHALU,BGHU,NSG6,WALTAIR,ECOR,VISAKHAPATANAM,ANDHRA PRADESH
741,CHARAMULA KUSUMI,CJS,NSG6,WALTAIR,ECOR,KORAPUT,ODISHA
742,CHHATRIPUT,CTS,NSG6,WALTAIR,ECOR,KORAPUT,ODISHA
743,CHIMIDIPAILI,CMDP,NSG6,WALTAIR,ECOR,VISAKHAPATANAM,ANDHRA PRADESH
744,DABPAL,DBF,NSG6,WALTAIR,ECOR,DANTEWADA,CHHATTISGARH
745,DAMANJODI,DMNJ,NSG6,WALTAIR,ECOR,KORAPUT,ODISHA
746,DANTEWARA,DWZ,NSG6,WALTAIR,ECOR,DANTEWADA,CHHATTISGARH
747,DARLIPUT,DPC,NSG6,WALTAIR,ECOR,KORAPUT,ODISHA
748,DHANAPUR,DIR,NSG6,WALTAIR,ECOR,KALAHANDI,ODISHA
749,DILMILI,DMK,NSG6,WALTAIR,ECOR,BASTAR,CHHATTISGARH
750,DONKINAVALASA,DNV,NSG6,WALTAIR,ECOR,VIZIANAGARAM,ANDHRA PRADESH
751,DUMURIPUT,DMRT,NSG6,WALTAIR,ECOR,KORAPUT,ODISHA
752,DUSI,DUSI,NSG6,WALTAIR,ECOR,SRIKAKULAM,ANDHRA PRADESH
753,GAJAPATINAGARAM,GPI,NSG6,WALTAIR,ECOR,VIZIANAGARAM,ANDHRA PRADESH
754,GARIVIDI,GVI,NSG6,WALTAIR,ECOR,VIZIANAGARAM,ANDHRA PRADESH
755,GIDAM,GIZ,NSG6,WALTAIR,ECOR,DANTEWADA,CHHATTISGARH
756,GORAPUR,GPJ,NSG6,WALTAIR,ECOR,VISAKHAPATANAM,ANDHRA PRADESH
757,GOTLAM,GTLM,NSG6,WALTAIR,ECOR,VIZIANAGARAM,ANDHRA PRADESH
758,GUMADA,GMDA,NSG6,WALTAIR,ECOR,VIZIANAGARAM,ANDHRA PRADESH
759,GUNUPUR,GNPR,NSG6,WALTAIR,ECOR,RAYAGADA,ODISHA
760,GURUDABILLI,GRBL,NSG6,WALTAIR,ECOR,VIZIANAGARAM,ANDHRA PRADESH
761,JARATI,JRT,NSG6,WALTAIR,ECOR,KORAPUT,ODISHA
762,JIMIDIPETA,JMPT,NSG6,WALTAIR,ECOR,RAYAGADA,ODISHA
763,KAKIRIGUMA,KKGM,NSG6,WALTAIR,ECOR,KORAPUT,ODISHA
764,KAKLUR,KKLU,NSG6,WALTAIR,ECOR,BASTAR,CHHATTISGARH
765,KAMALUR,KMLR,NSG6,WALTAIR,ECOR,DANTEWADA,CHHATTISGARH
766,KANTAKAPALLE,KPL,NSG6,WALTAIR,ECOR,VIZIANAGARAM,ANDHRA PRADESH
767,KARAKAVALASA,KVLS,NSG6,WALTAIR,ECOR,VISAKHAPATANAM,ANDHRA PRADESH
768,KAWARGAON,KWGN,NSG6,WALTAIR,ECOR,DANTEWADA,CHHATTISGARH
769,KEUTGUDA,KTGA,NSG6,WALTAIR,ECOR,RAYAGADA,ODISHA
770,KHADAPA,KDPA,NSG6,WALTAIR,ECOR,KORAPUT,ODISHA
771,KIRANDUL,KRDL,NSG6,WALTAIR,ECOR,DANTEWADA,CHHATTISGARH
772,KOMATIPALLI,KMX,NSG6,WALTAIR,ECOR,VIZIANAGARAM,ANDHRA PRADESH
773,KORUKONDA,KUK,NSG6,WALTAIR,ECOR,VIZIANAGARAM,ANDHRA PRADESH
774,KOTABOMMALI,KBM,NSG6,WALTAIR,ECOR,SRIKAKULAM,ANDHRA PRADESH
775,KOTAPAR ROAD,KPRR,NSG6,WALTAIR,ECOR,KORAPUT,ODISHA
776,KUMAR SADRA,KMSD,NSG6,WALTAIR,ECOR,BASTAR,CHHATTISGARH
777,KUMHAR MARANGA,KMEZ,NSG6,WALTAIR,ECOR,BASTAR,CHHATTISGARH
778,KUNERU,KNRT,NSG6,WALTAIR,ECOR,VIZIANAGARAM,ANDHRA PRADESH
779,LADDA,LDX,NSG6,WALTAIR,ECOR,RAYAGADA,ODISHA
780,LAKSHMIPUR ROAD,LKMR,NSG6,WALTAIR,ECOR,KORAPUT,ODISHA
781,LELLIGUMMA,LLGM,NSG6,WALTAIR,ECOR,RAYAGADA,ODISHA
782,MACHHKUNDA ROAD,MKRD,NSG6,WALTAIR,ECOR,KORAPUT,ODISHA
783,MALIGURA,MVG,NSG6,WALTAIR,ECOR,NABARANGPUR,ODISHA
784,MALLIVIDU,MVW,NSG6,WALTAIR,ECOR,VIZIANAGARAM,ANDHRA PRADESH
785,MANABAR,MVF,NSG6,WALTAIR,ECOR,KORAPUT,ODISHA
786,NAKTHISEMRA,NKX,NSG6,WALTAIR,ECOR,BASTAR,CHHATTISGARH
787,NELLIMARLA,NML,NSG6,WALTAIR,ECOR,VIZIANAGARAM,ANDHRA PRADESH
788,PADUA,PFU,NSG6,WALTAIR,ECOR,KORAPUT,ODISHA
789,PALIBA,PBV,NSG6,WALTAIR,ECOR,KORAPUT,ODISHA
790,PARALAKHEMUNDI,PLH,NSG6,WALTAIR,ECOR,GAJAPATI,ODISHA
791,PENDURTI,PDT,NSG6,WALTAIR,ECOR,VISAKHAPATANAM,ANDHRA PRADESH
792,PUNDI,PUN,NSG6,WALTAIR,ECOR,SRIKAKULAM,ANDHRA PRADESH
793,RAULI,RUL,NSG6,WALTAIR,ECOR,RAYAGADA,ODISHA
794,SHIMILIGUDA,SMLG,NSG6,WALTAIR,ECOR,VISAKHAPATANAM,ANDHRA PRADESH
795,SHRUNGAVARAPUKOTA,SUP,NSG6,WALTAIR,ECOR,VIZIANAGARAM,ANDHRA PRADESH
796,SIGADAM,SGDM,NSG6,WALTAIR,ECOR,SRIKAKULAM,ANDHRA PRADESH
797,SIKARPAI,SKPI,NSG6,WALTAIR,ECOR,RAYAGADA,ODISHA
798,SILAK-JHORI,SZY,NSG6,WALTAIR,ECOR,BASTAR,CHHATTISGARH
799,SINGAPURAM ROAD,SPRD,NSG6,WALTAIR,ECOR,RAYAGADA,ODISHA
800,SINGARAM,SGRM,NSG6,WALTAIR,ECOR,KORAPUT,ODISHA
801,SITANAGARM,SNM,NSG6,WALTAIR,ECOR,VIZIANAGARAM,ANDHRA PRADESH
802,SUKU,SUKU,NSG6,WALTAIR,ECOR,KORAPUT,ODISHA
803,TIKIRI,TKRI,NSG6,WALTAIR,ECOR,RAYAGADA,ODISHA
804,TOKAPAL,TPQ,NSG6,WALTAIR,ECOR,BASTAR,CHHATTISGARH
805,URLAM,ULM,NSG6,WALTAIR,ECOR,SRIKAKULAM,ANDHRA PRADESH
806,BAGHOIKUSA,BHKH,HG2,DEEN DAYAL UPADHYAYA,ECR,AURANGABAD,BIHAR
807,DHANIACHHA,DCX,HG2,DEEN DAYAL UPADHYAYA,ECR,KAIMUR,BIHAR
808,HASANBAZAR ST H,HBSH,HG2,DEEN DAYAL UPADHYAYA,ECR,BHOJPUR,BIHAR
809,SAHEED I C HALT,SICY,HG2,DEEN DAYAL UPADHYAYA,ECR,GAYA,BIHAR
810,SAJHAULI HALT,SJV,HG2,DEEN DAYAL UPADHYAYA,ECR,ROHTAS,BIHAR
811,BARAW MORE,BMHT,HG3,DEEN DAYAL UPADHYAYA,ECR,ROHTAS,BIHAR
812,CHARPOKHARI HALT,CRQ,HG3,DEEN DAYAL UPADHYAYA,ECR,BHOJPUR,BIHAR
813,CHIRAILLA PAUTHU,CPBH,HG3,DEEN DAYAL UPADHYAYA,ECR,AURANGABAD,BIHAR
814,DEO ROAD,DORD,HG3,DEEN DAYAL UPADHYAYA,ECR,AURANGABAD,BIHAR
815,DEORIA K NARESH,DKMN,HG3,DEEN DAYAL UPADHYAYA,ECR,AURANGABAD,BIHAR
816,GHUSIAKALAN H,GSK,HG3,DEEN DAYAL UPADHYAYA,ECR,ROHTAS,BIHAR
817,KHURMABAD ROAD,KVD,HG3,DEEN DAYAL UPADHYAYA,ECR,ROHTAS,BIHAR
818,MANI HALT,MANI,HG3,DEEN DAYAL UPADHYAYA,ECR,ROHTAS,BIHAR
819,NAGRI GRAM,NGIM,HG3,DEEN DAYAL UPADHYAYA,ECR,BHOJPUR,BIHAR
820,NONAR HALT,NON,HG3,DEEN DAYAL UPADHYAYA,ECR,BHOJPUR,BIHAR
821,PAHALEJA,PHE,HG3,DEEN DAYAL UPADHYAYA,ECR,ROHTAS,BIHAR
822,DD UPADHYAYA JN,DDU,NSG2,DEEN DAYAL UPADHYAYA,ECR,CHANDAULI,UTTAR PRADESH
823,GAYA JN.,GAYA,NSG2,DEEN DAYAL UPADHYAYA,ECR,GAYA,BIHAR
824,DEHRI-ON-SON,DOS,NSG3,DEEN DAYAL UPADHYAYA,ECR,ROHTAS,BIHAR
825,SASARAM,SSM,NSG3,DEEN DAYAL UPADHYAYA,ECR,ROHTAS,BIHAR
826,ANUGRAH NARAYAN ROAD,AUBR,NSG4,DEEN DAYAL UPADHYAYA,ECR,AURANGABAD,BIHAR
827,BHABUA ROAD,BBU,NSG4,DEEN DAYAL UPADHYAYA,ECR,KAIMUR,BIHAR
828,GURARU,GRRU,NSG5,DEEN DAYAL UPADHYAYA,ECR,GAYA,BIHAR
829,HAIDARNAGAR,HDN,NSG5,DEEN DAYAL UPADHYAYA,ECR,PALAMU,JHARKHAND
830,JAPLA,JPL,NSG5,DEEN DAYAL UPADHYAYA,ECR,PALAMU,JHARKHAND
831,KUDRA,KTQ,NSG5,DEEN DAYAL UPADHYAYA,ECR,KAIMUR (BHABUA),BIHAR
832,MUHAMMADGANJ,MDJ,NSG5,DEEN DAYAL UPADHYAYA,ECR,PALAMU,JHARKHAND
833,NABINAGAR ROAD,NBG,NSG5,DEEN DAYAL UPADHYAYA,ECR,AURANGABAD,BIHAR
834,RAFIGANJ,RFJ,NSG5,DEEN DAYAL UPADHYAYA,ECR,AURANGABAD,BIHAR
835,SON NAGAR JN.,SEB,NSG5,DEEN DAYAL UPADHYAYA,ECR,AURANGABAD,BIHAR
836,ANKORAH (AKORHA),ANH,NSG6,DEEN DAYAL UPADHYAYA,ECR,AURANGABAD,BIHAR
837,BAGAHA BISHNUPUR,BCJ,NSG6,DEEN DAYAL UPADHYAYA,ECR,AURANGABAD,BIHAR
838,BARKISALAIYA,BSYA,NSG6,DEEN DAYAL UPADHYAYA,ECR,AURANGABAD,BIHAR
839,BIKRAMGANJ,XBKJ,NSG6,DEEN DAYAL UPADHYAYA,ECR,ROHTAS,BIHAR
840,CHANDAULI MAJHWAR,CDMR,NSG6,DEEN DAYAL UPADHYAYA,ECR,CHANDAULI,UTTAR PRADESH
841,DURGAUTI,DGO,NSG6,DEEN DAYAL UPADHYAYA,ECR,KAIMUR,BIHAR
842,GANJ KHWAJA,GAQ,NSG6,DEEN DAYAL UPADHYAYA,ECR,CHANDAULI,UTTAR PRADESH
843,GARHANI,GQN,NSG6,DEEN DAYAL UPADHYAYA,ECR,BHOJPUR,BIHAR
844,GARHNOKHA,GNK,NSG6,DEEN DAYAL UPADHYAYA,ECR,ROHTAS,BIHAR
845,ISMAILPUR,IMGE,NSG6,DEEN DAYAL UPADHYAYA,ECR,GAYA,BIHAR
846,JAKHIM,JHN,NSG6,DEEN DAYAL UPADHYAYA,ECR,AURANGABAD,BIHAR
847,KAJRAT NAWADIH,KYF,NSG6,DEEN DAYAL UPADHYAYA,ECR,PALAMU,JHARKHAND
848,KARAMNASA,KMS,NSG6,DEEN DAYAL UPADHYAYA,ECR,KAIMUR,BIHAR
849,KARKATTA,KRTA,NSG6,DEEN DAYAL UPADHYAYA,ECR,PALAMU,JHARKHAND
850,KARWANDIYA,KWD,NSG6,DEEN DAYAL UPADHYAYA,ECR,ROHTAS,BIHAR
851,KASTHA,KSTA,NSG6,DEEN DAYAL UPADHYAYA,ECR,GAYA,BIHAR
852,KOSIARA,KVQ,NSG6,DEEN DAYAL UPADHYAYA,ECR,PALAMU,JHARKHAND
853,KUMAHU,KMGE,NSG6,DEEN DAYAL UPADHYAYA,ECR,ROHTAS,BIHAR
854,MANPUR JN.,MPO,NSG6,DEEN DAYAL UPADHYAYA,ECR,GAYA,BIHAR
855,MUTHANI,MTGE,NSG6,DEEN DAYAL UPADHYAYA,ECR,KAIMUR (BHABUA),BIHAR
856,PARAIYA,PRY,NSG6,DEEN DAYAL UPADHYAYA,ECR,GAYA,BIHAR
857,PHESAR,PES,NSG6,DEEN DAYAL UPADHYAYA,ECR,AURANGABAD,BIHAR
858,PIRO,PIRO,NSG6,DEEN DAYAL UPADHYAYA,ECR,BHOJPUR,BIHAR
859,PUSAULI,PSE,NSG6,DEEN DAYAL UPADHYAYA,ECR,KAIMUR (BHABUA),BIHAR
860,SAIDRAJA,SYJ,NSG6,DEEN DAYAL UPADHYAYA,ECR,CHANDAULI,UTTAR PRADESH
861,SATBAHINI,SZF,NSG6,DEEN DAYAL UPADHYAYA,ECR,PALAMU,JHARKHAND
862,SHIU SAGAR ROAD,SSG,NSG6,DEEN DAYAL UPADHYAYA,ECR,ROHTAS,BIHAR
863,SIGSIGI,SQS,NSG6,DEEN DAYAL UPADHYAYA,ECR,PALAMU,JHARKHAND
864,UNTARI ROAD,URD,NSG6,DEEN DAYAL UPADHYAYA,ECR,PALAMU,JHARKHAND
865,AMLO,AMLO,HG2,DHANBAD,ECR,BOKARO,JHARKHAND
866,BHULI,BHN,HG2,DHANBAD,ECR,DHANBAD,JHARKHAND
867,CHIANKI,CNF,HG2,DHANBAD,ECR,PALAMU,JHARKHAND
868,DASARA,DSME,HG2,DHANBAD,ECR,HAZARIBAGH,JHARKHAND
869,DEONAGAR,DNH,HG2,DHANBAD,ECR,DHANBAD,JHARKHAND
870,DHANWAR,DNWR,HG2,DHANBAD,ECR,GIRIDIH,JHARKHAND
871,JAMUA,JAUA,HG2,DHANBAD,ECR,GIRIDIH,JHARKHAND
872,KAJRI,KFT,HG2,DHANBAD,ECR,PALAMU,JHARKHAND
873,LALGARH BIHAR H,LBT,HG2,DHANBAD,ECR,PALAMU,JHARKHAND
874,NICHITPUR,NPJE,HG2,DHANBAD,ECR,DHANBAD,JHARKHAND
875,PATHARDIH BAZAR HALT,PBQ,HG2,DHANBAD,ECR,DHANBAD,JHARKHAND
876,RAKESHBAGH HALT,RHBH,HG2,DHANBAD,ECR,GIRIDIH,JHARKHAND
877,SONARDIH,SZE,HG2,DHANBAD,ECR,DHANBAD,JHARKHAND
878,YADUDIH,YDD,HG2,DHANBAD,ECR,KODERMA,JHARKHAND
879,BANSINALA HALT,BNSL,HG3,DHANBAD,ECR,GAYA,BIHAR
880,BASERIA,BZE,HG3,DHANBAD,ECR,DHANBAD,JHARKHAND
881,BHOLIDIH,BLME,HG3,DHANBAD,ECR,GIRIDIH,JHARKHAND
882,DEMU,DEMU,HG3,DHANBAD,ECR,LATEHAR,JHARKHAND
883,DIGWAR HALT,DIWR,HG3,DHANBAD,ECR,RAMGARH,JHARKHAND
884,DOKRA BH,DOKM,HG3,DHANBAD,ECR,DHANBAD,JHARKHAND
885,DURIATANR HALT,DUTR,HG3,DHANBAD,ECR,GIRIDIH,JHARKHAND
886,HEHEGARA HALT,HHG,HG3,DHANBAD,ECR,LATEHAR,JHARKHAND
887,HUNDUR HALT,HUDU,HG3,DHANBAD,ECR,RAMGARH,JHARKHAND
888,JAMUNIATAND HALT,JNN,HG3,DHANBAD,ECR,BOKARO,JHARKHAND
889,JHANJHITOLI H,JJTI,HG3,DHANBAD,ECR,RANCHI,JHARKHAND
890,JORASHANKH HALT,JASH,HG3,DHANBAD,ECR,GIRIDIH,JHARKHAND
891,KATHAUTIA,KAUA,HG3,DHANBAD,ECR,HAZARIBAGH,JHARKHAND
892,KAWAR,KWAR,HG3,DHANBAD,ECR,GIRIDIH,JHARKHAND
893,KESHWARI BH,KSHR,HG3,DHANBAD,ECR,HAZARIBAGH,JHARKHAND
894,KODERMA TOWN,KQRT,HG3,DHANBAD,ECR,KODERMA,JHARKHAND
895,MAHESHPUR,MHSA,HG3,DHANBAD,ECR,KODERMA,JHARKHAND
896,MANDU HALT,MNDU,HG3,DHANBAD,ECR,KODERMA,JHARKHAND
897,MANGRA,MAZ,HG3,DHANBAD,ECR,LATEHAR,JHARKHAND
898,NAWADIH,NWDH,HG3,DHANBAD,ECR,KODERMA,JHARKHAND
899,NAWAL SAHI HALT,NWSI,HG3,DHANBAD,ECR,KODERMA,JHARKHAND
900,NEW GIRIDIH,NGRH,HG3,DHANBAD,ECR,GIRIDIH,JHARKHAND
901,RAMAKUNDA IBP H,RIBP,HG3,DHANBAD,ECR,DHANBAD,JHARKHAND
902,REMA,REMA,HG3,DHANBAD,ECR,GIRIDIH,JHARKHAND
903,SALAIYA,SLIA,HG3,DHANBAD,ECR,GIRIDIH,JHARKHAND
904,SINDRI M YARD,SNMY,HG3,DHANBAD,ECR,DHANBAD,JHARKHAND
905,TOKISUD,TKS,HG3,DHANBAD,ECR,RAMGARH,JHARKHAND
906,TOLRA,TRZ,HG3,DHANBAD,ECR,PALAMU,JHARKHAND
907,URWAN,UWAN,HG3,DHANBAD,ECR,KODERMA,JHARKHAND
908,DHANBAD JN.,DHN,NSG2,DHANBAD,ECR,DHANBAD,JHARKHAND
909,KODERMA JN,KQR,NSG3,DHANBAD,ECR,KODERMA,JHARKHAND
910,DALTONGANJ,DTO,NSG4,DHANBAD,ECR,PALAMU,JHARKHAND
911,GARWA ROAD JN.,GHD,NSG4,DHANBAD,ECR,PALAMU,JHARKHAND
912,PARASNATH,PNME,NSG4,DHANBAD,ECR,GIRIDIH,JHARKHAND
913,SINGRAULI,SGRL,NSG4,DHANBAD,ECR,SINGRAULI,MADHYA PRADESH
914,ANPARA,ANPR,NSG5,DHANBAD,ECR,SONBHADRA,UTTAR PRADESH
915,BARKA KANA,BRKA,NSG5,DHANBAD,ECR,RAMGARH,JHARKHAND
916,BARWADIH JN.,BRWD,NSG5,DHANBAD,ECR,LATEHAR,JHARKHAND
917,BOKARO THERMAL,BKRO,NSG5,DHANBAD,ECR,BOKARO,JHARKHAND
918,CHANDRAPURA JN.,CRP,NSG5,DHANBAD,ECR,BOKARO,JHARKHAND
919,CHOPAN,CPU,NSG5,DHANBAD,ECR,SONBHADRA,UTTAR PRADESH
920,DUDHINAGAR,DXN,NSG5,DHANBAD,ECR,SONBHADRA,UTTAR PRADESH
921,GARHWA,GHQ,NSG5,DHANBAD,ECR,GARHWA,JHARKHAND
922,GUMIA,GMIA,NSG5,DHANBAD,ECR,BOKARO,JHARKHAND
923,HAZARIBAGH ROAD,HZD,NSG5,DHANBAD,ECR,HAZARIBAGH,JHARKHAND
924,KATRASGARH,KTH,NSG5,DHANBAD,ECR,DHANBAD,JHARKHAND
925,KHALARI,KLRE,NSG5,DHANBAD,ECR,RANCHI,JHARKHAND
926,LATEHER,LTHR,NSG5,DHANBAD,ECR,LATEHAR,JHARKHAND
927,NAGARUNTARI,NUQ,NSG5,DHANBAD,ECR,GARHWA,JHARKHAND
928,NSC BOSE J GOMO,GMO,NSG5,DHANBAD,ECR,DHANBAD,JHARKHAND
929,PAHARPUR,PRP,NSG5,DHANBAD,ECR,GAYA,BIHAR
930,PARSABAD,PSB,NSG5,DHANBAD,ECR,HAZARIBAGH,JHARKHAND
931,PATRATU,PTRU,NSG5,DHANBAD,ECR,RAMGARH,JHARKHAND
932,RANCHI ROAD,RRME,NSG5,DHANBAD,ECR,RAMGARH,JHARKHAND
933,RENUKUT,RNQ,NSG5,DHANBAD,ECR,SONBHADRA,UTTAR PRADESH
934,SHAKTINAGAR,SKTN,NSG5,DHANBAD,ECR,SONBHADRA,UTTAR PRADESH
935,TETULMARI,TET,NSG5,DHANBAD,ECR,DHANBAD,JHARKHAND
936,TORI,TORI,NSG5,DHANBAD,ECR,LATEHAR,JHARKHAND
937,WYNDHAMGANJ,WDM,NSG5,DHANBAD,ECR,SONBHADRA,UTTAR PRADESH
938,ARIGADA,ARGD,NSG6,DHANBAD,ECR,HAZARIBAGH,JHARKHAND
939,BANDHUA,BNF,NSG6,DHANBAD,ECR,GAYA,BIHAR
940,BANSJORA,BZS,NSG6,DHANBAD,ECR,DHANBAD,JHARKHAND
941,BARHI,BRHI,NSG6,DHANBAD,ECR,KODERMA,JHARKHAND
942,BERMO,BRMO,NSG6,DHANBAD,ECR,BOKARO,JHARKHAND
943,BES,BES,NSG6,DHANBAD,ECR,KODERMA,JHARKHAND
944,BHANDARIDAH,BHME,NSG6,DHANBAD,ECR,BOKARO,JHARKHAND
945,BHURKUNDA,BHKD,NSG6,DHANBAD,ECR,RAMGARH,JHARKHAND
946,BILLI,BXLL,NSG6,DHANBAD,ECR,SONBHADRA,UTTAR PRADESH
947,CHAINPUR,CNPR,NSG6,DHANBAD,ECR,RAMGARH,JHARKHAND
948,CHARHI,CHRI,NSG6,DHANBAD,ECR,HAZARIBAGH,JHARKHAND
949,CHAUBE,CBH,NSG6,DHANBAD,ECR,HAZARIBAGH,JHARKHAND
950,CHAUDHURIBANDH,CDB,NSG6,DHANBAD,ECR,GIRIDIH,JHARKHAND
951,CHHIPADOHAR,CPDR,NSG6,DHANBAD,ECR,LATEHAR,JHARKHAND
952,CHICHAKI,CCK,NSG6,DHANBAD,ECR,GIRIDIH,JHARKHAND
953,CHURKI,CHRK,NSG6,DHANBAD,ECR,SINGRAULI,MADHYA PRADESH
954,DANEA,DNEA,NSG6,DHANBAD,ECR,RAMGARH,JHARKHAND
955,DILWA,DLW,NSG6,DHANBAD,ECR,NAWADA,BIHAR
956,DUMRI BIHAR,DMBR,NSG6,DHANBAD,ECR,BOKARO,JHARKHAND
957,GUJHANDI,GJD,NSG6,DHANBAD,ECR,KODERMA,JHARKHAND
958,GURMURA,GMX,NSG6,DHANBAD,ECR,SONBHADRA,UTTAR PRADESH
959,GURPA,GAP,NSG6,DHANBAD,ECR,GAYA,BIHAR
960,HAZARIBAGH TOWN,HZBN,NSG6,DHANBAD,ECR,HAZARIBAGH,JHARKHAND
961,HENDEGIR,HNDR,NSG6,DHANBAD,ECR,HAZARIBAGH,JHARKHAND
962,HIRODIH,HRE,NSG6,DHANBAD,ECR,KODERMA,JHARKHAND
963,JARANGDIH,JAN,NSG6,DHANBAD,ECR,BOKARO,JHARKHAND
964,JHAROKHAS,JRQ,NSG6,DHANBAD,ECR,SONBHADRA,UTTAR PRADESH
965,JOGESWAR BIHAR,JGBR,NSG6,DHANBAD,ECR,RAMGARH,JHARKHAND
966,JOGIDIH,JGF,NSG6,DHANBAD,ECR,SONBHADRA,UTTAR PRADESH
967,KANASAR NAWADA,KSNA,NSG6,DHANBAD,ECR,KODERMA,JHARKHAND
968,KARAILA ROAD,KRLR,NSG6,DHANBAD,ECR,SINGRAULI,MADHYA PRADESH
969,KARMAHAT,KMHT,NSG6,DHANBAD,ECR,RAMGARH,JHARKHAND
970,KATKAMASANDI,KKAS,NSG6,DHANBAD,ECR,KODERMA,JHARKHAND
971,KECHKI,KCKI,NSG6,DHANBAD,ECR,LATEHAR,JHARKHAND
972,KHULDIL ROAD,KDRD,NSG6,DHANBAD,ECR,SONBHADRA,UTTAR PRADESH
973,KRISHNASHILA,KRSL,NSG6,DHANBAD,ECR,SONBHADRA,UTTAR PRADESH
974,KUJU,KUJU,NSG6,DHANBAD,ECR,KODERMA,JHARKHAND
975,KUMENDI,KMND,NSG6,DHANBAD,ECR,LATEHAR,JHARKHAND
976,KURHAGADA,KAGA,NSG6,DHANBAD,ECR,KODERMA,JHARKHAND
977,KUSUNDA JN.,KDS,NSG6,DHANBAD,ECR,DHANBAD,JHARKHAND
978,MAGARDAHA,MWF,NSG6,DHANBAD,ECR,SONBHADRA,UTTAR PRADESH
979,MAHADIYA,MHDA,NSG6,DHANBAD,ECR,SINGRAULI,MADHYA PRADESH
980,MAHUAMILAN,MMLN,NSG6,DHANBAD,ECR,LATEHAR,JHARKHAND
981,MAHUARIYA,MXY,NSG6,DHANBAD,ECR,SONBHADRA,UTTAR PRADESH
982,MATARI,MRQ,NSG6,DHANBAD,ECR,DHANBAD,JHARKHAND
983,MCCLUSKIEGANJ,MGME,NSG6,DHANBAD,ECR,RANCHI,JHARKHAND
984,MERALGRAM,MQX,NSG6,DHANBAD,ECR,GARHWA,JHARKHAND
985,MESRA,MESR,NSG6,DHANBAD,ECR,RANCHI,JHARKHAND
986,MIRCHADHORHI,MCQ,NSG6,DHANBAD,ECR,SONBHADRA,UTTAR PRADESH
987,MUIRPUR ROAD,MPF,NSG6,DHANBAD,ECR,SONBHADRA,UTTAR PRADESH
988,NIMIAGHAT,NMG,NSG6,DHANBAD,ECR,GIRIDIH,JHARKHAND
989,OBRADAM,OBR,NSG6,DHANBAD,ECR,SONBHADRA,UTTAR PRADESH
990,PADMA,PDMA,NSG6,DHANBAD,ECR,KODERMA,JHARKHAND
991,PAPRAKUND,PPKD,NSG6,DHANBAD,ECR,SONBHADRA,UTTAR PRADESH
992,PHULWARTANR,PLJE,NSG6,DHANBAD,ECR,DHANBAD,JHARKHAND
993,PHUSRO,PUS,NSG6,DHANBAD,ECR,BOKARO,JHARKHAND
994,PIPRADIH,PADH,NSG6,DHANBAD,ECR,KODERMA,JHARKHAND
995,PRADHAN KHUNTA,PKA,NSG6,DHANBAD,ECR,DHANBAD,JHARKHAND
996,RAJHAURA,RHR,NSG6,DHANBAD,ECR,PALAMU,JHARKHAND
997,RAKHITPUR,RKJE,NSG6,DHANBAD,ECR,DHANBAD,JHARKHAND
998,RAMNA,RMF,NSG6,DHANBAD,ECR,GARHWA,JHARKHAND
999,RAY,RAY,NSG6,DHANBAD,ECR,HAZARIBAGH,JHARKHAND
1000,RICHUGHUTA,RCGT,NSG6,DHANBAD,ECR,LATEHAR,JHARKHAND
1001,SALAI BANWA,SLBN,NSG6,DHANBAD,ECR,SONBHADRA,UTTAR PRADESH
1002,SARMATANR,SMND,NSG6,DHANBAD,ECR,HAZARIBAGH,JHARKHAND
1003,SHANKI,SANI,NSG6,DHANBAD,ECR,RAMGARH,JHARKHAND
1004,SIDHWAR,SDWR,NSG6,DHANBAD,ECR,RAMGARH,JHARKHAND
1005,SIJUA,SJA,NSG6,DHANBAD,ECR,DHANBAD,JHARKHAND
1006,SINDRI B.H.,SDBH,NSG6,DHANBAD,ECR,DHANBAD,JHARKHAND
1007,SINDRI TOWN,SNDT,NSG6,DHANBAD,ECR,DHANBAD,JHARKHAND
1008,SOUTH GOVINDPUR,SGK,NSG5,DHANBAD,ECR,DHANBAD,JHARKHAND
1009,TANKUPPA,TKN,NSG6,DHANBAD,ECR,GAYA,BIHAR
1010,TELO,TELO,NSG6,DHANBAD,ECR,BOKARO,JHARKHAND
1011,SACHIWALAYA HALT,SCY,HG1,DANAPUR,ECR,PATNA,BIHAR
1012,BARAKALAN,BQW,HG2,DANAPUR,ECR,GHAZIPUR,UTTAR PRADESH
1013,BHALUI,BFM,HG2,DANAPUR,ECR,LAKHISARAI,BIHAR
1014,CHAURA BH,CUX,HG2,DANAPUR,ECR,JAMUI,BIHAR
1015,DADPUR B.H.,DPX,HG2,DANAPUR,ECR,JAMUI,BIHAR
1016,DANIYAWAN BAZAR HALT,DNWH,HG2,DANAPUR,ECR,PATNA,BIHAR
1017,DUMARI HALT,DMRX,HG2,DANAPUR,ECR,LAKHISARAI,BIHAR
1018,GANDHI HALT,GNHI,HG2,DANAPUR,ECR,PATNA,BIHAR
1019,JAMIRA HALT,JMIR,HG2,DANAPUR,ECR,BHOJPUR,BIHAR
1020,JATDUMRI HALT,JTDM,HG2,DANAPUR,ECR,PATNA,BIHAR
1021,KARAHIYA HALT,KKRH,HG2,DANAPUR,ECR,GHAZIPUR,UTTAR PRADESH
1022,KARONA HALT,KRON,HG2,DANAPUR,ECR,JEHANABAD,BIHAR
1023,KUSALPUR H HALT,KPHH,HG2,DANAPUR,ECR,BUXAR,BIHAR
1024,MANJHAULI GRAM HALT,MJM,HG2,DANAPUR,ECR,PATNA,BIHAR
1025,NAGSAR HALT,NXR,HG2,DANAPUR,ECR,GHAZIPUR,UTTAR PRADESH
1026,PALI A,PAIL,HG2,DANAPUR,ECR,PATNA,BIHAR
1027,PUNPUNGHAT HALT,PNUG,HG2,DANAPUR,ECR,PATNA,BIHAR
1028,SOHSARAI,SOW,HG2,DANAPUR,ECR,NALANDA,BIHAR
1029,WANAWARKOTESWAR,WKND,HG2,DANAPUR,ECR,GAYA,BIHAR
1030,ACHUARA HALT,ACU,HG3,DANAPUR,ECR,PATNA,BIHAR
1031,ADARSH MANPUR,AHMP,HG3,DANAPUR,ECR,SHEIKHPURA,BIHAR
1032,AMBAPENDARPUR H,APP,HG3,DANAPUR,ECR,NALANDA,BIHAR
1033,AS JAGDEO PD H,ASJP,HG3,DANAPUR,ECR,BHOJPUR,BIHAR
1034,AUNGARIDHAM H,ANGM,HG3,DANAPUR,ECR,NALANDA,BIHAR
1035,AUNTA HALT,ANAH,HG3,DANAPUR,ECR,PATNA,BIHAR
1036,BADHAUNA HALT,BADH,HG3,DANAPUR,ECR,NALANDA,BIHAR
1037,BAGHI GHAUSPUR,BFX,HG3,DANAPUR,ECR,NAWADA,BIHAR
1038,BAHORA CHANDIL,BHCL,HG3,DANAPUR,ECR,GHAZIPUR,UTTAR PRADESH
1039,BALAHPUR HALT,BLHR,HG3,DANAPUR,ECR,PATNA,BIHAR
1040,BALHAPUR HALT,BHAD,HG3,DANAPUR,ECR,PATNA,BIHAR
1041,BARABAR HALT,BBHT,HG3,DANAPUR,ECR,JEHANABAD,BIHAR
1042,BARH COURT HALT,BCHT,HG3,DANAPUR,ECR,PATNA,BIHAR
1043,BASUCHAK HALT,BQSP,HG3,DANAPUR,ECR,LAKHISARAI,BIHAR
1044,BUDHDEV CY NGR,BCYN,HG3,DANAPUR,ECR,PATNA,BIHAR
1045,C MASAUDHI HALT,CKMI,HG3,DANAPUR,ECR,PATNA,BIHAR
1046,CHAKIA THERMAL H,BTPH,HG3,DANAPUR,ECR,BEGUSARAI,BIHAR
1047,CHAMPAPUR HALT,CPPR,HG3,DANAPUR,ECR,PATNA,BIHAR
1048,CHANDI HALT,CNDI,HG3,DANAPUR,ECR,NALANDA,BIHAR
1049,CHATAR,CTHT,HG3,DANAPUR,ECR,NAWADA,BIHAR
1050,DEEDAR GANJ,DDGJ,HG3,DANAPUR,ECR,PATNA,BIHAR
1051,DEEPNAGAR HALT,DPNR,HG3,DANAPUR,ECR,NALANDA,BIHAR
1052,DEKPURA HALT,DKR,HG3,DANAPUR,ECR,NALANDA,BIHAR
1053,DERGAON HALT,DGNH,HG3,DANAPUR,ECR,NAWADA,BIHAR
1054,DHURANT JWAS H,DJS,HG3,DANAPUR,ECR,LAKHISARAI,BIHAR
1055,DIGHA BRIDGE H,DGBH,HG3,DANAPUR,ECR,PATNA,BIHAR
1056,DIYAWAN HALT,DYW,HG3,DANAPUR,ECR,PATNA,BIHAR
1057,EKSARI,EKH,HG3,DANAPUR,ECR,SHEIKHPURA,BIHAR
1058,GANGASAHAI HALT,GGSY,HG3,DANAPUR,ECR,LAKHISARAI,BIHAR
1059,GARO BIGHA HALT,GBHA,HG3,DANAPUR,ECR,NAWADA,BIHAR
1060,GOHRIGRAM HALT,GIG,HG3,DANAPUR,ECR,LAKHISARAI,BIHAR
1061,GOKULNAGAR HALT,XGN,HG3,DANAPUR,ECR,PATNA,BIHAR
1062,HISUA,HIS,HG3,DANAPUR,ECR,NAWADA,BIHAR
1063,IMLI BIGHA HALT,IMBG,HG3,DANAPUR,ECR,NALANDA,BIHAR
1064,J P MAHULI HALT,JPML,HG3,DANAPUR,ECR,PATNA,BIHAR
1065,JAGJIWAN HALT,JGWL,HG3,DANAPUR,ECR,BHOJPUR,BIHAR
1066,JALALPUR HALT,JLPH,HG3,DANAPUR,ECR,PATNA,BIHAR
1067,JUNAIR HALT,JAR,HG3,DANAPUR,ECR,NALANDA,BIHAR
1068,KACHHIANA HALT,KCYN,HG3,DANAPUR,ECR,LAKHISARAI,BIHAR
1069,KAMTA HALT,KAMA,HG3,DANAPUR,ECR,NALANDA,BIHAR
1070,KANHAIPUR,KNHP,HG3,DANAPUR,ECR,PATNA,BIHAR
1071,KARAHDIH HALT,KHDH,HG3,DANAPUR,ECR,NALANDA,BIHAR
1072,KARNAUTI HALT,KRNN,HG3,DANAPUR,ECR,PATNA,BIHAR
1073,KAURIYA HALT,KYA,HG3,DANAPUR,ECR,BHOJPUR,BIHAR
1074,KHARUARA HALT,KHUH,HG3,DANAPUR,ECR,NALANDA,BIHAR
1075,KHURRAMPUR HALT,KAMR,HG3,DANAPUR,ECR,NALANDA,BIHAR
1076,KOLHANA HALT,KLNA,HG3,DANAPUR,ECR,GAYA,BIHAR
1077,KUNDER HALT,KDER,HG3,DANAPUR,ECR,LAKHISARAI,BIHAR
1078,KUSUMHA BIHAR H,KSMB,HG3,DANAPUR,ECR,SHEIKHPURA,BIHAR
1079,LACHHUBIGHA H,LUBA,HG3,DANAPUR,ECR,PATNA,BIHAR
1080,LAKHOCHAK HALT,LCK,HG3,DANAPUR,ECR,LAKHISARAI,BIHAR
1081,LEMUABAD HALT,LEB,HG3,DANAPUR,ECR,PATNA,BIHAR
1082,LOHANDA HALT,LHNA,HG3,DANAPUR,ECR,NALANDA,BIHAR
1083,MACHRIAWAN HALT,MCY,HG3,DANAPUR,ECR,PATNA,BIHAR
1084,MAHATBANIA HALT,MTBH,HG3,DANAPUR,ECR,BHOJPUR,BIHAR
1085,MAHESHLETA HALT,MHLT,HG3,DANAPUR,ECR,LAKHISARAI,BIHAR
1086,MAHURI HALT,MH,HG3,DANAPUR,ECR,NALANDA,BIHAR
1087,MAI HALT,IAM,HG3,DANAPUR,ECR,JEHANABAD,BIHAR
1088,MANJHWE HALT,MZW,HG3,DANAPUR,ECR,NAWADA,BIHAR
1089,MASAUDHI COURT,MDCR,HG3,DANAPUR,ECR,PATNA,BIHAR
1090,MEMRA MEMRAKHABAD,MMKB,HG3,DANAPUR,ECR,PATNA,BIHAR
1091,MIRABIGHA HALT,MBAH,HG3,DANAPUR,ECR,JEHANABAD,BIHAR
1092,MOHAMADPUR,MMDP,HG3,DANAPUR,ECR,NAWADA,BIHAR
1093,MURHARI HALT,MUHI,HG3,DANAPUR,ECR,NALANDA,BIHAR
1094,NADAON HALT,NDON,HG3,DANAPUR,ECR,BUXAR,BIHAR
1095,NAIKA ROAD HALT,NARD,HG3,DANAPUR,ECR,PATNA,BIHAR
1096,NEKPUR,NKPU,HG3,DANAPUR,ECR,NALANDA,BIHAR
1097,NEMA HALT,NEMA,HG3,DANAPUR,ECR,PATNA,BIHAR
1098,NER HALT,NERH,HG3,DANAPUR,ECR,GAYA,BIHAR
1099,NEYAMATPUR HALT,NYM,HG3,DANAPUR,ECR,GAYA,BIHAR
1100,NIYAZIPUR HALT,NZP,HG3,DANAPUR,ECR,JEHANABAD,BIHAR
1101,NOORSARAI HALT,NRSI,HG3,DANAPUR,ECR,NALANDA,BIHAR
1102,ORE HALT,OREH,HG3,DANAPUR,ECR,GAYA,BIHAR
1103,PAIMAR,PMI,HG3,DANAPUR,ECR,GAYA,BIHAR
1104,PATEL HALT,PATL,HG3,DANAPUR,ECR,PATNA,BIHAR
1105,PAWANI KPUR H,PWXP,HG3,DANAPUR,ECR,BUXAR,BIHAR
1106,PURA HALT,PAHB,HG3,DANAPUR,ECR,GAYA,BIHAR
1107,RAHUI ROAD,RRE,HG3,DANAPUR,ECR,NALANDA,BIHAR
1108,RAILEY E HALT,RLE,HG3,DANAPUR,ECR,PATNA,BIHAR
1109,RAMANAND T HALT,RNTE,HG3,DANAPUR,ECR,BHOJPUR,BIHAR
1110,RAMBHAWAN HALT,RPWN,HG3,DANAPUR,ECR,NALANDA,BIHAR
1111,RGS MAHULI HALT,RSMN,HG3,DANAPUR,ECR,PATNA,BIHAR
1112,RUKHAI HALT,RUKH,HG3,DANAPUR,ECR,PATNA,BIHAR
1113,S J H GOPALPUR,SJHG,HG3,DANAPUR,ECR,LAKHISARAI,BIHAR
1114,SADIPUR HALT,XSAD,HG3,DANAPUR,ECR,NAWADA,BIHAR
1115,SAHARI HALT,SHT,HG3,DANAPUR,ECR,PATNA,BIHAR
1116,SARAHULA HALT,SAHA,HG3,DANAPUR,ECR,GHAZIPUR,UTTAR PRADESH
1117,SARDAR PATEL H,SDPH,HG3,DANAPUR,ECR,NALANDA,BIHAR
1118,SARSOO,SRSO,HG3,DANAPUR,ECR,GAYA,BIHAR
1119,SARVODAYA HALT,XSAN,HG3,DANAPUR,ECR,BHOJPUR,BIHAR
1120,SEONAN HALT,SONH,HG3,DANAPUR,ECR,JEHANABAD,BIHAR
1121,SHUKDASGRAM H,SKDG,HG3,DANAPUR,ECR,JAMUI,BIHAR
1122,SIKARIA HALT,SKRI,HG3,DANAPUR,ECR,BHOJPUR,BIHAR
1123,SINGARIYAWAN H,SGYW,HG3,DANAPUR,ECR,PATNA,BIHAR
1124,SIVNAR HALT,SIVN,HG3,DANAPUR,ECR,PATNA,BIHAR
1125,SONEWARSHA HALT,SONW,HG3,DANAPUR,ECR,NAWADA,BIHAR
1126,SULTANPUR GRAM,SLNG,HG3,DANAPUR,ECR,PATNA,BIHAR
1127,TENERI HALT,TNRI,HG3,DANAPUR,ECR,PATNA,BIHAR
1128,TUNGI HALT,TNGI,HG3,DANAPUR,ECR,NALANDA,BIHAR
1129,USIAKHAS HALT,USK,HG3,DANAPUR,ECR,GHAZIPUR,UTTAR PRADESH
1130,V V GIRI HALT,VVG,HG3,DANAPUR,ECR,BUXAR,BIHAR
1131,VKS DHARAULI H,VKDH,HG3,DANAPUR,ECR,BHOJPUR,BIHAR
1132,PATNA JN.,PNBE,NSG1,DANAPUR,ECR,PATNA,BIHAR
1133,PATLIPUTRA,PPTA,NSG2,DANAPUR,ECR,PATNA,BIHAR
1134,ARA JN.,ARA,NSG3,DANAPUR,ECR,BHOJPUR,BIHAR
1135,BUXAR,BXR,NSG3,DANAPUR,ECR,BUXAR,BIHAR
1136,DANAPUR,DNR,NSG3,DANAPUR,ECR,PATNA,BIHAR
1137,KIUL JN.,KIUL,NSG3,DANAPUR,ECR,LAKHISARAI,BIHAR
1138,RAJENDRANAGAR T,RJPB,NSG3,DANAPUR,ECR,PATNA,BIHAR
1139,BAKHTIYARPUR JN.,BKP,NSG4,DANAPUR,ECR,PATNA,BIHAR
1140,BARH.,BARH,NSG4,DANAPUR,ECR,PATNA,BIHAR
1141,BIHTA,BTA,NSG4,DANAPUR,ECR,PATNA,BIHAR
1142,DILDARNAGAR JN.,DLN,NSG4,DANAPUR,ECR,GHAZIPUR,UTTAR PRADESH
1143,FATUHA,FUT,NSG4,DANAPUR,ECR,PATNA,BIHAR
1144,JAMUI,JMU,NSG4,DANAPUR,ECR,JAMUI,BIHAR
1145,JEHANABAD,JHD,NSG4,DANAPUR,ECR,JEHANABAD,BIHAR
1146,JHAJHA,JAJ,NSG4,DANAPUR,ECR,JAMUI,BIHAR
1147,MOKAMA JN.,MKA,NSG4,DANAPUR,ECR,PATNA,BIHAR
1148,PATNA SAHEB,PNC,NSG4,DANAPUR,ECR,PATNA,BIHAR
1149,RAJGIR,RGD,NSG4,DANAPUR,ECR,NALANDA,BIHAR
1150,TAREGNA,TEA,NSG4,DANAPUR,ECR,PATNA,BIHAR
1151,BARHIYA,BRYA,NSG5,DANAPUR,ECR,LAKHISARAI,BIHAR
1152,BIHAR SHARIF,BEHS,NSG5,DANAPUR,ECR,NALANDA,BIHAR
1153,BIHIYA,BEA,NSG5,DANAPUR,ECR,BHOJPUR,BIHAR
1154,DUMRAON,DURE,NSG5,DANAPUR,ECR,BUXAR,BIHAR
1155,EKANGAR SARAI FLAG,EKR,NSG5,DANAPUR,ECR,NALANDA,BIHAR
1156,GAHMAR,GMR,NSG5,DANAPUR,ECR,GHAZIPUR,UTTAR PRADESH
1157,GIDHAUR,GHR,NSG5,DANAPUR,ECR,JAMUI,BIHAR
1158,GULZARBAGH,GZH,NSG5,DANAPUR,ECR,PATNA,BIHAR
1159,HARNAUT,HRT,NSG5,DANAPUR,ECR,NALANDA,BIHAR
1160,HATHIDAH JN.,HTZ,NSG5,DANAPUR,ECR,PATNA,BIHAR
1161,HILSA BLOCK,HIL,NSG5,DANAPUR,ECR,NALANDA,BIHAR
1162,ISLAMPUR,IPR,NSG5,DANAPUR,ECR,NALANDA,BIHAR
1163,KHUSROPUR,KOO,NSG5,DANAPUR,ECR,PATNA,BIHAR
1164,LUCKEESARAI JN.,LKR,NSG5,DANAPUR,ECR,LAKHISARAI,BIHAR
1165,MAKHDUMPUR GAYA,MDE,NSG5,DANAPUR,ECR,JEHANABAD,BIHAR
1166,MANANPUR,MNP,NSG5,DANAPUR,ECR,LAKHISARAI,BIHAR
1167,NAWADAH,NWD,NSG5,DANAPUR,ECR,NAWADA,BIHAR
1168,RAGHUNATHPUR,RPR,NSG5,DANAPUR,ECR,BUXAR,BIHAR
1169,SHEIKHPURA,SHK,NSG5,DANAPUR,ECR,SHEIKHPURA,BIHAR
1170,WARISALIGANJ,WRS,NSG5,DANAPUR,ECR,NAWADA,BIHAR
1171,ZAMANIA,ZNA,NSG5,DANAPUR,ECR,GHAZIPUR,UTTAR PRADESH
1172,ATHMAL GOLA,ATL,NSG6,DANAPUR,ECR,PATNA,BIHAR
1173,BAGHI BARDIHA,BBE,NSG6,DANAPUR,ECR,NAWADA,BIHAR
1174,BANAHI,BYN,NSG6,DANAPUR,ECR,BUXAR,BIHAR
1175,BANKA GHAT,BKG,NSG6,DANAPUR,ECR,PATNA,BIHAR
1176,BANSIPUR,BSQP,NSG6,DANAPUR,ECR,LAKHISARAI,BIHAR
1177,BARUNA,BUE,NSG6,DANAPUR,ECR,BUXAR,BIHAR
1178,BELA,BELA,NSG6,DANAPUR,ECR,GAYA,BIHAR
1179,BHADAURA,BWH,NSG6,DANAPUR,ECR,GHAZIPUR,UTTAR PRADESH
1180,CHAKAND,CKH,NSG6,DANAPUR,ECR,GAYA,BIHAR
1181,CHAUSA,CSA,NSG6,DANAPUR,ECR,BUXAR,BIHAR
1182,DANIYAWAN JN,DHWN,NSG6,DANAPUR,ECR,PATNA,BIHAR
1183,DARAULI,DRV,NSG6,DANAPUR,ECR,GHAZIPUR,UTTAR PRADESH
1184,DHEENA,DHA,NSG6,DANAPUR,ECR,CHANDAULI,UTTAR PRADESH
1185,GARSANDA,GSDH,NSG6,DANAPUR,ECR,LAKHISARAI,BIHAR
1186,HARDAS BIGHA,HDE,NSG6,DANAPUR,ECR,PATNA,BIHAR
1187,JAHANABAD COUIRT FLA,JHDC,NSG6,DANAPUR,ECR,JEHANABAD,BIHAR
1188,JAMUAWAN FLAG,JMN,NSG6,DANAPUR,ECR,NAWADA,BIHAR
1189,JETHIAN,JTIN,NSG6,DANAPUR,ECR,GAYA,BIHAR
1190,KARAUTA,KWO,NSG6,DANAPUR,ECR,PATNA,BIHAR
1191,KARISATH,KRS,NSG6,DANAPUR,ECR,BHOJPUR,BIHAR
1192,KARJARA,KRJR,NSG6,DANAPUR,ECR,GAYA,BIHAR
1193,KAROTA PATNER,KRTR,NSG6,DANAPUR,ECR,LAKHISARAI,BIHAR
1194,KASHI CHAK,KSC,NSG6,DANAPUR,ECR,NAWADA,BIHAR
1195,KATARI,KTRI,NSG6,DANAPUR,ECR,GAYA,BIHAR
1196,KHUDAGANJ BAZAR,KDJB,NSG6,DANAPUR,ECR,NALANDA,BIHAR
1197,KOELWAR,KWR,NSG6,DANAPUR,ECR,BHOJPUR,BIHAR
1198,KUCHMAN,KCA,NSG6,DANAPUR,ECR,CHANDAULI,UTTAR PRADESH
1199,KULHARIA,KUA,NSG6,DANAPUR,ECR,BHOJPUR,BIHAR
1200,MANKATHA,MKB,NSG6,DANAPUR,ECR,LAKHISARAI,BIHAR
1201,MOR,MOR,NSG6,DANAPUR,ECR,PATNA,BIHAR
1202,NADAUL,NDU,NSG6,DANAPUR,ECR,PATNA,BIHAR
1203,NADWAN,NDW,NSG6,DANAPUR,ECR,PATNA,BIHAR
1204,NALANDA,NLD,NSG6,DANAPUR,ECR,NALANDA,BIHAR
1205,NATESAR,NES,NSG6,DANAPUR,ECR,GAYA,BIHAR
1206,NEORA,NEO,NSG6,DANAPUR,ECR,PATNA,BIHAR
1207,ORO,JDPR,NSG6,DANAPUR,ECR,NAWADA,BIHAR
1208,PARSA BAZAR,PRBZ,NSG6,DANAPUR,ECR,PATNA,BIHAR
1209,PAWAPURI ROAD,POE,NSG6,DANAPUR,ECR,NALANDA,BIHAR
1210,PHULWARI SHARIF,PWS,NSG6,DANAPUR,ECR,PATNA,BIHAR
1211,POTAHI,PFT,NSG6,DANAPUR,ECR,PATNA,BIHAR
1212,PUNARAKH,PHK,NSG6,DANAPUR,ECR,PATNA,BIHAR
1213,PUNPUN,PPN,NSG6,DANAPUR,ECR,PATNA,BIHAR
1214,RAJENDRA PUL,RJO,NSG6,DANAPUR,ECR,BEGUSARAI,BIHAR
1215,RAMPUR DUMRA,RDUM,NSG6,DANAPUR,ECR,PATNA,BIHAR
1216,SADISOPUR,SDE,NSG6,DANAPUR,ECR,PATNA,BIHAR
1217,SAKALDIHA,SLD,NSG6,DANAPUR,ECR,CHANDAULI,UTTAR PRADESH
1218,SALIMPUR BIHAR,SMBH,NSG6,DANAPUR,ECR,PATNA,BIHAR
1219,SILAO,SILO,NSG6,DANAPUR,ECR,NALANDA,BIHAR
1220,SIRARI,SRY,NSG6,DANAPUR,ECR,SHEIKHPURA,BIHAR
1221,TALL JN.,TALL,NSG6,DANAPUR,ECR,ARARIA,BIHAR
1222,TARIGHAT,TRG,NSG6,DANAPUR,ECR,GHAZIPUR,UTTAR PRADESH
1223,TEHTA,THA,NSG6,DANAPUR,ECR,JEHANABAD,BIHAR
1224,TEKA BIGHA,TKBG,NSG6,DANAPUR,ECR,PATNA,BIHAR
1225,TILAIYA,TIA,NSG6,DANAPUR,ECR,NAWADA,BIHAR
1226,TULSI ASHRARN,TLAM,NSG6,DANAPUR,ECR,GHAZIPUR,UTTAR PRADESH
1227,TWINING GANJ,TWG,NSG6,DANAPUR,ECR,BUXAR,BIHAR
1228,WAZERGANJ,WZJ,NSG6,DANAPUR,ECR,GAYA,BIHAR
1229,WENA,WENA,NSG6,DANAPUR,ECR,NALANDA,BIHAR
1230,DUMARI JUARA,DRI,HG2,SONPUR,ECR,SARAN,BIHAR
1231,HARPUR BOCHAHA,HBP,HG2,SONPUR,ECR,SAMASTIPUR,BIHAR
1232,AMBIKA BHAWANI H,AABH,HG3,SONPUR,ECR,SARAN,BIHAR
1233,BANGRIGRAM H,BIGH,HG3,SONPUR,ECR,BHAGALPUR,BIHAR
1234,BANIKPUR H,BNPR,HG3,SONPUR,ECR,BHAGALPUR,BIHAR
1235,BASADHIA,BSRA,HG3,SONPUR,ECR,SAMASTIPUR,BIHAR
1236,BEHAT H,BEHT,HG3,SONPUR,ECR,BEGUSARAI,BIHAR
1237,BELARI H,BLRI,HG3,SONPUR,ECR,SAMASTIPUR,BIHAR
1238,BENIPATTI PIRAPUR H,BNPT,HG3,SONPUR,ECR,MUZAFFARPUR,BIHAR
1239,BHARATKHAND,BRKD,HG3,SONPUR,ECR,KHAGARIA,BIHAR
1240,CHAIDABANNI H,CDBN,HG3,SONPUR,ECR,KHAGARIA,BIHAR
1241,DHABAULI H,DHBI,HG3,SONPUR,ECR,VAISHALI,BIHAR
1242,FATEHA,FAH,HG3,SONPUR,ECR,BEGUSARAI,BIHAR
1243,GARHARA,GHX,HG3,SONPUR,ECR,BEGUSARAI,BIHAR
1244,GHATARO,GTHT,HG3,SONPUR,ECR,VAISHALI,BIHAR
1245,GRAM KHARIKA HALT,GKHT,HG3,SONPUR,ECR,VAISHALI,BIHAR
1246,MAJNUPUR NAWADA H,MPNH,HG3,SONPUR,ECR,BEGUSARAI,BIHAR
1247,PANCHPATIA DEORIA H,PPDA,HG3,SONPUR,ECR,SARAN,BIHAR
1248,RAJAJAN H,RJJN,HG3,SONPUR,ECR,SAMASTIPUR,BIHAR
1249,SANHA H,SANH,HG3,SONPUR,ECR,BEGUSARAI,BIHAR
1250,SHERPUR DHIPURA,SPPA,HG3,SONPUR,ECR,SAMASTIPUR,BIHAR
1251,SINGHAUL H,SHHT,HG3,SONPUR,ECR,BEGUSARAI,BIHAR
1252,VISHNUPUR BATHUA,VBH,HG3,SONPUR,ECR,SAMASTIPUR,BIHAR
1253,MUZAFFARPUR JN.,MFP,NSG2,SONPUR,ECR,MUZAFFARPUR,BIHAR
1254,BARAUNI JN.,BJU,NSG3,SONPUR,ECR,BEGUSARAI,BIHAR
1255,HAJIPUR JN.,HJP,NSG3,SONPUR,ECR,VAISHALI,BIHAR
1256,KHAGARIA JN.,KGG,NSG3,SONPUR,ECR,KHAGARIA,BIHAR
1257,SONPUR JN.,SEE,NSG3,SONPUR,ECR,SARAN,BIHAR
1258,BEGUSARAI,BGS,NSG4,SONPUR,ECR,BEGUSARAI,BIHAR
1259,MANSI JN.,MNE,NSG4,SONPUR,ECR,KHAGARIA,BIHAR
1260,NAUGACHIA,NNA,NSG4,SONPUR,ECR,BHAGALPUR,BIHAR
1261,BACHWARA JN.,BCA,NSG5,SONPUR,ECR,BEGUSARAI,BIHAR
1262,DALSINGH SARAI,DSS,NSG5,SONPUR,ECR,SAMASTIPUR,BIHAR
1263,DESARI,DES,NSG5,SONPUR,ECR,VAISHALI,BIHAR
1264,DHOLI,DOL,NSG5,SONPUR,ECR,MUZAFFARPUR,BIHAR
1265,DIGHWARA,DGA,NSG5,SONPUR,ECR,SARAN,BIHAR
1266,GORAUL,GRL,NSG5,SONPUR,ECR,VAISHALI,BIHAR
1267,KARHAGOLA ROAD,CRR,NSG5,SONPUR,ECR,KATIHAR,BIHAR
1268,KHUDIRAMBOSE PUSA,KRBP,NSG5,SONPUR,ECR,SAMASTIPUR,BIHAR
1269,KURSELA,KUE,NSG5,SONPUR,ECR,KATIHAR,BIHAR
1270,LAKHMINIA,LKN,NSG5,SONPUR,ECR,BEGUSARAI,BIHAR
1271,MAHESHKHUNT,MSK,NSG5,SONPUR,ECR,KHAGARIA,BIHAR
1272,MEHNAR ROAD,MNO,NSG5,SONPUR,ECR,VAISHALI,BIHAR
1273,MOHIUDDINNAGAR,MOG,NSG5,SONPUR,ECR,SAMASTIPUR,BIHAR
1274,NARAYANPUR,NNR,NSG5,SONPUR,ECR,BHAGALPUR,BIHAR
1275,PASRAHA,PSR,NSG5,SONPUR,ECR,KHAGARIA,BIHAR
1276,SAHIBPUR KAMAL,SKJ,NSG5,SONPUR,ECR,BEGUSARAI,BIHAR
1277,SEMAPUR,SMO,NSG5,SONPUR,ECR,KATIHAR,BIHAR
1278,SHAHPUR PATORI,SPP,NSG5,SONPUR,ECR,SAMASTIPUR,BIHAR
1279,THANABIHPUR,THB,NSG5,SONPUR,ECR,BHAGALPUR,BIHAR
1280,AKSHAYWAT RAI NAGAR,AYRN,NSG6,SONPUR,ECR,VAISHALI,BIHAR
1281,AWTARNAGAR F,ATNR,NSG6,SONPUR,ECR,SARAN,BIHAR
1282,BAKHRI,BKHR,NSG6,SONPUR,ECR,KATIHAR,BIHAR
1283,BARA-GOPAL,BAGL,NSG6,SONPUR,ECR,SARAN,BIHAR
1284,BARAUNI FLAG,BUJ,NSG6,SONPUR,ECR,BEGUSARAI,BIHAR
1285,BASUDEOPUR CHANDEL,BDUA,NSG6,SONPUR,ECR,VAISHALI,BIHAR
1286,BHAGWANPUR,BNR,NSG6,SONPUR,ECR,VAISHALI,BIHAR
1287,BITHAULI F,BTHL,NSG6,SONPUR,ECR,VAISHALI,BIHAR
1288,CHAK SIKANDAR,CSR,NSG6,SONPUR,ECR,VAISHALI,BIHAR
1289,CHAKMAKRAND,CKRD,NSG6,SONPUR,ECR,VAISHALI,BIHAR
1290,DANAULI PHULWARIA,DPL,NSG6,SONPUR,ECR,BEGUSARAI,BIHAR
1291,DINKARGRAM SIM.,DKGS,NSG6,SONPUR,ECR,BEGUSARAI,BIHAR
1292,DUBAHA,DUBH,NSG6,SONPUR,ECR,MUZAFFARPUR,BIHAR
1293,GAUCHHARI,GAI,NSG6,SONPUR,ECR,KHAGARIA,BIHAR
1294,GHOSHWAR,GWH,NSG6,SONPUR,ECR,VAISHALI,BIHAR
1295,GOIDINGANJ,GJH,NSG6,SONPUR,ECR,SARAN,BIHAR
1296,HARAULI FATEHPUR,HUFP,NSG6,SONPUR,ECR,VAISHALI,BIHAR
1297,KARPOORIGRAM,KPGM,NSG6,SONPUR,ECR,SAMASTIPUR,BIHAR
1298,KATAREAH,KTRH,NSG6,SONPUR,ECR,BHAGALPUR,BIHAR
1299,KHARIK,KHQ,NSG6,SONPUR,ECR,BHAGALPUR,BIHAR
1300,KURHANI,KHI,NSG6,SONPUR,ECR,MUZAFFARPUR,BIHAR
1301,LAKHO,LAK,NSG6,SONPUR,ECR,BEGUSARAI,BIHAR
1302,LALGANJ PAKRI,LLJP,NSG6,SONPUR,ECR,VAISHALI,BIHAR
1303,NANDANI LAGUNIA,NNNL,NSG6,SONPUR,ECR,SAMASTIPUR,BIHAR
1304,NARAYANPUR ANANT,NRPA,NSG6,SONPUR,ECR,MUZAFFARPUR,BIHAR
1305,NAYAGAO,NYO,NSG6,SONPUR,ECR,SARAN,BIHAR
1306,NAZIRGANJ,NAZJ,NSG6,SONPUR,ECR,SAMASTIPUR,BIHAR
1307,NEW BARAUNI,NBJU,NSG6,SONPUR,ECR,BEGUSARAI,BIHAR
1308,PAHLEJA GHAT,PHLG,NSG6,SONPUR,ECR,SARAN,BIHAR
1309,PARMANANDPUR,PMU,NSG6,SONPUR,ECR,SARAN,BIHAR
1310,RAM DAYALU NAGAR,RD,NSG6,SONPUR,ECR,MUZAFFARPUR,BIHAR
1311,SABDALPUR,SBDP,NSG6,SONPUR,ECR,BEGUSARAI,BIHAR
1312,SAHADAI BUZURG,SDG,NSG6,SONPUR,ECR,VAISHALI,BIHAR
1313,SARAI,SAI,NSG6,SONPUR,ECR,VAISHALI,BIHAR
1314,SATHA JAGAT,STJT,NSG6,SONPUR,ECR,BEGUSARAI,BIHAR
1315,SIHO,SIHO,NSG6,SONPUR,ECR,MUZAFFARPUR,BIHAR
1316,SILAUT,SLT,NSG6,SONPUR,ECR,MUZAFFARPUR,BIHAR
1317,SITALPUR,STLR,NSG6,SONPUR,ECR,SARAN,BIHAR
1318,TEGHRA,TGA,NSG6,SONPUR,ECR,BEGUSARAI,BIHAR
1319,TILRATH,TIL,NSG6,SONPUR,ECR,BEGUSARAI,BIHAR
1320,TURKI,TUR,NSG6,SONPUR,ECR,MUZAFFARPUR,BIHAR
1321,UJIARPUR,UJP,NSG6,SONPUR,ECR,SAMASTIPUR,BIHAR
1322,UMESHNAGAR,UMNR,NSG6,SONPUR,ECR,KHAGARIA,BIHAR
1323,VAISHALI,VSHI,NSG6,SONPUR,ECR,VAISHALI,BIHAR
1324,VIDYAPATI DHAM,VPDA,NSG6,SONPUR,ECR,SAMASTIPUR,BIHAR
1325,BACHHARPUR HALT,BCPR,HG2,SAMASTIPUR,ECR,SITAMARHI,BIHAR
1326,BANGARI,BGAR,HG2,SAMASTIPUR,ECR,PURBI CHAMPARAN,BIHAR
1327,BARAIPURA HALT,BAPN,HG2,SAMASTIPUR,ECR,SAMASTIPUR,BIHAR
1328,BHISA HALT,BHSA,HG2,SAMASTIPUR,ECR,SITAMARHI,BIHAR
1329,CHANDAUNA HALT,CNX,HG2,SAMASTIPUR,ECR,SITAMARHI,BIHAR
1330,DEBRABANDHAULI HALT,DBLI,HG2,SAMASTIPUR,ECR,SITAMARHI,BIHAR
1331,JAGDISHPUR A HALT,JPAH,HG2,SAMASTIPUR,ECR,DARBHANGA,BIHAR
1332,KURIA,KXRA,HG2,SAMASTIPUR,ECR,PURBI CHAMPARAN,BIHAR
1333,LALIT LACHMIPUR,LLPR,HG2,SAMASTIPUR,ECR,MADHUBANI,BIHAR
1334,MABBI HALT,MABB,HG2,SAMASTIPUR,ECR,SAMASTIPUR,BIHAR
1335,MASNADIH,MSDH,HG2,SAMASTIPUR,ECR,PURBI CHAMPARAN,BIHAR
1336,MOHINI MANDAL,MMDL,HG2,SAMASTIPUR,ECR,SITAMARHI,BIHAR
1337,N.RUNISAIDPUR H,NRSD,HG2,SAMASTIPUR,ECR,SITAMARHI,BIHAR
1338,NEURI HALT,NUIH,HG2,SAMASTIPUR,ECR,DARBHANGA,BIHAR
1339,PAHARJAGANGAUR HALT,PRGA,HG2,SAMASTIPUR,ECR,KHAGARIA,BIHAR
1340,RUPAULI,RPLY,HG2,SAMASTIPUR,ECR,MADHEPURA,BIHAR
1341,SAHEED SURAJ NARAYAN,SSNS,HG2,SAMASTIPUR,ECR,DARBHANGA,BIHAR
1342,SHASAN HALT,SSRH,HG2,SAMASTIPUR,ECR,SAMASTIPUR,BIHAR
1343,ALINAGAR TOLA,ATX,HG3,SAMASTIPUR,ECR,PURNIA,BIHAR
1344,ASANPUR KUPHA H,APKH,HG3,SAMASTIPUR,ECR,SUPAUL,BIHAR
1345,AWASANI,AWS,HG3,SAMASTIPUR,ECR,PASHCHIM CHAMPARAN,BIHAR
1346,BABA RAGHUNI DH,BRHD,HG3,SAMASTIPUR,ECR,SAHARSA,BIHAR
1347,BAIJNATHPUR ANDOLI H,VDNP,HG3,SAMASTIPUR,ECR,SUPAUL,BIHAR
1348,BARHARA,BHHT,HG3,SAMASTIPUR,ECR,MADHUBANI,BIHAR
1349,BENIPUR A HALT,BPAH,HG3,SAMASTIPUR,ECR,DARBHANGA,BIHAR
1350,BENIPURGRAM H,BPGR,HG3,SAMASTIPUR,ECR,SAMASTIPUR,BIHAR
1351,BHAIROPATTI HALT,BHTH,HG3,SAMASTIPUR,ECR,SAHARSA,BIHAR
1352,BIJULI HALT,BJIH,HG3,SAMASTIPUR,ECR,DARBHANGA,BIHAR
1353,CHAILAHA HALT,CHAH,HG3,SAMASTIPUR,ECR,PURBI CHAMPARAN,BIHAR
1354,CHAKARDAHA HALT,CRDA,HG3,SAMASTIPUR,ECR,ARARIA,BIHAR
1355,CHANDESHWARSTHAN,CDMA,HG3,SAMASTIPUR,ECR,MADHUBANI,BIHAR
1356,CHANDPIPAR HALT,CAC,HG3,SAMASTIPUR,ECR,SUPAUL,BIHAR
1357,CHHATAPUR ROAD HALT,CTU,HG3,SAMASTIPUR,ECR,SUPAUL,BIHAR
1358,DEENAPATTI,DEPI,HG3,SAMASTIPUR,ECR,MADHEPURA,BIHAR
1359,DEVIGANJ,DGZ,HG3,SAMASTIPUR,ECR,SUPAUL,BIHAR
1360,FUNGO HALT,FNO,HG3,SAMASTIPUR,ECR,KHAGARIA,BIHAR
1361,HARAPATTI HALT,HPI,HG3,SAMASTIPUR,ECR,PURNIA,BIHAR
1362,HARPUR NAG,HRNG,HG3,SAMASTIPUR,ECR,PURBI CHAMPARAN,BIHAR
1363,JHANJHARPUR BAZAR HA,JJBR,HG3,SAMASTIPUR,ECR,DARBHANGA,BIHAR
1364,K.CHINTAMANPUR,KPCM,HG3,SAMASTIPUR,ECR,PURBI CHAMPARAN,BIHAR
1365,KADAMPURA HALT,KDRA,HG3,SAMASTIPUR,ECR,SUPAUL,BIHAR
1366,KANGALI H,KNLI,HG3,SAMASTIPUR,ECR,PASHCHIM CHAMPARAN,BIHAR
1367,KARUKHIRHARNAGAR HAL,KKNH,HG3,SAMASTIPUR,ECR,SAHARSA,BIHAR
1368,KORAHIA,KRHA,HG3,SAMASTIPUR,ECR,MADHUBANI,BIHAR
1369,MA JAGD NWDA H,MJNS,HG3,SAMASTIPUR,ECR,DARBHANGA,BIHAR
1370,MAHIKHAND HALT,MIKD,HG3,SAMASTIPUR,ECR,MADHEPURA,BIHAR
1371,MANDAN MISHRA,MNMA,HG3,SAMASTIPUR,ECR,DARBHANGA,BIHAR
1372,MANGARPATTI H,MGPI,HG3,SAMASTIPUR,ECR,MADHUBANI,BIHAR
1373,MITHILA DEEP,MTLP,HG3,SAMASTIPUR,ECR,MADHUBANI,BIHAR
1374,MUSHARWA HALT,MSHW,HG3,SAMASTIPUR,ECR,PASHCHIM CHAMPARAN,BIHAR
1375,NANDLALEE HALT,NDLH,HG3,SAMASTIPUR,ECR,SAHARSA,BIHAR
1376,NARAYANPUR MURLI HAL,NRPM,HG3,SAMASTIPUR,ECR,SUPAUL,BIHAR
1377,NARIYAR HALT,NRV,HG3,SAMASTIPUR,ECR,MUZAFFARPUR,BIHAR
1378,NEMUA HALT,NEUA,HG3,SAMASTIPUR,ECR,MADHUBANI,BIHAR
1379,PARMINIYA HALT,PMYA,HG3,SAMASTIPUR,ECR,SAHARSA,BIHAR
1380,PARSA BASUARI,PRBR,HG3,SAMASTIPUR,ECR,SUPAUL,BIHAR
1381,PARSA NAGAR H,PRSN,HG3,SAMASTIPUR,ECR,PURBI CHAMPARAN,BIHAR
1382,PRAJAPATI HALT,PJPT,HG3,SAMASTIPUR,ECR,PASHCHIM CHAMPARAN,BIHAR
1383,PURUSHOTAMPUR HALT,PSPH,HG3,SAMASTIPUR,ECR,PASHCHIM CHAMPARAN,BIHAR
1384,RAM BISHANPUR HALT,RBQ,HG3,SAMASTIPUR,ECR,SUPAUL,BIHAR
1385,RAMESHWAR NAGAR HALT,RSWN,HG3,SAMASTIPUR,ECR,PASHCHIM CHAMPARAN,BIHAR
1386,RAMRUPNAGAR HALT,RRNH,HG3,SAMASTIPUR,ECR,PURBI CHAMPARAN,BIHAR
1387,SAHARSA KACHERI HALT,SHKY,HG3,SAMASTIPUR,ECR,SAHARSA,BIHAR
1388,SALEMPUR HALT,SPRN,HG3,SAMASTIPUR,ECR,MADHUBANI,BIHAR
1389,SARDAR BALLABH BHAI,SBBP,HG3,SAMASTIPUR,ECR,MADHUBANI,BIHAR
1390,SHISHO H,SHEO,HG3,SAMASTIPUR,ECR,DARBHANGA,BIHAR
1391,SUKHASAN KOTHI H,SKHK,HG3,SAMASTIPUR,ECR,PURNIA,BIHAR
1392,SUKHSHENA HALT,SKEN,HG3,SAMASTIPUR,ECR,PURNIA,BIHAR
1393,SUNDERPUR HALT,SUDR,HG3,SAMASTIPUR,ECR,SUPAUL,BIHAR
1394,TAPASWINARAYAN NAGAR,TNNH,HG3,SAMASTIPUR,ECR,SITAMARHI,BIHAR
1395,UGNA,UGNA,HG3,SAMASTIPUR,ECR,DARBHANGA,BIHAR
1396,DARBANGA,DBG,NSG2,SAMASTIPUR,ECR,DARBHANGA,BIHAR
1397,DARBHANGA JN.,DBG,NSG2,SAMASTIPUR,ECR,DARBHANGA,BIHAR
1398,BAPUDHAM MOTIHARI,BMKI,NSG3,SAMASTIPUR,ECR,PURBI CHAMPARAN,BIHAR
1399,BAPUDHAM MOTIHARI,BMKI,NSG3,SAMASTIPUR,ECR,MOTIHARI,BIHAR
1400,BETTIAH,BTH,NSG3,SAMASTIPUR,ECR,PASHCHIM CHAMPARAN,BIHAR
1401,BETTIAH,BTH,NSG3,SAMASTIPUR,ECR,W CHAMPARAN,BIHAR
1402,JAYNAGAR,JYG,NSG3,SAMASTIPUR,ECR,MADHUBANI,BIHAR
1403,JAYNAGAR,JYG,NSG3,SAMASTIPUR,ECR,MADHUBANI,BIHAR
1404,MADHUBANI,MBI,NSG3,SAMASTIPUR,ECR,MADHUBANI,BIHAR
1405,RAXAUL JN.,RXL,NSG3,SAMASTIPUR,ECR,PURBI CHAMPARAN,BIHAR
1406,RAXAUL JN.,RXL,NSG3,SAMASTIPUR,ECR,E. CHAMPARAN,BIHAR
1407,SAHARSA,SHC,NSG3,SAMASTIPUR,ECR,SAHARSA,BIHAR
1408,SAHARSA (D.D LINE),SHC (D.D LINE),NSG3,SAMASTIPUR,ECR,SAHARSA,BIHAR
1409,SAHARSA JN.,SHC,NSG3,SAMASTIPUR,ECR,SAHARSA,BIHAR
1410,SAMASTIPUR JN.,SPJ,NSG3,SAMASTIPUR,ECR,SAMASTIPUR,BIHAR
1411,BAGAHA,BUG,NSG4,SAMASTIPUR,ECR,PASHCHIM CHAMPARAN,BIHAR
1412,NARKATIAGANJ,NKE,NSG4,SAMASTIPUR,ECR,W CHAMPARAN,BIHAR
1413,NARKATIAGANJ JN.,NKE,NSG4,SAMASTIPUR,ECR,PASHCHIM CHAMPARAN,BIHAR
1414,SAGAULI JN..,SGL,NSG4,SAMASTIPUR,ECR,PURBI CHAMPARAN,BIHAR
1415,SAKRI JN.,SKI,NSG4,SAMASTIPUR,ECR,DARBHANGA,BIHAR
1416,SAKRI JN.,SKI,NSG4,SAMASTIPUR,ECR,MADHUBANI,BIHAR
1417,SITAMARHI,SMI,NSG4,SAMASTIPUR,ECR,SITAMARHI,BIHAR
1418,SITAMARHI,SMI,NSG4,SAMASTIPUR,ECR,SITAMARHI,BIHAR
1419,BADLA GHAT,BHB,NSG5,SAMASTIPUR,ECR,KHAGARIA,BIHAR
1420,BADLAGHAT,BHB,NSG5,SAMASTIPUR,ECR,KHAGARIA,BIHAR
1421,BAIRAGNIA,BGU,NSG5,SAMASTIPUR,ECR,SITAMARHI,BIHAR
1422,BANMANKHI JN.,BNKI,NSG5,SAMASTIPUR,ECR,PURNIA,BIHAR
1423,BARHARA KOTHI,BAKT,NSG5,SAMASTIPUR,ECR,PURNEA,BIHAR
1424,CHAKIA,CAA,NSG5,SAMASTIPUR,ECR,PASHCHIM CHAMPARAN,BIHAR
1425,CHAKIA,CAA,NSG5,SAMASTIPUR,ECR,E. CHAMPARAN,BIHAR
1426,CHANPATIA,CAI,NSG5,SAMASTIPUR,ECR,PASHCHIM CHAMPARAN,BIHAR
1427,DAURAM MADHEPURA,DMH,NSG5,SAMASTIPUR,ECR,MADHEPURA,BIHAR
1428,DAURAM MADHEPURA,DMH,NSG5,SAMASTIPUR,ECR,MADHEPURA,BIHAR
1429,GHORASAHAN,GRH,NSG5,SAMASTIPUR,ECR,PURBI CHAMPARAN,BIHAR
1430,HARINAGAR,HIR,NSG5,SAMASTIPUR,ECR,PASHCHIM CHAMPARAN,BIHAR
1431,HARINAGAR,HIR,NSG5,SAMASTIPUR,ECR,W CHAMPARAN,BIHAR
1432,HASANPUR ROAD,HPO,NSG5,SAMASTIPUR,ECR,SAMASTIPUR,BIHAR
1433,HASANPUR ROAD,HPO,NSG5,SAMASTIPUR,ECR,SAMASTIPUR,BIHAR
1434,JANAKPUR ROAD,JNR,NSG5,SAMASTIPUR,ECR,SITAMARHI,BIHAR
1435,JANAKPUR ROAD,JNR,NSG5,SAMASTIPUR,ECR,SITAMARHI,BIHAR
1436,KAMTAUL,KML,NSG5,SAMASTIPUR,ECR,DARBHANGA,BIHAR
1437,KOPARIA,KFA,NSG5,SAMASTIPUR,ECR,SAHARSA,BIHAR
1438,LAHERIA SARAI,LSI,NSG5,SAMASTIPUR,ECR,DARBHANGA,BIHAR
1439,LAHERIASARAI,LSI,NSG5,SAMASTIPUR,ECR,DARBHANGA,BIHAR
1440,MEHSI,MAI,NSG5,SAMASTIPUR,ECR,PURBI CHAMPARAN,BIHAR
1441,MOTIPUR,MTR,NSG5,SAMASTIPUR,ECR,MUZAFFARPUR,BIHAR
1442,MUHAMMADPUR,MHP,NSG5,SAMASTIPUR,ECR,DARBHANGA,BIHAR
1443,MURLIGANJ,MRIJ,NSG5,SAMASTIPUR,ECR,MADHEPURA,BIHAR
1444,RAJNAGAR,RJA,NSG5,SAMASTIPUR,ECR,MADHUBANI,BIHAR
1445,RAMGARHWA,RGH,NSG5,SAMASTIPUR,ECR,MOTIHARI,BIHAR
1446,RAMGARHWA F,RGH,NSG5,SAMASTIPUR,ECR,PURBI CHAMPARAN,BIHAR
1447,RUSERA GHAT,ROA,NSG5,SAMASTIPUR,ECR,SAMASTIPUR,BIHAR
1448,SALAUNA,SLNA,NSG5,SAMASTIPUR,ECR,BEGUSARAI,BIHAR
1449,SALAUNA,SLNA,NSG5,SAMASTIPUR,ECR,BEGUSARAI,BIHAR
1450,SIMRI BAKHTIYARPUR,SBV,NSG5,SAMASTIPUR,ECR,SAHARSA,BIHAR
1451,SONBARSA KACHERI,SBM,NSG5,SAMASTIPUR,ECR,SAHARSA,BIHAR
1452,SONBERSA KACCHERI,SBM,NSG5,SAMASTIPUR,ECR,SAHARSA,BIHAR
1453,SUPAUL,SOU,NSG5,SAMASTIPUR,ECR,SUPAUL,BIHAR
1454,ADAPUR,ADX,NSG6,SAMASTIPUR,ECR,PURBI CHAMPARAN,BIHAR
1455,ANGAR GHAT,ARG,NSG6,SAMASTIPUR,ECR,SAMASTIPUR,BIHAR
1456,AURAHI F,AUI,NSG6,SAMASTIPUR,ECR,PURNIA,BIHAR
1457,AWAPUR F,AWPR,NSG6,SAMASTIPUR,ECR,SITAMARHI,BIHAR
1458,BAIJNATHPUR,BYP,NSG6,SAMASTIPUR,ECR,SAHARSA,BIHAR
1459,BAJPATTI,BJT,NSG6,SAMASTIPUR,ECR,SITAMARHI,BIHAR
1460,BARHARA KOTHI F,BAKT,NSG6,SAMASTIPUR,ECR,MADHEPURA,BIHAR
1461,BHAGWANPUR DESUA,BGDS,NSG6,SAMASTIPUR,ECR,SAMASTIPUR,BIHAR
1462,BHAGWANPURDESUA,BGDS,NSG6,SAMASTIPUR,ECR,SAMASTIPUR,BIHAR
1463,BHELWA,BLV,NSG6,SAMASTIPUR,ECR,PURBI CHAMPARAN,BIHAR
1464,BHITIHARWA ASHRAM F,BHWR,NSG6,SAMASTIPUR,ECR,PASHCHIM CHAMPARAN,BIHAR
1465,BIHAIROGANJ,BRU,NSG6,SAMASTIPUR,ECR,PASHCHIM CHAMPARAN,BIHAR
1466,BIHARIGANJ,BHGJ,NSG6,SAMASTIPUR,ECR,MADHEPURA,BIHAR
1467,BIRAUL,BIRL,NSG6,SAMASTIPUR,ECR,DARBHANGA,BIHAR
1468,BUDHMA,BDMA,NSG6,SAMASTIPUR,ECR,MADHEPURA,BIHAR
1469,BUDHMA,BDMA,NSG6,SAMASTIPUR,ECR,MADHEPURA,BIHAR
1470,CHAMUA F,CAMU,NSG6,SAMASTIPUR,ECR,PASHCHIM CHAMPARAN,BIHAR
1471,CHAURADANO,CAO,NSG6,SAMASTIPUR,ECR,PURBI CHAMPARAN,BIHAR
1472,CHIKNA F,CKNA,NSG6,SAMASTIPUR,ECR,MADHUBANI,BIHAR
1473,DHAMARA GHAT,DHT,NSG6,SAMASTIPUR,ECR,KHAGARIA,BIHAR
1474,DHANG,DAG,NSG6,SAMASTIPUR,ECR,SITAMARHI,BIHAR
1475,DHANG,DAG,NSG6,SAMASTIPUR,ECR,SITAMARHI,BIHAR
1476,DHARMINIYA HALT,DRQ,NSG6,SAMASTIPUR,ECR,PURBI CHAMPARAN,BIHAR
1477,DRSKSN GARHPURA,DSKG,NSG6,SAMASTIPUR,ECR,SAMASTIPUR,BIHAR
1478,DUMRA,DUMR,NSG6,SAMASTIPUR,ECR,SITAMARHI,BIHAR
1479,GARH BARUARI,GEB,NSG6,SAMASTIPUR,ECR,SUPAUL,BIHAR
1480,GARHA,GARA,NSG6,SAMASTIPUR,ECR,SITAMARHI,BIHAR
1481,GHOGARDIHA,GGH,NSG6,SAMASTIPUR,ECR,MADHUBANI,BIHAR
1482,GOKHULA,GKA,NSG6,SAMASTIPUR,ECR,PASHCHIM CHAMPARAN,BIHAR
1483,GURHANWA F,GRNA,NSG6,SAMASTIPUR,ECR,PURBI CHAMPARAN,BIHAR
1484,HAIAGHAT,HYT,NSG6,SAMASTIPUR,ECR,DARBHANGA,BIHAR
1485,HARNAGAR,HRGR,NSG6,SAMASTIPUR,ECR,DARBHANGA,BIHAR
1486,IMLI,IMLI,NSG6,SAMASTIPUR,ECR,KHAGARIA,BIHAR
1487,JAIMURTINAGAR F,JMM,NSG6,SAMASTIPUR,ECR,PURBI CHAMPARAN,BIHAR
1488,JANAKINAGAR,JNKR,NSG6,SAMASTIPUR,ECR,PURNIA,BIHAR
1489,JHANJHARPUR JN.,JJP,NSG6,SAMASTIPUR,ECR,MADHUBANI,BIHAR
1490,JIWDHARA,JDR,NSG6,SAMASTIPUR,ECR,PURBI CHAMPARAN,BIHAR
1491,JOGIARA,JGA,NSG6,SAMASTIPUR,ECR,DARBHANGA,BIHAR
1492,JUBBASAHANI,JUBS,NSG6,SAMASTIPUR,ECR,MUZAFFARPUR,BIHAR
1493,KAKARGHATTI,KKHT,NSG6,SAMASTIPUR,ECR,DARBHANGA,BIHAR
1494,KANTI,KTI,NSG6,SAMASTIPUR,ECR,MUZAFFARPUR,BIHAR
1495,KANTI,KTI,NSG6,SAMASTIPUR,ECR,MUZAFFARPUR,BIHAR
1496,KAPARPURA,KVC,NSG6,SAMASTIPUR,ECR,MUZAFFARPUR,BIHAR
1497,KHAJAULI,KJI,NSG6,SAMASTIPUR,ECR,MADHUBANI,BIHAR
1498,KHAJAULI,KJI,NSG6,SAMASTIPUR,ECR,MADHUBANI,BIHAR
1499,KHARPOKHRA,KPB,NSG6,SAMASTIPUR,ECR,PASHCHIM CHAMPARAN,BIHAR
1500,KIRTYANAND NAGAR,KTNR,NSG6,SAMASTIPUR,ECR,PURNIA,BIHAR
1501,KISHANPUR,KSP,NSG6,SAMASTIPUR,ECR,SAMASTIPUR,BIHAR
1502,KUMARBAGH,KUMB,NSG6,SAMASTIPUR,ECR,PASHCHIM CHAMPARAN,BIHAR
1503,KUMARBAGH,KUMB,NSG6,SAMASTIPUR,ECR,W CHAMPARAN,BIHAR
1504,KUNDWA CHAINPUR,KWC,NSG6,SAMASTIPUR,ECR,PURBI CHAMPARAN,BIHAR
1505,LALIT GRAM,LLP,NSG6,SAMASTIPUR,ECR,SUPAUL,BIHAR
1506,LOHNA ROAD,LNO,NSG6,SAMASTIPUR,ECR,DARBHANGA,BIHAR
1507,MAHWAL,MHL,NSG6,SAMASTIPUR,ECR,MUZAFFARPUR,BIHAR
1508,MAHWAL,MHL,NSG6,SAMASTIPUR,ECR,MUZAFFARPUR,BIHAR
1509,MAJHOWALIA,MJL,NSG6,SAMASTIPUR,ECR,PASHCHIM CHAMPARAN,BIHAR
1510,MANIGACHI,MGI,NSG6,SAMASTIPUR,ECR,DARBHANGA,BIHAR
1511,MARJADWA,MRJD,NSG6,SAMASTIPUR,ECR,PASHCHIM CHAMPARAN,BIHAR
1512,METHAI F,MEE,NSG6,SAMASTIPUR,ECR,MADHEPURA,BIHAR
1513,MOTIHARI COURT F,MCO,NSG6,SAMASTIPUR,ECR,PURBI CHAMPARAN,BIHAR
1514,MUKTAPUR,MKPR,NSG6,SAMASTIPUR,ECR,SAMASTIPUR,BIHAR
1515,MUKTAPUR,MKPR,NSG6,SAMASTIPUR,ECR,SAMASTIPUR,BIHAR
1516,MURAITHA HALT,MRTA,NSG6,SAMASTIPUR,ECR,DARBHANGA,BIHAR
1517,NAKARDEI,NKU,NSG6,SAMASTIPUR,ECR,PURBI CHAMPARAN,BIHAR
1518,NAYA NAGAR,NWC,NSG6,SAMASTIPUR,ECR,SAMASTIPUR,BIHAR
1519,NIRMALI,NMA,NSG6,SAMASTIPUR,ECR,SUPAUL,BIHAR
1520,OLAPUR,OLP,NSG6,SAMASTIPUR,ECR,KHAGARIA,BIHAR
1521,PACHPOKHARIA F,PPK,NSG6,SAMASTIPUR,ECR,PURBI CHAMPARAN,BIHAR
1522,PANCHGACHIA,PGC,NSG6,SAMASTIPUR,ECR,SAHARSA,BIHAR
1523,PANDAUL,PDW,NSG6,SAMASTIPUR,ECR,MADHUBANI,BIHAR
1524,PARAMJTARAJIVAR,PATR,NSG6,SAMASTIPUR,ECR,MUZAFFARPUR,BIHAR
1525,PARSAUNI,PSZ,NSG6,SAMASTIPUR,ECR,SITAMARHI,BIHAR
1526,PIPRA,PPA,NSG6,SAMASTIPUR,ECR,PURBI CHAMPARAN,BIHAR
1527,PIPRAHAN,PPRH,NSG6,SAMASTIPUR,ECR,MUZAFFARPUR,BIHAR
1528,PRATAPGANJ,PPV,NSG6,SAMASTIPUR,ECR,SUPAUL,BIHAR
1529,PURNEA COURT,PRNC,NSG6,SAMASTIPUR,ECR,PURNIA,BIHAR
1530,PURNEA COURT,PRNC,NSG6,SAMASTIPUR,ECR,PURNEA,BIHAR
1531,RAGHOPUR,RGV,NSG6,SAMASTIPUR,ECR,SUPAUL,BIHAR
1532,RAGHUBANS NAGAR F,RBN,NSG6,SAMASTIPUR,ECR,MADHEPURA,BIHAR
1533,RAMBHADDARPUR,RBZ,NSG6,SAMASTIPUR,ECR,SAMASTIPUR,BIHAR
1534,RIGA,RIGA,NSG6,SAMASTIPUR,ECR,SITAMARHI,BIHAR
1535,RIGA,RIGA,NSG6,SAMASTIPUR,ECR,SITAMARHI,BIHAR
1536,RUNNISAID PUR,RUSD,NSG6,SAMASTIPUR,ECR,SITAMARHI,BIHAR
1537,SARAYGARH,SRGR,NSG6,SAMASTIPUR,ECR,SUPAUL,BIHAR
1538,SARSI,SRSI,NSG6,SAMASTIPUR,ECR,PURNIA,BIHAR
1539,SARSI,SRSI,NSG6,SAMASTIPUR,ECR,PURNEA,BIHAR
1540,SATHI,SAHI,NSG6,SAMASTIPUR,ECR,PASHCHIM CHAMPARAN,BIHAR
1541,SEMRA,SRA,NSG6,SAMASTIPUR,ECR,PURBI CHAMPARAN,BIHAR
1542,SIKTA,STF,NSG6,SAMASTIPUR,ECR,PASHCHIM CHAMPARAN,BIHAR
1543,SINGHIAGHAT,NRN,NSG6,SAMASTIPUR,ECR,SAMASTIPUR,BIHAR
1544,SONMA PRANPUR F,SOPR,NSG6,SAMASTIPUR,ECR,BEGUSARAI,BIHAR
1545,TAMURIA,TMA,NSG6,SAMASTIPUR,ECR,MADHUBANI,BIHAR
1546,TARSARAI,TRS,NSG6,SAMASTIPUR,ECR,DARBHANGA,BIHAR
1547,TARSARAI,TRS,NSG6,SAMASTIPUR,ECR,DARBHANGA,BIHAR
1548,TEKTAR F,TQR,NSG6,SAMASTIPUR,ECR,ARARIA,BIHAR
1549,THALWARA,TLWA,NSG6,SAMASTIPUR,ECR,DARBHANGA,BIHAR
1550,THARBITIA,TB,NSG6,SAMASTIPUR,ECR,SUPAUL,BIHAR
1551,VALMIKINAGAR ROAD,VKNR,NSG6,SAMASTIPUR,ECR,PASHCHIM CHAMPARAN,BIHAR
1552,VINAEKMA HALT,BNKM,NSG6,SAMASTIPUR,ECR,SUPAUL,BIHAR
1553,JAMURIA,JMA,HG2,ASANSOL,ER,PASCHIM BARDHAMAN,WEST BENGAL
1554,JORAMOW,JRW,HG2,ASANSOL,ER,DEOGHAR,JHARKHAND
1555,KACHUJOR,KOX,HG2,ASANSOL,ER,BIRBHUM,WEST BENGAL
1556,KASEETANR HALT,KEE,HG2,ASANSOL,ER,JAMTARA,JHARKHAND
1557,KRISHNA BALLAH SAHAY,KBSH,HG2,ASANSOL,ER,GIRIDIH,JHARKHAND
1558,NARGANJO HALT,NRGO,HG2,ASANSOL,ER,JAMUI,BIHAR
1559,RAJLA,RJLA,HG2,ASANSOL,ER,JAMUI,BIHAR
1560,SATSANGNAGAR,SSNR,HG2,ASANSOL,ER,DEOGHAR,JHARKHAND
1561,SIDULI,SXD,HG2,ASANSOL,ER,PASCHIM BARDHAMAN,WEST BENGAL
1562,TALWA BAZAR,TLB,HG2,ASANSOL,ER,JAMUI,BIHAR
1563,ARJUN NAGAR,ANMP,HG3,ASANSOL,ER,DEOGHAR,JHARKHAND
1564,BHALUA,BHAU,HG3,ASANSOL,ER,BANKA,BIHAR
1565,CHANDANPAHARI,CNPI,HG3,ASANSOL,ER,DUMKA,JHARKHAND
1566,CHINCHURIYA,CCR,HG3,ASANSOL,ER,PASCHIM BARDHAMAN,WEST BENGAL
1567,DHANPATDIH,DPDH,HG3,ASANSOL,ER,DUMKA,JHARKHAND
1568,ISHAN CHANDI HALT,INCI,HG3,ASANSOL,ER,PURBA BARDHAMAN,WEST BENGAL
1569,JAMA,JAMA,HG3,ASANSOL,ER,DUMKA,JHARKHAND
1570,KAKBARA,KKBA,HG3,ASANSOL,ER,BANKA,BIHAR
1571,LKRA JN.,IKRA,HG3,ASANSOL,ER,PASCHIM BARDHAMAN,WEST BENGAL
1572,MAHISHADAHARI,MWZ,HG3,ASANSOL,ER,BIRBHUM,WEST BENGAL
1573,MOHANPUR,MHUR,HG3,ASANSOL,ER,DEOGHAR,JHARKHAND
1574,NEW MADANPUR,MPUR,HG3,ASANSOL,ER,DUMKA,JHARKHAND
1575,NEW NAWADIH,NNWH,HG3,ASANSOL,ER,DEOGHAR,JHARKHAND
1576,SIRSA NUNTHAR HALT,SSNT,HG3,ASANSOL,ER,DEOGHAR,JHARKHAND
1577,TP NO. 6/3(SUGA,SGPA,HG3,ASANSOL,ER,DEOGHAR,JHARKHAND
1578,TP NO. 7/11 (SUGAPAH,SAPT,HG3,ASANSOL,ER,DEOGHAR,JHARKHAND
1579,ASANSOL JN.,ASN,NSG2,ASANSOL,ER,PASCHIM BARDHAMAN,WEST BENGAL
1580,DURGAPUR,DGR,NSG3,ASANSOL,ER,PASCHIM BARDHAMAN,WEST BENGAL
1581,JASIDIH JN.,JSME,NSG3,ASANSOL,ER,DEOGHAR,JHARKHAND
1582,ANDAL JN.,UDL,NSG4,ASANSOL,ER,PASCHIM BARDHAMAN,WEST BENGAL
1583,BAIDYANATHDHAM,BDME,NSG4,ASANSOL,ER,DEOGHAR,JHARKHAND
1584,BASUKINATH,BSKH,NSG4,ASANSOL,ER,DUMKA,JHARKHAND
1585,DEOGHAR,DGHR,NSG4,ASANSOL,ER,DEOGHAR,JHARKHAND
1586,MADHUPUR JN.,MDP,NSG4,ASANSOL,ER,DEOGHAR,JHARKHAND
1587,RANIGANJ,RNG,NSG4,ASANSOL,ER,PASCHIM BARDHAMAN,WEST BENGAL
1588,BARAKAR,BRR,NSG5,ASANSOL,ER,PASCHIM BARDHAMAN,WEST BENGAL
1589,CHITTARANJAN,CRJ,NSG5,ASANSOL,ER,JAMTARA,JHARKHAND
1590,DUMKA,DUMK,NSG5,ASANSOL,ER,DUMKA,JHARKHAND
1591,GIRIDIH,GRD,NSG5,ASANSOL,ER,GIRIDIH,JHARKHAND
1592,JAMTARA,JMT,NSG5,ASANSOL,ER,JAMTARA,JHARKHAND
1593,KULTI,ULT,NSG5,ASANSOL,ER,PASCHIM BARDHAMAN,WEST BENGAL
1594,KUMARDUBI,KMME,NSG5,ASANSOL,ER,DHANBAD,JHARKHAND
1595,MANKAR,MNAE,NSG5,ASANSOL,ER,PURBA BARDHAMAN,WEST BENGAL
1596,PANAGARH,PAN,NSG5,ASANSOL,ER,PASCHIM BARDHAMAN,WEST BENGAL
1597,PANDABESWAR,PAW,NSG5,ASANSOL,ER,PASCHIM BARDHAMAN,WEST BENGAL
1598,SIMULTALA,STL,NSG5,ASANSOL,ER,JAMUI,BIHAR
1599,SITARAMPUR,STN,NSG5,ASANSOL,ER,PASCHIM BARDHAMAN,WEST BENGAL
1600,SIURI,SURI,NSG5,ASANSOL,ER,BIRBHUM,WEST BENGAL
1601,UKHRA,UKA,NSG5,ASANSOL,ER,PASCHIM BARDHAMAN,WEST BENGAL
1602,VIDYASAGAR,VDS,NSG5,ASANSOL,ER,JAMTARA,JHARKHAND
1603,BARABANI,BBI,NSG6,ASANSOL,ER,PASCHIM BARDHAMAN,WEST BENGAL
1604,BARACHAK,BCQ,NSG6,ASANSOL,ER,PASCHIM BARDHAMAN,WEST BENGAL
1605,BHIMGARA JN.,BMGA,NSG6,ASANSOL,ER,BIRBHUM,WEST BENGAL
1606,CHANDAN,CNDN,NSG6,ASANSOL,ER,BANKA,BIHAR
1607,CHHOTA AMBANA,CAM,NSG6,ASANSOL,ER,DHANBAD,JHARKHAND
1608,CHINPAI,CPLE,NSG6,ASANSOL,ER,BIRBHUM,WEST BENGAL
1609,DUBRAJPUR,DUJ,NSG6,ASANSOL,ER,BIRBHUM,WEST BENGAL
1610,GALSI,GLI,NSG6,ASANSOL,ER,PURBA BARDHAMAN,WEST BENGAL
1611,GHORMARA,GRMA,NSG6,ASANSOL,ER,DEOGHAR,JHARKHAND
1612,JAGADISHPUR,JGD,NSG6,ASANSOL,ER,DEOGHAR,JHARKHAND
1613,KAJORAGRAM,KJME,NSG6,ASANSOL,ER,PASCHIM BARDHAMAN,WEST BENGAL
1614,KALIPAHARI,KPK,NSG6,ASANSOL,ER,PASCHIM BARDHAMAN,WEST BENGAL
1615,KALUBATHAN,KAO,NSG6,ASANSOL,ER,DHANBAD,JHARKHAND
1616,KARJHAUSA,KARJ,NSG6,ASANSOL,ER,BANKA,BIHAR
1617,KATORIYA,KTOR,NSG6,ASANSOL,ER,BANKA,BIHAR
1618,KUMRABAD ROHINI,KBQ,NSG6,ASANSOL,ER,DEOGHAR,JHARKHAND
1619,KUNURI,KNRI,NSG6,ASANSOL,ER,BIRBHUM,WEST BENGAL
1620,LAHABON,LHB,NSG6,ASANSOL,ER,JAMUI,BIHAR
1621,MADANKATA H,MNC,NSG6,ASANSOL,ER,DEOGHAR,JHARKHAND
1622,MAHESHAMUNDA,MMD,NSG6,ASANSOL,ER,GIRIDIH,JHARKHAND
1623,MATHURAPUR,MUW,NSG6,ASANSOL,ER,DEOGHAR,JHARKHAND
1624,MUGMA,MMU,NSG6,ASANSOL,ER,DHANBAD,JHARKHAND
1625,PANCHRA,PCR,NSG6,ASANSOL,ER,BIRBHUM,WEST BENGAL
1626,PARAJ,PAJ,NSG6,ASANSOL,ER,PURBA BARDHAMAN,WEST BENGAL
1627,RAJBANDH,RBH,NSG6,ASANSOL,ER,PASCHIM BARDHAMAN,WEST BENGAL
1628,RUPNARAYANPUR,RNPR,NSG6,ASANSOL,ER,PASCHIM BARDHAMAN,WEST BENGAL
1629,SALANPUR,SLS,NSG6,ASANSOL,ER,PASCHIM BARDHAMAN,WEST BENGAL
1630,SANKARPUR,SNQ,NSG6,ASANSOL,ER,DEOGHAR,JHARKHAND
1631,SONACHARA,SSCR,NSG6,ASANSOL,ER,PASCHIM BARDHAMAN,WEST BENGAL
1632,TAPASI,TOP,NSG6,ASANSOL,ER,PASCHIM BARDHAMAN,WEST BENGAL
1633,THAPARNAGAR,TNW,NSG6,ASANSOL,ER,DHANBAD,JHARKHAND
1634,WARIA,OYR,NSG6,ASANSOL,ER,PASCHIM BARDHAMAN,WEST BENGAL
1635,BISNUPRIYA HALT,VSPR,HG1,HOWRAH,ER,NADIA,WEST BENGAL
1636,DHANIAKHALI HALT,DNHL,HG1,HOWRAH,ER,HOOGHLY,WEST BENGAL
1637,MALIYA HALT,MLYA,HG1,HOWRAH,ER,HOOGHLY,WEST BENGAL
1638,MERTALA PHALEYA HALT,MTFA,HG1,HOWRAH,ER,PURBA BARDHAMAN,WEST BENGAL
1639,RAJCHANDRAPUR,RCD,HG1,HOWRAH,ER,HOWRAH,WEST BENGAL
1640,AMARUN,ARNB,HG2,HOWRAH,ER,PURBA BARDHAMAN,WEST BENGAL
1641,MIAGRAM HALT,MIAN,HG2,HOWRAH,ER,MURSHIDABAD,WEST BENGAL
1642,NIMO HALT,NMF,HG2,HOWRAH,ER,PURBA BARDHAMAN,WEST BENGAL
1643,SHIBLUN H,SHBL,HG2,HOWRAH,ER,PURBA BARDHAMAN,WEST BENGAL
1644,TAKIPUR HALT,TKPH,HG2,HOWRAH,ER,HOOGHLY,WEST BENGAL
1645,TALPUR HALT,TLPH,HG2,HOWRAH,ER,HOOGHLY,WEST BENGAL
1646,ADALPAHARI,ALPD,HG3,HOWRAH,ER,BIRBHUM,WEST BENGAL
1647,AMBALGRAM,ABGM,HG3,HOWRAH,ER,PURBA BARDHAMAN,WEST BENGAL
1648,BHATAR H,BTRH,HG3,HOWRAH,ER,PURBA BARDHAMAN,WEST BENGAL
1649,BIRSHAMUNDA HALT,BSMH,HG3,HOWRAH,ER,BANKURA,WEST BENGAL
1650,CHAMARDIGHI,CMDG,HG3,HOWRAH,ER,PURBA BARDHAMAN,WEST BENGAL
1651,CHANCHAI H,CHC,HG3,HOWRAH,ER,PURBA BARDHAMAN,WEST BENGAL
1652,DAHAPARA DHAM,DHPD,HG3,HOWRAH,ER,MURSHIDABAD,WEST BENGAL
1653,DASKALGRAM,DLM,HG3,HOWRAH,ER,BIRBHUM,WEST BENGAL
1654,GOGHAT,GOGT,HG3,HOWRAH,ER,HOOGHLY,WEST BENGAL
1655,GOPALPURGRAM,GPLG,HG3,HOWRAH,ER,BIRBHUM,WEST BENGAL
1656,ISLAMPARA HALT,IPRA,HG3,HOWRAH,ER,HOOGHLY,WEST BENGAL
1657,JIBANTI HALT,JVT,HG3,HOWRAH,ER,MURSHIDABAD,WEST BENGAL
1658,KAICHAR,KCY,HG3,HOWRAH,ER,PURBA BARDHAMAN,WEST BENGAL
1659,KAMNARA,KMRA,HG3,HOWRAH,ER,PURBA BARDHAMAN,WEST BENGAL
1660,KANTHALIA ROAD HALT,KTLR,HG3,HOWRAH,ER,MURSHIDABAD,WEST BENGAL
1661,KARJANAGRAM,KJRM,HG3,HOWRAH,ER,PURBA BARDHAMAN,WEST BENGAL
1662,KAZIPARA HALT,KZPE,HG3,HOWRAH,ER,MURSHIDABAD,WEST BENGAL
1663,KHETIA,KSHT,HG3,HOWRAH,ER,PURBA BARDHAMAN,WEST BENGAL
1664,KOMARPUR,KMPR,HG3,HOWRAH,ER,BIRBHUM,WEST BENGAL
1665,KURMADANGA H,KMDC,HG3,HOWRAH,ER,BIRBHUM,WEST BENGAL
1666,KURVA,KURV,HG3,HOWRAH,ER,DUMKA,JHARKHAND
1667,NABAGRAM KANKURHATI,NBKH,HG3,HOWRAH,ER,PURBA BARDHAMAN,WEST BENGAL
1668,NANDAIGRAM,NDIM,HG3,HOWRAH,ER,PURBA BARDHAMAN,WEST BENGAL
1669,NIROL F,NXL,HG3,HOWRAH,ER,PURBA BARDHAMAN,WEST BENGAL
1670,NIYALISH PARA,NLSF,HG3,HOWRAH,ER,MURSHIDABAD,WEST BENGAL
1671,SAHEBTALA HALT,SHBA,HG3,HOWRAH,ER,PURBA BARDHAMAN,WEST BENGAL
1672,SAOTA,SOF,HG3,HOWRAH,ER,BIRBHUM,WEST BENGAL
1673,SHRIKHANDA,SIZ,HG3,HOWRAH,ER,PURBA BARDHAMAN,WEST BENGAL
1674,HOWRAH,HWH,NSG1,HOWRAH,ER,HOWRAH,WEST BENGAL
1675,BARDDHAMAN,BWN,NSG2,HOWRAH,ER,PURBA BARDHAMAN,WEST BENGAL
1676,BANDEL JN.,BDC,NSG3,HOWRAH,ER,HOOGHLY,WEST BENGAL
1677,RAMPUR HAT,RPH,NSG3,HOWRAH,ER,BIRBHUM,WEST BENGAL
1678,BOLPUR SHANTINIKETAN,BHP,NSG4,HOWRAH,ER,BIRBHUM,WEST BENGAL
1679,AHAMADPUR JN.,AMP,NSG5,HOWRAH,ER,BIRBHUM,WEST BENGAL
1680,AZIMGANJ,AZ,NSG5,HOWRAH,ER,MURSHIDABAD,WEST BENGAL
1681,BAZARSAU,BZLE,NSG5,HOWRAH,ER,MURSHIDABAD,WEST BENGAL
1682,GUSKARA,GKH,NSG5,HOWRAH,ER,PURBA BARDHAMAN,WEST BENGAL
1683,KHAGRAGHAT ROAD,KGLE,NSG5,HOWRAH,ER,MURSHIDABAD,WEST BENGAL
1684,MALLARPUR,MLV,NSG5,HOWRAH,ER,BIRBHUM,WEST BENGAL
1685,MORGRAM,MGAE,NSG5,HOWRAH,ER,MURSHIDABAD,WEST BENGAL
1686,MURARAI,MRR,NSG5,HOWRAH,ER,BIRBHUM,WEST BENGAL
1687,NALHATI JN.,NHT,NSG5,HOWRAH,ER,BIRBHUM,WEST BENGAL
1688,PAKUR,PKR,NSG5,HOWRAH,ER,PAKUR,JHARKHAND
1689,RAJGRAM,RJG,NSG5,HOWRAH,ER,BIRBHUM,WEST BENGAL
1690,SAGARDIGHI,SDI,NSG5,HOWRAH,ER,MURSHIDABAD,WEST BENGAL
1691,SAINTHIA JN,SNT,NSG5,HOWRAH,ER,BIRBHUM,WEST BENGAL
1692,SALAR,SALE,NSG5,HOWRAH,ER,MURSHIDABAD,WEST BENGAL
1693,AZIMGANJ CITY,ACLE,NSG6,HOWRAH,ER,MURSHIDABAD,WEST BENGAL
1694,BANPAS,BPS,NSG6,HOWRAH,ER,PURBA BARDHAMAN,WEST BENGAL
1695,BANSHLAI BRIDGE,BSBR,NSG6,HOWRAH,ER,BIRBHUM,WEST BENGAL
1696,BARALA,BAA,NSG6,HOWRAH,ER,MURSHIDABAD,WEST BENGAL
1697,BARMASIA,BRMA,NSG6,HOWRAH,ER,DUMKA,JHARKHAND
1698,BATASPUR,BSLE,NSG6,HOWRAH,ER,BIRBHUM,WEST BENGAL
1699,BHEDIA,BDH,NSG6,HOWRAH,ER,PURBA BARDHAMAN,WEST BENGAL
1700,CHATRA,CTR,NSG6,HOWRAH,ER,BIRBHUM,WEST BENGAL
1701,CHOWHATTA,CWT,NSG6,HOWRAH,ER,BIRBHUM,WEST BENGAL
1702,CHOWRIGACHA,CWLE,NSG6,HOWRAH,ER,MURSHIDABAD,WEST BENGAL
1703,GADADHARPUR,GHLE,NSG6,HOWRAH,ER,BIRBHUM,WEST BENGAL
1704,GANGATIKURI,GGLE,NSG6,HOWRAH,ER,PURBA BARDHAMAN,WEST BENGAL
1705,GOSAINGRAM,GSGB,NSG6,HOWRAH,ER,MURSHIDABAD,WEST BENGAL
1706,GUMANI,GMAN,NSG6,HOWRAH,ER,PAKUR,JHARKHAND
1707,HARINSING,HRNS,NSG6,HOWRAH,ER,DUMKA,JHARKHAND
1708,JHAMATPUR BAHARAN,JHBN,NSG6,HOWRAH,ER,PURBA BARDHAMAN,WEST BENGAL
1709,JHAPATER DHAL,JTL,NSG6,HOWRAH,ER,PURBA BARDHAMAN,WEST BENGAL
1710,JNANDAS KANDRA,GNND,NSG6,HOWRAH,ER,BIRBHUM,WEST BENGAL
1711,KARNA SUBARNA,KNSN,NSG6,HOWRAH,ER,MURSHIDABAD,WEST BENGAL
1712,KHANA JN.,KAN,NSG6,HOWRAH,ER,PURBA BARDHAMAN,WEST BENGAL
1713,KIRNAHAR,KNHR,NSG6,HOWRAH,ER,BIRBHUM,WEST BENGAL
1714,KOPAI,KPLE,NSG6,HOWRAH,ER,BIRBHUM,WEST BENGAL
1715,KOTALPUKUR,KLP,NSG6,HOWRAH,ER,PAKUR,JHARKHAND
1716,LABPUR,LBP,NSG6,HOWRAH,ER,BIRBHUM,WEST BENGAL
1717,LALBAGH COURT ROAD,LCAE,NSG6,HOWRAH,ER,MURSHIDABAD,WEST BENGAL
1718,LOHAPUR,LAP,NSG6,HOWRAH,ER,BIRBHUM,WEST BENGAL
1719,MALIHATI TALIBPUR RO,MHTR,NSG6,HOWRAH,ER,MURSHIDABAD,WEST BENGAL
1720,NAGARNABI,NGF,NSG6,HOWRAH,ER,PAKUR,JHARKHAND
1721,NOADAR DHAL,NRX,NSG6,HOWRAH,ER,PURBA BARDHAMAN,WEST BENGAL
1722,PACHANDI,PNDI,NSG6,HOWRAH,ER,PURBA BARDHAMAN,WEST BENGAL
1723,PICHKURIR DHAL,PCQ,NSG6,HOWRAH,ER,PURBA BARDHAMAN,WEST BENGAL
1724,PINARGARIA,PRGR,NSG6,HOWRAH,ER,DUMKA,JHARKHAND
1725,PRANTIK,PNE,NSG6,HOWRAH,ER,BIRBHUM,WEST BENGAL
1726,SIKARIPARA,SKIP,NSG6,HOWRAH,ER,DUMKA,JHARKHAND
1727,SWADINPUR,SDLE,NSG6,HOWRAH,ER,BIRBHUM,WEST BENGAL
1728,TAKIPUR,TKP,NSG6,HOWRAH,ER,BIRBHUM,WEST BENGAL
1729,TALIT,TIT,NSG6,HOWRAH,ER,PURBA BARDHAMAN,WEST BENGAL
1730,TARAPITH ROAD,TPF,NSG6,HOWRAH,ER,BIRBHUM,WEST BENGAL
1731,TENYA,TYAE,NSG6,HOWRAH,ER,MURSHIDABAD,WEST BENGAL
1732,TILBHITA,TBB,NSG6,HOWRAH,ER,PAKUR,JHARKHAND
1733,KONNAGAR,KOG,SG2,HOWRAH,ER,HOOGHLY,WEST BENGAL
1734,RISHRA,RIS,SG2,HOWRAH,ER,HOOGHLY,WEST BENGAL
1735,SHEORAPHULLY JN.,SHE,SG2,HOWRAH,ER,HOOGHLY,WEST BENGAL
1736,SHRIRAMPUR,SRP,SG2,HOWRAH,ER,HOOGHLY,WEST BENGAL
1737,ADI SAPTAGRAM,ADST,SG3,HOWRAH,ER,HOOGHLY,WEST BENGAL
1738,AGRADWIP,AGAE,SG3,HOWRAH,ER,PURBA BARDHAMAN,WEST BENGAL
1739,AMBIKA KALNA,ABKA,SG3,HOWRAH,ER,PURBA BARDHAMAN,WEST BENGAL
1740,ARAMBAG,AMBG,SG3,HOWRAH,ER,HOOGHLY,WEST BENGAL
1741,BAGHNAPARA,BGRA,SG3,HOWRAH,ER,PURBA BARDHAMAN,WEST BENGAL
1742,BAGILA,BGF,SG3,HOWRAH,ER,PURBA BARDHAMAN,WEST BENGAL
1743,BAHIR KHANDA,BAHW,SG3,HOWRAH,ER,HOOGHLY,WEST BENGAL
1744,BAIDYABATI,BBAE,SG3,HOWRAH,ER,HOOGHLY,WEST BENGAL
1745,BAINCHI,BOI,SG3,HOWRAH,ER,HOOGHLY,WEST BENGAL
1746,BAINCHIGRAM,BCGM,SG3,HOWRAH,ER,HOOGHLY,WEST BENGAL
1747,BALAGARH,BGAE,SG3,HOWRAH,ER,HOOGHLY,WEST BENGAL
1748,BALARAMBATI,BLAE,SG3,HOWRAH,ER,HOOGHLY,WEST BENGAL
1749,BALGONA,BGNA,SG3,HOWRAH,ER,PURBA BARDHAMAN,WEST BENGAL
1750,BALLY,BLY,SG3,HOWRAH,ER,HOWRAH,WEST BENGAL
1751,BANKAPASI F,BCF,SG3,HOWRAH,ER,PURBA BARDHAMAN,WEST BENGAL
1752,BANSH BARIA,BSAE,SG3,HOWRAH,ER,HOOGHLY,WEST BENGAL
1753,BARUI PARA,BRPA,SG3,HOWRAH,ER,HOOGHLY,WEST BENGAL
1754,BEGAMPUR,BPAE,SG3,HOWRAH,ER,HOOGHLY,WEST BENGAL
1755,BEHULA,BHLA,SG3,HOWRAH,ER,HOOGHLY,WEST BENGAL
1756,BELANAGAR,BZL,SG3,HOWRAH,ER,HOWRAH,WEST BENGAL
1757,BELERHAT,BQY,SG3,HOWRAH,ER,PURBA BARDHAMAN,WEST BENGAL
1758,BELMURI,BMAE,SG3,HOWRAH,ER,HOOGHLY,WEST BENGAL
1759,BELUR,BEQ,SG3,HOWRAH,ER,HOWRAH,WEST BENGAL
1760,BELUR MATH,BRMH,SG3,HOWRAH,ER,HOWRAH,WEST BENGAL
1761,BHADRESHWAR,BHR,SG3,HOWRAH,ER,HOOGHLY,WEST BENGAL
1762,BHANDARTIKURI,BFZ,SG3,HOWRAH,ER,PURBA BARDHAMAN,WEST BENGAL
1763,CHANDAN NAGAR,CGR,SG3,HOWRAH,ER,HOOGHLY,WEST BENGAL
1764,CHANDANPUR,CDAE,SG3,HOWRAH,ER,HOOGHLY,WEST BENGAL
1765,CHUCHURA,CNS,SG3,HOWRAH,ER,HOOGHLY,WEST BENGAL
1766,DAINHAT,DHAE,SG3,HOWRAH,ER,PURBA BARDHAMAN,WEST BENGAL
1767,DANKUNI,DKAE,SG3,HOWRAH,ER,HOOGHLY,WEST BENGAL
1768,DEBIPUR,DBP,SG3,HOWRAH,ER,PURBA BARDHAMAN,WEST BENGAL
1769,DHATRIGRAM,DTAE,SG3,HOWRAH,ER,PURBA BARDHAMAN,WEST BENGAL
1770,DIARA,DEA,SG3,HOWRAH,ER,HOOGHLY,WEST BENGAL
1771,DUMURDAHA,DMLE,SG3,HOWRAH,ER,HOOGHLY,WEST BENGAL
1772,GANGPUR,GRP,SG3,HOWRAH,ER,PURBA BARDHAMAN,WEST BENGAL
1773,GARIFA,GFAE,SG3,HOWRAH,ER,24 PARAGANAS NORTH,WEST BENGAL
1774,GOBRA,GBRA,SG3,HOWRAH,ER,HOOGHLY,WEST BENGAL
1775,GOKULNAGAR JOYPUR,GNJP,SG3,HOWRAH,ER,BANKURA,WEST BENGAL
1776,GUPTIPARA,GPAE,SG3,HOWRAH,ER,HOOGHLY,WEST BENGAL
1777,GURAP,GRAE,SG3,HOWRAH,ER,HOOGHLY,WEST BENGAL
1778,HAJIGARH,HIH,SG3,HOWRAH,ER,HOOGHLY,WEST BENGAL
1779,HARIPAL,HPL,SG3,HOWRAH,ER,HOOGHLY,WEST BENGAL
1780,HIND MOTOR,HMZ,SG3,HOWRAH,ER,HOOGHLY,WEST BENGAL
1781,HOOGHLY,HGY,SG3,HOWRAH,ER,HOOGHLY,WEST BENGAL
1782,HOOGHLY GHAT,HYG,SG3,HOWRAH,ER,HOOGHLY,WEST BENGAL
1783,JANAI ROAD,JOX,SG3,HOWRAH,ER,HOOGHLY,WEST BENGAL
1784,JAUGRAM,JRAE,SG3,HOWRAH,ER,PURBA BARDHAMAN,WEST BENGAL
1785,JHAPANDANGA,JPQ,SG3,HOWRAH,ER,PURBA BARDHAMAN,WEST BENGAL
1786,JIRAT,JIT,SG3,HOWRAH,ER,HOOGHLY,WEST BENGAL
1787,KAIKALA,KKAE,SG3,HOWRAH,ER,HOOGHLY,WEST BENGAL
1788,KALINAGAR,KLNT,SG3,HOWRAH,ER,NADIA,WEST BENGAL
1789,KAMARKUNDU,KQU,SG3,HOWRAH,ER,HOOGHLY,WEST BENGAL
1790,KARJANA,KJRA,SG3,HOWRAH,ER,PURBA BARDHAMAN,WEST BENGAL
1791,KATWA JN.,KWAE,SG3,HOWRAH,ER,PURBA BARDHAMAN,WEST BENGAL
1792,KHAMARGACHHI,KMAE,SG3,HOWRAH,ER,HOOGHLY,WEST BENGAL
1793,KHANYAN,KHN,SG3,HOWRAH,ER,HOOGHLY,WEST BENGAL
1794,KUNTIGHAT,KJU,SG3,HOWRAH,ER,HOOGHLY,WEST BENGAL
1795,LAKSHMIPUR,LKX,SG3,HOWRAH,ER,PURBA BARDHAMAN,WEST BENGAL
1796,LILUAH,LLH,SG3,HOWRAH,ER,HOWRAH,WEST BENGAL
1797,LOKNATH,LOK,SG3,HOWRAH,ER,HOOGHLY,WEST BENGAL
1798,MADHU SUDANPUR,MDSE,SG3,HOWRAH,ER,HOOGHLY,WEST BENGAL
1799,MAGRA,MUG,SG3,HOWRAH,ER,HOOGHLY,WEST BENGAL
1800,MANKUNDU,MUU,SG3,HOWRAH,ER,HOOGHLY,WEST BENGAL
1801,MASAGRAM,MSAE,SG3,HOWRAH,ER,PURBA BARDHAMAN,WEST BENGAL
1802,MAYAPUR,MAYP,SG3,HOWRAH,ER,HOOGHLY,WEST BENGAL
1803,MEMARI,MYM,SG3,HOWRAH,ER,HOOGHLY,WEST BENGAL
1804,MIRZAPUR-BANKIPUR,MBE,SG3,HOWRAH,ER,HOOGHLY,WEST BENGAL
1805,NABADWIP DHAM,NDAE,SG3,HOWRAH,ER,NADIA,WEST BENGAL
1806,NABAGRAM,NBAE,SG3,HOWRAH,ER,PURBA BARDHAMAN,WEST BENGAL
1807,NALIKUL,NKL,SG3,HOWRAH,ER,HOOGHLY,WEST BENGAL
1808,NASIBPUR,NSF,SG3,HOWRAH,ER,HOOGHLY,WEST BENGAL
1809,NEGUN HALT,NGX,SG3,HOWRAH,ER,PURBA BARDHAMAN,WEST BENGAL
1810,PALLA ROAD,PRAE,SG3,HOWRAH,ER,PURBA BARDHAMAN,WEST BENGAL
1811,PALSIT,PLAE,SG3,HOWRAH,ER,PURBA BARDHAMAN,WEST BENGAL
1812,PANDOOAH,PDA,SG3,HOWRAH,ER,HOOGHLY,WEST BENGAL
1813,PATULI,PTAE,SG3,HOWRAH,ER,PURBA BARDHAMAN,WEST BENGAL
1814,PORABAZAR,PBZ,SG3,HOWRAH,ER,HOOGHLY,WEST BENGAL
1815,PURBASTHALI,PSAE,SG3,HOWRAH,ER,PURBA BARDHAMAN,WEST BENGAL
1816,RASULPUR,RSLR,SG3,HOWRAH,ER,PURBA BARDHAMAN,WEST BENGAL
1817,SAKTIGARH,SKG,SG3,HOWRAH,ER,PURBA BARDHAMAN,WEST BENGAL
1818,SAMUDRAGARH,SMAE,SG3,HOWRAH,ER,PURBA BARDHAMAN,WEST BENGAL
1819,SHRIPAT SHRIKHANDA,SPS,SG3,HOWRAH,ER,PURBA BARDHAMAN,WEST BENGAL
1820,SIBAICHANDI,SHBC,SG3,HOWRAH,ER,HOOGHLY,WEST BENGAL
1821,SIMLAGARH,SLG,SG3,HOWRAH,ER,HOOGHLY,WEST BENGAL
1822,SINGUR,SIU,SG3,HOWRAH,ER,HOOGHLY,WEST BENGAL
1823,SOMRA BAZAR,SOAE,SG3,HOWRAH,ER,HOOGHLY,WEST BENGAL
1824,TALANDU,TLO,SG3,HOWRAH,ER,HOOGHLY,WEST BENGAL
1825,TARAKESWAR,TAK,SG3,HOWRAH,ER,HOOGHLY,WEST BENGAL
1826,TRIBENI,TBAE,SG3,HOWRAH,ER,HOOGHLY,WEST BENGAL
1827,UTTARPARA,UPA,SG3,HOWRAH,ER,HOOGHLY,WEST BENGAL
1828,ABJUGANJ,AJUG,HG2,MALDA,ER,BHAGALPUR,BIHAR
1829,AMMAPALI,AMPL,HG2,MALDA,ER,BHAGALPUR,BIHAR
1830,BASUDEBPUR H,BDBP,HG2,MALDA,ER,MURSHIDABAD,WEST BENGAL
1831,BINDUBASINI,BDBS,HG2,MALDA,ER,SAHEBGANJ,JHARKHAND
1832,KHARIAPIPRA HALT,KAPP,HG2,MALDA,ER,BHAGALPUR,BIHAR
1833,MURARPUR HALT,MPY,HG2,MALDA,ER,BHAGALPUR,BIHAR
1834,AHIRAN H,AHN,HG3,MALDA,ER,MURSHIDABAD,WEST BENGAL
1835,BELA HALT,BELT,HG3,MALDA,ER,BANKA,BIHAR
1836,CHHIT MAKHANDPUR,CTMP,HG3,MALDA,ER,BHAGALPUR,BIHAR
1837,DANRE,DANE,HG3,MALDA,ER,GODDA,JHARKHAND
1838,GANGWARA HALT,GGWA,HG3,MALDA,ER,DUMKA,JHARKHAND
1839,GANI DHAM HALT,GIF,HG3,MALDA,ER,BHAGALPUR,BIHAR
1840,GHOGI BARIARPUR,GIBP,HG3,MALDA,ER,LAKHISARAI,BIHAR
1841,GHORGHAT,GOG,HG3,MALDA,ER,MUNGER,BIHAR
1842,HATPURAINI H,HPLE,HG3,MALDA,ER,BHAGALPUR,BIHAR
1843,JAGADISHPUR HALT,JDPT,HG3,MALDA,ER,BHAGALPUR,BIHAR
1844,KAMARGANJ,KMGH,HG3,MALDA,ER,BHAGALPUR,BIHAR
1845,KOLLIKHUTAHA H,KKTA,HG3,MALDA,ER,BHAGALPUR,BIHAR
1846,KUMRADOL,KADL,HG3,MALDA,ER,GODDA,JHARKHAND
1847,KURMAHAT,KUMT,HG3,MALDA,ER,DUMKA,JHARKHAND
1848,LAKSHMIPUR BHORANG,LKB,HG3,MALDA,ER,BHAGALPUR,BIHAR
1849,MAHESHI,MVV,HG3,MALDA,ER,BHAGALPUR,BIHAR
1850,MAHIPAL HALT,MPLE,HG3,MALDA,ER,MURSHIDABAD,WEST BENGAL
1851,MANDAR VIDYAPITH HAL,MDVB,HG3,MALDA,ER,BANKA,BIHAR
1852,NOAPARA MAHISHASUR,NWMS,HG3,MALDA,ER,MURSHIDABAD,WEST BENGAL
1853,PANDETOLA,PETA,HG3,MALDA,ER,BANKA,BIHAR
1854,PANJWARA ROAD,PJLE,HG3,MALDA,ER,BANKA,BIHAR
1855,PATAM,PATM,HG3,MALDA,ER,MUNGER,BIHAR
1856,PAWAI BROHMASTHAN HA,PWBN,HG3,MALDA,ER,LAKHISARAI,BIHAR
1857,PIPRADIH,PPDI,HG3,MALDA,ER,BANKA,BIHAR
1858,PRAYAHAT HALT,PYHT,HG3,MALDA,ER,GODDA,JHARKHAND
1859,PUNSIA H,PNSA,HG3,MALDA,ER,BANKA,BIHAR
1860,RAMPUR HALT,RMPR,HG3,MALDA,ER,LAKHISARAI,BIHAR
1861,RISHIKUND,RIKD,HG3,MALDA,ER,MUNGER,BIHAR
1862,SANJHA H,SJJ,HG3,MALDA,ER,BANKA,BIHAR
1863,SANKOPARA H,SXP,HG3,MALDA,ER,MURSHIDABAD,WEST BENGAL
1864,SAROBAG,SRB,HG3,MALDA,ER,MUNGER,BIHAR
1865,TELIA,TELY,HG3,MALDA,ER,BANKA,BIHAR
1866,BHAGALPUR,BGP,NSG2,MALDA,ER,BHAGALPUR,BIHAR
1867,JAMALPUR JN.,JMP,NSG3,MALDA,ER,MUNGER,BIHAR
1868,MALDA TOWN,MLDT,NSG3,MALDA,ER,MALDAH,WEST BENGAL
1869,NEW FARAKKA,NFK,NSG4,MALDA,ER,MURSHIDABAD,WEST BENGAL
1870,SULTANGANJ,SGG,NSG4,MALDA,ER,BHAGALPUR,BIHAR
1871,ABHAIPUR,AHA,NSG5,MALDA,ER,LAKHISARAI,BIHAR
1872,BARHARWA JN.,BHW,NSG5,MALDA,ER,SAHEBGANJ,JHARKHAND
1873,BARIARPUR,BUP,NSG5,MALDA,ER,MUNGER,BIHAR
1874,DHULIAN GANGA,DGLE,NSG5,MALDA,ER,MURSHIDABAD,WEST BENGAL
1875,GHOGHA,GGA,NSG5,MALDA,ER,BHAGALPUR,BIHAR
1876,JANGIPUR ROAD,JRLE,NSG5,MALDA,ER,MURSHIDABAD,WEST BENGAL
1877,KAHALGAON,CLG,NSG5,MALDA,ER,BHAGALPUR,BIHAR
1878,KAJRAH,KJH,NSG5,MALDA,ER,LAKHISARAI,BIHAR
1879,KHALTIPUR,KTJ,NSG5,MALDA,ER,MALDAH,WEST BENGAL
1880,MIRZA-CHEUKI,MZC,NSG5,MALDA,ER,SAHEBGANJ,JHARKHAND
1881,NIMTITA,NILE,NSG5,MALDA,ER,MURSHIDABAD,WEST BENGAL
1882,PIRPAINTI,PPT,NSG5,MALDA,ER,BHAGALPUR,BIHAR
1883,RAJMAHAL,RJL,NSG5,MALDA,ER,SAHEBGANJ,JHARKHAND
1884,SAHIBGANJ,SBG,NSG5,MALDA,ER,SAHEBGANJ,JHARKHAND
1885,TINPAHAR JN.,TPH,NSG5,MALDA,ER,SAHEBGANJ,JHARKHAND
1886,AKBARNAGAR,AKN,NSG6,MALDA,ER,BHAGALPUR,BIHAR
1887,BAKUDI,BKLE,NSG6,MALDA,ER,SAHEBGANJ,JHARKHAND
1888,BALLALPUR,BPBS,NSG6,MALDA,ER,MURSHIDABAD,WEST BENGAL
1889,BANKA,BAKA,NSG6,MALDA,ER,BANKA,BIHAR
1890,BARAHAT,BHLE,NSG6,MALDA,ER,BANKA,BIHAR
1891,BARAPALASI,BRPS,NSG6,MALDA,ER,DUMKA,JHARKHAND
1892,BIKRAMSHILA,BKSL,NSG6,MALDA,ER,BHAGALPUR,BIHAR
1893,BONIDANGA,BDAG,NSG6,MALDA,ER,SAHEBGANJ,JHARKHAND
1894,CHAMAGRAM,CMX,NSG6,MALDA,ER,MALDAH,WEST BENGAL
1895,DASHRATHPUR,DRTP,NSG6,MALDA,ER,MUNGER,BIHAR
1896,DHAMDHAMIA,DDX,NSG6,MALDA,ER,SAHEBGANJ,JHARKHAND
1897,DHANAURI,DNRE,NSG6,MALDA,ER,LAKHISARAI,BIHAR
1898,DHARHARA,DRH,NSG6,MALDA,ER,MUNGER,BIHAR
1899,DHAUNI,DWLE,NSG6,MALDA,ER,BANKA,BIHAR
1900,EKCHARI,EKC,NSG6,MALDA,ER,BHAGALPUR,BIHAR
1901,GANGANIA,GNNA,NSG6,MALDA,ER,BHAGALPUR,BIHAR
1902,GANKAR,GALE,NSG6,MALDA,ER,MURSHIDABAD,WEST BENGAL
1903,GODDA,GODA,NSG6,MALDA,ER,GODDA,JHARKHAND
1904,GOUR MALDA,GZM,NSG6,MALDA,ER,MALDAH,WEST BENGAL
1905,HANSDIHA,HSDA,NSG6,MALDA,ER,DUMKA,JHARKHAND
1906,JAMIRGHATA,JMQ,NSG6,MALDA,ER,MALDAH,WEST BENGAL
1907,KALYAN CHAK,KXE,NSG6,MALDA,ER,SAHEBGANJ,JHARKHAND
1908,KALYANPUR ROAD,KPRD,NSG6,MALDA,ER,MUNGER,BIHAR
1909,KARAMTOLLA,KRMA,NSG6,MALDA,ER,SAHEBGANJ,JHARKHAND
1910,KARANPURATO,KPTO,NSG6,MALDA,ER,SAHEBGANJ,JHARKHAND
1911,LAILAKH MAMALKHA,LMM,NSG6,MALDA,ER,BHAGALPUR,BIHAR
1912,MAHIPAL ROAD,MPLR,NSG6,MALDA,ER,MURSHIDABAD,WEST BENGAL
1913,MANDAR HILL,MDLE,NSG6,MALDA,ER,BANKA,BIHAR
1914,MANIGRAM,MGLE,NSG6,MALDA,ER,MURSHIDABAD,WEST BENGAL
1915,MASUDAN,MSDN,NSG6,MALDA,ER,LAKHISARAI,BIHAR
1916,MOHARAJPUR,MJP,NSG6,MALDA,ER,SAHEBGANJ,JHARKHAND
1917,MONGHYR,MGR,NSG6,MALDA,ER,MUNGER,BIHAR
1918,MURAHARA,MRHA,NSG6,MALDA,ER,BANKA,BIHAR
1919,NATHNAGAR,NAT,NSG6,MALDA,ER,BHAGALPUR,BIHAR
1920,NONIHAT,NNHT,NSG6,MALDA,ER,DUMKA,JHARKHAND
1921,PORADANGA,PRDG,NSG6,MALDA,ER,MURSHIDABAD,WEST BENGAL
1922,RATANPUR,RPUR,NSG6,MALDA,ER,MUNGER,BIHAR
1923,SABOUR,SBO,NSG6,MALDA,ER,BHAGALPUR,BIHAR
1924,SAKRIGALI,SLJ,NSG6,MALDA,ER,SAHEBGANJ,JHARKHAND
1925,SHIVNARAYANPUR,SVRP,NSG6,MALDA,ER,BHAGALPUR,BIHAR
1926,SUJNIPARA,SPLE,NSG6,MALDA,ER,MURSHIDABAD,WEST BENGAL
1927,TALJHARI,TLJ,NSG6,MALDA,ER,SAHEBGANJ,JHARKHAND
1928,TIKANI,TKLE,NSG6,MALDA,ER,BHAGALPUR,BIHAR
1929,TILDANGA,TDLE,NSG6,MALDA,ER,MURSHIDABAD,WEST BENGAL
1930,UREN,UREN,NSG6,MALDA,ER,LAKHISARAI,BIHAR
1931,AKAIPUR H,AKIP,HG3,SEALDAH,ER,24 PARAGANAS NORTH,WEST BENGAL
1932,AMGHATA H,AHT,HG3,SEALDAH,ER,NADIA,WEST BENGAL
1933,BAHIRA KALIBARI,BHKA,HG3,SEALDAH,ER,24 PARAGANAS NORTH,WEST BENGAL
1934,BAHIRGACHHI H,BHGH,HG3,SEALDAH,ER,NADIA,WEST BENGAL
1935,BAHIRPUYA HALT,BHPA,HG3,SEALDAH,ER,24 PARAGANAS SOUTH,WEST BENGAL
1936,BALLY HALT,BLYH,HG3,SEALDAH,ER,HOWRAH,WEST BENGAL
1937,BANKIMNAGAR HALT,BNKA,HG3,SEALDAH,ER,NADIA,WEST BENGAL
1938,BATHNA KIRTTIBAS HAL,BTKB,HG3,SEALDAH,ER,NADIA,WEST BENGAL
1939,BELIAGHATA ROAD,BGRD,HG3,SEALDAH,ER,24 PARAGANAS NORTH,WEST BENGAL
1940,BETBERIA GHOLA HALT,BTPG,HG3,SEALDAH,ER,24 PARAGANAS SOUTH,WEST BENGAL
1941,BHAYNA H,BHNA,HG3,SEALDAH,ER,NADIA,WEST BENGAL
1942,BHYABLA,BBLA,HG3,SEALDAH,ER,24 PARAGANAS NORTH,WEST BENGAL
1943,BIBHUTI BHUSHAN H,BNAA,HG3,SEALDAH,ER,24 PARAGANAS NORTH,WEST BENGAL
1944,COOPERS HALT,CPHT,HG3,SEALDAH,ER,NADIA,WEST BENGAL
1945,DIGNAGAR,DTG,HG3,SEALDAH,ER,NADIA,WEST BENGAL
1946,GAURDAHA HALT,GQD,HG3,SEALDAH,ER,24 PARAGANAS SOUTH,WEST BENGAL
1947,GHORARAS GHONA HALT,GGV,HG3,SEALDAH,ER,24 PARAGANAS NORTH,WEST BENGAL
1948,HARISHNAGAR HALT,HRSR,HG3,SEALDAH,ER,NADIA,WEST BENGAL
1949,HOGLA H,HGA,HG3,SEALDAH,ER,24 PARAGANAS SOUTH,WEST BENGAL
1950,JALAKHALI HALT,JKL,HG3,SEALDAH,ER,NADIA,WEST BENGAL
1951,KAJIPARA,KZPR,HG3,SEALDAH,ER,24 PARAGANAS NORTH,WEST BENGAL
1952,KANKRA MIRZANAGAR,KMZA,HG3,SEALDAH,ER,24 PARAGANAS NORTH,WEST BENGAL
1953,KARANJALI HALT,KNJI,HG3,SEALDAH,ER,24 PARAGANAS SOUTH,WEST BENGAL
1954,KAREA-KADAMBAGACHI,KBGH,HG3,SEALDAH,ER,24 PARAGANAS NORTH,WEST BENGAL
1955,KHIDIRPUR,KIRP,HG3,SEALDAH,ER,KOLKATA,WEST BENGAL
1956,KRISHNAMOHAN HALT,KRXM,HG3,SEALDAH,ER,24 PARAGANAS SOUTH,WEST BENGAL
1957,KULPI F,KLW,HG3,SEALDAH,ER,24 PARAGANAS SOUTH,WEST BENGAL
1958,LABUTALA HALT,LBTL,HG3,SEALDAH,ER,24 PARAGANAS NORTH,WEST BENGAL
1959,MADHABNAGAR HALT,MDGB,HG3,SEALDAH,ER,24 PARAGANAS SOUTH,WEST BENGAL
1960,MADHABPUR H,MDBP,HG3,SEALDAH,ER,24 PARAGANAS SOUTH,WEST BENGAL
1961,MADHYAMPUR,MPN,HG3,SEALDAH,ER,24 PARAGANAS NORTH,WEST BENGAL
1962,MATLA,MATL,HG3,SEALDAH,ER,24 PARAGANAS SOUTH,WEST BENGAL
1963,MATNIA ANANTAPU,MNAP,HG3,SEALDAH,ER,24 PARAGANAS NORTH,WEST BENGAL
1964,MAYURHAT HALT,MYHT,HG3,SEALDAH,ER,NADIA,WEST BENGAL
1965,NABA RAYNAGAR H,NBRN,HG3,SEALDAH,ER,NADIA,WEST BENGAL
1966,NARENDRAPUR HALT,NRPR,HG3,SEALDAH,ER,24 PARAGANAS SOUTH,WEST BENGAL
1967,NEW BALARAMPUR H,NBPH,HG3,SEALDAH,ER,MURSHIDABAD,WEST BENGAL
1968,NIMDANRI,NMDR,HG3,SEALDAH,ER,24 PARAGANAS NORTH,WEST BENGAL
1969,NISCHINDAPUR,NCP,HG3,SEALDAH,ER,24 PARAGANAS SOUTH,WEST BENGAL
1970,NISCHINDAPUR MARKET,NCPM,HG3,SEALDAH,ER,24 PARAGANAS SOUTH,WEST BENGAL
1971,PANCHBERIA H,PNCB,HG3,SEALDAH,ER,NADIA,WEST BENGAL
1972,PIRTALA,PRTL,HG3,SEALDAH,ER,MURSHIDABAD,WEST BENGAL
1973,RE- MOUNT ROAD,RMTR,HG3,SEALDAH,ER,KOLKATA,WEST BENGAL
1974,SANHATI H,SNHT,HG3,SEALDAH,ER,24 PARAGANAS NORTH,WEST BENGAL
1975,SATBERIA H,STBB,HG3,SEALDAH,ER,24 PARAGANAS NORTH,WEST BENGAL
1976,SHANTINAGAR HAL,SNTR,HG3,SEALDAH,ER,NADIA,WEST BENGAL
1977,SIR GURUDASS BANERJE,SGBA,HG3,SEALDAH,ER,KOLKATA,WEST BENGAL
1978,SIRAJNAGAR H,SRJN,HG3,SEALDAH,ER,MURSHIDABAD,WEST BENGAL
1979,SOVABAZAR-AHIRITOLA,SOLA,HG3,SEALDAH,ER,KOLKATA,WEST BENGAL
1980,SUBARNAMRIGI H,SBNM,HG3,SEALDAH,ER,MURSHIDABAD,WEST BENGAL
1981,TARAK NAGAR H,TNX,HG3,SEALDAH,ER,NADIA,WEST BENGAL
1982,UDAYRAMPUR H,URP,HG3,SEALDAH,ER,24 PARAGANAS SOUTH,WEST BENGAL
1983,UKILERHAT HALT,UKLR,HG3,SEALDAH,ER,24 PARAGANAS SOUTH,WEST BENGAL
1984,UTTAR RADHA NAGAR HA,UTN,HG3,SEALDAH,ER,24 PARAGANAS SOUTH,WEST BENGAL
1985,SEALDAH,SDAH,NSG1,SEALDAH,ER,KOLKATA,WEST BENGAL
1986,KOLKATA,KOAA,NSG2,SEALDAH,ER,KOLKATA,WEST BENGAL
1987,NAIHATI JN.,NH,NSG2,SEALDAH,ER,24 PARAGANAS NORTH,WEST BENGAL
1988,BERHAMPORE COURT,BPC,NSG4,SEALDAH,ER,MURSHIDABAD,WEST BENGAL
1989,BELDANGA,BEB,NSG5,SEALDAH,ER,MURSHIDABAD,WEST BENGAL
1990,BETHUADAHARI,BTY,NSG5,SEALDAH,ER,NADIA,WEST BENGAL
1991,BHAGWANGOLA,BQG,NSG5,SEALDAH,ER,MURSHIDABAD,WEST BENGAL
1992,COSSIMBAZAR,CSZ,NSG5,SEALDAH,ER,MURSHIDABAD,WEST BENGAL
1993,DEBAGRAM,DEB,NSG5,SEALDAH,ER,NADIA,WEST BENGAL
1994,JIAGANJ,JJG,NSG5,SEALDAH,ER,MURSHIDABAD,WEST BENGAL
1995,KRISHNAPUR,KRP,NSG5,SEALDAH,ER,MURSHIDABAD,WEST BENGAL
1996,LALGOLA,LGL,NSG5,SEALDAH,ER,MURSHIDABAD,WEST BENGAL
1997,MURSHIDABAD,MBB,NSG5,SEALDAH,ER,MURSHIDABAD,WEST BENGAL
1998,PLASSEY,PLY,NSG5,SEALDAH,ER,MURSHIDABAD,WEST BENGAL
1999,BAHADURPUR,BPD,NSG6,SEALDAH,ER,NADIA,WEST BENGAL
2000,BHABTA,BFT,NSG6,SEALDAH,ER,MURSHIDABAD,WEST BENGAL
2001,DHUBULIA,DHU,NSG6,SEALDAH,ER,NADIA,WEST BENGAL
2002,MURAGACHHA,MGM,NSG6,SEALDAH,ER,NADIA,WEST BENGAL
2003,NABADWIP GHAT F,NDF,NSG6,SEALDAH,ER,NADIA,WEST BENGAL
2004,PAGLA CHANDI,PCX,NSG6,SEALDAH,ER,NADIA,WEST BENGAL
2005,REJINAGAR,REJ,NSG6,SEALDAH,ER,MURSHIDABAD,WEST BENGAL
2006,SARGACHHI,SGV,NSG6,SEALDAH,ER,MURSHIDABAD,WEST BENGAL
2007,SONADANGA,SVH,NSG6,SEALDAH,ER,NADIA,WEST BENGAL
2008,BARASAT JN.,BT,SG2,SEALDAH,ER,24 PARAGANAS NORTH,WEST BENGAL
2009,BARRACKPORE,BP,SG2,SEALDAH,ER,24 PARAGANAS NORTH,WEST BENGAL
2010,BARUIPUR JN.,BRP,SG2,SEALDAH,ER,24 PARAGANAS SOUTH,WEST BENGAL
2011,BELGHARIA,BLH,SG2,SEALDAH,ER,24 PARAGANAS NORTH,WEST BENGAL
2012,BIDHANNAGAR ROAD,BNXR,SG2,SEALDAH,ER,KOLKATA,WEST BENGAL
2013,CHAKDAHA,CDH,SG2,SEALDAH,ER,NADIA,WEST BENGAL
2014,DUMDUM JN.,DDJ,SG2,SEALDAH,ER,KOLKATA,WEST BENGAL
2015,HABRA,HB,SG2,SEALDAH,ER,24 PARAGANAS NORTH,WEST BENGAL
2016,KHARDAHA,KDH,SG2,SEALDAH,ER,24 PARAGANAS NORTH,WEST BENGAL
2017,KRISHNANAGAR CITY JN,KNJ,SG2,SEALDAH,ER,NADIA,WEST BENGAL
2018,MADHYAMGRAM,MMG,SG2,SEALDAH,ER,24 PARAGANAS NORTH,WEST BENGAL
2019,RANAGHAT JN.,RHA,SG2,SEALDAH,ER,NADIA,WEST BENGAL
2020,SHYAMNAGAR,SNR,SG2,SEALDAH,ER,24 PARAGANAS NORTH,WEST BENGAL
2021,SODEPUR,SEP,SG2,SEALDAH,ER,24 PARAGANAS NORTH,WEST BENGAL
2022,SONARPUR JN.,SPR,SG2,SEALDAH,ER,24 PARAGANAS SOUTH,WEST BENGAL
2023,SUBHAS GRAM,SBGR,SG2,SEALDAH,ER,24 PARAGANAS SOUTH,WEST BENGAL
2024,AGARPARA,AGP,SG3,SEALDAH,ER,24 PARAGANAS NORTH,WEST BENGAL
2025,AKRA,AKRA,SG3,SEALDAH,ER,24 PARAGANAS SOUTH,WEST BENGAL
2026,ARANGHATA,AG,SG3,SEALDAH,ER,NADIA,WEST BENGAL
2027,ASHOKNAGAR ROAD,ASKR,SG3,SEALDAH,ER,24 PARAGANAS NORTH,WEST BENGAL
2028,BADKULLA,BDZ,SG3,SEALDAH,ER,NADIA,WEST BENGAL
2029,BAGH BAZAR,BBR,SG3,SEALDAH,ER,KOLKATA,WEST BENGAL
2030,BAGHA JATIN F,BGJT,SG3,SEALDAH,ER,KOLKATA,WEST BENGAL
2031,BAGULA,BGL,SG3,SEALDAH,ER,NADIA,WEST BENGAL
2032,BAHARU F,BARU,SG3,SEALDAH,ER,24 PARAGANAS SOUTH,WEST BENGAL
2033,BALLY GHAT,BLYG,SG3,SEALDAH,ER,HOOGHLY,WEST BENGAL
2034,BALLYGUNGE JN.,BLN,SG3,SEALDAH,ER,KOLKATA,WEST BENGAL
2035,BAMANGACHHI,BMG,SG3,SEALDAH,ER,24 PARAGANAS NORTH,WEST BENGAL
2036,BANGAON JN.,BNJ,SG3,SEALDAH,ER,24 PARAGANAS NORTH,WEST BENGAL
2037,BANPUR,BPN,SG3,SEALDAH,ER,NADIA,WEST BENGAL
2038,BARANAGAR ROAD,BARN,SG3,SEALDAH,ER,24 PARAGANAS NORTH,WEST BENGAL
2039,BARRA BAZAR,BZB,SG3,SEALDAH,ER,KOLKATA,WEST BENGAL
2040,BASIRHAT,BSHT,SG3,SEALDAH,ER,24 PARAGANAS NORTH,WEST BENGAL
2041,BASULDANGA,BSD,SG3,SEALDAH,ER,24 PARAGANAS SOUTH,WEST BENGAL
2042,BENOY BADAL DINESH B,BBDB,SG3,SEALDAH,ER,KOLKATA,WEST BENGAL
2043,BHASILA,BSLA,SG3,SEALDAH,ER,24 PARAGANAS NORTH,WEST BENGAL
2044,BIDYADHARPUR F,BDYP,SG3,SEALDAH,ER,24 PARAGANAS SOUTH,WEST BENGAL
2045,BIRA,BIRA,SG3,SEALDAH,ER,24 PARAGANAS NORTH,WEST BENGAL
2046,BIRATI,BBT,SG3,SEALDAH,ER,24 PARAGANAS NORTH,WEST BENGAL
2047,BIRNAGAR,BIJ,SG3,SEALDAH,ER,NADIA,WEST BENGAL
2048,BISHARPARA-KODALIYA,BRPK,SG3,SEALDAH,ER,24 PARAGANAS NORTH,WEST BENGAL
2049,BRACE BRIDGE,BRJ,SG3,SEALDAH,ER,KOLKATA,WEST BENGAL
2050,BUDGE-BUDGE,BGB,SG3,SEALDAH,ER,24 PARAGANAS SOUTH,WEST BENGAL
2051,CANNING,CG,SG3,SEALDAH,ER,24 PARAGANAS SOUTH,WEST BENGAL
2052,CHAMPAHATI,CHT,SG3,SEALDAH,ER,24 PARAGANAS SOUTH,WEST BENGAL
2053,CHAMPAPUKUR,CQR,SG3,SEALDAH,ER,24 PARAGANAS NORTH,WEST BENGAL
2054,CHANDPARA,CDP,SG3,SEALDAH,ER,24 PARAGANAS NORTH,WEST BENGAL
2055,DAKHINESWAR,DAKE,SG3,SEALDAH,ER,KOLKATA,WEST BENGAL
2056,DAKSHIN BARASAT,DBT,SG3,SEALDAH,ER,24 PARAGANAS SOUTH,WEST BENGAL
2057,DAKSHIN DURGAPUR HAL,DKDP,SG3,SEALDAH,ER,24 PARAGANAS SOUTH,WEST BENGAL
2058,DEULA,D,SG3,SEALDAH,ER,24 PARAGANAS SOUTH,WEST BENGAL
2059,DHAKURIA F,DHK,SG3,SEALDAH,ER,KOLKATA,WEST BENGAL
2060,DHAMUA,DMU,SG3,SEALDAH,ER,24 PARAGANAS SOUTH,WEST BENGAL
2061,DHAPDHAPI,DPDP,SG3,SEALDAH,ER,24 PARAGANAS SOUTH,WEST BENGAL
2062,DIAMOND HARBOUR,DH,SG3,SEALDAH,ER,24 PARAGANAS SOUTH,WEST BENGAL
2063,DUMDUM CANTONMENT,DDC,SG3,SEALDAH,ER,KOLKATA,WEST BENGAL
2064,DURGANAGAR F,DGNR,SG3,SEALDAH,ER,KOLKATA,WEST BENGAL
2065,DUTTAPUKUR,DTK,SG3,SEALDAH,ER,24 PARAGANAS NORTH,WEST BENGAL
2066,EDEN GARDEN,EDG,SG3,SEALDAH,ER,KOLKATA,WEST BENGAL
2067,GANGNAPUR F,GGP,SG3,SEALDAH,ER,NADIA,WEST BENGAL
2068,GARIA F,GIA,SG3,SEALDAH,ER,24 PARAGANAS SOUTH,WEST BENGAL
2069,GEDE,GEDE,SG3,SEALDAH,ER,NADIA,WEST BENGAL
2070,GHUTIARI SHARIFF,GOF,SG3,SEALDAH,ER,24 PARAGANAS SOUTH,WEST BENGAL
2071,GOBORDANGA,GBG,SG3,SEALDAH,ER,24 PARAGANAS NORTH,WEST BENGAL
2072,GOCHARAN,GCN,SG3,SEALDAH,ER,24 PARAGANAS SOUTH,WEST BENGAL
2073,GOPALNAGAR F,GN,SG3,SEALDAH,ER,24 PARAGANAS NORTH,WEST BENGAL
2074,GUMA,GUMA,SG3,SEALDAH,ER,24 PARAGANAS NORTH,WEST BENGAL
2075,GURUDAS NAGAR,GURN,SG3,SEALDAH,ER,24 PARAGANAS SOUTH,WEST BENGAL
2076,HABIBPUR,HBE,SG3,SEALDAH,ER,NADIA,WEST BENGAL
2077,HALISHAHAR,HLR,SG3,SEALDAH,ER,24 PARAGANAS NORTH,WEST BENGAL
2078,HARUA ROAD,HRO,SG3,SEALDAH,ER,24 PARAGANAS NORTH,WEST BENGAL
2079,HASNABAD JN,HNB,SG3,SEALDAH,ER,24 PARAGANAS NORTH,WEST BENGAL
2080,HOTAR,HT,SG3,SEALDAH,ER,24 PARAGANAS SOUTH,WEST BENGAL
2081,HRIDAYPUR,HHR,SG3,SEALDAH,ER,24 PARAGANAS NORTH,WEST BENGAL
2082,ICHHAPUR,IP,SG3,SEALDAH,ER,24 PARAGANAS NORTH,WEST BENGAL
2083,JADABPUR,JDP,SG3,SEALDAH,ER,KOLKATA,WEST BENGAL
2084,JAGHDDAL,JGDL,SG3,SEALDAH,ER,24 PARAGANAS NORTH,WEST BENGAL
2085,JAYANAGAR MAJILPUR H,JNM,SG3,SEALDAH,ER,24 PARAGANAS SOUTH,WEST BENGAL
2086,KAKDWIP,KWDP,SG3,SEALDAH,ER,24 PARAGANAS SOUTH,WEST BENGAL
2087,KALIKAPUR F,KLKR,SG3,SEALDAH,ER,24 PARAGANAS SOUTH,WEST BENGAL
2088,KALINARAYANPUR JN.,KLNP,SG3,SEALDAH,ER,NADIA,WEST BENGAL
2089,KALYANI GHOSHPARA,KLYG,SG3,SEALDAH,ER,NADIA,WEST BENGAL
2090,KALYANI JN,KYI,SG3,SEALDAH,ER,NADIA,WEST BENGAL
2091,KALYANI SILPANCHAL,KLYS,SG3,SEALDAH,ER,NADIA,WEST BENGAL
2092,KALYANI SIMANTA,KLYM,SG3,SEALDAH,ER,NADIA,WEST BENGAL
2093,KALYANPUR,KYP,SG3,SEALDAH,ER,24 PARAGANAS SOUTH,WEST BENGAL
2094,KANCHRAPARA,KPA,SG3,SEALDAH,ER,24 PARAGANAS NORTH,WEST BENGAL
2095,KANKINARA,KNR,SG3,SEALDAH,ER,24 PARAGANAS NORTH,WEST BENGAL
2096,KASHINAGAR HALT,KHGR,SG3,SEALDAH,ER,24 PARAGANAS SOUTH,WEST BENGAL
2097,KomagataMaruBGB,KBGB,SG3,SEALDAH,ER,24 PARAGANAS SOUTH,WEST BENGAL
2098,LAKE GARDEN F,LKF,SG3,SEALDAH,ER,KOLKATA,WEST BENGAL
2099,LAKSHMIKANTAPUR,LKPR,SG3,SEALDAH,ER,24 PARAGANAS SOUTH,WEST BENGAL
2100,MACHLANDAPUR,MSL,SG3,SEALDAH,ER,24 PARAGANAS NORTH,WEST BENGAL
2101,MADANPUR,MPJ,SG3,SEALDAH,ER,NADIA,WEST BENGAL
2102,MAGRA HAT,MGT,SG3,SEALDAH,ER,24 PARAGANAS SOUTH,WEST BENGAL
2103,MAJHDIA,MIJ,SG3,SEALDAH,ER,NADIA,WEST BENGAL
2104,MAJHERGRAM,MAJ,SG3,SEALDAH,ER,NADIA,WEST BENGAL
2105,MAJHERHAT,MJT,SG3,SEALDAH,ER,KOLKATA,WEST BENGAL
2106,MALATIPUR,MPE,SG3,SEALDAH,ER,24 PARAGANAS NORTH,WEST BENGAL
2107,MALLIKPUR,MAK,SG3,SEALDAH,ER,24 PARAGANAS SOUTH,WEST BENGAL
2108,MATHURAPUR ROAD,MPRD,SG3,SEALDAH,ER,24 PARAGANAS NORTH,WEST BENGAL
2109,NAMKHANA,NMKA,SG3,SEALDAH,ER,24 PARAGANAS SOUTH,WEST BENGAL
2110,NANGI,NAI,SG3,SEALDAH,ER,24 PARAGANAS SOUTH,WEST BENGAL
2111,NETRA,NTA,SG3,SEALDAH,ER,24 PARAGANAS SOUTH,WEST BENGAL
2112,NEW ALIPORE (CALCUTT,NACC,SG3,SEALDAH,ER,KOLKATA,WEST BENGAL
2113,NEW BARRACKPUR,NBE,SG3,SEALDAH,ER,24 PARAGANAS NORTH,WEST BENGAL
2114,NEW GARIA,NGRI,SG3,SEALDAH,ER,24 PARAGANAS SOUTH,WEST BENGAL
2115,PALPARA,PXR,SG3,SEALDAH,ER,NADIA,WEST BENGAL
2116,PALTA,PTF,SG3,SEALDAH,ER,24 PARAGANAS NORTH,WEST BENGAL
2117,PARK CIRCUS,PQS,SG3,SEALDAH,ER,KOLKATA,WEST BENGAL
2118,PATIPUKUR,PTKR,SG3,SEALDAH,ER,24 PARAGANAS NORTH,WEST BENGAL
2119,PAYRADANGA,PDX,SG3,SEALDAH,ER,NADIA,WEST BENGAL
2120,PHULIA,FLU,SG3,SEALDAH,ER,NADIA,WEST BENGAL
2121,PIALI,PLF,SG3,SEALDAH,ER,24 PARAGANAS SOUTH,WEST BENGAL
2122,PRINCEPGHAT,PPGT,SG3,SEALDAH,ER,KOLKATA,WEST BENGAL
2123,SANGRAMPUR,SNU,SG3,SEALDAH,ER,24 PARAGANAS SOUTH,WEST BENGAL
2124,SANTOSHPUR F,SSP,SG3,SEALDAH,ER,24 PARAGANAS SOUTH,WEST BENGAL
2125,SHANTIPUR,STB,SG3,SEALDAH,ER,NADIA,WEST BENGAL
2126,SHASAN ROAD F,SSRD,SG3,SEALDAH,ER,24 PARAGANAS SOUTH,WEST BENGAL
2127,SIMURALI,SMX,SG3,SEALDAH,ER,NADIA,WEST BENGAL
2128,SONDALIA,SXC,SG3,SEALDAH,ER,24 PARAGANAS NORTH,WEST BENGAL
2129,SURJYAPUR F,SJPR,SG3,SEALDAH,ER,24 PARAGANAS SOUTH,WEST BENGAL
2130,TAHERPUR,THP,SG3,SEALDAH,ER,NADIA,WEST BENGAL
2131,TAKI ROAD,TKF,SG3,SEALDAH,ER,24 PARAGANAS NORTH,WEST BENGAL
2132,TALA,TALA,SG3,SEALDAH,ER,KOLKATA,WEST BENGAL
2133,TALDI,TLX,SG3,SEALDAH,ER,24 PARAGANAS SOUTH,WEST BENGAL
2134,THAKURNAGAR,TKNR,SG3,SEALDAH,ER,24 PARAGANAS NORTH,WEST BENGAL
2135,TITAGARH,TGH,SG3,SEALDAH,ER,24 PARAGANAS NORTH,WEST BENGAL
2136,TOLLYGANJ,TLG,SG3,SEALDAH,ER,KOLKATA,WEST BENGAL
2137,AULENDA,AED,HG2,AGRA,NCR,AGRA,UTTAR PRADESH
2138,BANCHARI,BNCR,HG2,AGRA,NCR,PALWAL,HARYANA
2139,BIRAMBAD,BAMA,HG2,AGRA,NCR,BHARATPUR,RAJASTHAN
2140,DEEN DAYAL DHAM,DDDM,HG2,AGRA,NCR,MATHURA,UTTAR PRADESH
2141,DHANA KHERLI HALT,DXK,HG2,AGRA,NCR,BHARATPUR,RAJASTHAN
2142,KHERA SANDHAN HALT,KHSN,HG2,AGRA,NCR,AGRA,UTTAR PRADESH
2143,NAGLA TULA,NGLT,HG2,AGRA,NCR,BHARATPUR,RAJASTHAN
2144,ANGAI HALT,AGE,HG3,AGRA,NCR,DHOLPUR,RAJASTHAN
2145,BAGTHAR,BFG,HG3,AGRA,NCR,DHOLPUR,RAJASTHAN
2146,BAH,HAB,HG3,AGRA,NCR,AGRA,UTTAR PRADESH
2147,BASERI,BED,HG3,AGRA,NCR,DHOLPUR,RAJASTHAN
2148,BATESAR,BASR,HG3,AGRA,NCR,AGRA,UTTAR PRADESH
2149,BHADRAULI,BDRI,HG3,AGRA,NCR,AGRA,UTTAR PRADESH
2150,BHUDA,BUDA,HG3,AGRA,NCR,ALWAR,RAJASTHAN
2151,DANTIA,DTF,HG3,AGRA,NCR,ALWAR,RAJASTHAN
2152,DHIMSIRI,DMSR,HG3,AGRA,NCR,AGRA,UTTAR PRADESH
2153,FATEHABAD,FAB,HG3,AGRA,NCR,AGRA,UTTAR PRADESH
2154,GARHI BERI,GBPM,HG3,AGRA,NCR,MATHURA,UTTAR PRADESH
2155,GARHI SANDRA,GIS,HG3,AGRA,NCR,DHOLPUR,RAJASTHAN
2156,JAITPUR KALAN,JTKN,HG3,AGRA,NCR,AGRA,UTTAR PRADESH
2157,JAITPURA,JATP,HG3,AGRA,NCR,AGRA,UTTAR PRADESH
2158,KARAUNDHANA,KRDN,HG3,AGRA,NCR,AGRA,UTTAR PRADESH
2159,MANIKPURA,MAKP,HG3,AGRA,NCR,AGRA,UTTAR PRADESH
2160,MANISINGH KA PURA,MGKP,HG3,AGRA,NCR,AGRA,UTTAR PRADESH
2161,NOHBACHHAMADI,NHB,HG3,AGRA,NCR,BHARATPUR,RAJASTHAN
2162,NURPURA HALT,NPH,HG3,AGRA,NCR,DHOLPUR,RAJASTHAN
2163,RANPURA,RNB,HG3,AGRA,NCR,DHOLPUR,RAJASTHAN
2164,SHAMSHABAD TOWN,SSDT,HG3,AGRA,NCR,AGRA,UTTAR PRADESH
2165,SHRI GHASI NAGAR,SHGN,HG3,AGRA,NCR,DAUSA,RAJASTHAN
2166,SINGARPUR,SNPR,HG3,AGRA,NCR,AGRA,UTTAR PRADESH
2167,SOOROTHEE,SRTE,HG3,AGRA,NCR,DHOLPUR,RAJASTHAN
2168,TARCHHERA BARAOLIRAN,TBL,HG3,AGRA,NCR,BHARATPUR,RAJASTHAN
2169,AGRA CANTT,AGC,NSG2,AGRA,NCR,AGRA,UTTAR PRADESH
2170,MATHURA JN,MTJ,NSG2,AGRA,NCR,MATHURA,UTTAR PRADESH
2171,AGRA FORT,AF,NSG3,AGRA,NCR,AGRA,UTTAR PRADESH
2172,KOSI KALAN,KSV,NSG4,AGRA,NCR,MATHURA,UTTAR PRADESH
2173,RAJA-KI-MANDI,RKM,NSG4,AGRA,NCR,AGRA,UTTAR PRADESH
2174,ACHHNERA JN.,AH,NSG5,AGRA,NCR,AGRA,UTTAR PRADESH
2175,BHUTESHWAR,BTSR,NSG5,AGRA,NCR,MATHURA,UTTAR PRADESH
2176,DHAULPUR,DHO,NSG5,AGRA,NCR,DHOLPUR,RAJASTHAN
2177,GOVERDHAN,GDO,NSG5,AGRA,NCR,MATHURA,UTTAR PRADESH
2178,HODAL,HDL,NSG5,AGRA,NCR,PALWAL,HARYANA
2179,IDGAH,IDH,NSG5,AGRA,NCR,AGRA,UTTAR PRADESH
2180,KHERLI,KL,NSG5,AGRA,NCR,ALWAR,RAJASTHAN
2181,MANDAWAR MAHWA ROAD,MURD,NSG5,AGRA,NCR,DAUSA,RAJASTHAN
2182,NADBAI,NBI,NSG5,AGRA,NCR,BHARATPUR,RAJASTHAN
2183,AGRA CITY,AGA,NSG6,AGRA,NCR,AGRA,UTTAR PRADESH
2184,AJHAI,AJH,NSG6,AGRA,NCR,MATHURA,UTTAR PRADESH
2185,BAAD,BAD,NSG6,AGRA,NCR,MATHURA,UTTAR PRADESH
2186,BANDH BARETHA,BR,NSG6,AGRA,NCR,BHARATPUR,RAJASTHAN
2187,BANSI PAHARPUR,BIQ,NSG6,AGRA,NCR,BHARATPUR,RAJASTHAN
2188,BARI,BARI,NSG6,AGRA,NCR,DHOLPUR,RAJASTHAN
2189,BEDHAM,BEDM,NSG6,AGRA,NCR,BHARATPUR,RAJASTHAN
2190,BEHAJ,BEHJ,NSG6,AGRA,NCR,BHARATPUR,RAJASTHAN
2191,BHAINSA,BSA,NSG6,AGRA,NCR,MATHURA,UTTAR PRADESH
2192,BHAJERA,BJRA,NSG6,AGRA,NCR,ALWAR,RAJASTHAN
2193,BHANDAI,BHA,NSG6,AGRA,NCR,AGRA,UTTAR PRADESH
2194,BICHPURI,BCP,NSG6,AGRA,NCR,AGRA,UTTAR PRADESH
2195,BILOCHPURA AGRA,BFP,NSG6,AGRA,NCR,AGRA,UTTAR PRADESH
2196,BIWAI,BW,NSG6,AGRA,NCR,DAUSA,RAJASTHAN
2197,BRIJ NAGAR,BINR,NSG6,AGRA,NCR,BHARATPUR,RAJASTHAN
2198,CHATA,CHJ,NSG6,AGRA,NCR,MATHURA,UTTAR PRADESH
2199,CHHALESAR,CHLR,NSG6,AGRA,NCR,AGRA,UTTAR PRADESH
2200,CHIKASANA,CIK,NSG6,AGRA,NCR,BHARATPUR,RAJASTHAN
2201,DEEG,DEEG,NSG6,AGRA,NCR,BHARATPUR,RAJASTHAN
2202,ETMADPUR,ETUE,NSG6,AGRA,NCR,AGRA,UTTAR PRADESH
2203,FARAH,FAR,NSG6,AGRA,NCR,MATHURA,UTTAR PRADESH
2204,FATEHPUR-SIKRI,FTS,NSG6,AGRA,NCR,AGRA,UTTAR PRADESH
2205,GAZIKA,GZKA,NSG6,AGRA,NCR,ALWAR,RAJASTHAN
2206,GHOSRANA,GOS,NSG6,AGRA,NCR,ALWAR,RAJASTHAN
2207,GOVINDGARH,GVH,NSG6,AGRA,NCR,ALWAR,RAJASTHAN
2208,HELAK,HK,NSG6,AGRA,NCR,BHARATPUR,RAJASTHAN
2209,IKRAN,IK,NSG6,AGRA,NCR,BHARATPUR,RAJASTHAN
2210,JADOLI KA BAS,JBS,NSG6,AGRA,NCR,ALWAR,RAJASTHAN
2211,JAJAU,JJ,NSG6,AGRA,NCR,AGRA,UTTAR PRADESH
2212,JHAREDA,JREA,NSG6,AGRA,NCR,ALWAR,RAJASTHAN
2213,KARANPURA,KPO,NSG6,AGRA,NCR,ALWAR,RAJASTHAN
2214,KIRAOLI,KLB,NSG6,AGRA,NCR,AGRA,UTTAR PRADESH
2215,KITHAM,KXM,NSG6,AGRA,NCR,AGRA,UTTAR PRADESH
2216,KUBERPUR,KBP,NSG6,AGRA,NCR,AGRA,UTTAR PRADESH
2217,MANIA,MIA,NSG6,AGRA,NCR,DHOLPUR,RAJASTHAN
2218,MIRHAKUR,MIQ,NSG6,AGRA,NCR,AGRA,UTTAR PRADESH
2219,MOHARI,MHF,NSG6,AGRA,NCR,DHOLPUR,RAJASTHAN
2220,MORA,MROA,NSG6,AGRA,NCR,MATHURA,UTTAR PRADESH
2221,OOTWARD,OTD,NSG6,AGRA,NCR,ALWAR,RAJASTHAN
2222,PAPARERA,PPEA,NSG6,AGRA,NCR,BHARATPUR,RAJASTHAN
2223,PARKHAM,PRK,NSG6,AGRA,NCR,MATHURA,UTTAR PRADESH
2224,PATHAULI,PTLI,NSG6,AGRA,NCR,AGRA,UTTAR PRADESH
2225,RADHAKUND,RAKD,NSG6,AGRA,NCR,MATHURA,UTTAR PRADESH
2226,RAIBHA,RAI,NSG6,AGRA,NCR,AGRA,UTTAR PRADESH
2227,RAMGARH,RAH,NSG6,AGRA,NCR,ALWAR,RAJASTHAN
2228,RUNDHI,RDE,NSG6,AGRA,NCR,PALWAL,HARYANA
2229,RUNKUTA,RNKA,NSG6,AGRA,NCR,AGRA,UTTAR PRADESH
2230,RUPBAS,RBS,NSG6,AGRA,NCR,BHARATPUR,RAJASTHAN
2231,SHOLAKA,SHLK,NSG6,AGRA,NCR,PALWAL,HARYANA
2232,SIRMUTTRA,SRMT,NSG6,AGRA,NCR,DHOLPUR,RAJASTHAN
2233,TANTPUR,TPO,NSG6,AGRA,NCR,DHOLPUR,RAJASTHAN
2234,UDI MOR JN.,UDMR,NSG6,AGRA,NCR,ETAWAH,UTTAR PRADESH
2235,VRINDABAN ROAD,VRBD,NSG6,AGRA,NCR,MATHURA,UTTAR PRADESH
2236,VRINDAVAN,BDB,NSG6,AGRA,NCR,MATHURA,UTTAR PRADESH
2237,YAMUNA BRIDGE,JAB,NSG6,AGRA,NCR,AGRA,UTTAR PRADESH
2238,CHARKHARI ROAD,CRC,HG2,JHANSI,NCR,MAHOBA,UTTAR PRADESH
2239,DAPSAURA,DPSR,HG2,JHANSI,NCR,HAMIRPUR,UTTAR PRADESH
2240,GHUTAI,GTI,HG2,JHANSI,NCR,MAHOBA,UTTAR PRADESH
2241,INGOHTA,IGTA,HG2,JHANSI,NCR,HAMIRPUR,UTTAR PRADESH
2242,ITEHAR,AAH,HG2,JHANSI,NCR,BHIND,MADHYA PRADESH
2243,RAJNAGAR K HALT,RJAK,HG2,JHANSI,NCR,CHHATARPUR,MADHYA PRADESH
2244,SIRHI ITARA,SIRA,HG2,JHANSI,NCR,KANPUR NAGAR,UTTAR PRADESH
2245,AMBIKESHWAR,ABE,HG3,JHANSI,NCR,MORENA,MADHYA PRADESH
2246,ASOKHAR,AXK,HG3,JHANSI,NCR,BHIND,MADHYA PRADESH
2247,BARIPURA,BPRA,HG3,JHANSI,NCR,MAHOBA,UTTAR PRADESH
2248,BASARI,BSRI,HG3,JHANSI,NCR,RAJGARH,MADHYA PRADESH
2249,BHADROLI HALT,BBY,HG3,JHANSI,NCR,GWALIOR,MADHYA PRADESH
2250,BHATPURA,BHAT,HG3,JHANSI,NCR,MORENA,MADHYA PRADESH
2251,BIJAIPUR ROAD,BJPR,HG3,JHANSI,NCR,MORENA,MADHYA PRADESH
2252,BINAUR,BNAR,HG3,JHANSI,NCR,KANPUR NAGAR,UTTAR PRADESH
2253,CHITHARI HALT,CHIT,HG3,JHANSI,NCR,CHHATARPUR,MADHYA PRADESH
2254,DATARDA KALAN,DTQ,HG3,JHANSI,NCR,SHEOPUR,MADHYA PRADESH
2255,DOHRU,DXU,HG3,JHANSI,NCR,KANPUR NAGAR,UTTAR PRADESH
2256,DURGAPURI,DURP,HG3,JHANSI,NCR,SHEOPUR,MADHYA PRADESH
2257,KAIMARAKALAN,KAKN,HG3,JHANSI,NCR,SHEOPUR,MADHYA PRADESH
2258,MAGARPUR,MGRR,HG3,JHANSI,NCR,JHANSI,UTTAR PRADESH
2259,MALASA,MLS,HG3,JHANSI,NCR,KANPUR DEHAT,UTTAR PRADESH
2260,MAWAI,MWAI,HG3,JHANSI,NCR,TIKAMGARH,MADHYA PRADESH
2261,NONERA,NNE,HG3,JHANSI,NCR,BHIND,MADHYA PRADESH
2262,NURABAD,NUB,HG3,JHANSI,NCR,MORENA,MADHYA PRADESH
2263,PHOOP,PHOP,HG3,JHANSI,NCR,BHIND,MADHYA PRADESH
2264,PIPALWALI CHOWKI,PPCK,HG3,JHANSI,NCR,MORENA,MADHYA PRADESH
2265,RAGHOULI,RGLI,HG3,JHANSI,NCR,CHHATARPUR,MADHYA PRADESH
2266,RAMPAHARI,RMPH,HG3,JHANSI,NCR,MORENA,MADHYA PRADESH
2267,RAMPURA,RAPU,HG3,JHANSI,NCR,CHHATARPUR,MADHYA PRADESH
2268,RASULPUR GOGUMAU,RPGU,HG3,JHANSI,NCR,KANPUR DEHAT,UTTAR PRADESH
2269,RAYATPURA,RYT,HG3,JHANSI,NCR,BHIND,MADHYA PRADESH
2270,RETHORAKALAN,RAKL,HG3,JHANSI,NCR,MORENA,MADHYA PRADESH
2271,SEMAI,SYF,HG3,JHANSI,NCR,MORENA,MADHYA PRADESH
2272,SERONI ROAD,SEX,HG3,JHANSI,NCR,SHEOPUR,MADHYA PRADESH
2273,SIKRODA,SKU,HG3,JHANSI,NCR,MORENA,MADHYA PRADESH
2274,SILLIPUR,SPRA,HG3,JHANSI,NCR,SHEOPUR,MADHYA PRADESH
2275,SIMARIATAL,SMTL,HG3,JHANSI,NCR,GWALIOR,MADHYA PRADESH
2276,SONDHA ROAD,SCN,HG3,JHANSI,NCR,BHIND,MADHYA PRADESH
2277,TARRA KALAN,TKLN,HG3,JHANSI,NCR,SHEOPUR,MADHYA PRADESH
2278,THARA,THR,HG3,JHANSI,NCR,MORENA,MADHYA PRADESH
2279,TILA,TILA,HG3,JHANSI,NCR,TIKAMGARH,MADHYA PRADESH
2280,TILAUNCHI,TLNH,HG3,JHANSI,NCR,KANPUR DEHAT,UTTAR PRADESH
2281,GWALIOR JN.,GWL,NSG2,JHANSI,NCR,GWALIOR,MADHYA PRADESH
2282,V LAKSHMIBAI,VGLB,NSG2,JHANSI,NCR,JHANSI,UTTAR PRADESH
2283,BANDA JN.,BNDA,NSG3,JHANSI,NCR,BANDA,UTTAR PRADESH
2284,MORENA,MRA,NSG3,JHANSI,NCR,MORENA,MADHYA PRADESH
2285,CHITRAKUTDHAM KARWI,CKTD,NSG4,JHANSI,NCR,CHITRAKOOT,UTTAR PRADESH
2286,DABRA,DBA,NSG4,JHANSI,NCR,GWALIOR,MADHYA PRADESH
2287,DATIA,DAA,NSG4,JHANSI,NCR,DATIA,MADHYA PRADESH
2288,KHAJAURAHO,KURJ,NSG4,JHANSI,NCR,CHHATARPUR,MADHYA PRADESH
2289,LALITPUR JN.,LAR,NSG4,JHANSI,NCR,LALITPUR,UTTAR PRADESH
2290,MAHOBA JN.,MBA,NSG4,JHANSI,NCR,MAHOBA,UTTAR PRADESH
2291,ORAI,ORAI,NSG4,JHANSI,NCR,JALAUN,UTTAR PRADESH
2292,ATARRA,ATE,NSG5,JHANSI,NCR,BANDA,UTTAR PRADESH
2293,BABINA,BAB,NSG5,JHANSI,NCR,JHANSI,UTTAR PRADESH
2294,BELA TAL,BTX,NSG5,JHANSI,NCR,MAHOBA,UTTAR PRADESH
2295,BHARWA-SUMERPUR,BSZ,NSG5,JHANSI,NCR,HAMIRPUR,UTTAR PRADESH
2296,BHIND,BIX,NSG5,JHANSI,NCR,BHIND,MADHYA PRADESH
2297,GHATAMPUR,GTM,NSG5,JHANSI,NCR,KANPUR DEHAT,UTTAR PRADESH
2298,HARPALPUR,HPP,NSG5,JHANSI,NCR,CHHATARPUR,MADHYA PRADESH
2299,KALPI,KPI,NSG5,JHANSI,NCR,JALAUN,UTTAR PRADESH
2300,KULPAHAR,KLAR,NSG5,JHANSI,NCR,MAHOBA,UTTAR PRADESH
2301,MAU RANIPUR,MRPR,NSG5,JHANSI,NCR,JHANSI,UTTAR PRADESH
2302,NIWARI,NEW,NSG5,JHANSI,NCR,TIKAMGARH,MADHYA PRADESH
2303,POKHRAYAN,PHN,NSG5,JHANSI,NCR,KANPUR DEHAT,UTTAR PRADESH
2304,RAGAUL,RGU,NSG5,JHANSI,NCR,HAMIRPUR,UTTAR PRADESH
2305,TALBAHAT,TBT,NSG5,JHANSI,NCR,LALITPUR,UTTAR PRADESH
2306,AGASOD,AGD,NSG6,JHANSI,NCR,SAGAR,MADHYA PRADESH
2307,AIT JN.,AIT,NSG6,JHANSI,NCR,JALAUN,UTTAR PRADESH
2308,AKONA,AKW,NSG6,JHANSI,NCR,HAMIRPUR,UTTAR PRADESH
2309,ANANTPAITH,AEH,NSG6,JHANSI,NCR,GWALIOR,MADHYA PRADESH
2310,ANTRI,ARI,NSG6,JHANSI,NCR,GWALIOR,MADHYA PRADESH
2311,ATA,ATA,NSG6,JHANSI,NCR,JALAUN,UTTAR PRADESH
2312,BADAUSA,BUS,NSG6,JHANSI,NCR,BANDA,UTTAR PRADESH
2313,BAHILPURWA,BIP,NSG6,JHANSI,NCR,CHITRAKOOT,UTTAR PRADESH
2314,BAMOUR GAON,BMZ,NSG6,JHANSI,NCR,MORENA,MADHYA PRADESH
2315,BANMORE,BAO,NSG6,JHANSI,NCR,MORENA,MADHYA PRADESH
2316,BARWA SAGAR,BWR,NSG6,JHANSI,NCR,JHANSI,UTTAR PRADESH
2317,BASAI,BZY,NSG6,JHANSI,NCR,DATIA,MADHYA PRADESH
2318,BHARAT KUP,BTKP,NSG6,JHANSI,NCR,CHITRAKOOT,UTTAR PRADESH
2319,BHIMSEN,BZM,NSG6,JHANSI,NCR,KANPUR NAGAR,UTTAR PRADESH
2320,BHUA,BHUA,NSG6,JHANSI,NCR,JALAUN,UTTAR PRADESH
2321,BIJAULI,BJI,NSG6,JHANSI,NCR,JHANSI,UTTAR PRADESH
2322,BIJROTHA,BJA,NSG6,JHANSI,NCR,LALITPUR,UTTAR PRADESH
2323,BIRARI,BRRI,NSG6,JHANSI,NCR,LALITPUR,UTTAR PRADESH
2324,BIRLANAGAR,BLNR,NSG6,JHANSI,NCR,GWALIOR,MADHYA PRADESH
2325,BIRPUR,BIB,NSG6,JHANSI,NCR,SHEOPUR,MADHYA PRADESH
2326,BURHPURA,BPW,NSG6,JHANSI,NCR,JHANSI,UTTAR PRADESH
2327,CHAUNRAH,CNH,NSG6,JHANSI,NCR,KANPUR DEHAT,UTTAR PRADESH
2328,CHIRGAON,CGN,NSG6,JHANSI,NCR,JHANSI,UTTAR PRADESH
2329,DAILWARA,DWA,NSG6,JHANSI,NCR,LALITPUR,UTTAR PRADESH
2330,DARIYAGANJ,DAYG,NSG6,JHANSI,NCR,CHHATARPUR,MADHYA PRADESH
2331,DHAURA,DUA,NSG6,JHANSI,NCR,LALITPUR,UTTAR PRADESH
2332,DINGWAI,DWI,NSG6,JHANSI,NCR,BANDA,UTTAR PRADESH
2333,ERICH ROAD,ERC,NSG6,JHANSI,NCR,JHANSI,UTTAR PRADESH
2334,GARHMAU,GRM,NSG6,JHANSI,NCR,JHANSI,UTTAR PRADESH
2335,GHOSIPURA,GOPA,NSG6,JHANSI,NCR,GWALIOR,MADHYA PRADESH
2336,GIRDHARPUR,GIW,NSG6,JHANSI,NCR,SHEOPUR,MADHYA PRADESH
2337,GOHAD ROAD HALT,GOA,NSG6,JHANSI,NCR,BHIND,MADHYA PRADESH
2338,HAMIRPUR ROAD,HAR,NSG6,JHANSI,NCR,HAMIRPUR,UTTAR PRADESH
2339,HETAMPUR,HET,NSG6,JHANSI,NCR,MORENA,MADHYA PRADESH
2340,ICHAULI,ICL,NSG6,JHANSI,NCR,HAMIRPUR,UTTAR PRADESH
2341,IKDORI,IKD,NSG6,JHANSI,NCR,SHEOPUR,MADHYA PRADESH
2342,ISHANAGAR,ISHN,NSG6,JHANSI,NCR,CHHATARPUR,MADHYA PRADESH
2343,JAKHAURA,JHA,NSG6,JHANSI,NCR,LALITPUR,UTTAR PRADESH
2344,JAKHLAUN,JLN,NSG6,JHANSI,NCR,LALITPUR,UTTAR PRADESH
2345,JIRON,JRO,NSG6,JHANSI,NCR,LALITPUR,UTTAR PRADESH
2346,JORA ALAPUR,JPO,NSG6,JHANSI,NCR,MORENA,MADHYA PRADESH
2347,KABRAI,KBR,NSG6,JHANSI,NCR,MAHOBA,UTTAR PRADESH
2348,KAILARAS,KQS,NSG6,JHANSI,NCR,MORENA,MADHYA PRADESH
2349,KARARI,KRQ,NSG6,JHANSI,NCR,JHANSI,UTTAR PRADESH
2350,KARONDA,KOA,NSG6,JHANSI,NCR,SAGAR,MADHYA PRADESH
2351,KATHARA ROAD,KTRR,NSG6,JHANSI,NCR,KANPUR NAGAR,UTTAR PRADESH
2352,KHAIRAR JN.,KID,NSG6,JHANSI,NCR,BANDA,UTTAR PRADESH
2353,KHAJRAHA,KHJ,NSG6,JHANSI,NCR,JHANSI,UTTAR PRADESH
2354,KHARGAPUR,KHGP,NSG6,JHANSI,NCR,TIKAMGARH,MADHYA PRADESH
2355,KHOH,KHOH,NSG6,JHANSI,NCR,CHITRAKOOT,UTTAR PRADESH
2356,KHOJEEPURA,KJP,NSG6,JHANSI,NCR,SHEOPUR,MADHYA PRADESH
2357,KHURHAND,KHU,NSG6,JHANSI,NCR,BANDA,UTTAR PRADESH
2358,KONCH,KNH,NSG6,JHANSI,NCR,JALAUN,UTTAR PRADESH
2359,KOTRA,KTRA,NSG6,JHANSI,NCR,DATIA,MADHYA PRADESH
2360,LALPUR,LLR,NSG6,JHANSI,NCR,KANPUR DEHAT,UTTAR PRADESH
2361,M C CHHATARPUR,MCSC,NSG6,JHANSI,NCR,CHHATARPUR,MADHYA PRADESH
2362,MALANPUR,MLAR,NSG6,JHANSI,NCR,MORENA,MADHYA PRADESH
2363,MATATILA,MZX,NSG6,JHANSI,NCR,LALITPUR,UTTAR PRADESH
2364,MATAUNDH,MTH,NSG6,JHANSI,NCR,BANDA,UTTAR PRADESH
2365,MOHASA,MXS,NSG6,JHANSI,NCR,SAGAR,MADHYA PRADESH
2366,MOTH,MOTH,NSG6,JHANSI,NCR,JHANSI,UTTAR PRADESH
2367,MOTIJHEEL,MTJL,NSG6,JHANSI,NCR,GWALIOR,MADHYA PRADESH
2368,MUSTARA,MSV,NSG6,JHANSI,NCR,JHANSI,UTTAR PRADESH
2369,NANDKHAS,NDK,NSG6,JHANSI,NCR,JHANSI,UTTAR PRADESH
2370,ORCHHA,ORC,NSG6,JHANSI,NCR,TIKAMGARH,MADHYA PRADESH
2371,PAMAN,PMN,NSG6,JHANSI,NCR,KANPUR DEHAT,UTTAR PRADESH
2372,PARAUNA,PRN,NSG6,JHANSI,NCR,JHANSI,UTTAR PRADESH
2373,PARICHA,PIC,NSG6,JHANSI,NCR,JHANSI,UTTAR PRADESH
2374,PATARA,PTRE,NSG6,JHANSI,NCR,KANPUR NAGAR,UTTAR PRADESH
2375,RANIPUR ROAD,RNRD,NSG6,JHANSI,NCR,JHANSI,UTTAR PRADESH
2376,RAYARU,RRU,NSG6,JHANSI,NCR,GWALIOR,MADHYA PRADESH
2377,RORA,RORA,NSG6,JHANSI,NCR,JHANSI,UTTAR PRADESH
2378,SABALGARH,SBL,NSG6,JHANSI,NCR,MORENA,MADHYA PRADESH
2379,SANICHARA,SAC,NSG6,JHANSI,NCR,MORENA,MADHYA PRADESH
2380,SANK,SANK,NSG6,JHANSI,NCR,MORENA,MADHYA PRADESH
2381,SARKANPUR,SKNP,NSG6,JHANSI,NCR,TIKAMGARH,MADHYA PRADESH
2382,SARSOKI,SSKI,NSG6,JHANSI,NCR,JALAUN,UTTAR PRADESH
2383,SHEOPUR KALAN,SOE,NSG6,JHANSI,NCR,SHEOPUR,MADHYA PRADESH
2384,SHIVRAMPUR,SWC,NSG6,JHANSI,NCR,CHITRAKOOT,UTTAR PRADESH
2385,SIKRODA KWANRI,SIKD,NSG6,JHANSI,NCR,MORENA,MADHYA PRADESH
2386,SINGHPURDUMRA,SPDM,NSG6,JHANSI,NCR,CHHATARPUR,MADHYA PRADESH
2387,SITHOULI,STLI,NSG6,JHANSI,NCR,GWALIOR,MADHYA PRADESH
2388,SONAGIR,SOR,NSG6,JHANSI,NCR,DATIA,MADHYA PRADESH
2389,SONI,SONI,NSG6,JHANSI,NCR,BHIND,MADHYA PRADESH
2390,SUMAOLI,SMV,NSG6,JHANSI,NCR,MORENA,MADHYA PRADESH
2391,TEHARKA,TKA,NSG6,JHANSI,NCR,TIKAMGARH,MADHYA PRADESH
2392,TIKAMGARH,TKMG,NSG6,JHANSI,NCR,TIKAMGARH,MADHYA PRADESH
2393,UDAIPURA,UDPR,NSG6,JHANSI,NCR,LALITPUR,UTTAR PRADESH
2394,USARGAON,URG,NSG6,JHANSI,NCR,JALAUN,UTTAR PRADESH
2395,YAMUNA SOUTH BANK,JSB,NSG6,JHANSI,NCR,HAMIRPUR,UTTAR PRADESH
2396,ARAON,AON,HG2,PRAYAGRAJ,NCR,FIROZABAD,UTTAR PRADESH
2397,BABA LAKSHMAN DAS PU,BBLK,HG2,PRAYAGRAJ,NCR,FARRUKHABAD,UTTAR PRADESH
2398,BORAKI HALT,BRKY,HG2,PRAYAGRAJ,NCR,GAUTAM BUDDHA NAGAR,UTTAR PRADESH
2399,GANGRAUL HALT,GNRL,HG2,PRAYAGRAJ,NCR,BULANDSHAHR,UTTAR PRADESH
2400,KAMALPUR HALT,KAMP,HG2,PRAYAGRAJ,NCR,BULANDSHAHR,UTTAR PRADESH
2401,MAINPURI KACHERI HAL,MPUE,HG2,PRAYAGRAJ,NCR,MAINPURI,UTTAR PRADESH
2402,PAKHNA,PKNA,HG2,PRAYAGRAJ,NCR,FARRUKHABAD,UTTAR PRADESH
2403,PARJANI HALT,PJY,HG2,PRAYAGRAJ,NCR,KANPUR DEHAT,UTTAR PRADESH
2404,PATRA,PTRA,HG2,PRAYAGRAJ,NCR,KANPUR DEHAT,UTTAR PRADESH
2405,ROSHAN MAU HALT,RMW,HG2,PRAYAGRAJ,NCR,KANPUR DEHAT,UTTAR PRADESH
2406,SHIWALA TEHU HALT,SWT,HG2,PRAYAGRAJ,NCR,AGRA,UTTAR PRADESH
2407,UGARPUR,UGP,HG2,PRAYAGRAJ,NCR,FARRUKHABAD,UTTAR PRADESH
2408,AWA GARH,AWG,HG3,PRAYAGRAJ,NCR,ETAH,UTTAR PRADESH
2409,BAIDPUR,BPUR,HG3,PRAYAGRAJ,NCR,ETAWAH,UTTAR PRADESH
2410,BHUJIA,BUJA,HG3,PRAYAGRAJ,NCR,MAINPURI,UTTAR PRADESH
2411,BUDA BHARTHARA HALT,BUBT,HG3,PRAYAGRAJ,NCR,FIROZABAD,UTTAR PRADESH
2412,FATEHPUR MAKRANDPUR,FPMP,HG3,PRAYAGRAJ,NCR,BULANDSHAHR,UTTAR PRADESH
2413,GHASARA HALT,GHSR,HG3,PRAYAGRAJ,NCR,AURAIYA,UTTAR PRADESH
2414,KIRATPUR,KAPU,HG3,PRAYAGRAJ,NCR,MAINPURI,UTTAR PRADESH
2415,KUSWA HALT,KWW,HG3,PRAYAGRAJ,NCR,ETAH,UTTAR PRADESH
2416,SAIPHAI,SIPI,HG3,PRAYAGRAJ,NCR,ETAWAH,UTTAR PRADESH
2417,SHAHANAGAR TIMARUA,SWW,HG3,PRAYAGRAJ,NCR,ETAH,UTTAR PRADESH
2418,SHRIMAD DWARIKAPURI,SRDW,HG3,PRAYAGRAJ,NCR,FARRUKHABAD,UTTAR PRADESH
2419,TAKHA,TKHA,HG3,PRAYAGRAJ,NCR,FIROZABAD,UTTAR PRADESH
2420,TAKHRAU HALT,TKRU,HG3,PRAYAGRAJ,NCR,MAINPURI,UTTAR PRADESH
2421,TINDAULI,TNUE,HG3,PRAYAGRAJ,NCR,MAINPURI,UTTAR PRADESH
2422,KANPUR CENTRAL JN.,CNB,NSG2,PRAYAGRAJ,NCR,KANPUR NAGAR,UTTAR PRADESH
2423,PRAYAGRAJ JN.,PRYJ,NSG2,PRAYAGRAJ,NCR,PRAYAGRAJ,UTTAR PRADESH
2424,ALIGARH JN.,ALJN,NSG3,PRAYAGRAJ,NCR,ALIGARH,UTTAR PRADESH
2425,ETAWAH JN.,ETW,NSG3,PRAYAGRAJ,NCR,ETAWAH,UTTAR PRADESH
2426,MIRZAPUR,MZP,NSG3,PRAYAGRAJ,NCR,MIRZAPUR,UTTAR PRADESH
2427,PRAYAGRAJ CHHEOKI,PCOI,NSG3,PRAYAGRAJ,NCR,PRAYAGRAJ,UTTAR PRADESH
2428,TUNDLA JN.,TDL,NSG3,PRAYAGRAJ,NCR,FIROZABAD,UTTAR PRADESH
2429,DADRI,DER,NSG4,PRAYAGRAJ,NCR,GAUTAM BUDDHA NAGAR,UTTAR PRADESH
2430,FATEHPUR,FTP,NSG4,PRAYAGRAJ,NCR,FATEHPUR,UTTAR PRADESH
2431,KANPUR ANWARGANJ,CPA,NSG4,PRAYAGRAJ,NCR,KANPUR NAGAR,UTTAR PRADESH
2432,KHURJA JN.,KRJ,NSG4,PRAYAGRAJ,NCR,BULANDSHAHR,UTTAR PRADESH
2433,MANIKPUR JN.,MKP,NSG4,PRAYAGRAJ,NCR,CHITRAKOOT,UTTAR PRADESH
2434,PHAPHUND,PHD,NSG4,PRAYAGRAJ,NCR,AURAIYA,UTTAR PRADESH
2435,SUBEDARGANJ,SFG,NSG4,PRAYAGRAJ,NCR,PRAYAGRAJ,UTTAR PRADESH
2436,ACHALDA,ULD,NSG5,PRAYAGRAJ,NCR,AURAIYA,UTTAR PRADESH
2437,BHARTHANA,BNT,NSG5,PRAYAGRAJ,NCR,ETAWAH,UTTAR PRADESH
2438,BHARWARI,BRE,NSG5,PRAYAGRAJ,NCR,KAUSHAMBI,UTTAR PRADESH
2439,BHONGAON,BGQ,NSG5,PRAYAGRAJ,NCR,MAINPURI,UTTAR PRADESH
2440,CHOLA,CHL,NSG5,PRAYAGRAJ,NCR,BULANDSHAHR,UTTAR PRADESH
2441,CHUNAR JN.,CAR,NSG5,PRAYAGRAJ,NCR,MIRZAPUR,UTTAR PRADESH
2442,DABHAURA,DBR,NSG5,PRAYAGRAJ,NCR,REWA,MADHYA PRADESH
2443,DANKAUR,DKDE,NSG5,PRAYAGRAJ,NCR,GAUTAM BUDDHA NAGAR,UTTAR PRADESH
2444,FIROZABAD,FZD,NSG5,PRAYAGRAJ,NCR,FIROZABAD,UTTAR PRADESH
2445,GOVINDPURI,GOY,NSG5,PRAYAGRAJ,NCR,KANPUR NAGAR,UTTAR PRADESH
2446,HATHRAS JN.,HRS,NSG5,PRAYAGRAJ,NCR,HATHRAS,UTTAR PRADESH
2447,JHINJHAK,JJK,NSG5,PRAYAGRAJ,NCR,KANPUR DEHAT,UTTAR PRADESH
2448,KHAGA,KGA,NSG5,PRAYAGRAJ,NCR,FATEHPUR,UTTAR PRADESH
2449,MAINPURI JN.,MNQ,NSG5,PRAYAGRAJ,NCR,MAINPURI,UTTAR PRADESH
2450,MANDA ROAD,MNF,NSG5,PRAYAGRAJ,NCR,PRAYAGRAJ,UTTAR PRADESH
2451,MEJA ROAD,MJA,NSG5,PRAYAGRAJ,NCR,PRAYAGRAJ,UTTAR PRADESH
2452,NAINI JN.,NYN,NSG5,PRAYAGRAJ,NCR,PRAYAGRAJ,UTTAR PRADESH
2453,PANKI DHAM,PNKD,NSG5,PRAYAGRAJ,NCR,KANPUR NAGAR,UTTAR PRADESH
2454,RURA,RURA,NSG5,PRAYAGRAJ,NCR,KANPUR DEHAT,UTTAR PRADESH
2455,SHANKARGARH,SRJ,NSG5,PRAYAGRAJ,NCR,PRAYAGRAJ,UTTAR PRADESH
2456,SHIKOHABAD JN.,SKB,NSG5,PRAYAGRAJ,NCR,FIROZABAD,UTTAR PRADESH
2457,SIRATHU,SRO,NSG5,PRAYAGRAJ,NCR,KAUSHAMBI,UTTAR PRADESH
2458,SONBHADRA,SBDR,NSG5,PRAYAGRAJ,NCR,SONBHADRA,UTTAR PRADESH
2459,VINDHYACHAL,BDL,NSG5,PRAYAGRAJ,NCR,MIRZAPUR,UTTAR PRADESH
2460,WAIR,WAIR,NSG5,PRAYAGRAJ,NCR,BULANDSHAHR,UTTAR PRADESH
2461,AGORI KHAS,AGY,NSG6,PRAYAGRAJ,NCR,SONBHADRA,UTTAR PRADESH
2462,AHRAURA ROAD,ARW,NSG6,PRAYAGRAJ,NCR,MIRZAPUR,UTTAR PRADESH
2463,AJAIBPUR,AJR,NSG6,PRAYAGRAJ,NCR,GAUTAM BUDDHA NAGAR,UTTAR PRADESH
2464,AMBIAPUR,AAP,NSG6,PRAYAGRAJ,NCR,KANPUR DEHAT,UTTAR PRADESH
2465,ATHSARAI,ASCE,NSG6,PRAYAGRAJ,NCR,KAUSHAMBI,UTTAR PRADESH
2466,AUNG,AUNG,NSG6,PRAYAGRAJ,NCR,FATEHPUR,UTTAR PRADESH
2467,BALRAI,BBL,NSG6,PRAYAGRAJ,NCR,ETAWAH,UTTAR PRADESH
2468,BAMHRAULI,BMU,NSG6,PRAYAGRAJ,NCR,PRAYAGRAJ,UTTAR PRADESH
2469,BARGARH,BRG,NSG6,PRAYAGRAJ,NCR,CHITRAKOOT,UTTAR PRADESH
2470,BARHAN JN.,BRN,NSG6,PRAYAGRAJ,NCR,AGRA,UTTAR PRADESH
2471,BHADAN,BDN,NSG6,PRAYAGRAJ,NCR,FIROZABAD,UTTAR PRADESH
2472,BHAUPUR,BPU,NSG6,PRAYAGRAJ,NCR,KANPUR DEHAT,UTTAR PRADESH
2473,BHEERPUR,BEP,NSG6,PRAYAGRAJ,NCR,PRAYAGRAJ,UTTAR PRADESH
2474,BIDANPUR,BDNP,NSG6,PRAYAGRAJ,NCR,KAUSHAMBI,UTTAR PRADESH
2475,BINDKI ROAD,BKO,NSG6,PRAYAGRAJ,NCR,FATEHPUR,UTTAR PRADESH
2476,BIROHE,BEO,NSG6,PRAYAGRAJ,NCR,MIRZAPUR,UTTAR PRADESH
2477,CHAKERI,CHK,NSG6,PRAYAGRAJ,NCR,KANPUR NAGAR,UTTAR PRADESH
2478,CHAMROLA,CMR,NSG6,PRAYAGRAJ,NCR,AGRA,UTTAR PRADESH
2479,CHANDARI,CNBI,NSG6,PRAYAGRAJ,NCR,KANPUR NAGAR,UTTAR PRADESH
2480,CHURK,CUK,NSG6,PRAYAGRAJ,NCR,SONBHADRA,UTTAR PRADESH
2481,DAGMAGPUR,DAP,NSG6,PRAYAGRAJ,NCR,MIRZAPUR,UTTAR PRADESH
2482,DANWAR,DAR,NSG6,PRAYAGRAJ,NCR,BULANDSHAHR,UTTAR PRADESH
2483,DAUD KHAN,DAQ,NSG6,PRAYAGRAJ,NCR,ALIGARH,UTTAR PRADESH
2484,EKDIL,EKL,NSG6,PRAYAGRAJ,NCR,ETAWAH,UTTAR PRADESH
2485,ETAH,ETAH,NSG6,PRAYAGRAJ,NCR,ETAH,UTTAR PRADESH
2486,FAIZULLAPUR,FYZ,NSG6,PRAYAGRAJ,NCR,FATEHPUR,UTTAR PRADESH
2487,GAIPURA,GAE,NSG6,PRAYAGRAJ,NCR,MIRZAPUR,UTTAR PRADESH
2488,HARDUAGANJ,HGJ,NSG6,PRAYAGRAJ,NCR,ALIGARH,UTTAR PRADESH
2489,HATHRAS QILAH,HRF,NSG6,PRAYAGRAJ,NCR,HATHRAS,UTTAR PRADESH
2490,HIRANGAON,HNG,NSG6,PRAYAGRAJ,NCR,FIROZABAD,UTTAR PRADESH
2491,IRADATGANJ,IDGJ,NSG6,PRAYAGRAJ,NCR,PRAYAGRAJ,UTTAR PRADESH
2492,JALESAR CITY,JSC,NSG6,PRAYAGRAJ,NCR,ETAH,UTTAR PRADESH
2493,JALESAR ROAD,JLS,NSG6,PRAYAGRAJ,NCR,HATHRAS,UTTAR PRADESH
2494,JASRA,JSR,NSG6,PRAYAGRAJ,NCR,PRAYAGRAJ,UTTAR PRADESH
2495,JASWANTNAGAR,JGR,NSG6,PRAYAGRAJ,NCR,ETAWAH,UTTAR PRADESH
2496,JEONATHPUR,JEP,NSG6,PRAYAGRAJ,NCR,MIRZAPUR,UTTAR PRADESH
2497,JHINGURA,JHG,NSG6,PRAYAGRAJ,NCR,MIRZAPUR,UTTAR PRADESH
2498,JIGNA,JIA,NSG6,PRAYAGRAJ,NCR,MIRZAPUR,UTTAR PRADESH
2499,KAILAHAT,KYT,NSG6,PRAYAGRAJ,NCR,MIRZAPUR,UTTAR PRADESH
2500,KANCHAUSI,KNS,NSG6,PRAYAGRAJ,NCR,KANPUR NAGAR,UTTAR PRADESH
2501,KANSPUR GUGAULI,KSQ,NSG6,PRAYAGRAJ,NCR,FATEHPUR,UTTAR PRADESH
2502,KARBIGWAN,KBN,NSG6,PRAYAGRAJ,NCR,KANPUR NAGAR,UTTAR PRADESH
2503,KARCHANA,KCN,NSG6,PRAYAGRAJ,NCR,PRAYAGRAJ,UTTAR PRADESH
2504,KARHAL,KAHL,NSG6,PRAYAGRAJ,NCR,MAINPURI,UTTAR PRADESH
2505,KATAIYA DANDI HALT,KTDD,NSG6,PRAYAGRAJ,NCR,CHITRAKOOT,UTTAR PRADESH
2506,KATOGHAN,KTCE,NSG6,PRAYAGRAJ,NCR,FATEHPUR,UTTAR PRADESH
2507,KAURARA,KAA,NSG6,PRAYAGRAJ,NCR,FIROZABAD,UTTAR PRADESH
2508,KHAIRAHI,KHRY,NSG6,PRAYAGRAJ,NCR,SONBHADRA,UTTAR PRADESH
2509,KOSMA,KOZ,NSG6,PRAYAGRAJ,NCR,MAINPURI,UTTAR PRADESH
2510,KULWA,KLA,NSG6,PRAYAGRAJ,NCR,ALIGARH,UTTAR PRADESH
2511,KUNWAR,KUW,NSG6,PRAYAGRAJ,NCR,KAUSHAMBI,UTTAR PRADESH
2512,KURASTI KALAN,KKS,NSG6,PRAYAGRAJ,NCR,FATEHPUR,UTTAR PRADESH
2513,LOHGARA,LOG,NSG6,PRAYAGRAJ,NCR,PRAYAGRAJ,UTTAR PRADESH
2514,LUSA,LUSA,NSG6,PRAYAGRAJ,NCR,MIRZAPUR,UTTAR PRADESH
2515,MADARAHA,MFX,NSG6,PRAYAGRAJ,NCR,PRAYAGRAJ,UTTAR PRADESH
2516,MAHRAWAL,MWUE,NSG6,PRAYAGRAJ,NCR,ALIGARH,UTTAR PRADESH
2517,MAITHA,MTO,NSG6,PRAYAGRAJ,NCR,KANPUR DEHAT,UTTAR PRADESH
2518,MAJHIARI,MJHR,NSG6,PRAYAGRAJ,NCR,REWA,MADHYA PRADESH
2519,MAKKHANPUR,MNR,NSG6,PRAYAGRAJ,NCR,FIROZABAD,UTTAR PRADESH
2520,MALWAN,MWH,NSG6,PRAYAGRAJ,NCR,FATEHPUR,UTTAR PRADESH
2521,MANAURI,MRE,NSG6,PRAYAGRAJ,NCR,KAUSHAMBI,UTTAR PRADESH
2522,MANDRAK,MXK,NSG6,PRAYAGRAJ,NCR,ALIGARH,UTTAR PRADESH
2523,MANOHARGANJ,MNJ,NSG6,PRAYAGRAJ,NCR,KAUSHAMBI,UTTAR PRADESH
2524,MANZOORGARHI,MZGI,NSG6,PRAYAGRAJ,NCR,ALIGARH,UTTAR PRADESH
2525,MARIPAT,MIU,NSG6,PRAYAGRAJ,NCR,GAUTAM BUDDHA NAGAR,UTTAR PRADESH
2526,MITAWALI,MTI,NSG6,PRAYAGRAJ,NCR,AGRA,UTTAR PRADESH
2527,MOTA,MOTA,NSG6,PRAYAGRAJ,NCR,MAINPURI,UTTAR PRADESH
2528,NIBKARORI,NBUE,NSG6,PRAYAGRAJ,NCR,FARRUKHABAD,UTTAR PRADESH
2529,PAHARA,PRE,NSG6,PRAYAGRAJ,NCR,MIRZAPUR,UTTAR PRADESH
2530,PANHAI,PNHI,NSG6,PRAYAGRAJ,NCR,CHITRAKOOT,UTTAR PRADESH
2531,PATA,PATA,NSG6,PRAYAGRAJ,NCR,AURAIYA,UTTAR PRADESH
2532,PORA,PORA,NSG6,PRAYAGRAJ,NCR,HATHRAS,UTTAR PRADESH
2533,PREMPUR,PMPR,NSG6,PRAYAGRAJ,NCR,KANPUR NAGAR,UTTAR PRADESH
2534,RASULABAD,RUB,NSG6,PRAYAGRAJ,NCR,FATEHPUR,UTTAR PRADESH
2535,ROOMA,RXM,NSG6,PRAYAGRAJ,NCR,KANPUR NAGAR,UTTAR PRADESH
2536,SAIYID SARAWAN,SYWN,NSG6,PRAYAGRAJ,NCR,KAUSHAMBI,UTTAR PRADESH
2537,SAKTESGARH,SKGH,NSG6,PRAYAGRAJ,NCR,MIRZAPUR,UTTAR PRADESH
2538,SAMHON,SHW,NSG6,PRAYAGRAJ,NCR,ETAWAH,UTTAR PRADESH
2539,SARAI BHOPAT,SB,NSG6,PRAYAGRAJ,NCR,ETAWAH,UTTAR PRADESH
2540,SASNI,SNS,NSG6,PRAYAGRAJ,NCR,HATHRAS,UTTAR PRADESH
2541,SATH NARAINI,SNIE,NSG6,PRAYAGRAJ,NCR,FATEHPUR,UTTAR PRADESH
2542,SHUJATPUR,SJT,NSG6,PRAYAGRAJ,NCR,KAUSHAMBI,UTTAR PRADESH
2543,SIKANDARPUR,SKQ,NSG6,PRAYAGRAJ,NCR,BULANDSHAHR,UTTAR PRADESH
2544,SIRSAUL,SSL,NSG6,PRAYAGRAJ,NCR,KANPUR NAGAR,UTTAR PRADESH
2545,SOMNA,SOM,NSG6,PRAYAGRAJ,NCR,ALIGARH,UTTAR PRADESH
2546,UNCHDIH,UND,NSG6,PRAYAGRAJ,NCR,PRAYAGRAJ,UTTAR PRADESH
2547,BARHAJ BAZAR,BHJ,HG2,BANARAS,NER,DEORIA,UTTAR PRADESH
2548,BASUCHAK HALT,BSCK,HG2,BANARAS,NER,GHAZIPUR,UTTAR PRADESH
2549,BHULANPUR F,BHLP,HG2,BANARAS,NER,VARANASI,UTTAR PRADESH
2550,CHAF HALT,CHAF,HG2,BANARAS,NER,KUSHI NAGAR,UTTAR PRADESH
2551,DAL CHAPRA F,DCP,HG2,BANARAS,NER,BALLIA,UTTAR PRADESH
2552,DOHRIGHAT,DIT,HG2,BANARAS,NER,MAU,UTTAR PRADESH
2553,DUDHAUNDA HALT,DDNA,HG2,BANARAS,NER,JAUNPUR,UTTAR PRADESH
2554,GAURI SHRI RAM HALT,GSRM,HG2,BANARAS,NER,KUSHI NAGAR,UTTAR PRADESH
2555,GHAZIPUR GHAT F,GZT,HG2,BANARAS,NER,GHAZIPUR,UTTAR PRADESH
2556,GHOSI,GSI,HG2,BANARAS,NER,MAU,UTTAR PRADESH
2557,GURLI RAMGARHWA HALT,GRRG,HG2,BANARAS,NER,MAHARAJGANJ,UTTAR PRADESH
2558,HURMUJPUR HALT,HMPR,HG2,BANARAS,NER,GHAZIPUR,UTTAR PRADESH
2559,KARCHHUE HALT,KYW,HG2,BANARAS,NER,SIWAN,BIHAR
2560,KHUSHAL NAGAR F,KSNR,HG2,BANARAS,NER,MAHARAJGANJ,UTTAR PRADESH
2561,KIRAKAT,KCT,HG2,BANARAS,NER,JAUNPUR,UTTAR PRADESH
2562,KOPAGANJ HALT,KPJ,HG2,BANARAS,NER,MAU,UTTAR PRADESH
2563,MAHARAJGANJ,MGZ,HG2,BANARAS,NER,GOPALGANJ,BIHAR
2564,MAHENDRANATH HALT,MHRN,HG2,BANARAS,NER,SARAN,BIHAR
2565,MANJHI F,MHT,HG2,BANARAS,NER,SARAN,BIHAR
2566,NAYAK DIH HALT,NAKD,HG2,BANARAS,NER,GHAZIPUR,UTTAR PRADESH
2567,NONAPAR F,NNPR,HG2,BANARAS,NER,DEORIA,UTTAR PRADESH
2568,RAJMALPUR ROAD HALT,RJMP,HG2,BANARAS,NER,BALLIA,UTTAR PRADESH
2569,SIDHARI HALT,SDHA,HG2,BANARAS,NER,AZAMGARH,UTTAR PRADESH
2570,SIPAYA HALT,SPYA,HG2,BANARAS,NER,GOPALGANJ,BIHAR
2571,SIWAN KACHERI F,SVC,HG2,BANARAS,NER,SIWAN,BIHAR
2572,TINPHERIA HALT,TPV,HG2,BANARAS,NER,GOPALGANJ,BIHAR
2573,AGAUTHAR HALT,AGTR,HG3,BANARAS,NER,SARAN,BIHAR
2574,AHALYAPUR F,AHLR,HG3,BANARAS,NER,DEORIA,UTTAR PRADESH
2575,ALEHPUR HALT,APRH,HG3,BANARAS,NER,SARAN,BIHAR
2576,ALMAW HALT,ALMW,HG3,BANARAS,NER,BHADOHI,UTTAR PRADESH
2577,AMILA HALT,AMD,HG3,BANARAS,NER,MAU,UTTAR PRADESH
2578,ATRAURA HALT,ATRR,HG3,BANARAS,NER,PRAYAGRAJ,UTTAR PRADESH
2579,BAHERWA HALT,BRWH,HG3,BANARAS,NER,MIRZAPUR,UTTAR PRADESH
2580,BAHUARA HALT,BURA,HG3,BANARAS,NER,SARAN,BIHAR
2581,BANNI MAHAMMANPATTI,BMPT,HG3,BANARAS,NER,SARAN,BIHAR
2582,BARKAGAON HALT,BGHT,HG3,BANARAS,NER,SIWAN,BIHAR
2583,BASANTPUR HALT,BNPH,HG3,BANARAS,NER,SIWAN,BIHAR
2584,BATHUA BAZAR HALT,BHBR,HG3,BANARAS,NER,GOPALGANJ,BIHAR
2585,BISHUNPUR MAHUARI HA,BPMH,HG3,BANARAS,NER,SIWAN,BIHAR
2586,BRIJ KISHOR HALT,BKRH,HG3,BANARAS,NER,GOPALGANJ,BIHAR
2587,CHAKRA ROAD HALT,CKYD,HG3,BANARAS,NER,MAU,UTTAR PRADESH
2588,CHHATA-ASCHAURA HALT,CATA,HG3,BANARAS,NER,BALLIA,UTTAR PRADESH
2589,DEORAHA BABA ROAD HA,DRBR,HG3,BANARAS,NER,DEORIA,UTTAR PRADESH
2590,FARIDAHA,FRDH,HG3,BANARAS,NER,GHAZIPUR,UTTAR PRADESH
2591,FATEHPUR ATWA HALT,FPAW,HG3,BANARAS,NER,GHAZIPUR,UTTAR PRADESH
2592,GANGAULI HALT,GNGL,HG3,BANARAS,NER,JAUNPUR,UTTAR PRADESH
2593,GOBINDPUR DUGAULI HA,GOX,HG3,BANARAS,NER,BALLIA,UTTAR PRADESH
2594,GUNRAJPUR DHAMA HALT,GNDM,HG3,BANARAS,NER,SARAN,BIHAR
2595,HALDHARPUR F,HLP,HG3,BANARAS,NER,MAU,UTTAR PRADESH
2596,JIGNI KHAS HALT,JGKS,HG3,BANARAS,NER,BALLIA,UTTAR PRADESH
2597,KATALPUR HALT,KTLP,HG3,BANARAS,NER,GOPALGANJ,BIHAR
2598,KHANJA HALT,KHJA,HG3,BANARAS,NER,AZAMGARH,UTTAR PRADESH
2599,LAIN BAZAR,LB,HG3,BANARAS,NER,GOPALGANJ,BIHAR
2600,MAHUAWA KHURD HALT,MUUA,HG3,BANARAS,NER,KUSHI NAGAR,UTTAR PRADESH
2601,MATHIA BARGHAT HALT,MTBG,HG3,BANARAS,NER,KUSHI NAGAR,UTTAR PRADESH
2602,MURADPUR HALT,MRDP,HG3,BANARAS,NER,MAU,UTTAR PRADESH
2603,NARKATIA BAZAR HALT,NKBR,HG3,BANARAS,NER,GOPALGANJ,BIHAR
2604,PALIGARH HALT,PLGH,HG3,BANARAS,NER,AZAMGARH,UTTAR PRADESH
2605,PANCHDEORI HALT,PCDR,HG3,BANARAS,NER,GOPALGANJ,BIHAR
2606,PANIARA HALT,PNRA,HG3,BANARAS,NER,MAU,UTTAR PRADESH
2607,PARSA KERWAN HALT,PKRH,HG3,BANARAS,NER,SARAN,BIHAR
2608,PEOKOL HALT,POKL,HG3,BANARAS,NER,DEORIA,UTTAR PRADESH
2609,PHULWARIA,PLWR,HG3,BANARAS,NER,GOPALGANJ,BIHAR
2610,SAGHAR SULTANPUR HAL,SSHT,HG3,BANARAS,NER,SIWAN,BIHAR
2611,SAHERI HALT,SAHR,HG3,BANARAS,NER,GHAZIPUR,UTTAR PRADESH
2612,SALAR KHURD,SRKR,HG3,BANARAS,NER,GOPALGANJ,BIHAR
2613,SANJARPUR HALT,SJER,HG3,BANARAS,NER,AZAMGARH,UTTAR PRADESH
2614,SANWARA HALT),SNRA,HG3,BANARAS,NER,BALLIA,UTTAR PRADESH
2615,SARAI JAGDISH HALT,SJGH,HG3,BANARAS,NER,BHADOHI,UTTAR PRADESH
2616,SARHARI HALT,SHIH,HG3,BANARAS,NER,SIWAN,BIHAR
2617,SATRAON F,STZ,HG3,BANARAS,NER,DEORIA,UTTAR PRADESH
2618,SHER HALT,SHER,HG3,BANARAS,NER,GOPALGANJ,BIHAR
2619,SHILHAURI HALT,SLHI,HG3,BANARAS,NER,SARAN,BIHAR
2620,SIDHAUNA RAMPUR HALT,SARR,HG3,BANARAS,NER,GHAZIPUR,UTTAR PRADESH
2621,SISAI GULAB RAI HALT,SSGR,HG3,BANARAS,NER,DEORIA,UTTAR PRADESH
2622,TEJPURWA HALT,TJW,HG3,BANARAS,NER,SARAN,BIHAR
2623,TENUA DUMARIA HALT,TMUR,HG3,BANARAS,NER,SARAN,BIHAR
2624,TERHA HALT,TERH,HG3,BANARAS,NER,SARAN,BIHAR
2625,TRIVIKARAMDEO NAGAR,TKND,HG3,BANARAS,NER,GOPALGANJ,BIHAR
2626,TURTIPAR F,TTI,HG3,BANARAS,NER,DEORIA,UTTAR PRADESH
2627,YADVENDRANAGAR HALT,YDV,HG3,BANARAS,NER,JAUNPUR,UTTAR PRADESH
2628,AZAMGARH,AMH,NSG3,BANARAS,NER,AZAMGARH,UTTAR PRADESH
2629,BALLIA,BUI,NSG3,BANARAS,NER,BALLIA,UTTAR PRADESH
2630,BANARAS,BSBS,NSG3,BANARAS,NER,VARANASI,UTTAR PRADESH
2631,CHHAPRA JN.,CPR,NSG3,BANARAS,NER,SARAN,BIHAR
2632,DEORIA SADAR,DEOS,NSG3,BANARAS,NER,DEORIA,UTTAR PRADESH
2633,MAU JN.,MAU,NSG3,BANARAS,NER,MAU,UTTAR PRADESH
2634,SIWAN JN.,SV,NSG3,BANARAS,NER,SIWAN,BIHAR
2635,BELTHARA ROAD,BLTR,NSG4,BANARAS,NER,BALLIA,UTTAR PRADESH
2636,BHATNI JN.,BTT,NSG4,BANARAS,NER,DEORIA,UTTAR PRADESH
2637,GHAZIPUR CITY,GCT,NSG4,BANARAS,NER,GHAZIPUR,UTTAR PRADESH
2638,KHORASON ROAD,KRND,NSG4,BANARAS,NER,AZAMGARH,UTTAR PRADESH
2639,VARANASI CITY,BCY,NSG4,BANARAS,NER,VARANASI,UTTAR PRADESH
2640,AUNRIHAR JN.,ARJ,NSG5,BANARAS,NER,GHAZIPUR,UTTAR PRADESH
2641,BHATPAR RANI,BHTR,NSG5,BANARAS,NER,DEORIA,UTTAR PRADESH
2642,CHAURI CHAURA,CC,NSG5,BANARAS,NER,GORAKHPUR,UTTAR PRADESH
2643,DULLAHAPUR,DLR,NSG5,BANARAS,NER,GHAZIPUR,UTTAR PRADESH
2644,DURAUNDHA JN.,DDA,NSG5,BANARAS,NER,SIWAN,BIHAR
2645,EKMA,EKMA,NSG5,BANARAS,NER,SARAN,BIHAR
2646,GHUGHULI,GH,NSG5,BANARAS,NER,MAHARAJGANJ,UTTAR PRADESH
2647,GYANPUR ROAD,GYN,NSG5,BANARAS,NER,BHADOHI,UTTAR PRADESH
2648,INDARA JN.,IAA,NSG5,BANARAS,NER,MAU,UTTAR PRADESH
2649,JAKHANIAN,JKN,NSG5,BANARAS,NER,GHAZIPUR,UTTAR PRADESH
2650,KAPTANGANJ JN.,CPJ,NSG5,BANARAS,NER,KUSHI NAGAR,UTTAR PRADESH
2651,KHADA,KZA,NSG5,BANARAS,NER,KUSHI NAGAR,UTTAR PRADESH
2652,LAR ROAD,LRD,NSG5,BANARAS,NER,DEORIA,UTTAR PRADESH
2653,MAIRWA,MW,NSG5,BANARAS,NER,SIWAN,BIHAR
2654,MUHAMMADABAD,MMA,NSG5,BANARAS,NER,MAU,UTTAR PRADESH
2655,PADRAUNA,POU,NSG5,BANARAS,NER,KUSHI NAGAR,UTTAR PRADESH
2656,PIPRAICH,PPC,NSG5,BANARAS,NER,GORAKHPUR,UTTAR PRADESH
2657,PRAYAGRAJ RAMBAG,PRRB,NSG5,BANARAS,NER,PRAYAGRAJ,UTTAR PRADESH
2658,RASRA,RSR,NSG5,BANARAS,NER,BALLIA,UTTAR PRADESH
2659,SAHATWAR,STW,NSG5,BANARAS,NER,BALLIA,UTTAR PRADESH
2660,SALEMPUR JN.,SRU,NSG5,BANARAS,NER,DEORIA,UTTAR PRADESH
2661,SARAIMIR,SMZ,NSG5,BANARAS,NER,AZAMGARH,UTTAR PRADESH
2662,SISWA BAZAR,SBZ,NSG5,BANARAS,NER,MAHARAJGANJ,UTTAR PRADESH
2663,SURAIMANPUR,SIP,NSG5,BANARAS,NER,BALLIA,UTTAR PRADESH
2664,TAMKUHI ROAD,TOI,NSG5,BANARAS,NER,KUSHI NAGAR,UTTAR PRADESH
2665,THAWE JN,THE,NSG5,BANARAS,NER,GOPALGANJ,BIHAR
2666,YUSUFPUR,YFP,NSG5,BANARAS,NER,BALLIA,UTTAR PRADESH
2667,AHIMANPUR,AHM,NSG6,BANARAS,NER,BHADOHI,UTTAR PRADESH
2668,AMLORI SARSAR,ALS,NSG6,BANARAS,NER,SIWAN,BIHAR
2669,ANKUSPUR,AKS,NSG6,BANARAS,NER,GHAZIPUR,UTTAR PRADESH
2670,BAITALPUR,BALR,NSG6,BANARAS,NER,DEORIA,UTTAR PRADESH
2671,BAKULHA,BKLA,NSG6,BANARAS,NER,BALLIA,UTTAR PRADESH
2672,BANKATA,BTK,NSG6,BANARAS,NER,DEORIA,UTTAR PRADESH
2673,BANSDIH ROAD,BCD,NSG6,BANARAS,NER,BALLIA,UTTAR PRADESH
2674,BARHARAGANJ,BAGJ,NSG6,BANARAS,NER,KUSHI NAGAR,UTTAR PRADESH
2675,BHITI,BYH,NSG6,BANARAS,NER,PRAYAGRAJ,UTTAR PRADESH
2676,BODARWAR,BBW,NSG6,BANARAS,NER,KUSHI NAGAR,UTTAR PRADESH
2677,CHAINWA,CW,NSG6,BANARAS,NER,SARAN,BIHAR
2678,CHHAPRA KACHEHRI,CI,NSG6,BANARAS,NER,SARAN,BIHAR
2679,CHILKAHAR,CHR,NSG6,BANARAS,NER,BALLIA,UTTAR PRADESH
2680,CHIT BARAGAON,CBN,NSG6,BANARAS,NER,BALLIA,UTTAR PRADESH
2681,DARAGANJ,DRGJ,NSG6,BANARAS,NER,PRAYAGRAJ,UTTAR PRADESH
2682,DAUDPUR,DDP,NSG6,BANARAS,NER,SARAN,BIHAR
2683,DHONDHA DIH,DDD,NSG6,BANARAS,NER,BALLIA,UTTAR PRADESH
2684,DIDARGANJ ROAD,DJD,NSG6,BANARAS,NER,AZAMGARH,UTTAR PRADESH
2685,DIGHWA DUBAULI,DWDI,NSG6,BANARAS,NER,GOPALGANJ,BIHAR
2686,DOBHI,DHE,NSG6,BANARAS,NER,JAUNPUR,UTTAR PRADESH
2687,DUDAHI,DUE,NSG6,BANARAS,NER,KUSHI NAGAR,UTTAR PRADESH
2688,GAURI BAZAR,GB,NSG6,BANARAS,NER,DEORIA,UTTAR PRADESH
2689,GAUTAM STHAN,GTST,NSG6,BANARAS,NER,SARAN,BIHAR
2690,GOPALGANJ,GOPG,NSG6,BANARAS,NER,GOPALGANJ,BIHAR
2691,HANDIA KHAS,HDK,NSG6,BANARAS,NER,PRAYAGRAJ,UTTAR PRADESH
2692,HARDATTPUR F,HDT,NSG6,BANARAS,NER,VARANASI,UTTAR PRADESH
2693,HATHUA,HTW,NSG6,BANARAS,NER,GOPALGANJ,BIHAR
2694,JALALPUR,JGP,NSG6,BANARAS,NER,GOPALGANJ,BIHAR
2695,JANGIGANJ,JGG,NSG6,BANARAS,NER,BHADOHI,UTTAR PRADESH
2696,JHUSI,JI,NSG6,BANARAS,NER,PRAYAGRAJ,UTTAR PRADESH
2697,JIRADEI,ZRDE,NSG6,BANARAS,NER,SIWAN,BIHAR
2698,KACHHWA ROAD,KWH,NSG6,BANARAS,NER,MIRZAPUR,UTTAR PRADESH
2699,KADIPUR,KDQ,NSG6,BANARAS,NER,VARANASI,UTTAR PRADESH
2700,KARIMUDDINPUR,KMDR,NSG6,BANARAS,NER,BALLIA,UTTAR PRADESH
2701,KATH KUIYAN,KKT,NSG6,BANARAS,NER,KUSHI NAGAR,UTTAR PRADESH
2702,KATKA,KFK,NSG6,BANARAS,NER,BHADOHI,UTTAR PRADESH
2703,KHAIRAH.,KYH,NSG6,BANARAS,NER,SARAN,BIHAR
2704,KHURAHAT,KRT,NSG6,BANARAS,NER,MAU,UTTAR PRADESH
2705,KIRIHARAPUR,KER,NSG6,BANARAS,NER,BALLIA,UTTAR PRADESH
2706,KOPA SAMHOTA,KPS,NSG6,BANARAS,NER,SARAN,BIHAR
2707,KUSMHI,KHM,NSG6,BANARAS,NER,GORAKHPUR,UTTAR PRADESH
2708,LAKSHMIGANJ,LIJ,NSG6,BANARAS,NER,KUSHI NAGAR,UTTAR PRADESH
2709,MADHOSINGH,MBS,NSG6,BANARAS,NER,BHADOHI,UTTAR PRADESH
2710,MAHPUR,MHO,NSG6,BANARAS,NER,GHAZIPUR,UTTAR PRADESH
2711,MANJHAGARH,MJV,NSG6,BANARAS,NER,GOPALGANJ,BIHAR
2712,MARHAURA,MEW,NSG6,BANARAS,NER,SARAN,BIHAR
2713,MASRAKH,MHC,NSG6,BANARAS,NER,SARAN,BIHAR
2714,MUFTIGANJ HALT,MFJ,NSG6,BANARAS,NER,JAUNPUR,UTTAR PRADESH
2715,NANDGANJ,NDJ,NSG6,BANARAS,NER,GHAZIPUR,UTTAR PRADESH
2716,NIGATPUR,NTU,NSG6,BANARAS,NER,MIRZAPUR,UTTAR PRADESH
2717,NUNKHAR,NRA,NSG6,BANARAS,NER,DEORIA,UTTAR PRADESH
2718,PACHRUKHI,PCK,NSG6,BANARAS,NER,SIWAN,BIHAR
2719,PANIYAHAWA,PNYA,NSG6,BANARAS,NER,KUSHI NAGAR,UTTAR PRADESH
2720,PATERHI,PEE,NSG6,BANARAS,NER,SARAN,BIHAR
2721,PHARIHA,PHY,NSG6,BANARAS,NER,AZAMGARH,UTTAR PRADESH
2722,PHEPHNA JN.,PEP,NSG6,BANARAS,NER,BALLIA,UTTAR PRADESH
2723,PIPRIDIH,PPH,NSG6,BANARAS,NER,MAU,UTTAR PRADESH
2724,RAJA TALAB,RTB,NSG6,BANARAS,NER,VARANASI,UTTAR PRADESH
2725,RAJAPATTI,RPV,NSG6,BANARAS,NER,GOPALGANJ,BIHAR
2726,RAJAWARI,RJI,NSG6,BANARAS,NER,VARANASI,UTTAR PRADESH
2727,RAMKOLA,RKL,NSG6,BANARAS,NER,KUSHI NAGAR,UTTAR PRADESH
2728,RAMNATHPUR,RTR,NSG6,BANARAS,NER,PRAYAGRAJ,UTTAR PRADESH
2729,RATAN SARAI,RTU,NSG6,BANARAS,NER,GOPALGANJ,BIHAR
2730,RATANPURA,RTP,NSG6,BANARAS,NER,MAU,UTTAR PRADESH
2731,REOTI,ROI,NSG6,BANARAS,NER,BALLIA,UTTAR PRADESH
2732,REVELGANJ GHAT HALT,RVG,NSG6,BANARAS,NER,SARAN,BIHAR
2733,SADAT,SDT,NSG6,BANARAS,NER,GHAZIPUR,UTTAR PRADESH
2734,SAGARPALI,SVI,NSG6,BANARAS,NER,BALLIA,UTTAR PRADESH
2735,SAIDABAD,SDC,NSG6,BANARAS,NER,PRAYAGRAJ,UTTAR PRADESH
2736,SAIYEDPUR BHITRI,SYH,NSG6,BANARAS,NER,GHAZIPUR,UTTAR PRADESH
2737,SARAI RANI,RKS,NSG6,BANARAS,NER,AZAMGARH,UTTAR PRADESH
2738,SARDARNAGAR F,SANR,NSG6,BANARAS,NER,GORAKHPUR,UTTAR PRADESH
2739,SARNATH,SRNT,NSG6,BANARAS,NER,VARANASI,UTTAR PRADESH
2740,SASAMUSA,SSU,NSG6,BANARAS,NER,GOPALGANJ,BIHAR
2741,SATHIAON,SAA,NSG6,BANARAS,NER,AZAMGARH,UTTAR PRADESH
2742,SHAHBAZ KULI,SBK,NSG6,BANARAS,NER,BALLIA,UTTAR PRADESH
2743,SHAM KAURIA F,SMKR,NSG6,BANARAS,NER,SARAN,BIHAR
2744,SIDHWALIA,SQW,NSG6,BANARAS,NER,GOPALGANJ,BIHAR
2745,TAJPUR DEHMA,TJD,NSG6,BANARAS,NER,BALLIA,UTTAR PRADESH
2746,TARAON,TRN,NSG6,BANARAS,NER,GHAZIPUR,UTTAR PRADESH
2747,TARIASUJAN,TRJ,NSG6,BANARAS,NER,KUSHI NAGAR,UTTAR PRADESH
2748,TEK NEWAS,TKV,NSG6,BANARAS,NER,SARAN,BIHAR
2749,UNAULA,UNLA,NSG6,BANARAS,NER,GORAKHPUR,UTTAR PRADESH
2750,BALLUPUR FLAG,BAPR,HG1,IZZATNAGAR,NER,KASGANJ,UTTAR PRADESH
2751,AKELA HANSPUR HALT,ALNP,HG2,IZZATNAGAR,NER,PILIBHIT,UTTAR PRADESH
2752,ATAMANDA,AMA,HG2,IZZATNAGAR,NER,BAREILLY,UTTAR PRADESH
2753,BASTOI HALT,BTRO,HG2,IZZATNAGAR,NER,HATHRAS,UTTAR PRADESH
2754,BERIA DAULAT HALT,BRDT,HG2,IZZATNAGAR,NER,UDAM SINGH NAGAR,UTTARAKHAND
2755,BHATASA HALT,BHTS,HG2,IZZATNAGAR,NER,FARRUKHABAD,UTTAR PRADESH
2756,CHAKSAFAURA HALT,CKSR,HG2,IZZATNAGAR,NER,SHAHJAHANPUR,UTTAR PRADESH
2757,DHAURSALAR HALT,DUO,HG2,IZZATNAGAR,NER,KANPUR NAGAR,UTTAR PRADESH
2758,GANGWA PUR HALT,GWP,HG2,IZZATNAGAR,NER,KANPUR DEHAT,UTTAR PRADESH
2759,GARKHA F,GRAK,HG2,IZZATNAGAR,NER,KASGANJ,UTTAR PRADESH
2760,GAUSHALA F,GWS,HG2,IZZATNAGAR,NER,UDAM SINGH NAGAR,UTTARAKHAND
2761,GOT HALT,GOT,HG2,IZZATNAGAR,NER,MORADABAD,UTTAR PRADESH
2762,HARSINGHPUR GOBA,HSY,HG2,IZZATNAGAR,NER,FARRUKHABAD,UTTAR PRADESH
2763,HATHRAS ROAD,HTJ,HG2,IZZATNAGAR,NER,HATHRAS,UTTAR PRADESH
2764,JALALPUR-PANWARA F,JPP,HG2,IZZATNAGAR,NER,KANNAUJ,UTTAR PRADESH
2765,JALPUR HALT,JLQ,HG2,IZZATNAGAR,NER,MORADABAD,UTTAR PRADESH
2766,KACHHLA,KCU,HG2,IZZATNAGAR,NER,BUDAUN,UTTAR PRADESH
2767,KACHHLA BRIDGE HALT,KCO,HG2,IZZATNAGAR,NER,BUDAUN,UTTAR PRADESH
2768,KANNAUJ CITY FLAG,KJNC,HG2,IZZATNAGAR,NER,KANNAUJ,UTTAR PRADESH
2769,KEMRI HALT,KEMR,HG2,IZZATNAGAR,NER,RAMPUR,UTTAR PRADESH
2770,KHUDLAPUR F,KHDP,HG2,IZZATNAGAR,NER,KANNAUJ,UTTAR PRADESH
2771,KURRAIYA,KRYA,HG2,IZZATNAGAR,NER,PILIBHIT,UTTAR PRADESH
2772,MALIKPUR HALT,MLKP,HG2,IZZATNAGAR,NER,KANNAUJ,UTTAR PRADESH
2773,MANI MAU,MNMU,HG2,IZZATNAGAR,NER,KANNAUJ,UTTAR PRADESH
2774,MIGHAUNA HALT,MIW,HG2,IZZATNAGAR,NER,PILIBHIT,UTTAR PRADESH
2775,NARTHAR HALT,NHX,HG2,IZZATNAGAR,NER,KASGANJ,UTTAR PRADESH
2776,PADIYA NAGLA HALT,PAQ,HG2,IZZATNAGAR,NER,MORADABAD,UTTAR PRADESH
2777,PAUTA HALT,PUF,HG2,IZZATNAGAR,NER,PILIBHIT,UTTAR PRADESH
2778,PIRUMADARA HALT,PRM,HG2,IZZATNAGAR,NER,NAINITAL,UTTARAKHAND
2779,PRASADPUR HALT,PRSP,HG2,IZZATNAGAR,NER,PILIBHIT,UTTAR PRADESH
2780,RICHHA ROAD,RR,HG2,IZZATNAGAR,NER,BAREILLY,UTTAR PRADESH
2781,RUDRAPUR SIDCUL HALT,RPSC,HG2,IZZATNAGAR,NER,UDAM SINGH NAGAR,UTTARAKHAND
2782,SARKARA,SKX,HG2,IZZATNAGAR,NER,UDAM SINGH NAGAR,UTTARAKHAND
2783,SEHAL HALT,SEW,HG2,IZZATNAGAR,NER,MORADABAD,UTTAR PRADESH
2784,SHEIKHUPUR,SKW,HG2,IZZATNAGAR,NER,BUDAUN,UTTAR PRADESH
2785,SHERGANJ HALT,SNZ,HG2,IZZATNAGAR,NER,PILIBHIT,UTTAR PRADESH
2786,SHUKARULLAHPUR HALT,SHX,HG2,IZZATNAGAR,NER,FARRUKHABAD,UTTAR PRADESH
2787,SINGHIRAMPUR HALT,SGRP,HG2,IZZATNAGAR,NER,FARRUKHABAD,UTTAR PRADESH
2788,UDAYPUR KHURD HALT,UDKN,HG2,IZZATNAGAR,NER,PILIBHIT,UTTAR PRADESH
2789,VAZEER PUR,VZPH,HG2,IZZATNAGAR,NER,SHAHJAHANPUR,UTTAR PRADESH
2790,YAQUTGANJ HALT,YAG,HG2,IZZATNAGAR,NER,FARRUKHABAD,UTTAR PRADESH
2791,ZINDPURA HALT,ZNP,HG2,IZZATNAGAR,NER,SHAHJAHANPUR,UTTAR PRADESH
2792,ARELI HALT,ARX,HG3,IZZATNAGAR,NER,SHAHJAHANPUR,UTTAR PRADESH
2793,BAKHOTI KHAS HALT,BKTS,HG3,IZZATNAGAR,NER,KANPUR DEHAT,UTTAR PRADESH
2794,CHAKARPUR HALT,CKK,HG3,IZZATNAGAR,NER,UDAM SINGH NAGAR,UTTARAKHAND
2795,DHAKIA TIWARI HALT,DOT,HG3,IZZATNAGAR,NER,SHAHJAHANPUR,UTTAR PRADESH
2796,DIBNAPUR HALT,DBNR,HG3,IZZATNAGAR,NER,BAREILLY,UTTAR PRADESH
2797,DIYURI HALT,DYU,HG3,IZZATNAGAR,NER,PILIBHIT,UTTAR PRADESH
2798,GANGAGARH HALT,GGG,HG3,IZZATNAGAR,NER,KASGANJ,UTTAR PRADESH
2799,KARTAULI HALT,KRTL,HG3,IZZATNAGAR,NER,BUDAUN,UTTAR PRADESH
2800,KHIRIA KHURD HALT,KIE,HG3,IZZATNAGAR,NER,SHAHJAHANPUR,UTTAR PRADESH
2801,LALAURI KHERA,LUA,HG3,IZZATNAGAR,NER,PILIBHIT,UTTAR PRADESH
2802,MALLAN NAGAR HALT,MQW,HG3,IZZATNAGAR,NER,BUDAUN,UTTAR PRADESH
2803,PRATABPUR HALT,PTPR,HG3,IZZATNAGAR,NER,PILIBHIT,UTTAR PRADESH
2804,SANDAI HALT,SNDY,HG3,IZZATNAGAR,NER,PILIBHIT,UTTAR PRADESH
2805,KATHGODAM,KGM,NSG3,IZZATNAGAR,NER,NAINITAL,UTTARAKHAND
2806,BAREILLY CITY,BC,NSG4,IZZATNAGAR,NER,BAREILLY,UTTAR PRADESH
2807,FARRUKHABAD JN.,FBD,NSG4,IZZATNAGAR,NER,FARRUKHABAD,UTTAR PRADESH
2808,HALDWANI,HDW,NSG4,IZZATNAGAR,NER,NAINITAL,UTTARAKHAND
2809,KANNAUJ,KJN,NSG4,IZZATNAGAR,NER,KANNAUJ,UTTAR PRADESH
2810,KASGANJ JN.,KSJ,NSG4,IZZATNAGAR,NER,KASGANJ,UTTAR PRADESH
2811,KASHIPUR JN.,KPV,NSG4,IZZATNAGAR,NER,UDAM SINGH NAGAR,UTTARAKHAND
2812,LALKUA JN.,LKU,NSG4,IZZATNAGAR,NER,NAINITAL,UTTARAKHAND
2813,PILIBHIT JN.,PBE,NSG4,IZZATNAGAR,NER,PILIBHIT,UTTAR PRADESH
2814,RUDRAPUR CITY,RUPC,NSG4,IZZATNAGAR,NER,UDAM SINGH NAGAR,UTTARAKHAND
2815,ALIGANJ,ALJ,NSG5,IZZATNAGAR,NER,MORADABAD,UTTAR PRADESH
2816,BADAUN,BEM,NSG5,IZZATNAGAR,NER,BUDAUN,UTTAR PRADESH
2817,BAHERI,BHI,NSG5,IZZATNAGAR,NER,BAREILLY,UTTAR PRADESH
2818,BARRAJPUR,BJR,NSG5,IZZATNAGAR,NER,KANPUR NAGAR,UTTAR PRADESH
2819,BAZPUR,BPZ,NSG5,IZZATNAGAR,NER,UDAM SINGH NAGAR,UTTARAKHAND
2820,BILHAUR,BLU,NSG5,IZZATNAGAR,NER,KANPUR NAGAR,UTTAR PRADESH
2821,BISALPUR,BSUR,NSG5,IZZATNAGAR,NER,PILIBHIT,UTTAR PRADESH
2822,DARYAOGANJ,DRO,NSG5,IZZATNAGAR,NER,KASGANJ,UTTAR PRADESH
2823,FATEHGARH,FGR,NSG5,IZZATNAGAR,NER,FARRUKHABAD,UTTAR PRADESH
2824,GANJ DUNDWARA,GWA,NSG5,IZZATNAGAR,NER,KASGANJ,UTTAR PRADESH
2825,GURSAHAIGANJ,GHJ,NSG5,IZZATNAGAR,NER,KANNAUJ,UTTAR PRADESH
2826,HATHRAS CITY,HTC,NSG5,IZZATNAGAR,NER,HATHRAS,UTTAR PRADESH
2827,IZZATNAGAR JN.,IZN,NSG5,IZZATNAGAR,NER,BAREILLY,UTTAR PRADESH
2828,KAIMGANJ,KMJ,NSG5,IZZATNAGAR,NER,FARRUKHABAD,UTTAR PRADESH
2829,KALIANPUR,KAP,NSG5,IZZATNAGAR,NER,KANPUR NAGAR,UTTAR PRADESH
2830,KAMALGANJ,KLJ,NSG5,IZZATNAGAR,NER,FARRUKHABAD,UTTAR PRADESH
2831,KICHHA,KHH,NSG5,IZZATNAGAR,NER,UDAM SINGH NAGAR,UTTARAKHAND
2832,MATHURA CANT,MRT,NSG5,IZZATNAGAR,NER,MATHURA,UTTAR PRADESH
2833,PATIALI,PTI,NSG5,IZZATNAGAR,NER,KASGANJ,UTTAR PRADESH
2834,RAMNAGAR,RMR,NSG5,IZZATNAGAR,NER,NAINITAL,UTTARAKHAND
2835,RAWATPUR,RPO,NSG5,IZZATNAGAR,NER,KANPUR NAGAR,UTTAR PRADESH
2836,ROSHANPUR,RHN,NSG5,IZZATNAGAR,NER,MORADABAD,UTTAR PRADESH
2837,RUDAIN,RDN,NSG5,IZZATNAGAR,NER,FARRUKHABAD,UTTAR PRADESH
2838,SAHAWAR TOWN,SWRT,NSG5,IZZATNAGAR,NER,KASGANJ,UTTAR PRADESH
2839,SIKANDRA RAO,SKA,NSG5,IZZATNAGAR,NER,HATHRAS,UTTAR PRADESH
2840,TANAKPUR,TPU,NSG5,IZZATNAGAR,NER,CHAMPAWAT,UTTARAKHAND
2841,AGSAULI,AUL,NSG6,IZZATNAGAR,NER,HATHRAS,UTTAR PRADESH
2842,ARAUL MAKANPUR,ARL,NSG6,IZZATNAGAR,NER,KANPUR NAGAR,UTTAR PRADESH
2843,BADHARI KALAN,BHK,NSG6,IZZATNAGAR,NER,KASGANJ,UTTAR PRADESH
2844,BAMIANA,BMY,NSG6,IZZATNAGAR,NER,BAREILLY,UTTAR PRADESH
2845,BANBASA,BNSA,NSG6,IZZATNAGAR,NER,CHAMPAWAT,UTTARAKHAND
2846,BHOJIPURA JN.,BPR,NSG6,IZZATNAGAR,NER,BAREILLY,UTTAR PRADESH
2847,BHOPATPUR,BFPA,NSG6,IZZATNAGAR,NER,PILIBHIT,UTTAR PRADESH
2848,BIJAURIA,BJV,NSG6,IZZATNAGAR,NER,BAREILLY,UTTAR PRADESH
2849,BILASPUR ROAD,BLQR,NSG6,IZZATNAGAR,NER,RAMPUR,UTTAR PRADESH
2850,BITROI,BTRI,NSG6,IZZATNAGAR,NER,BUDAUN,UTTAR PRADESH
2851,BRAHMAVART,BRT,NSG6,IZZATNAGAR,NER,KANPUR NAGAR,UTTAR PRADESH
2852,CHAMRUA,CHRU,NSG6,IZZATNAGAR,NER,RAMPUR,UTTAR PRADESH
2853,CHAUBEPUR,CBR,NSG6,IZZATNAGAR,NER,KANPUR NAGAR,UTTAR PRADESH
2854,DEORANIAN,DRN,NSG6,IZZATNAGAR,NER,BAREILLY,UTTAR PRADESH
2855,DOHNA,DOX,NSG6,IZZATNAGAR,NER,BAREILLY,UTTAR PRADESH
2856,GHATPURI,GTP,NSG6,IZZATNAGAR,NER,BUDAUN,UTTAR PRADESH
2857,GULARBHOJ,GUB,NSG6,IZZATNAGAR,NER,UDAM SINGH NAGAR,UTTARAKHAND
2858,HALDI ROAD,HLDD,NSG6,IZZATNAGAR,NER,UDAM SINGH NAGAR,UTTARAKHAND
2859,JASODA,JDA,NSG6,IZZATNAGAR,NER,KANNAUJ,UTTAR PRADESH
2860,KAMPIL ROAD,KXF,NSG6,IZZATNAGAR,NER,FARRUKHABAD,UTTAR PRADESH
2861,KASGANJ CITY,KJC,NSG6,IZZATNAGAR,NER,KASGANJ,UTTAR PRADESH
2862,KHATIMA,KHMA,NSG6,IZZATNAGAR,NER,UDAM SINGH NAGAR,UTTARAKHAND
2863,KHUDAGANJ,KDJ,NSG6,IZZATNAGAR,NER,FARRUKHABAD,UTTAR PRADESH
2864,MAJHOLA PAKARIYA,MJZ,NSG6,IZZATNAGAR,NER,PILIBHIT,UTTAR PRADESH
2865,MAKRANDPUR,MQP,NSG6,IZZATNAGAR,NER,BAREILLY,UTTAR PRADESH
2866,MANDHANA JN.,MDA,NSG6,IZZATNAGAR,NER,KANPUR NAGAR,UTTAR PRADESH
2867,MANPUR NAGARIA,MPG,NSG6,IZZATNAGAR,NER,KASGANJ,UTTAR PRADESH
2868,MARAHRA,MHA,NSG6,IZZATNAGAR,NER,ETAH,UTTAR PRADESH
2869,MENDU HALT,MEU,NSG6,IZZATNAGAR,NER,HATHRAS,UTTAR PRADESH
2870,MURSAN,MSN,NSG6,IZZATNAGAR,NER,HATHRAS,UTTAR PRADESH
2871,NIGOHI,NOH,NSG6,IZZATNAGAR,NER,SHAHJAHANPUR,UTTAR PRADESH
2872,NYORIYA HUSENPUR,NRY,NSG6,IZZATNAGAR,NER,PILIBHIT,UTTAR PRADESH
2873,PANTNAGAR,PBW,NSG6,IZZATNAGAR,NER,UDAM SINGH NAGAR,UTTARAKHAND
2874,PIPALSANA,PLS,NSG6,IZZATNAGAR,NER,MORADABAD,UTTAR PRADESH
2875,RATI-KA-NAGLA,RKN,NSG6,IZZATNAGAR,NER,HATHRAS,UTTAR PRADESH
2876,RAYA,RAYA,NSG6,IZZATNAGAR,NER,MATHURA,UTTAR PRADESH
2877,SAITHAL,STH,NSG6,IZZATNAGAR,NER,BAREILLY,UTTAR PRADESH
2878,SHAHBAZNAGAR,SZN,NSG6,IZZATNAGAR,NER,SHAHJAHANPUR,UTTAR PRADESH
2879,SHAHI,SSC,NSG6,IZZATNAGAR,NER,PILIBHIT,UTTAR PRADESH
2880,SHAMSABAD,SSD,NSG6,IZZATNAGAR,NER,FARRUKHABAD,UTTAR PRADESH
2881,SONAI,SYZ,NSG6,IZZATNAGAR,NER,MATHURA,UTTAR PRADESH
2882,SORON SHUKAR KSHETRA,SRNK,NSG6,IZZATNAGAR,NER,KASGANJ,UTTAR PRADESH
2883,UJHANI,UJH,NSG6,IZZATNAGAR,NER,BUDAUN,UTTAR PRADESH
2884,UTRI PURA,UTP,NSG6,IZZATNAGAR,NER,KANPUR NAGAR,UTTAR PRADESH
2885,AHIRAULI HALT,AHU,HG2,LUCKNOW,NER,SIDDHARTH NAGAR,UTTAR PRADESH
2886,BABAGANJ HALT,BBJ,HG2,LUCKNOW,NER,BAHRAICH,UTTAR PRADESH
2887,BABUPUR HALT,BBPR,HG2,LUCKNOW,NER,SITAPUR,UTTAR PRADESH
2888,BARWA KALAN HALT,BRSA,HG2,LUCKNOW,NER,MAHARAJGANJ,UTTAR PRADESH
2889,BHAGIRATHPUR HALT,BHGP,HG2,LUCKNOW,NER,MAHARAJGANJ,UTTAR PRADESH
2890,JHAMAT HALT,JLT,HG2,LUCKNOW,NER,MAHARAJGANJ,UTTAR PRADESH
2891,KAKRAHA REST HOUSE,KARH,HG2,LUCKNOW,NER,BAHRAICH,UTTAR PRADESH
2892,KASTURI HALT,KSR,HG2,LUCKNOW,NER,GONDA,UTTAR PRADESH
2893,KATHOLA HALT,KTHL,HG2,LUCKNOW,NER,GONDA,UTTAR PRADESH
2894,KAURIA JUNGLE HALT,JKI,HG2,LUCKNOW,NER,GORAKHPUR,UTTAR PRADESH
2895,KHIRI TOWN HALT,KITN,HG2,LUCKNOW,NER,KHERI,UTTAR PRADESH
2896,LEHRA F,LER,HG2,LUCKNOW,NER,MAHARAJGANJ,UTTAR PRADESH
2897,LOHARPURWA HALT,LPW,HG2,LUCKNOW,NER,GORAKHPUR,UTTAR PRADESH
2898,LOK VIDYAPITH NAGAR,LVR,HG2,LUCKNOW,NER,MAHARAJGANJ,UTTAR PRADESH
2899,MAHADEVA BUZURG HALT,MHBG,HG2,LUCKNOW,NER,SIDDHARTH NAGAR,UTTAR PRADESH
2900,MAHAWAN KHOR HALT,MVKR,HG2,LUCKNOW,NER,GORAKHPUR,UTTAR PRADESH
2901,MAHTHA BAZAR HALT,MHBZ,HG2,LUCKNOW,NER,SIDDHARTH NAGAR,UTTAR PRADESH
2902,NAIKOT F,NIT,HG2,LUCKNOW,NER,MAHARAJGANJ,UTTAR PRADESH
2903,NAWABGANJ(GONDA) HAL,NGB,HG2,LUCKNOW,NER,GONDA,UTTAR PRADESH
2904,OEL HALT,OEL,HG2,LUCKNOW,NER,KHERI,UTTAR PRADESH
2905,PAINTEPUR,PPE,HG2,LUCKNOW,NER,BARABANKI,UTTAR PRADESH
2906,PHARADAHAN HALT,PD,HG2,LUCKNOW,NER,KHERI,UTTAR PRADESH
2907,PURANDARPUR HALT,PDPR,HG2,LUCKNOW,NER,MAHARAJGANJ,UTTAR PRADESH
2908,RAMAIPUR,RAMR,HG2,LUCKNOW,NER,SITAPUR,UTTAR PRADESH
2909,RAMCHAURA HALT,RCRA,HG2,LUCKNOW,NER,GORAKHPUR,UTTAR PRADESH
2910,RAMGHAT HALT,RMBG,HG2,LUCKNOW,NER,AYODHYA,UTTAR PRADESH
2911,SHANKERPUR HALT,SKLP,HG2,LUCKNOW,NER,SITAPUR,UTTAR PRADESH
2912,TAPPA KHAJURIA,TKUR,HG2,LUCKNOW,NER,SITAPUR,UTTAR PRADESH
2913,TIKRI,TRE,HG2,LUCKNOW,NER,GONDA,UTTAR PRADESH
2914,BABHANJYOTIYA HALT,BNGY,HG3,LUCKNOW,NER,GONDA,UTTAR PRADESH
2915,BAHELIA BUZURG HALT,BFV,HG3,LUCKNOW,NER,KHERI,UTTAR PRADESH
2916,BHAWANIPUR KALAN,BWP,HG3,LUCKNOW,NER,GONDA,UTTAR PRADESH
2917,BHIKAMPUR HALT,BKHP,HG3,LUCKNOW,NER,KHERI,UTTAR PRADESH
2918,BHURJIHA BARAGAON HA,BUGN,HG3,LUCKNOW,NER,SITAPUR,UTTAR PRADESH
2919,GAIGHAT HALT,GIHT,HG3,LUCKNOW,NER,BAHRAICH,UTTAR PRADESH
2920,GAINJAHWA,GAW,HG3,LUCKNOW,NER,BALRAMPUR,UTTAR PRADESH
2921,JHAREKAPUR,JKP,HG3,LUCKNOW,NER,SITAPUR,UTTAR PRADESH
2922,KADIPUR SANI HALT,KDPS,HG3,LUCKNOW,NER,KHERI,UTTAR PRADESH
2923,KHAIRATIYA BANDH ROA,KYBR,HG3,LUCKNOW,NER,KHERI,UTTAR PRADESH
2924,LAIBURWA HALT,LBW,HG3,LUCKNOW,NER,BALRAMPUR,UTTAR PRADESH
2925,LAKSHMANPUR HALT,LHNR,HG3,LUCKNOW,NER,BALRAMPUR,UTTAR PRADESH
2926,MANWA HALT,MANW,HG3,LUCKNOW,NER,SITAPUR,UTTAR PRADESH
2927,MUNDA GOPAL ASHRAM H,MGPA,HG3,LUCKNOW,NER,BARABANKI,UTTAR PRADESH
2928,PERSEHRA MAL HALT,PMM,HG3,LUCKNOW,NER,SITAPUR,UTTAR PRADESH
2929,RAFINAGAR F,RFR,HG3,LUCKNOW,NER,BARABANKI,UTTAR PRADESH
2930,RAWATGANJ F,RJ,HG3,LUCKNOW,NER,GORAKHPUR,UTTAR PRADESH
2931,REHTA,RTS,HG3,LUCKNOW,NER,BAHRAICH,UTTAR PRADESH
2932,SIHAPAR HALT,SIPR,HG3,LUCKNOW,NER,GORAKHPUR,UTTAR PRADESH
2933,SITAPUR KUTCHERY HAL,STRK,HG3,LUCKNOW,NER,SITAPUR,UTTAR PRADESH
2934,SURAINCHA HALT,SUIA,HG3,LUCKNOW,NER,SITAPUR,UTTAR PRADESH
2935,TRILOKPUR HALT,TPB,HG3,LUCKNOW,NER,BALRAMPUR,UTTAR PRADESH
2936,YOGENDRA DHAM HALT,YEAM,HG3,LUCKNOW,NER,BAHRAICH,UTTAR PRADESH
2937,GORAKHPUR JN.,GKP,NSG2,LUCKNOW,NER,GORAKHPUR,UTTAR PRADESH
2938,LUCKNOW JN.,LJN,NSG2,LUCKNOW,NER,LUCKNOW,UTTAR PRADESH
2939,BASTI,BST,NSG3,LUCKNOW,NER,BASTI,UTTAR PRADESH
2940,GONDA JN.,GD,NSG3,LUCKNOW,NER,GONDA,UTTAR PRADESH
2941,BADSHAHNAGAR,BNZ,NSG4,LUCKNOW,NER,LUCKNOW,UTTAR PRADESH
2942,KHALILABAD,KLD,NSG4,LUCKNOW,NER,SANT KABEER NAGAR,UTTAR PRADESH
2943,MANKAPUR JN.,MUR,NSG4,LUCKNOW,NER,GONDA,UTTAR PRADESH
2944,ANAND NAGAR JN.,ANDN,NSG5,LUCKNOW,NER,MAHARAJGANJ,UTTAR PRADESH
2945,BABHNAN,BV,NSG5,LUCKNOW,NER,BASTI,UTTAR PRADESH
2946,BAHRAICH,BRK,NSG5,LUCKNOW,NER,BAHRAICH,UTTAR PRADESH
2947,BALRAMPUR,BLP,NSG5,LUCKNOW,NER,BALRAMPUR,UTTAR PRADESH
2948,BARHNI,BNY,NSG5,LUCKNOW,NER,SIDDHARTH NAGAR,UTTAR PRADESH
2949,BISWAN,BVN,NSG5,LUCKNOW,NER,SITAPUR,UTTAR PRADESH
2950,BURHWAL JN.,BUW,NSG5,LUCKNOW,NER,BARABANKI,UTTAR PRADESH
2951,COLONELGANJ,CLJ,NSG5,LUCKNOW,NER,GONDA,UTTAR PRADESH
2952,GOMTINAGAR F,GTNR,NSG5,LUCKNOW,NER,LUCKNOW,UTTAR PRADESH
2953,JARWAL ROAD,JLD,NSG5,LUCKNOW,NER,BAHRAICH,UTTAR PRADESH
2954,JHARKHANDI F,JKNI,NSG5,LUCKNOW,NER,BALRAMPUR,UTTAR PRADESH
2955,LAKHIMPUR,LMP,NSG5,LUCKNOW,NER,KHERI,UTTAR PRADESH
2956,LUCKNOW CITY,LC,NSG5,LUCKNOW,NER,LUCKNOW,UTTAR PRADESH
2957,MAHMUDABAD (AVADH),MMB,NSG5,LUCKNOW,NER,SITAPUR,UTTAR PRADESH
2958,MAILANI JN.,MLN,NSG5,LUCKNOW,NER,KHERI,UTTAR PRADESH
2959,MASKANWA,MSW,NSG5,LUCKNOW,NER,GONDA,UTTAR PRADESH
2960,NANPARA JN.,NNP,NSG5,LUCKNOW,NER,BAHRAICH,UTTAR PRADESH
2961,NAUTANWA,NTV,NSG5,LUCKNOW,NER,MAHARAJGANJ,UTTAR PRADESH
2962,PALIA KALAN,PLK,NSG5,LUCKNOW,NER,KHERI,UTTAR PRADESH
2963,SHOHRATGARH,SOT,NSG5,LUCKNOW,NER,SIDDHARTH NAGAR,UTTAR PRADESH
2964,SIDDHARTH NAGAR,SDDN,NSG5,LUCKNOW,NER,SIDDHARTH NAGAR,UTTAR PRADESH
2965,SITAPUR JN.,STP,NSG5,LUCKNOW,NER,SITAPUR,UTTAR PRADESH
2966,TULSIPUR,TLR,NSG5,LUCKNOW,NER,BALRAMPUR,UTTAR PRADESH
2967,AISHBAGH,ASH,NSG6,LUCKNOW,NER,LUCKNOW,UTTAR PRADESH
2968,ATARIA,AA,NSG6,LUCKNOW,NER,SITAPUR,UTTAR PRADESH
2969,BAKSHI KA TALAB,BKT,NSG6,LUCKNOW,NER,LUCKNOW,UTTAR PRADESH
2970,BANGAIN,BGAN,NSG6,LUCKNOW,NER,GONDA,UTTAR PRADESH
2971,BANKEGANJ,BNKJ,NSG6,LUCKNOW,NER,KHERI,UTTAR PRADESH
2972,BARAI JALALPUR,BJLP,NSG6,LUCKNOW,NER,SITAPUR,UTTAR PRADESH
2973,BARUA CHAK,BRCK,NSG6,LUCKNOW,NER,GONDA,UTTAR PRADESH
2974,BELRAYAN,BXM,NSG6,LUCKNOW,NER,KHERI,UTTAR PRADESH
2975,BHIRA KHERI,BIK,NSG6,LUCKNOW,NER,KHERI,UTTAR PRADESH
2976,BICHIA,BIC,NSG6,LUCKNOW,NER,BAHRAICH,UTTAR PRADESH
2977,BINDAURA,BUR,NSG6,LUCKNOW,NER,BARABANKI,UTTAR PRADESH
2978,BISHESHWARGANJ,BEU,NSG6,LUCKNOW,NER,BAHRAICH,UTTAR PRADESH
2979,BRIJMANGANJ,BMJ,NSG6,LUCKNOW,NER,MAHARAJGANJ,UTTAR PRADESH
2980,CAMPIERGANJ,CM,NSG6,LUCKNOW,NER,GORAKHPUR,UTTAR PRADESH
2981,CHILHIA,CIH,NSG6,LUCKNOW,NER,SIDDHARTH NAGAR,UTTAR PRADESH
2982,CHILWARIYA,CLW,NSG6,LUCKNOW,NER,BAHRAICH,UTTAR PRADESH
2983,CHOWKA GHAT,CKG,NSG6,LUCKNOW,NER,BARABANKI,UTTAR PRADESH
2984,CHUREB,CRV,NSG6,LUCKNOW,NER,SANT KABEER NAGAR,UTTAR PRADESH
2985,DALIGANJ JN.,DAL,NSG6,LUCKNOW,NER,LUCKNOW,UTTAR PRADESH
2986,DEOKALI HALT,DEO,NSG6,LUCKNOW,NER,KHERI,UTTAR PRADESH
2987,DOMINGARH,DMG,NSG6,LUCKNOW,NER,GORAKHPUR,UTTAR PRADESH
2988,DUDWA,DDW,NSG6,LUCKNOW,NER,KHERI,UTTAR PRADESH
2989,GAINSARI JN.,GIR,NSG6,LUCKNOW,NER,BALRAMPUR,UTTAR PRADESH
2990,GANGA DHAM,GADM,NSG6,LUCKNOW,NER,GONDA,UTTAR PRADESH
2991,GAUR,GAUR,NSG6,LUCKNOW,NER,BASTI,UTTAR PRADESH
2992,GHAGHARA GHAT,GHT,NSG6,LUCKNOW,NER,BAHRAICH,UTTAR PRADESH
2993,GOLA GOKARANATH,GK,NSG6,LUCKNOW,NER,KHERI,UTTAR PRADESH
2994,GONDA KACHAHRI,GDK,NSG6,LUCKNOW,NER,GONDA,UTTAR PRADESH
2995,GORAKHPUR CANTT.,GKC,NSG6,LUCKNOW,NER,GORAKHPUR,UTTAR PRADESH
2996,GOVINDNAGAR,GOVR,NSG6,LUCKNOW,NER,BASTI,UTTAR PRADESH
2997,HARGAON,HA,NSG6,LUCKNOW,NER,SITAPUR,UTTAR PRADESH
2998,INTIYATHOK,ITE,NSG6,LUCKNOW,NER,GONDA,UTTAR PRADESH
2999,ITAUNJA,IJ,NSG6,LUCKNOW,NER,LUCKNOW,UTTAR PRADESH
3000,JAGATBELA,JTB,NSG6,LUCKNOW,NER,GORAKHPUR,UTTAR PRADESH
3001,JAHANGIRABAD RAJ,JBR,NSG6,LUCKNOW,NER,BARABANKI,UTTAR PRADESH
3002,JARWA,JAW,NSG6,LUCKNOW,NER,BALRAMPUR,UTTAR PRADESH
3003,JHILAHI,JLHI,NSG6,LUCKNOW,NER,GONDA,UTTAR PRADESH
3004,KAMALAPUR,KMP,NSG6,LUCKNOW,NER,SITAPUR,UTTAR PRADESH
3005,KATRA,KEA,NSG6,LUCKNOW,NER,GONDA,UTTAR PRADESH
3006,KAUWAPUR,KPE,NSG6,LUCKNOW,NER,BALRAMPUR,UTTAR PRADESH
3007,KHAIRABAD (AVADH),KB,NSG6,LUCKNOW,NER,SITAPUR,UTTAR PRADESH
3008,LACHMIPUR,LIR,NSG6,LUCKNOW,NER,MAHARAJGANJ,UTTAR PRADESH
3009,LAKHPAT NAGAR,LKNR,NSG6,LUCKNOW,NER,GONDA,UTTAR PRADESH
3010,MAGHAR,MHH,NSG6,LUCKNOW,NER,SANT KABEER NAGAR,UTTAR PRADESH
3011,MAIJAPUR,MIR,NSG6,LUCKNOW,NER,GONDA,UTTAR PRADESH
3012,MANIRAM,MIM,NSG6,LUCKNOW,NER,GORAKHPUR,UTTAR PRADESH
3013,MANJHRA PURAB,MJPB,NSG6,LUCKNOW,NER,KHERI,UTTAR PRADESH
3014,MATERA,MT,NSG6,LUCKNOW,NER,BAHRAICH,UTTAR PRADESH
3015,MIHINPURWA,MIN,NSG6,LUCKNOW,NER,BAHRAICH,UTTAR PRADESH
3016,MOHIBULLAPUR,MBP,NSG6,LUCKNOW,NER,LUCKNOW,UTTAR PRADESH
3017,MOTIGANJ,MOTG,NSG6,LUCKNOW,NER,GONDA,UTTAR PRADESH
3018,MUNDERWA,MND,NSG6,LUCKNOW,NER,BASTI,UTTAR PRADESH
3019,MURTIHA,MUH,NSG6,LUCKNOW,NER,BAHRAICH,UTTAR PRADESH
3020,NAKAHA JUNGLE,JEA,NSG6,LUCKNOW,NER,GORAKHPUR,UTTAR PRADESH
3021,NEPALGANJ ROAD,NPR,NSG6,LUCKNOW,NER,BAHRAICH,UTTAR PRADESH
3022,NISHANGARA,NSA,NSG6,LUCKNOW,NER,BAHRAICH,UTTAR PRADESH
3023,ORWARA,ORW,NSG6,LUCKNOW,NER,BASTI,UTTAR PRADESH
3024,PACHPERWA,PPW,NSG6,LUCKNOW,NER,BALRAMPUR,UTTAR PRADESH
3025,PARSA,PRZ,NSG6,LUCKNOW,NER,SIDDHARTH NAGAR,UTTAR PRADESH
3026,PARSA TIWARI,PATI,NSG6,LUCKNOW,NER,GONDA,UTTAR PRADESH
3027,PARSENDI,PSN,NSG6,LUCKNOW,NER,SITAPUR,UTTAR PRADESH
3028,PAYAGPUR,PDR,NSG6,LUCKNOW,NER,BAHRAICH,UTTAR PRADESH
3029,PEPPEGANJ,PJ,NSG6,LUCKNOW,NER,GORAKHPUR,UTTAR PRADESH
3030,RAIBOJHA,RBJ,NSG6,LUCKNOW,NER,BAHRAICH,UTTAR PRADESH
3031,RAZAGANJ HALT,RZJ,NSG6,LUCKNOW,NER,KHERI,UTTAR PRADESH
3032,RISIA,RS,NSG6,LUCKNOW,NER,BAHRAICH,UTTAR PRADESH
3033,SAHJANWA,SWA,NSG6,LUCKNOW,NER,GORAKHPUR,UTTAR PRADESH
3034,SARAYAN,SYU,NSG6,LUCKNOW,NER,SITAPUR,UTTAR PRADESH
3035,SARJU,SUJ,NSG6,LUCKNOW,NER,GONDA,UTTAR PRADESH
3036,SIDHAULI,SD,NSG6,LUCKNOW,NER,SITAPUR,UTTAR PRADESH
3037,SUBHAGPUR,SUBR,NSG6,LUCKNOW,NER,GONDA,UTTAR PRADESH
3038,SUNDHIA MAU,SDAM,NSG6,LUCKNOW,NER,BARABANKI,UTTAR PRADESH
3039,SWAMI N CHHAPIA,SNC,NSG6,LUCKNOW,NER,GONDA,UTTAR PRADESH
3040,TAHSIL FATEHPUR,TSF,NSG6,LUCKNOW,NER,BARABANKI,UTTAR PRADESH
3041,TIKUNIA,TQN,NSG6,LUCKNOW,NER,KHERI,UTTAR PRADESH
3042,TINICH,TH,NSG6,LUCKNOW,NER,BASTI,UTTAR PRADESH
3043,USKA BAZAR,UB,NSG6,LUCKNOW,NER,SIDDHARTH NAGAR,UTTAR PRADESH
3044,ABUTARA HALT,ABW,HG2,ALIPURDUAR,NFR,COOCHBEHAR,WEST BENGAL
3045,ALIPUR DUAR COURT,APDC,HG2,ALIPURDUAR,NFR,ALIPURDUAR,WEST BENGAL
3046,BHETAGURI,VTG,HG2,ALIPURDUAR,NFR,COOCHBEHAR,WEST BENGAL
3047,DINHATA COLLEGE HALT,DCH,HG2,ALIPURDUAR,NFR,COOCHBEHAR,WEST BENGAL
3048,FALIMARI,FLM,HG2,ALIPURDUAR,NFR,COOCHBEHAR,WEST BENGAL
3049,GAROPARA HALT,GRU,HG2,ALIPURDUAR,NFR,ALIPURDUAR,WEST BENGAL
3050,MOTERJHAR,MTJR,HG2,ALIPURDUAR,NFR,DHUBRI,ASSAM
3051,BASBARI,BSI,HG3,ALIPURDUAR,NFR,DHUBRI,ASSAM
3052,BIDYADABRI,BDYR,HG3,ALIPURDUAR,NFR,DHUBRI,ASSAM
3053,MONGLAJHORA,MONJ,HG3,ALIPURDUAR,NFR,KOKRAJHAR,ASSAM
3054,RAJA BHAT KHAWA,RVK,HG3,ALIPURDUAR,NFR,ALIPURDUAR,WEST BENGAL
3055,TIPKAI,TPK,HG3,ALIPURDUAR,NFR,KOKRAJHAR,ASSAM
3056,NEW ALIPURDUAR,NOQ,NSG3,ALIPURDUAR,NFR,ALIPURDUAR,WEST BENGAL
3057,NEW COOCH BEHAR,NCB,NSG3,ALIPURDUAR,NFR,COOCHBEHAR,WEST BENGAL
3058,ALIPUR DUAR JN.,APDJ,NSG4,ALIPURDUAR,NFR,ALIPURDUAR,WEST BENGAL
3059,DHUPGURI,DQG,NSG4,ALIPURDUAR,NFR,JALPAIGURI,WEST BENGAL
3060,KOKRAJHAR,KOJ,NSG4,ALIPURDUAR,NFR,KOKRAJHAR,ASSAM
3061,BINNAGURI,BNV,NSG5,ALIPURDUAR,NFR,JALPAIGURI,WEST BENGAL
3062,DALGAON,DLO,NSG5,ALIPURDUAR,NFR,ALIPURDUAR,WEST BENGAL
3063,DHUBRI,DBB,NSG5,ALIPURDUAR,NFR,DHUBRI,ASSAM
3064,DINHATA,DHH,NSG5,ALIPURDUAR,NFR,COOCHBEHAR,WEST BENGAL
3065,FAKIRAGRAM JN.,FKM,NSG5,ALIPURDUAR,NFR,KOKRAJHAR,ASSAM
3066,FALAKATA,FLK,NSG5,ALIPURDUAR,NFR,ALIPURDUAR,WEST BENGAL
3067,GOSAI GAON HAT,GOGH,NSG5,ALIPURDUAR,NFR,KOKRAJHAR,ASSAM
3068,HASIMARA,HSA,NSG5,ALIPURDUAR,NFR,ALIPURDUAR,WEST BENGAL
3069,JALPAIGURI ROAD,JPE,NSG5,ALIPURDUAR,NFR,JALPAIGURI,WEST BENGAL
3070,KAMAKHYAGURI,KAMG,NSG5,ALIPURDUAR,NFR,ALIPURDUAR,WEST BENGAL
3071,NEW MAL JN.,NMZ,NSG5,ALIPURDUAR,NFR,JALPAIGURI,WEST BENGAL
3072,NEW MAYNAGURI,NMX,NSG5,ALIPURDUAR,NFR,JALPAIGURI,WEST BENGAL
3073,AGOMONI,AGMN,NSG6,ALIPURDUAR,NFR,DHUBRI,ASSAM
3074,ALIPUR DUAR,APD,NSG6,ALIPURDUAR,NFR,ALIPURDUAR,WEST BENGAL
3075,ALTAGRAM,ATM,NSG6,ALIPURDUAR,NFR,JALPAIGURI,WEST BENGAL
3076,BAGRAKOT,BRQ,NSG6,ALIPURDUAR,NFR,JALPAIGURI,WEST BENGAL
3077,BAMANHAT,BXT,NSG6,ALIPURDUAR,NFR,COOCHBEHAR,WEST BENGAL
3078,BANARHAT,BNQ,NSG6,ALIPURDUAR,NFR,JALPAIGURI,WEST BENGAL
3079,BANESWAR,BSW,NSG6,ALIPURDUAR,NFR,COOCHBEHAR,WEST BENGAL
3080,BARADIGHI,BDS,NSG6,ALIPURDUAR,NFR,JALPAIGURI,WEST BENGAL
3081,BASUGAON,BSGN,NSG6,ALIPURDUAR,NFR,CHIRANG,ASSAM
3082,BETGARA,BYXA,NSG6,ALIPURDUAR,NFR,JALPAIGURI,WEST BENGAL
3083,BHOTEPATTI,BPV,NSG6,ALIPURDUAR,NFR,JALPAIGURI,WEST BENGAL
3084,BOXIRHAT,BXHT,NSG6,ALIPURDUAR,NFR,COOCHBEHAR,WEST BENGAL
3085,CARRON,CRX,NSG6,ALIPURDUAR,NFR,JALPAIGURI,WEST BENGAL
3086,CHALSA,CLD,NSG6,ALIPURDUAR,NFR,JALPAIGURI,WEST BENGAL
3087,CHANGRABANDHA,CBD,NSG6,ALIPURDUAR,NFR,COOCHBEHAR,WEST BENGAL
3088,CHAPAGURI,CAPG,NSG6,ALIPURDUAR,NFR,COOCHBEHAR,WEST BENGAL
3089,CHAUTARA,CROA,NSG6,ALIPURDUAR,NFR,KOKRAJHAR,ASSAM
3090,COOCH BEHAR,COB,NSG6,ALIPURDUAR,NFR,COOCHBEHAR,WEST BENGAL
3091,DAM DIM,DDM,NSG6,ALIPURDUAR,NFR,JALPAIGURI,WEST BENGAL
3092,DANGTAL,DTX,NSG6,ALIPURDUAR,NFR,BONGAIGAON,ASSAM
3093,DEWAN HAT,DWT,NSG6,ALIPURDUAR,NFR,COOCHBEHAR,WEST BENGAL
3094,DOMOHANI,DOI,NSG6,ALIPURDUAR,NFR,JALPAIGURI,WEST BENGAL
3095,GAURIPUR,GUP,NSG6,ALIPURDUAR,NFR,DHUBRI,ASSAM
3096,GHOKSADANGA,GDX,NSG6,ALIPURDUAR,NFR,COOCHBEHAR,WEST BENGAL
3097,GOLAKGANJ,GKJ,NSG6,ALIPURDUAR,NFR,DHUBRI,ASSAM
3098,GULMA,GLMA,NSG6,ALIPURDUAR,NFR,DARJEELING,WEST BENGAL
3099,GUMANIHAT,GUZ,NSG6,ALIPURDUAR,NFR,COOCHBEHAR,WEST BENGAL
3100,HAMILTONGANJ,HOJ,NSG6,ALIPURDUAR,NFR,ALIPURDUAR,WEST BENGAL
3101,JAMALDAGOPALPUR,JDGP,NSG6,ALIPURDUAR,NFR,COOCHBEHAR,WEST BENGAL
3102,JORAI,JOQ,NSG6,ALIPURDUAR,NFR,COOCHBEHAR,WEST BENGAL
3103,KALCHINI,KCF,NSG6,ALIPURDUAR,NFR,ALIPURDUAR,WEST BENGAL
3104,KOLAIGRAM,KLGR,NSG6,ALIPURDUAR,NFR,JALPAIGURI,WEST BENGAL
3105,LATAGURI,LTG,NSG6,ALIPURDUAR,NFR,JALPAIGURI,WEST BENGAL
3106,MADARIHAT,MDT,NSG6,ALIPURDUAR,NFR,ALIPURDUAR,WEST BENGAL
3107,MAL BAZAR,MLBZ,NSG6,ALIPURDUAR,NFR,JALPAIGURI,WEST BENGAL
3108,MARADANGA,MRDG,NSG6,ALIPURDUAR,NFR,COOCHBEHAR,WEST BENGAL
3109,MATHABHANGA,MHBA,NSG6,ALIPURDUAR,NFR,COOCHBEHAR,WEST BENGAL
3110,MAYNAGURI ROAD,MYGD,NSG6,ALIPURDUAR,NFR,JALPAIGURI,WEST BENGAL
3111,MUJNAI,MJE,NSG6,ALIPURDUAR,NFR,ALIPURDUAR,WEST BENGAL
3112,NAGRAKATA,NKB,NSG6,ALIPURDUAR,NFR,JALPAIGURI,WEST BENGAL
3113,NAYARHAT,NYRH,NSG6,ALIPURDUAR,NFR,COOCHBEHAR,WEST BENGAL
3114,NEORANADI,NOR,NSG6,ALIPURDUAR,NFR,JALPAIGURI,WEST BENGAL
3115,NEW BANESWAR,NBS,NSG6,ALIPURDUAR,NFR,COOCHBEHAR,WEST BENGAL
3116,NEW CHANGRABANDHA,NCBD,NSG6,ALIPURDUAR,NFR,COOCHBEHAR,WEST BENGAL
3117,NEW DOMOHANI,NQH,NSG6,ALIPURDUAR,NFR,JALPAIGURI,WEST BENGAL
3118,NEW GITALDAHA,NGTG,NSG6,ALIPURDUAR,NFR,COOCHBEHAR,WEST BENGAL
3119,OODLABARI,ODB,NSG6,ALIPURDUAR,NFR,JALPAIGURI,WEST BENGAL
3120,PUNDIBARI,PQZ,NSG6,ALIPURDUAR,NFR,COOCHBEHAR,WEST BENGAL
3121,SAJERPAR,SJRR,NSG6,ALIPURDUAR,NFR,COOCHBEHAR,WEST BENGAL
3122,SALAKATI,SLKX,NSG6,ALIPURDUAR,NFR,KOKRAJHAR,ASSAM
3123,SALBARI,SXX,NSG6,ALIPURDUAR,NFR,ALIPURDUAR,WEST BENGAL
3124,SAMUKTALA ROAD,SMTA,NSG6,ALIPURDUAR,NFR,ALIPURDUAR,WEST BENGAL
3125,SAPATGRAM,SPX,NSG6,ALIPURDUAR,NFR,DHUBRI,ASSAM
3126,SIVOK,SVQ,NSG6,ALIPURDUAR,NFR,DARJEELING,WEST BENGAL
3127,SRIRAMPUR (ASSAM),SRPB,NSG6,ALIPURDUAR,NFR,KOKRAJHAR,ASSAM
3128,TUFANGANJ,TFGN,NSG6,ALIPURDUAR,NFR,COOCHBEHAR,WEST BENGAL
3129,BAMANGRAM,BMGR,HG2,KATIHAR,NFR,DINAJPUR UTTAR,WEST BENGAL
3130,DALIMGAON,DLX,HG2,KATIHAR,NFR,DINAJPUR UTTAR,WEST BENGAL
3131,DHACHNA,DHNA,HG2,KATIHAR,NFR,KATIHAR,BIHAR
3132,JHITKIA,JTK,HG2,KATIHAR,NFR,DINAJPUR UTTAR,WEST BENGAL
3133,KANTAKOSH HALT,KTKS,HG2,KATIHAR,NFR,KATIHAR,BIHAR
3134,MAHANANDA BRIDGE,MBC,HG2,KATIHAR,NFR,MALDAH,WEST BENGAL
3135,SAHJHA HALT,SAJH,HG2,KATIHAR,NFR,KATIHAR,BIHAR
3136,SANJOY GRAM,SJGM,HG2,KATIHAR,NFR,KATIHAR,BIHAR
3137,SATAR HALT,SATR,HG2,KATIHAR,NFR,PURNIA,BIHAR
3138,TAIABPUR,TBR,HG2,KATIHAR,NFR,KISHANGANJ,BIHAR
3139,AJHARAIL,AHL,HG3,KATIHAR,NFR,KATIHAR,BIHAR
3140,BABHAN GAON HALT,BAHN,HG3,KATIHAR,NFR,KATIHAR,BIHAR
3141,BAGHMARA HALT,BHMA,HG3,KATIHAR,NFR,KATIHAR,BIHAR
3142,BATASI,BTSI,HG3,KATIHAR,NFR,DARJEELING,WEST BENGAL
3143,BHAWANIPUR BIHAR,BWPB,HG3,KATIHAR,NFR,KATIHAR,BIHAR
3144,BISHANPUR HALT,BHNP,HG3,KATIHAR,NFR,KATIHAR,BIHAR
3145,DAULATPUR HALT,DLPH,HG3,KATIHAR,NFR,DINAJPUR DAKSHIN,WEST BENGAL
3146,DEOTALA,DOTL,HG3,KATIHAR,NFR,MALDAH,WEST BENGAL
3147,DHOLBAZA,DLZ,HG3,KATIHAR,NFR,ARARIA,BIHAR
3148,GOGI POTHIA,GPE,HG3,KATIHAR,NFR,ARARIA,BIHAR
3149,GORPHAR,GRR,HG3,KATIHAR,NFR,KATIHAR,BIHAR
3150,HALDIA BIHAR HALT,HOD,HG3,KATIHAR,NFR,ARARIA,BIHAR
3151,KADABARI HAT,KDX,HG3,KATIHAR,NFR,JALPAIGURI,WEST BENGAL
3152,KAMALPUR HALT,KMPH,HG3,KATIHAR,NFR,KATIHAR,BIHAR
3153,KASHIABARI,KSBI,HG3,KATIHAR,NFR,JALPAIGURI,WEST BENGAL
3154,KUMARIPUR,KRMP,HG3,KATIHAR,NFR,KATIHAR,BIHAR
3155,MAHANAGAR,MANG,HG3,KATIHAR,NFR,DINAJPUR DAKSHIN,WEST BENGAL
3156,MALANCHA,MLNH,HG3,KATIHAR,NFR,DINAJPUR DAKSHIN,WEST BENGAL
3157,MALLICKPURHAT,MKRH,HG3,KATIHAR,NFR,DINAJPUR DAKSHIN,WEST BENGAL
3158,MANSHAHI,MNS,HG3,KATIHAR,NFR,KATIHAR,BIHAR
3159,MATIGARA,MTRA,HG3,KATIHAR,NFR,DARJEELING,WEST BENGAL
3160,MEENAPUR,MENP,HG3,KATIHAR,NFR,KATIHAR,BIHAR
3161,MOHITNAGAR,MOP,HG3,KATIHAR,NFR,JALPAIGURI,WEST BENGAL
3162,NAYATOLA,NYT,HG3,KATIHAR,NFR,KATIHAR,BIHAR
3163,PIPRITHAN,PPTN,HG3,KATIHAR,NFR,KISHANGANJ,BIHAR
3164,POTHIA,POT,HG3,KATIHAR,NFR,KISHANGANJ,BIHAR
3165,RAMPUR BAZAR,RMPB,HG3,KATIHAR,NFR,DINAJPUR DAKSHIN,WEST BENGAL
3166,SRIPUR HALT,SRPU,HG3,KATIHAR,NFR,MALDAH,WEST BENGAL
3167,NEW JALPAIGURI JN.,NJP,NSG2,KATIHAR,NFR,JALPAIGURI,WEST BENGAL
3168,BARSOI JN.,BOE,NSG3,KATIHAR,NFR,KATIHAR,BIHAR
3169,KISHANGANJ,KNE,NSG3,KATIHAR,NFR,KISHANGANJ,BIHAR
3170,ARARIYA COURT,ARQ,NSG4,KATIHAR,NFR,ARARIA,BIHAR
3171,JOGBANI,JBN,NSG4,KATIHAR,NFR,ARARIA,BIHAR
3172,PURNEA JN.,PRNA,NSG4,KATIHAR,NFR,PURNIA,BIHAR
3173,RAIGANJ,RGJ,NSG4,KATIHAR,NFR,DINAJPUR UTTAR,WEST BENGAL
3174,SILIGURI JN.,SGUJ,NSG4,KATIHAR,NFR,DARJEELING,WEST BENGAL
3175,ALUABARI ROAD,AUB,NSG5,KATIHAR,NFR,DINAJPUR UTTAR,WEST BENGAL
3176,AZAMNAGAR ROAD,AZR,NSG5,KATIHAR,NFR,KATIHAR,BIHAR
3177,BALURGHAT,BLGT,NSG5,KATIHAR,NFR,DINAJPUR DAKSHIN,WEST BENGAL
3178,BHALUKA ROAD,BKRD,NSG5,KATIHAR,NFR,MALDAH,WEST BENGAL
3179,BUNIADPUR,BNDP,NSG5,KATIHAR,NFR,DINAJPUR DAKSHIN,WEST BENGAL
3180,DALKOLHA,DLK,NSG5,KATIHAR,NFR,DINAJPUR UTTAR,WEST BENGAL
3181,DARJEELING,DJ,NSG5,KATIHAR,NFR,DARJEELING,WEST BENGAL
3182,FORBESGANJ,FBG,NSG5,KATIHAR,NFR,ARARIA,BIHAR
3183,HALDIBARI,HDB,NSG5,KATIHAR,NFR,JALPAIGURI,WEST BENGAL
3184,HARISHCHANDRAPUR,HCR,NSG5,KATIHAR,NFR,MALDAH,WEST BENGAL
3185,JALPAIGURI,JPG,NSG5,KATIHAR,NFR,JALPAIGURI,WEST BENGAL
3186,KALIYAGANJ,KAJ,NSG5,KATIHAR,NFR,DINAJPUR UTTAR,WEST BENGAL
3187,LABHA,LAV,NSG5,KATIHAR,NFR,KATIHAR,BIHAR
3188,RADHIKAPUR,RDP,NSG5,KATIHAR,NFR,DINAJPUR UTTAR,WEST BENGAL
3189,SALMARI,SRI,NSG5,KATIHAR,NFR,KATIHAR,BIHAR
3190,SAMSI,SM,NSG5,KATIHAR,NFR,MALDAH,WEST BENGAL
3191,SONAILI,SI,NSG5,KATIHAR,NFR,KATIHAR,BIHAR
3192,ADHIKARI,ADQ,NSG6,KATIHAR,NFR,DARJEELING,WEST BENGAL
3193,ADINA,ADF,NSG6,KATIHAR,NFR,MALDAH,WEST BENGAL
3194,AMBARI FALAKATA,ABFC,NSG6,KATIHAR,NFR,JALPAIGURI,WEST BENGAL
3195,ARARIYA,ARR,NSG6,KATIHAR,NFR,ARARIA,BIHAR
3196,BAGHDOGRA,BORA,NSG6,KATIHAR,NFR,DARJEELING,WEST BENGAL
3197,BANGALBAREE,BJY,NSG6,KATIHAR,NFR,DINAJPUR UTTAR,WEST BENGAL
3198,BATHNAHA,BTF,NSG6,KATIHAR,NFR,ARARIA,BIHAR
3199,BELAKOBA,BLK,NSG6,KATIHAR,NFR,JALPAIGURI,WEST BENGAL
3200,BULBULCHANDI,BBCE,NSG6,KATIHAR,NFR,MALDAH,WEST BENGAL
3201,CHATTAR HAT,CAT,NSG6,KATIHAR,NFR,DARJEELING,WEST BENGAL
3202,DALAN,DLF,NSG6,KATIHAR,NFR,KATIHAR,BIHAR
3203,DANDKHORA,DNQ,NSG6,KATIHAR,NFR,KATIHAR,BIHAR
3204,DILLIDEWANGANJ,DVJ,NSG6,KATIHAR,NFR,KATIHAR,BIHAR
3205,DUMDANGI,DMZ,NSG6,KATIHAR,NFR,DINAJPUR UTTAR,WEST BENGAL
3206,EKLAKHI,EKI,NSG6,KATIHAR,NFR,MALDAH,WEST BENGAL
3207,GAISAL,GIL,NSG6,KATIHAR,NFR,DINAJPUR UTTAR,WEST BENGAL
3208,GALGALIA,GAGA,NSG6,KATIHAR,NFR,KISHANGANJ,BIHAR
3209,GANGARAMPUR,GRMP,NSG6,KATIHAR,NFR,DINAJPUR DAKSHIN,WEST BENGAL
3210,Gangarampur,GRMP,NSG6,KATIHAR,NFR,Dakshin Dinajpur,West Bengal
3211,GARHBANAILI,GBN,NSG6,KATIHAR,NFR,PURNIA,BIHAR
3212,GAYABARI,GBE,NSG6,KATIHAR,NFR,DARJEELING,WEST BENGAL
3213,GAZOLE,GZO,NSG6,KATIHAR,NFR,MALDAH,WEST BENGAL
3214,GHUM,GHUM,NSG6,KATIHAR,NFR,DARJEELING,WEST BENGAL
3215,GUNJARIA,GEOR,NSG6,KATIHAR,NFR,DINAJPUR UTTAR,WEST BENGAL
3216,HATWAR,HWR,NSG6,KATIHAR,NFR,DINAJPUR UTTAR,WEST BENGAL
3217,JALALGARH,JAG,NSG6,KATIHAR,NFR,PURNIA,BIHAR
3218,JHAUA,JAU,NSG6,KATIHAR,NFR,KATIHAR,BIHAR
3219,KACHNA,KAU,NSG6,KATIHAR,NFR,KATIHAR,BIHAR
3220,KANKI,KKA,NSG6,KATIHAR,NFR,DINAJPUR UTTAR,WEST BENGAL
3221,KASBA,KUB,NSG6,KATIHAR,NFR,PURNIA,BIHAR
3222,KATIHAR JN.,KIR,NSG6,KATIHAR,NFR,KATIHAR,BIHAR
3223,KHURIAL,KWE,NSG6,KATIHAR,NFR,KATIHAR,BIHAR
3224,KUMARGANJ,KMRJ,NSG6,KATIHAR,NFR,MALDAH,WEST BENGAL
3225,KUMEDPUR,KDPR,NSG6,KATIHAR,NFR,MALDAH,WEST BENGAL
3226,KURETHA,KUQ,NSG6,KATIHAR,NFR,KATIHAR,BIHAR
3227,KURSEONG,KGN,NSG6,KATIHAR,NFR,DARJEELING,WEST BENGAL
3228,KUSIARGAON,KSY,NSG6,KATIHAR,NFR,ARARIA,BIHAR
3229,MAHANADI,MHN,NSG6,KATIHAR,NFR,DARJEELING,WEST BENGAL
3230,MAHIYARPUR,MHPR,NSG6,KATIHAR,NFR,KATIHAR,BIHAR
3231,MALAHAR,MFZ,NSG6,KATIHAR,NFR,MALDAH,WEST BENGAL
3232,MALDA COURT,MLFC,NSG6,KATIHAR,NFR,MALDAH,WEST BENGAL
3233,MANDALGHAT,MDG,NSG6,KATIHAR,NFR,JALPAIGURI,WEST BENGAL
3234,MANGURJAN,MXJ,NSG6,KATIHAR,NFR,KISHANGANJ,BIHAR
3235,MANIHARI,MHI,NSG6,KATIHAR,NFR,KATIHAR,BIHAR
3236,MANIYAN,MIYN,NSG6,KATIHAR,NFR,KATIHAR,BIHAR
3237,MILANGARH,MQG,NSG6,KATIHAR,NFR,MALDAH,WEST BENGAL
3238,MUKURIA,MFA,NSG6,KATIHAR,NFR,KATIHAR,BIHAR
3239,NAKSALBARI,NAK,NSG6,KATIHAR,NFR,DARJEELING,WEST BENGAL
3240,NIJBARI,NJB,NSG6,KATIHAR,NFR,DARJEELING,WEST BENGAL
3241,OLD MALDA,OMLF,NSG6,KATIHAR,NFR,MALDAH,WEST BENGAL
3242,PANJIPARA,PJP,NSG6,KATIHAR,NFR,DINAJPUR UTTAR,WEST BENGAL
3243,PRANPUR ROAD,PQD,NSG6,KATIHAR,NFR,KATIHAR,BIHAR
3244,RANGAPANI,RNI,NSG6,KATIHAR,NFR,DARJEELING,WEST BENGAL
3245,RANGTONG,RTG,NSG6,KATIHAR,NFR,DARJEELING,WEST BENGAL
3246,RANINAGAR JALPAIGURI,RQJ,NSG6,KATIHAR,NFR,JALPAIGURI,WEST BENGAL
3247,RANIPATRA,RNX,NSG6,KATIHAR,NFR,PURNIA,BIHAR
3248,RAUTARA,RWA,NSG6,KATIHAR,NFR,KATIHAR,BIHAR
3249,SILIGURI TOWN,SGUT,NSG6,KATIHAR,NFR,DARJEELING,WEST BENGAL
3250,SIMRAHA,SMH,NSG6,KATIHAR,NFR,ARARIA,BIHAR
3251,SINGHABAD,SQB,NSG6,KATIHAR,NFR,MALDAH,WEST BENGAL
3252,SONADA,SAD,NSG6,KATIHAR,NFR,DARJEELING,WEST BENGAL
3253,SUDHANI,SUD,NSG6,KATIHAR,NFR,KATIHAR,BIHAR
3254,SUKNA,SN,NSG6,KATIHAR,NFR,DARJEELING,WEST BENGAL
3255,SURJAKAMAL,SJKL,NSG6,KATIHAR,NFR,DINAJPUR UTTAR,WEST BENGAL
3256,TEJNARAYANPUR,TNPR,NSG6,KATIHAR,NFR,KATIHAR,BIHAR
3257,TELTA,TETA,NSG6,KATIHAR,NFR,KATIHAR,BIHAR
3258,THAKURGANJ,TKG,NSG6,KATIHAR,NFR,KISHANGANJ,BIHAR
3259,TIN MILE HAT,TMH,NSG6,KATIHAR,NFR,DINAJPUR UTTAR,WEST BENGAL
3260,TINDHARIA,TDH,NSG6,KATIHAR,NFR,DARJEELING,WEST BENGAL
3261,TUNG,TUNG,NSG6,KATIHAR,NFR,DARJEELING,WEST BENGAL
3262,JOGENDRA NAGAR,JGNR,HG2,LUMDING,NFR,WEST TRIPURA,TRIPURA
3263,KANAIBAZAR,KNBR,HG2,LUMDING,NFR,KARIMGANJ,ASSAM
3264,SAMAGURI,SMGR,HG2,LUMDING,NFR,NAGAON,ASSAM
3265,TARABARI,TRBE,HG2,LUMDING,NFR,NAGAON,ASSAM
3266,ANIPUR,APU,HG3,LUMDING,NFR,KARIMGANJ,ASSAM
3267,BALIKOTIA,BKS,HG3,LUMDING,NFR,NAGAON,ASSAM
3268,BATADRAWA ROAD,BTDR,HG3,LUMDING,NFR,NAGAON,ASSAM
3269,BAZARGHAT HALT,BZGT,HG3,LUMDING,NFR,KARIMGANJ,ASSAM
3270,CHAND KHIRA BAGAN,CHBN,HG3,LUMDING,NFR,KARIMGANJ,ASSAM
3271,DAHGAON,DGX,HG3,LUMDING,NFR,NAGAON,ASSAM
3272,DHING,DIU,HG3,LUMDING,NFR,NAGAON,ASSAM
3273,ERALIGUL,ELL,HG3,LUMDING,NFR,KARIMGANJ,ASSAM
3274,JIRIGHAT,JIGT,HG3,LUMDING,NFR,CACHAR,ASSAM
3275,JURIAGAON,JRX,HG3,LUMDING,NFR,NAGAON,ASSAM
3276,KAMRANGA,KMNG,HG3,LUMDING,NFR,CACHAR,ASSAM
3277,KAYASTHAGRAM,KTGM,HG3,LUMDING,NFR,HAILAKANDI,ASSAM
3278,NADIAPUR,NPU,HG3,LUMDING,NFR,NORTH TRIPURA,TRIPURA
3279,NALKATA,NLKT,HG3,LUMDING,NFR,WEST TRIPURA,TRIPURA
3280,NEW SILCHAR,NSCL,HG3,LUMDING,NFR,CACHAR,ASSAM
3281,PHULAGURI,PUY,HG3,LUMDING,NFR,NAGAON,ASSAM
3282,PURANIGUDAM,PUQ,HG3,LUMDING,NFR,NAGAON,ASSAM
3283,RANIGAON,RNGN,HG3,LUMDING,NFR,CACHAR,ASSAM
3284,RATABARI,RTBR,HG3,LUMDING,NFR,KARIMGANJ,ASSAM
3285,RUPSIBARI,RPB,HG3,LUMDING,NFR,KARIMGANJ,ASSAM
3286,S.K.PARA,SKAP,HG3,LUMDING,NFR,DHALAI,TRIPURA
3287,SUPRAKANDI,SAKD,HG3,LUMDING,NFR,KARIMGANJ,ASSAM
3288,WADRENGDISA,WDA,HG3,LUMDING,NFR,DIMA HASAO,ASSAM
3289,GUWAHATI,GHY,NSG2,LUMDING,NFR,KAMRUP METRO,ASSAM
3290,DIMAPUR,DMV,NSG3,LUMDING,NFR,DIMAPUR,NAGALAND
3291,KAMAKHYA JN,KYQ,NSG3,LUMDING,NFR,KAMRUP METRO,ASSAM
3292,AGARTALA,AGTL,NSG4,LUMDING,NFR,WEST TRIPURA,TRIPURA
3293,BADARPUR JN.,BPB,NSG4,LUMDING,NFR,KARIMGANJ,ASSAM
3294,LUMDING JN.,LMG,NSG4,LUMDING,NFR,HOJAI,ASSAM
3295,NEW HAFLONG,NHLG,NSG4,LUMDING,NFR,DIMA HASAO,ASSAM
3296,SILCHAR,SCL,NSG4,LUMDING,NFR,CACHAR,ASSAM
3297,BOKAJAN,BXJ,NSG5,LUMDING,NFR,KARBI ANGLONG,ASSAM
3298,CHAPARMUKH JN.,CPK,NSG5,LUMDING,NFR,NAGAON,ASSAM
3299,DHARMANAGAR,DMR,NSG5,LUMDING,NFR,NORTH TRIPURA,TRIPURA
3300,DIPHU,DPU,NSG5,LUMDING,NFR,KARBI ANGLONG,ASSAM
3301,HOJAI,HJI,NSG5,LUMDING,NFR,HOJAI,ASSAM
3302,JAGI ROAD,JID,NSG5,LUMDING,NFR,MARIGAON,ASSAM
3303,KARIMGANJ JN.,KXJ,NSG5,LUMDING,NFR,KARIMGANJ,ASSAM
3304,LANKA,LKA,NSG5,LUMDING,NFR,HOJAI,ASSAM
3305,SARUPATHAR,SZR,NSG5,LUMDING,NFR,GOLAGHAT,ASSAM
3306,AGTHORI,AGT,NSG6,LUMDING,NFR,KAMRUP,ASSAM
3307,ALGAPUR,ALGP,NSG6,LUMDING,NFR,HAILAKANDI,ASSAM
3308,AMBASSA,ABSA,NSG6,LUMDING,NFR,DHALAI,TRIPURA
3309,AMONI,AONI,NSG6,LUMDING,NFR,NAGAON,ASSAM
3310,ARUNACHAL,ARCL,NSG6,LUMDING,NFR,CACHAR,ASSAM
3311,AUJURI,AJRE,NSG6,LUMDING,NFR,MARIGAON,ASSAM
3312,BADARPUR GHAT,BPG,NSG6,LUMDING,NFR,KARIMGANJ,ASSAM
3313,BANDARKHAL,BXK,NSG6,LUMDING,NFR,CACHAR,ASSAM
3314,BAR LONGFER,BRLF,NSG6,LUMDING,NFR,KARBI ANGLONG,ASSAM
3315,BARAHU,BRHU,NSG6,LUMDING,NFR,KAMRUP METRO,ASSAM
3316,BARAIGRAM JN.,BRGM,NSG6,LUMDING,NFR,KARIMGANJ,ASSAM
3317,BARPATHAR,BXP,NSG6,LUMDING,NFR,GOLAGHAT,ASSAM
3318,BEBEJIA,BEE,NSG6,LUMDING,NFR,NAGAON,ASSAM
3319,BELONIA,BENA,NSG6,LUMDING,NFR,SOUTH TRIPURA,TRIPURA
3320,BHAIRABI,BHRB,NSG6,LUMDING,NFR,AIZAWL,MIZORAM
3321,BHANGA,BXG,NSG6,LUMDING,NFR,KARIMGANJ,ASSAM
3322,BHILGAON,BHGN,NSG6,LUMDING,NFR,GOLAGHAT,ASSAM
3323,BIHARA,BHZ,NSG6,LUMDING,NFR,CACHAR,ASSAM
3324,BISHALGARH,BLGH,NSG6,LUMDING,NFR,WEST TRIPURA,TRIPURA
3325,BISHRAMGANJ,BHRM,NSG6,LUMDING,NFR,WEST TRIPURA,TRIPURA
3326,CHANDRANATHPUR,CNE,NSG6,LUMDING,NFR,CACHAR,ASSAM
3327,CHARGOLA,CGX,NSG6,LUMDING,NFR,KARIMGANJ,ASSAM
3328,CHONGAJAN,CJA,NSG6,LUMDING,NFR,GOLAGHAT,ASSAM
3329,CHURAIBARI,CBZ,NSG6,LUMDING,NFR,NORTH TRIPURA,TRIPURA
3330,DALDALI,DLDE,NSG6,LUMDING,NFR,KARBI ANGLONG,ASSAM
3331,DAMCHARA,DCA,NSG6,LUMDING,NFR,CACHAR,ASSAM
3332,DAOTUHAJA,DJA,NSG6,LUMDING,NFR,NAGAON,ASSAM
3333,DHAIPUKHURI,DHRY,NSG6,LUMDING,NFR,NAGAON,ASSAM
3334,DHANSIRI,DSR,NSG6,LUMDING,NFR,KARBI ANGLONG,ASSAM
3335,DHARAMTUL,DML,NSG6,LUMDING,NFR,MARIGAON,ASSAM
3336,DHING BAZAR,DBZ,NSG6,LUMDING,NFR,NAGAON,ASSAM
3337,DIBOLONG,DBLG,NSG6,LUMDING,NFR,DIMA HASAO,ASSAM
3338,DIGARU,DGU,NSG6,LUMDING,NFR,KAMRUP METRO,ASSAM
3339,DIHAKHO,DKE,NSG6,LUMDING,NFR,DIMA HASAO,ASSAM
3340,DIJAOBRA,DJB,NSG6,LUMDING,NFR,DIMA HASAO,ASSAM
3341,DITOKCHERRA,DTC,NSG6,LUMDING,NFR,DIMA HASAO,ASSAM
3342,DULLABCHERRA,DLCR,NSG6,LUMDING,NFR,KARIMGANJ,ASSAM
3343,GARJEE,JRJE,NSG6,LUMDING,NFR,SOUTH TRIPURA,TRIPURA
3344,HABAIPUR,HWX,NSG6,LUMDING,NFR,NAGAON,ASSAM
3345,HAIBARGAON,HBN,NSG6,LUMDING,NFR,NAGAON,ASSAM
3346,HAILAKANDI,HKD,NSG6,LUMDING,NFR,HAILAKANDI,ASSAM
3347,HATIKHALI,HTL,NSG6,LUMDING,NFR,DIMA HASAO,ASSAM
3348,HILARA,HLX,NSG6,LUMDING,NFR,CACHAR,ASSAM
3349,JAKHALABANDHA,JKB,NSG6,LUMDING,NFR,NAGAON,ASSAM
3350,JAMGURI,JMI,NSG6,LUMDING,NFR,GOLAGHAT,ASSAM
3351,JAMIRA,JMRA,NSG6,LUMDING,NFR,HAILAKANDI,ASSAM
3352,JAMUNAMUKH,JMK,NSG6,LUMDING,NFR,HOJAI,ASSAM
3353,JATINGA LUMPUR,JGLP,NSG6,LUMDING,NFR,DIMA HASAO,ASSAM
3354,JAWAHAR NAGAR,JWNR,NSG6,LUMDING,NFR,DHALAI,TRIPURA
3355,JIRIBAM,JRBM,NSG6,LUMDING,NFR,IMPHAL EAST,MANIPUR
3356,JIRINIA,JRNA,NSG6,LUMDING,NFR,WEST TRIPURA,TRIPURA
3357,JOLAIBARI,JIBI,NSG6,LUMDING,NFR,SOUTH TRIPURA,TRIPURA
3358,JUGIJAN,JGJN,NSG6,LUMDING,NFR,HOJAI,ASSAM
3359,KALACHAND,KQI,NSG6,LUMDING,NFR,DIMA HASAO,ASSAM
3360,KALKALIGHAT,KKGT,NSG6,LUMDING,NFR,KARIMGANJ,ASSAM
3361,KAMBIRON,KBBP,NSG6,LUMDING,NFR,TAMENGLONG,MANIPUR
3362,KAMPUR,KWM,NSG6,LUMDING,NFR,NAGAON,ASSAM
3363,KAMRUP KHETRI,KKET,NSG6,LUMDING,NFR,KAMRUP METRO,ASSAM
3364,KATAKHAL JN.,KTX,NSG6,LUMDING,NFR,HAILAKANDI,ASSAM
3365,KATLICHERRA,KLCR,NSG6,LUMDING,NFR,HAILAKANDI,ASSAM
3366,KHONGSANG,KGBP,NSG6,LUMDING,NFR,TAMENGLONG,MANIPUR
3367,KHOTKHOTI,KHKT,NSG6,LUMDING,NFR,KARBI ANGLONG,ASSAM
3368,KUMARGHAT,KUGT,NSG6,LUMDING,NFR,UNAKOTI,TRIPURA
3369,LALABAZAR,LLBR,NSG6,LUMDING,NFR,HAILAKANDI,ASSAM
3370,LAMSAKHANG,LKG,NSG6,LUMDING,NFR,KARBI ANGLONG,ASSAM
3371,LANGCHOLIET,LCT,NSG6,LUMDING,NFR,KARBI ANGLONG,ASSAM
3372,LANGTING,LGT,NSG6,LUMDING,NFR,DIMA HASAO,ASSAM
3373,LAOPANI,LPN,NSG6,LUMDING,NFR,NAGAON,ASSAM
3374,LONGAI,LGI,NSG6,LUMDING,NFR,KARIMGANJ,ASSAM
3375,MAHAMADPUR-ASSAM,MPRA,NSG6,LUMDING,NFR,HAILAKANDI,ASSAM
3376,MAHUR,MXR,NSG6,LUMDING,NFR,DIMA HASAO,ASSAM
3377,MAIBANG,MBG,NSG6,LUMDING,NFR,DIMA HASAO,ASSAM
3378,MAIRABARI,MBO,NSG6,LUMDING,NFR,NAGAON,ASSAM
3379,MAISHASHAN,MSSN,NSG6,LUMDING,NFR,KARIMGANJ,ASSAM
3380,MANDERDISA,MYD,NSG6,LUMDING,NFR,DIMA HASAO,ASSAM
3381,MANGIAKAMI,MGKM,NSG6,LUMDING,NFR,WEST TRIPURA,TRIPURA
3382,MANIPUR BAGAN,MOAR,NSG6,LUMDING,NFR,HAILAKANDI,ASSAM
3383,MANU,MANU,NSG6,LUMDING,NFR,DHALAI,TRIPURA
3384,MANU BAZAR,MUBR,NSG6,LUMDING,NFR,DHALAI,TRIPURA
3385,MIGRENDISA,MGE,NSG6,LUMDING,NFR,DIMA HASAO,ASSAM
3386,MOINARBAND,MRBD,NSG6,LUMDING,NFR,CACHAR,ASSAM
3387,MONACHERRA,MNCR,NSG6,LUMDING,NFR,HAILAKANDI,ASSAM
3388,MUPA,MUPA,NSG6,LUMDING,NFR,DIMA HASAO,ASSAM
3389,NAGAON,NGAN,NSG6,LUMDING,NFR,NAGAON,ASSAM
3390,NAILALUNG,NLN,NSG6,LUMDING,NFR,KARBI ANGLONG,ASSAM
3391,NAOJAN,NJN,NSG6,LUMDING,NFR,GOLAGHAT,ASSAM
3392,NARANGI,NNGE,NSG6,LUMDING,NFR,KAMRUP METRO,ASSAM
3393,NEW HARANGAJAO,NHGJ,NSG6,LUMDING,NFR,DIMA HASAO,ASSAM
3394,NEW KARIMGANJ,NKMG,NSG6,LUMDING,NFR,KARIMGANJ,ASSAM
3395,NILAMBAZAR,NLBR,NSG6,LUMDING,NFR,KARIMGANJ,ASSAM
3396,OATING,OTN,NSG6,LUMDING,NFR,GOLAGHAT,ASSAM
3397,PANBARI,PNB,NSG6,LUMDING,NFR,KAMRUP METRO,ASSAM
3398,PANCHGRAM,PNGM,NSG6,LUMDING,NFR,HAILAKANDI,ASSAM
3399,PANIKHAITI,PHI,NSG6,LUMDING,NFR,KAMRUP METRO,ASSAM
3400,PANISAGAR,PASG,NSG6,LUMDING,NFR,NORTH TRIPURA,TRIPURA
3401,PATHARKANDI,PTKD,NSG6,LUMDING,NFR,KARIMGANJ,ASSAM
3402,PATHARKHOLA,PKB,NSG6,LUMDING,NFR,KARBI ANGLONG,ASSAM
3403,PENCHARTHAL,PEC,NSG6,LUMDING,NFR,UNAKOTI,TRIPURA
3404,PHAKHOAGARM,PKGM,NSG6,LUMDING,NFR,KARIMGANJ,ASSAM
3405,PHIDING,PDJ,NSG6,LUMDING,NFR,DIMA HASAO,ASSAM
3406,RAHA,RAHA,NSG6,LUMDING,NFR,NAGAON,ASSAM
3407,RAMNATHPUR,RTRA,NSG6,LUMDING,NFR,KARIMGANJ,ASSAM
3408,RANGAPAHAR,RXR,NSG6,LUMDING,NFR,KARBI ANGLONG,ASSAM
3409,RANGAPHAR CROSSING,RXRX,NSG6,LUMDING,NFR,DIMAPUR,NAGALAND
3410,RANI GAIDINLIU,RGBP,NSG6,LUMDING,NFR,TAMENGLONG,MANIPUR
3411,RUPAIGAON,RUP,NSG6,LUMDING,NFR,NAGAON,ASSAM
3412,SABROOM,SBRM,NSG6,LUMDING,NFR,SOUTH TRIPURA,TRIPURA
3413,SALCHAPRA,SCA,NSG6,LUMDING,NFR,CACHAR,ASSAM
3414,SALONA,SLON,NSG6,LUMDING,NFR,NAGAON,ASSAM
3415,SANTIR BAZAR,STRB,NSG6,LUMDING,NFR,SOUTH TRIPURA,TRIPURA
3416,SEKERKOTE,SKKE,NSG6,LUMDING,NFR,GOMATI,TRIPURA
3417,SENCHOA JN.,SCE,NSG6,LUMDING,NFR,NAGAON,ASSAM
3418,SHRIBAR,SIBR,NSG6,LUMDING,NFR,CACHAR,ASSAM
3419,SILGHAT TOWN,SHTT,NSG6,LUMDING,NFR,NAGAON,ASSAM
3420,SONUABARI,SNBR,NSG6,LUMDING,NFR,MARIGAON,ASSAM
3421,SRIKONA HALT,SXO,NSG6,LUMDING,NFR,CACHAR,ASSAM
3422,SUKHOVI,SKHV,NSG6,LUMDING,NFR,DIMAPUR,NAGALAND
3423,SUKRITIPUR,SQF,NSG6,LUMDING,NFR,CACHAR,ASSAM
3424,TELIAMURA,TLMR,NSG6,LUMDING,NFR,KHOWAI,TRIPURA
3425,TETELIA,TTLA,NSG6,LUMDING,NFR,KAMRUP METRO,ASSAM
3426,THAILIK TWISA,THTW,NSG6,LUMDING,NFR,SOUTH TRIPURA,TRIPURA
3427,THAKURKUCHI,TKC,NSG6,LUMDING,NFR,KAMRUP METRO,ASSAM
3428,THEKERAGURI,TGE,NSG6,LUMDING,NFR,NAGAON,ASSAM
3429,THINGOU,TGBP,NSG6,LUMDING,NFR,TAMENGLONG,MANIPUR
3430,TILBHUM,TBX,NSG6,LUMDING,NFR,KARIMGANJ,ASSAM
3431,UDAIPUR,UDPU,NSG6,LUMDING,NFR,GOMATI,TRIPURA
3432,VANGAICHUNGPAO,VNGP,NSG6,LUMDING,NFR,TAMENGLONG,MANIPUR
3433,BEDETTI,BVV,HG2,RANGIYA,NFR,BISWANATH,ASSAM
3434,GUAGACHHA,GSA,HG2,RANGIYA,NFR,BARPETA,ASSAM
3435,NIZ-SARIHA,NSRH,HG2,RANGIYA,NFR,BARPETA,ASSAM
3436,SIAJULI,SWJ,HG2,RANGIYA,NFR,DHEMAJI,ASSAM
3437,UTTARKATHANI,UKE,HG2,RANGIYA,NFR,LAKHIMPUR,ASSAM
3438,BELSIRI,BLRE,HG3,RANGIYA,NFR,SONITPUR,ASSAM
3439,BRAHMAJAN,BJL,HG3,RANGIYA,NFR,BISWANATH,ASSAM
3440,CHARDUAR,CHOD,HG3,RANGIYA,NFR,SONITPUR,ASSAM
3441,DIPA,DIPA,HG3,RANGIYA,NFR,DHEMAJI,ASSAM
3442,GAMANI,GAMN,HG3,RANGIYA,NFR,SONITPUR,ASSAM
3443,HUGRAJULI,HJLI,HG3,RANGIYA,NFR,SONITPUR,ASSAM
3444,JIADHAL,JFD,HG3,RANGIYA,NFR,DHEMAJI,ASSAM
3445,JONEKARANG HALT,JYK,HG3,RANGIYA,NFR,DHEMAJI,ASSAM
3446,MONABARI,MFC,HG3,RANGIYA,NFR,BISWANATH,ASSAM
3447,MORIDHAL,MYO,HG3,RANGIYA,NFR,DHEMAJI,ASSAM
3448,SISIBORGAON,SBGN,HG3,RANGIYA,NFR,DHEMAJI,ASSAM
3449,SUBANSIRI,SUZ,HG3,RANGIYA,NFR,DHEMAJI,ASSAM
3450,TANIJAN,TUJ,HG3,RANGIYA,NFR,LAKHIMPUR,ASSAM
3451,TIPLING,TPG,HG3,RANGIYA,NFR,LAKHIMPUR,ASSAM
3452,NEW BONGAIGAON JN,NBQ,NSG3,RANGIYA,NFR,BONGAIGAON,ASSAM
3453,RANGIYA JN.,RNY,NSG3,RANGIYA,NFR,KAMRUP,ASSAM
3454,BARPETA ROAD,BPRD,NSG4,RANGIYA,NFR,BARPETA,ASSAM
3455,NAHARLAGUN,NHLN,NSG4,RANGIYA,NFR,PAPUM PARE,ARUNACHAL PRADESH
3456,BIJNI,BJF,NSG5,RANGIYA,NFR,CHIRANG,ASSAM
3457,BONGAIGAON,BNGN,NSG5,RANGIYA,NFR,BONGAIGAON,ASSAM
3458,GOALPARA TOWN,GLPT,NSG5,RANGIYA,NFR,GOALPARA,ASSAM
3459,GOGAMUKH,GOM,NSG5,RANGIYA,NFR,DHEMAJI,ASSAM
3460,HARMUTI,HMY,NSG5,RANGIYA,NFR,LAKHIMPUR,ASSAM
3461,MURKEONG SELEK,MZS,NSG5,RANGIYA,NFR,DHEMAJI,ASSAM
3462,NALBARI,NLV,NSG5,RANGIYA,NFR,NALBARI,ASSAM
3463,NORTH LAKHIMPUR,NLP,NSG5,RANGIYA,NFR,LAKHIMPUR,ASSAM
3464,PATHSHALA,PBL,NSG5,RANGIYA,NFR,BARPETA,ASSAM
3465,RANGAPARA NORTH,RPAN,NSG5,RANGIYA,NFR,SONITPUR,ASSAM
3466,TANGLA,TNL,NSG5,RANGIYA,NFR,UDALGURI,ASSAM
3467,TIHU,TIHU,NSG5,RANGIYA,NFR,NALBARI,ASSAM
3468,ABHAYAPURI ASSAM,AYU,NSG6,RANGIYA,NFR,BONGAIGAON,ASSAM
3469,AMJONGA,AMGA,NSG6,RANGIYA,NFR,GOALPARA,ASSAM
3470,ARCHIPATHAR,ACPR,NSG6,RANGIYA,NFR,DHEMAJI,ASSAM
3471,AZARA,AZA,NSG6,RANGIYA,NFR,KAMRUP,ASSAM
3472,BAIHATA,BIZ,NSG6,RANGIYA,NFR,KAMRUP,ASSAM
3473,BALIPARA,BVU,NSG6,RANGIYA,NFR,SONITPUR,ASSAM
3474,BAMUNIGAON,BMGN,NSG6,RANGIYA,NFR,KAMRUP,ASSAM
3475,BHALUKPONG,BHNG,NSG6,RANGIYA,NFR,WEST KAMENG,ARUNACHAL PRADESH
3476,BINDUKURI,BKTB,NSG6,RANGIYA,NFR,SONITPUR,ASSAM
3477,BOGINADI,BGND,NSG6,RANGIYA,NFR,LAKHIMPUR,ASSAM
3478,BOKO,BOKO,NSG6,RANGIYA,NFR,KAMRUP,ASSAM
3479,BORDOLANI,BDLN,NSG6,RANGIYA,NFR,DHEMAJI,ASSAM
3480,CHANGSARI,CGS,NSG6,RANGIYA,NFR,KAMRUP,ASSAM
3481,CHAPRAKATA,CPQ,NSG6,RANGIYA,NFR,BONGAIGAON,ASSAM
3482,CHAYGAON,CGON,NSG6,RANGIYA,NFR,KAMRUP,ASSAM
3483,DEKARGAON,DKGN,NSG6,RANGIYA,NFR,SONITPUR,ASSAM
3484,DHALAIBI,DQL,NSG6,RANGIYA,NFR,SONITPUR,ASSAM
3485,DHEKIAJULI ROAD,DKJR,NSG6,RANGIYA,NFR,SONITPUR,ASSAM
3486,DHEMAJI,DMC,NSG6,RANGIYA,NFR,DHEMAJI,ASSAM
3487,DHUPDHARA,DPRA,NSG6,RANGIYA,NFR,GOALPARA,ASSAM
3488,DUBIA,DBW,NSG6,RANGIYA,NFR,BISWANATH,ASSAM
3489,DUDHNOI,DDNI,NSG6,RANGIYA,NFR,GOALPARA,ASSAM
3490,GHOGRAPAR,GOE,NSG6,RANGIYA,NFR,NALBARI,ASSAM
3491,GOHPUR,GPZ,NSG6,RANGIYA,NFR,BISWANATH,ASSAM
3492,GORESWAR,GVR,NSG6,RANGIYA,NFR,BAKSA,ASSAM
3493,GUMTO,GMTO,NSG6,RANGIYA,NFR,PAPUM PARE,ARUNACHAL PRADESH
3494,HARISINGA,HRSN,NSG6,RANGIYA,NFR,UDALGURI,ASSAM
3495,HELEM,HML,NSG6,RANGIYA,NFR,BISWANATH,ASSAM
3496,JOGIGHOPA,JPZ,NSG6,RANGIYA,NFR,BONGAIGAON,ASSAM
3497,KAITHALKUCHI,KTCH,NSG6,RANGIYA,NFR,NALBARI,ASSAM
3498,KATHALPUKHURI,KTPR,NSG6,RANGIYA,NFR,LAKHIMPUR,ASSAM
3499,KENDUKANA,KDKN,NSG6,RANGIYA,NFR,KAMRUP,ASSAM
3500,KHANDIKAR,KYO,NSG6,RANGIYA,NFR,BAKSA,ASSAM
3501,KHOIRABARI,KBY,NSG6,RANGIYA,NFR,UDALGURI,ASSAM
3502,KRISHNAI,KRNI,NSG6,RANGIYA,NFR,GOALPARA,ASSAM
3503,LAIMEKURI,LMY,NSG6,RANGIYA,NFR,DHEMAJI,ASSAM
3504,LILABARI,LBI,NSG6,RANGIYA,NFR,LAKHIMPUR,ASSAM
3505,MAJBAT,MJBT,NSG6,RANGIYA,NFR,UDALGURI,ASSAM
3506,MAJGAON-ASSARN,MZQ,NSG6,RANGIYA,NFR,BONGAIGAON,ASSAM
3507,MENDIPATHAR,MNDP,NSG6,RANGIYA,NFR,NORTH GARO HILLS,MEGHALAYA
3508,MIRZA,MRZA,NSG6,RANGIYA,NFR,KAMRUP,ASSAM
3509,MISAMARI,MSMI,NSG6,RANGIYA,NFR,SONITPUR,ASSAM
3510,NEW MISAMARI,NMM,NSG6,RANGIYA,NFR,SONITPUR,ASSAM
3511,NIZBARGANJ,NBX,NSG6,RANGIYA,NFR,BISWANATH,ASSAM
3512,NIZCHATIA,NCA,NSG6,RANGIYA,NFR,BISWANATH,ASSAM
3513,NOLBARI,NOLB,NSG6,RANGIYA,NFR,GOALPARA,ASSAM
3514,PANCHRATNA,PNVT,NSG6,RANGIYA,NFR,GOALPARA,ASSAM
3515,PATILADAHA,PTLD,NSG6,RANGIYA,NFR,BONGAIGAON,ASSAM
3516,RANGJULI,RGJI,NSG6,RANGIYA,NFR,GOALPARA,ASSAM
3517,ROWTA BAGAN,RWTB,NSG6,RANGIYA,NFR,UDALGURI,ASSAM
3518,SILANIBARI,SOB,NSG6,RANGIYA,NFR,LAKHIMPUR,ASSAM
3519,SILAPATHAR,SPTR,NSG6,RANGIYA,NFR,DHEMAJI,ASSAM
3520,SIMEN CHAPARI,SMCP,NSG6,RANGIYA,NFR,DHEMAJI,ASSAM
3521,SINGRA,SNCA,NSG6,RANGIYA,NFR,KAMRUP,ASSAM
3522,SORBHOG,SBE,NSG6,RANGIYA,NFR,BARPETA,ASSAM
3523,SORUPETA,SPQ,NSG6,RANGIYA,NFR,BARPETA,ASSAM
3524,SRIPANI,SRPN,NSG6,RANGIYA,NFR,DHEMAJI,ASSAM
3525,TATIBAHAR,TBH,NSG6,RANGIYA,NFR,LAKHIMPUR,ASSAM
3526,TELAM,TQM,NSG6,RANGIYA,NFR,DHEMAJI,ASSAM
3527,THAKURBARI,TKTB,NSG6,RANGIYA,NFR,SONITPUR,ASSAM
3528,UDALGURI,ULG,NSG6,RANGIYA,NFR,UDALGURI,ASSAM
3529,VISHWANATH CHARALI,VNE,NSG6,RANGIYA,NFR,BISWANATH,ASSAM
3530,BADULIPAR,BLPR,HG3,TINSUKIA,NFR,GOLAGHAT,ASSAM
3531,BARGOLAI,BGLI,HG3,TINSUKIA,NFR,TINSUKIA,ASSAM
3532,BARUA NAGAR,BRNR,HG3,TINSUKIA,NFR,SIVASAGAR,ASSAM
3533,DESANG,DSX,HG3,TINSUKIA,NFR,SIVASAGAR,ASSAM
3534,KHARAHAT,KRHT,HG3,TINSUKIA,NFR,SIVASAGAR,ASSAM
3535,KHARIKATIA,KQY,HG3,TINSUKIA,NFR,JORHAT,ASSAM
3536,KHUMTAI,KUTI,HG3,TINSUKIA,NFR,GOLAGHAT,ASSAM
3537,LAHING,LH,HG3,TINSUKIA,NFR,JORHAT,ASSAM
3538,LONGPATIA,LPTA,HG3,TINSUKIA,NFR,SIVASAGAR,ASSAM
3539,MAHUTGAON,MUGN,HG3,TINSUKIA,NFR,SIVASAGAR,ASSAM
3540,MOHKHUTI,MHKT,HG3,TINSUKIA,NFR,SIVASAGAR,ASSAM
3541,MORAN,MOX,HG3,TINSUKIA,NFR,SIVASAGAR,ASSAM
3542,MOUBUND,MOBD,HG3,TINSUKIA,NFR,GOLAGHAT,ASSAM
3543,POWAI,PWA,HG3,TINSUKIA,NFR,TINSUKIA,ASSAM
3544,RANGALITING,RNGG,HG3,TINSUKIA,NFR,GOLAGHAT,ASSAM
3545,ROWRIAH,RWH,HG3,TINSUKIA,NFR,JORHAT,ASSAM
3546,SEPON,SEPN,HG3,TINSUKIA,NFR,SIVASAGAR,ASSAM
3547,DIBRUGARH,DBRG,NSG3,TINSUKIA,NFR,DIBRUGARH,ASSAM
3548,DIBRUGARH TOWN,DBRT,NSG3,TINSUKIA,NFR,DIBRUGARH,ASSAM
3549,MARIANI JN.,MXN,NSG3,TINSUKIA,NFR,JORHAT,ASSAM
3550,NEW TINSUKIA JN,NTSK,NSG3,TINSUKIA,NFR,TINSUKIA,ASSAM
3551,JORHAT TOWN,JTTN,NSG4,TINSUKIA,NFR,JORHAT,ASSAM
3552,SIMALUGURI JN.,SLGR,NSG4,TINSUKIA,NFR,SIVASAGAR,ASSAM
3553,AMGURI,AGI,NSG5,TINSUKIA,NFR,SIVASAGAR,ASSAM
3554,BHOJO,BOJ,NSG5,TINSUKIA,NFR,CHARAIDEO,ASSAM
3555,DULIAJAN,DJG,NSG5,TINSUKIA,NFR,DIBRUGARH,ASSAM
3556,FURKATING JN.,FKG,NSG5,TINSUKIA,NFR,GOLAGHAT,ASSAM
3557,MORANHAT,MRHT,NSG5,TINSUKIA,NFR,SIVASAGAR,ASSAM
3558,NAHARKATIYA,NHK,NSG5,TINSUKIA,NFR,DIBRUGARH,ASSAM
3559,NAMRUP,NAM,NSG5,TINSUKIA,NFR,DIBRUGARH,ASSAM
3560,TINSUKIA JN.,TSK,NSG5,TINSUKIA,NFR,TINSUKIA,ASSAM
3561,BALIMARA,BTZ,NSG6,TINSUKIA,NFR,DIBRUGARH,ASSAM
3562,BARA HAPJAN,BPJ,NSG6,TINSUKIA,NFR,TINSUKIA,ASSAM
3563,BARUA BAMUNGAON,BBGN,NSG6,TINSUKIA,NFR,GOLAGHAT,ASSAM
3564,BHALUKMARA,BLMR,NSG6,TINSUKIA,NFR,JORHAT,ASSAM
3565,BORDUBI ROAD,BDT,NSG6,TINSUKIA,NFR,TINSUKIA,ASSAM
3566,BORHAT,BFD,NSG6,TINSUKIA,NFR,SIVASAGAR,ASSAM
3567,CHABUA,CHB,NSG6,TINSUKIA,NFR,DIBRUGARH,ASSAM
3568,CHAKITING,CFG,NSG6,TINSUKIA,NFR,GOLAGHAT,ASSAM
3569,CHALKHOWA,CKW,NSG6,TINSUKIA,NFR,DIBRUGARH,ASSAM
3570,CHARALI,CGF,NSG6,TINSUKIA,NFR,TINSUKIA,ASSAM
3571,CINNAMARA,CMA,NSG6,TINSUKIA,NFR,DIBRUGARH,ASSAM
3572,DANGARI,DNGI,NSG6,TINSUKIA,NFR,TINSUKIA,ASSAM
3573,DHAMALGAON,DMGN,NSG6,TINSUKIA,NFR,DIBRUGARH,ASSAM
3574,DIGBOI,DBY,NSG6,TINSUKIA,NFR,TINSUKIA,ASSAM
3575,DIKOM,DKM,NSG6,TINSUKIA,NFR,DIBRUGARH,ASSAM
3576,DUM DUMA TOWN,DUT,NSG6,TINSUKIA,NFR,TINSUKIA,ASSAM
3577,GOLAGHAT,GLGT,NSG6,TINSUKIA,NFR,GOLAGHAT,ASSAM
3578,HANSARA,HNR,NSG6,TINSUKIA,NFR,TINSUKIA,ASSAM
3579,KAMARBANDHA ALI,KXL,NSG6,TINSUKIA,NFR,GOLAGHAT,ASSAM
3580,KHOWANG,KOWN,NSG6,TINSUKIA,NFR,DIBRUGARH,ASSAM
3581,LAHOAL,LHL,NSG6,TINSUKIA,NFR,DIBRUGARH,ASSAM
3582,LAKWA,LXA,NSG6,TINSUKIA,NFR,SIVASAGAR,ASSAM
3583,LEDO,LEDO,NSG6,TINSUKIA,NFR,TINSUKIA,ASSAM
3584,LEPETKATA,LPK,NSG6,TINSUKIA,NFR,DIBRUGARH,ASSAM
3585,MAKUM JN.,MJN,NSG6,TINSUKIA,NFR,TINSUKIA,ASSAM
3586,MARGHERITA,MRG,NSG6,TINSUKIA,NFR,TINSUKIA,ASSAM
3587,MEZENGA,MZA,NSG6,TINSUKIA,NFR,SIVASAGAR,ASSAM
3588,NAKACHARI,NCH,NSG6,TINSUKIA,NFR,JORHAT,ASSAM
3589,NAMTIALI,NMT,NSG6,TINSUKIA,NFR,SIVASAGAR,ASSAM
3590,NAZIRA,NZR,NSG6,TINSUKIA,NFR,SIVASAGAR,ASSAM
3591,NEW SISIBORGAON,NSBG,NSG6,TINSUKIA,NFR,DHEMAJI,ASSAM
3592,NUMALIGARH,NMGY,NSG6,TINSUKIA,NFR,GOLAGHAT,ASSAM
3593,PANITOLA,PNT,NSG6,TINSUKIA,NFR,TINSUKIA,ASSAM
3594,RUPAI,RPY,NSG6,TINSUKIA,NFR,TINSUKIA,ASSAM
3595,SAFRAI,SFR,NSG6,TINSUKIA,NFR,CHARAIDEO,ASSAM
3596,SAPEKHATI,SPK,NSG6,TINSUKIA,NFR,CHARAIDEO,ASSAM
3597,SELENGHAT,SLX,NSG6,TINSUKIA,NFR,JORHAT,ASSAM
3598,SIBSAGAR TOWN,SRTN,NSG6,TINSUKIA,NFR,SIVASAGAR,ASSAM
3599,SRIPURIAGAON,SPGN,NSG6,TINSUKIA,NFR,TINSUKIA,ASSAM
3600,TALAP,TLL,NSG6,TINSUKIA,NFR,TINSUKIA,ASSAM
3601,TANGANI,TNGN,NSG6,TINSUKIA,NFR,DHEMAJI,ASSAM
3602,TINGRAI,TII,NSG6,TINSUKIA,NFR,TINSUKIA,ASSAM
3603,TITABAR,TTB,NSG6,TINSUKIA,NFR,JORHAT,ASSAM
3604,KUMBHAWAS MUNDHALIA,KWMD,HG2,DELHI,NR,GURUGRAM,HARYANA
3605,NEW KAITHAL HALT,NKLE,HG2,DELHI,NR,KAITHAL,HARYANA
3606,THANA BHAWAN TOWN,TBTN,HG2,DELHI,NR,SHAMLI,UTTAR PRADESH
3607,AHERA,AHQ,HG3,DELHI,NR,BAGHPAT,UTTAR PRADESH
3608,AILAM HALT,AILM,HG3,DELHI,NR,MUZAFFARNAGAR,UTTAR PRADESH
3609,ALAWALPUR IDRISPUR,AIH,HG3,DELHI,NR,BAGHPAT,UTTAR PRADESH
3610,ANAND VIHAR HALT,ANVR,HG3,DELHI,NR,NORTH EAST,DELHI
3611,ASAN,ASAN,HG3,DELHI,NR,JIND,HARYANA
3612,ASRA HALT,ASAR,HG3,DELHI,NR,BAGHPAT,UTTAR PRADESH
3613,BARKA HALT,BADK,HG3,DELHI,NR,BAGHPAT,UTTAR PRADESH
3614,BARWASNI HALT,BRNI,HG3,DELHI,NR,SONIPAT,HARYANA
3615,BAWLI HALT,BAOL,HG3,DELHI,NR,BAGHPAT,UTTAR PRADESH
3616,BEHTA HAZIPUR,BHHZ,HG3,DELHI,NR,GHAZIABAD,UTTAR PRADESH
3617,BHAINSWAN,BASN,HG3,DELHI,NR,SONIPAT,HARYANA
3618,BHAMBHEWA,BHMW,HG3,DELHI,NR,ROHTAK,HARYANA
3619,BHANKALA,BNQL,HG3,DELHI,NR,SAHARANPUR,UTTAR PRADESH
3620,BHUDPUR,BDHP,HG3,DELHI,NR,BAGHPAT,UTTAR PRADESH
3621,BINJHOL,BNJL,HG3,DELHI,NR,PANIPAT,HARYANA
3622,BUDHA KHERA,BKDE,HG3,DELHI,NR,JIND,HARYANA
3623,BUTANA HALT,BUTN,HG3,DELHI,NR,KARNAL,HARYANA
3624,CHANAKYAPURI,CNKP,HG3,DELHI,NR,SOUTH WEST,DELHI
3625,CHANDER NAGAR HALT,CNJ,HG3,DELHI,NR,NORTH EAST,DELHI
3626,DATEWAS,DTW,HG3,DELHI,NR,MANSA,PUNJAB
3627,DHURANA,DHRN,HG3,DELHI,NR,SONIPAT,HARYANA
3628,DIGHAL,DGHL,HG3,DELHI,NR,JHAJJAR,HARYANA
3629,DUHAI,DXH,HG3,DELHI,NR,GHAZIABAD,UTTAR PRADESH
3630,FAKHARPUR HALT,FAP,HG3,DELHI,NR,BAGHPAT,UTTAR PRADESH
3631,GAON BARODA,GNBA,HG3,DELHI,NR,JIND,HARYANA
3632,GEONG HALT,GXG,HG3,DELHI,NR,KAITHAL,HARYANA
3633,GOKALGARH,GKG,HG3,DELHI,NR,REWARI,HARYANA
3634,GOKULPUR SABOLI HALT,GPSL,HG3,DELHI,NR,NORTH EAST,DELHI
3635,GOTRA,GTRA,HG3,DELHI,NR,BAGHPAT,UTTAR PRADESH
3636,GUJRAN-BALWA HALT,GLBN,HG3,DELHI,NR,SHAMLI,UTTAR PRADESH
3637,GURTHURI,GRZ,HG3,DELHI,NR,JIND,HARYANA
3638,HARHAR FATEHPUR,HHP,HG3,DELHI,NR,MUZAFFARNAGAR,UTTAR PRADESH
3639,HARSANA KALAN,HNN,HG3,DELHI,NR,SONIPAT,HARYANA
3640,ISHAPUR KHERI HALT,ISRI,HG3,DELHI,NR,SONIPAT,HARYANA
3641,ISRANA HALT,IRA,HG3,DELHI,NR,PANIPAT,HARYANA
3642,JANDHERA HALT,JDHH,HG3,DELHI,NR,SAHARANPUR,UTTAR PRADESH
3643,JASIA HALT,JSS,HG3,DELHI,NR,ROHTAK,HARYANA
3644,KAHANGARH HALT,KAGR,HG3,DELHI,NR,MANSA,PUNJAB
3645,KALWAN HALT,KLWN,HG3,DELHI,NR,JIND,HARYANA
3646,KARSINDHU HALT,KSDE,HG3,DELHI,NR,JIND,HARYANA
3647,KHANDARI HALT,KHDR,HG3,DELHI,NR,SONIPAT,HARYANA
3648,KHANDRAWALI HALT,KZI,HG3,DELHI,NR,SHAMLI,UTTAR PRADESH
3649,KIRTINAGAR HALT,KRTN,HG3,DELHI,NR,WEST,DELHI
3650,KOHAND HALT,KFU,HG3,DELHI,NR,KARNAL,HARYANA
3651,KOTLI KALAN HALT,KTKL,HG3,DELHI,NR,MANSA,PUNJAB
3652,LAKHAN MAJRA HALT,LNMA,HG3,DELHI,NR,ROHTAK,HARYANA
3653,LALIT KHERA HALT,LTKR,HG3,DELHI,NR,JIND,HARYANA
3654,LATH HALT,LATH,HG3,DELHI,NR,SONIPAT,HARYANA
3655,LODHI COLONY,LDCY,HG3,DELHI,NR,SOUTH,DELHI
3656,MACHHRAULI,MHRI,HG3,DELHI,NR,JHAJJAR,HARYANA
3657,MAKRAULI,MKLI,HG3,DELHI,NR,ROHTAK,HARYANA
3658,MANDAWALI CHANDER VI,MWC,HG3,DELHI,NR,NORTH EAST,DELHI
3659,MOHANA HARYANA,MOHR,HG3,DELHI,NR,SONIPAT,HARYANA
3660,MUNDKA HALT,MQC,HG3,DELHI,NR,WEST,DELHI
3661,NARA HALT,NARA,HG3,DELHI,NR,PANIPAT,HARYANA
3662,NARAINA VIHAR,NRVR,HG3,DELHI,NR,CENTRAL,DELHI
3663,NUSRATABAD KHARKHARI,NTG,HG3,DELHI,NR,GHAZIABAD,UTTAR PRADESH
3664,PABNAWAJAS MAHINDAR,PBJM,HG3,DELHI,NR,KAITHAL,HARYANA
3665,PALHAWAS,PLHW,HG3,DELHI,NR,REWARI,HARYANA
3666,PANDU PINDARA HALT,PPDE,HG3,DELHI,NR,JIND,HARYANA
3667,PINDARSI HALT,PDS,HG3,DELHI,NR,KURUKSHETRA,HARYANA
3668,PRAGATI MAIDAN,PGMD,HG3,DELHI,NR,CENTRAL,DELHI
3669,QUTABPUR,QTP,HG3,DELHI,NR,REWARI,HARYANA
3670,RABHRA HALT,RBHR,HG3,DELHI,NR,SONIPAT,HARYANA
3671,RAJLU GARHI HALT,RUG,HG3,DELHI,NR,SONIPAT,HARYANA
3672,ROHAD NAGAR,ROHN,HG3,DELHI,NR,JHAJJAR,HARYANA
3673,RUKHI HALT,RKX,HG3,DELHI,NR,SONIPAT,HARYANA
3674,SARDAR PATEL ROAD,SDPR,HG3,DELHI,NR,SOUTH WEST,DELHI
3675,SILA KHERI,SXE,HG3,DELHI,NR,JIND,HARYANA
3676,SILAWAR,SLWR,HG3,DELHI,NR,MUZAFFARNAGAR,UTTAR PRADESH
3677,SONA ARJUNPUR,SNAP,HG3,DELHI,NR,SAHARANPUR,UTTAR PRADESH
3678,SUJRA,SUJR,HG3,DELHI,NR,BAGHPAT,UTTAR PRADESH
3679,SULTANPUR KALIAWAS,STKW,HG3,DELHI,NR,GURUGRAM,HARYANA
3680,SUNDERPUR BARAHKALAN,SPBK,HG3,DELHI,NR,ROHTAK,HARYANA
3681,SUNEHRA,SFA,HG3,DELHI,NR,BAGHPAT,UTTAR PRADESH
3682,TAJ NAGAR,TNJR,HG3,DELHI,NR,GURUGRAM,HARYANA
3683,USMANPUR DEHAT HALT,UPRD,HG3,DELHI,NR,SHAMLI,UTTAR PRADESH
3684,DELHI JN.,DLI,NSG1,DELHI,NR,NORTH,DELHI
3685,HAZRAT NIZAMUDDIN JN,NZM,NSG1,DELHI,NR,SOUTH,DELHI
3686,NEW DELHI,NDLS,NSG1,DELHI,NR,CENTRAL,DELHI
3687,ANAND VIHAR TERMINAL,ANVT,NSG2,DELHI,NR,NORTH EAST,DELHI
3688,DELHI-SARAI ROHILLA,DEE,NSG2,DELHI,NR,NORTH WEST,DELHI
3689,GHAZIABAD JN.,GZB,NSG2,DELHI,NR,GHAZIABAD,UTTAR PRADESH
3690,SONIPAT,SNP,NSG2,DELHI,NR,SONIPAT,HARYANA
3691,DELHI CANTT.,DEC,NSG3,DELHI,NR,SOUTH WEST,DELHI
3692,DELHI-SHAHDARA JN.,DSA,NSG3,DELHI,NR,NORTH EAST,DELHI
3693,FARIDABAD,FDB,NSG3,DELHI,NR,FARIDABAD,HARYANA
3694,GURGAON,GGN,NSG3,DELHI,NR,GURUGRAM,HARYANA
3695,MEERUT CITY JN.,MTC,NSG3,DELHI,NR,MEERUT,UTTAR PRADESH
3696,MUZAFFARNAGAR,MOZ,NSG3,DELHI,NR,MUZAFFARNAGAR,UTTAR PRADESH
3697,PALWAL,PWL,NSG3,DELHI,NR,FARIDABAD,HARYANA
3698,PANIPAT JN.,PNP,NSG3,DELHI,NR,PANIPAT,HARYANA
3699,ROHTAK JN.,ROK,NSG3,DELHI,NR,ROHTAK,HARYANA
3700,BAHADURGARH,BGZ,NSG4,DELHI,NR,JHAJJAR,HARYANA
3701,BALLABGARH,BVH,NSG4,DELHI,NR,FARIDABAD,HARYANA
3702,BARAUT,BTU,NSG4,DELHI,NR,BAGHPAT,UTTAR PRADESH
3703,FARIDABAD NEW TOWN,FDN,NSG4,DELHI,NR,FARIDABAD,HARYANA
3704,GANAUR,GNU,NSG4,DELHI,NR,SONIPAT,HARYANA
3705,KARNAL,KUN,NSG4,DELHI,NR,KARNAL,HARYANA
3706,KURUKSHETRA JN.,KKDE,NSG4,DELHI,NR,KURUKSHETRA,HARYANA
3707,MODINAGAR,MDNR,NSG4,DELHI,NR,GHAZIABAD,UTTAR PRADESH
3708,NANGLOI,NNO,NSG4,DELHI,NR,WEST,DELHI
3709,NARELA,NUR,NSG4,DELHI,NR,NORTH WEST,DELHI
3710,NOLI,NOLI,NSG4,DELHI,NR,GHAZIABAD,UTTAR PRADESH
3711,PALAM,PM,NSG4,DELHI,NR,SOUTH WEST,DELHI
3712,PATAUDI ROAD,PTRD,NSG4,DELHI,NR,GURUGRAM,HARYANA
3713,SADAR BAZAR,DSB,NSG4,DELHI,NR,NORTH,DELHI
3714,SAHIBABAD,SBB,NSG4,DELHI,NR,GHAZIABAD,UTTAR PRADESH
3715,SHAKUR BASTI,SSB,NSG4,DELHI,NR,NORTH WEST,DELHI
3716,TUGALAKABAD,TKD,NSG4,DELHI,NR,SOUTH,DELHI
3717,ADARSH NAGAR DELHI,ANDI,NSG5,DELHI,NR,NORTH,DELHI
3718,ASAOTI,AST,NSG5,DELHI,NR,FARIDABAD,HARYANA
3719,BADLI,BHD,NSG5,DELHI,NR,NORTH WEST,DELHI
3720,BAGHPAT ROAD,BPM,NSG5,DELHI,NR,BAGHPAT,UTTAR PRADESH
3721,BUDHLADA,BLZ,NSG5,DELHI,NR,MANSA,PUNJAB
3722,DELHI-KISHANGANJ,DKZ,NSG5,DELHI,NR,NORTH,DELHI
3723,DELHI-SAFDAR JANG,DSJ,NSG5,DELHI,NR,SOUTH WEST,DELHI
3724,DEOBAND,DBD,NSG5,DELHI,NR,SAHARANPUR,UTTAR PRADESH
3725,GARHI HARSARU JN.,GHH,NSG5,DELHI,NR,GURUGRAM,HARYANA
3726,JAKHAL JN.,JHL,NSG5,DELHI,NR,FATEHABAD,HARYANA
3727,JIND JN.,JIND,NSG5,DELHI,NR,JIND,HARYANA
3728,JULANA,JNA,NSG5,DELHI,NR,JIND,HARYANA
3729,KAITHAL,KLE,NSG5,DELHI,NR,KAITHAL,HARYANA
3730,KHATAULI,KAT,NSG5,DELHI,NR,MUZAFFARNAGAR,UTTAR PRADESH
3731,KHEKRA,KEX,NSG5,DELHI,NR,BAGHPAT,UTTAR PRADESH
3732,MANSA,MSZ,NSG5,DELHI,NR,MANSA,PUNJAB
3733,MAUR,MAUR,NSG5,DELHI,NR,BATHINDA,PUNJAB
3734,MEERUT CANT,MUT,NSG5,DELHI,NR,MEERUT,UTTAR PRADESH
3735,MURADNAGAR,MUD,NSG5,DELHI,NR,GHAZIABAD,UTTAR PRADESH
3736,NARWANA JN.,NRW,NSG5,DELHI,NR,JIND,HARYANA
3737,OKHLA,OKA,NSG5,DELHI,NR,SOUTH EAST,DELHI
3738,SAMALKHA,SMK,NSG5,DELHI,NR,PANIPAT,HARYANA
3739,SAMPLA,SPZ,NSG5,DELHI,NR,JHAJJAR,HARYANA
3740,SHAMLI,SMQL,NSG5,DELHI,NR,SHAMLI,UTTAR PRADESH
3741,SHIVAJI BRIDGE,CSB,NSG5,DELHI,NR,CENTRAL,DELHI
3742,SUBZI MANDI,SZM,NSG5,DELHI,NR,NORTH,DELHI
3743,TAPRI JN.,TPZ,NSG5,DELHI,NR,SAHARANPUR,UTTAR PRADESH
3744,TILAK BRIDGE,TKJ,NSG5,DELHI,NR,CENTRAL,DELHI
3745,TOHANA,TUN,NSG5,DELHI,NR,FATEHABAD,HARYANA
3746,VIVEK VIHAR,VVB,NSG5,DELHI,NR,NORTH EAST,DELHI
3747,AMIN,AMIN,NSG6,DELHI,NR,KURUKSHETRA,HARYANA
3748,ASAUDAH,ASE,NSG6,DELHI,NR,JHAJJAR,HARYANA
3749,ASTHAL BOHAR,ABO,NSG6,DELHI,NR,ROHTAK,HARYANA
3750,BABARPUR,BBDE,NSG6,DELHI,NR,PANIPAT,HARYANA
3751,BAMANHERI,BMHR,NSG6,DELHI,NR,MUZAFFARNAGAR,UTTAR PRADESH
3752,BARETA,BRZ,NSG6,DELHI,NR,MANSA,PUNJAB
3753,BARSOLA,BZO,NSG6,DELHI,NR,JIND,HARYANA
3754,BASAI DHANKOT,BDXT,NSG6,DELHI,NR,GURUGRAM,HARYANA
3755,BAZIDA JATAN,BZJT,NSG6,DELHI,NR,KARNAL,HARYANA
3756,BHAINI KHURD,BZK,NSG6,DELHI,NR,KARNAL,HARYANA
3757,BHODWAL MAJRI,BDMJ,NSG6,DELHI,NR,PANIPAT,HARYANA
3758,BIJWASAN,BWSN,NSG6,DELHI,NR,SOUTH WEST,DELHI
3759,BISHANPUR HARYANA,BSPH,NSG6,DELHI,NR,JIND,HARYANA
3760,BRAR SQUARE,BRSQ,NSG6,DELHI,NR,SOUTH WEST,DELHI
3761,DAURALA,DRLA,NSG6,DELHI,NR,MEERUT,UTTAR PRADESH
3762,DAYA BASTI,DBSI,NSG6,DELHI,NR,NORTH,DELHI
3763,DELHI-AZADPUR,DAZ,NSG6,DELHI,NR,NORTH WEST,DELHI
3764,DHAMTAN SAHIB,DTN,NSG6,DELHI,NR,JIND,HARYANA
3765,DHARODI,DHY,NSG6,DELHI,NR,JIND,HARYANA
3766,DHIRPUR,DPP,NSG6,DELHI,NR,KURUKSHETRA,HARYANA
3767,DHODA KHERI,DHKR,NSG6,DELHI,NR,KURUKSHETRA,HARYANA
3768,DHOLA MAJRA,DHMZ,NSG6,DELHI,NR,KURUKSHETRA,HARYANA
3769,DIWANA,DWNA,NSG6,DELHI,NR,PANIPAT,HARYANA
3770,DOBH BAHALI,DBHL,NSG6,DELHI,NR,ROHTAK,HARYANA
3771,FARUKHNAGAR,FN,NSG6,DELHI,NR,GURUGRAM,HARYANA
3772,GHARAUNDA,GRA,NSG6,DELHI,NR,KARNAL,HARYANA
3773,GHASO,GSO,NSG6,DELHI,NR,JIND,HARYANA
3774,GHEVRA,GHE,NSG6,DELHI,NR,WEST,DELHI
3775,GOHANA,GHNA,NSG6,DELHI,NR,SONIPAT,HARYANA
3776,GULDHAR,GUH,NSG6,DELHI,NR,GHAZIABAD,UTTAR PRADESH
3777,HIMMATPURA,HMQ,NSG6,DELHI,NR,FATEHABAD,HARYANA
3778,HIND,HIND,NSG6,DELHI,NR,SHAMLI,UTTAR PRADESH
3779,HOLAMBI KALAN,HUK,NSG6,DELHI,NR,NORTH WEST,DELHI
3780,INCHHAPURI,IHP,NSG6,DELHI,NR,GURUGRAM,HARYANA
3781,ISMAILA HARYANA,ISM,NSG6,DELHI,NR,ROHTAK,HARYANA
3782,JAI JAI WANTI,JJT,NSG6,DELHI,NR,JIND,HARYANA
3783,JARAUDA NARA,JDW,NSG6,DELHI,NR,MUZAFFARNAGAR,UTTAR PRADESH
3784,JATAULA JORI SAMPKA,JSKA,NSG6,DELHI,NR,GURUGRAM,HARYANA
3785,JHAJJAR,JHJ,NSG6,DELHI,NR,JHAJJAR,HARYANA
3786,JIND CITY,JCY,NSG6,DELHI,NR,JIND,HARYANA
3787,KALAYAT,KIY,NSG6,DELHI,NR,KAITHAL,HARYANA
3788,KANDHLA,KQL,NSG6,DELHI,NR,SHAMLI,UTTAR PRADESH
3789,KARAINTHI,KHV,NSG6,DELHI,NR,ROHTAK,HARYANA
3790,KATAR SINGH WALA,KZW,NSG6,DELHI,NR,BATHINDA,PUNJAB
3791,KHALILPUR,KIP,NSG6,DELHI,NR,GURUGRAM,HARYANA
3792,KHARAWAR,KRZ,NSG6,DELHI,NR,ROHTAK,HARYANA
3793,KHERA KALAN,KHKN,NSG6,DELHI,NR,NORTH WEST,DELHI
3794,KHUKRANA,KURN,NSG6,DELHI,NR,PANIPAT,HARYANA
3795,KILA ZAFARGARH,KZH,NSG6,DELHI,NR,JIND,HARYANA
3796,KINANA,KIU,NSG6,DELHI,NR,JIND,HARYANA
3797,KOT FATEH,KTF,NSG6,DELHI,NR,BATHINDA,PUNJAB
3798,LAJPAT NAGAR,LPNR,NSG6,DELHI,NR,SOUTH,DELHI
3799,MADLAUDA,MLDE,NSG6,DELHI,NR,PANIPAT,HARYANA
3800,MAISAR KHANA,MASK,NSG6,DELHI,NR,BATHINDA,PUNJAB
3801,MANANI,MNZ,NSG6,DELHI,NR,SAHARANPUR,UTTAR PRADESH
3802,MANGOLPURI,MGLP,NSG6,DELHI,NR,NORTH WEST,DELHI
3803,MANSURPUR,MSP,NSG6,DELHI,NR,MUZAFFARNAGAR,UTTAR PRADESH
3804,MOHIUDDINPUR,MUZ,NSG6,DELHI,NR,MEERUT,UTTAR PRADESH
3805,MOHRI,MOY,NSG6,DELHI,NR,AMBALA,HARYANA
3806,MUDLANA,MDLA,NSG6,DELHI,NR,SONIPAT,HARYANA
3807,NAGAL,NGL,NSG6,DELHI,NR,SAHARANPUR,UTTAR PRADESH
3808,NANAUTA,NNX,NSG6,DELHI,NR,SAHARANPUR,UTTAR PRADESH
3809,NARINDARPURA,NPX,NSG6,DELHI,NR,MANSA,PUNJAB
3810,NAULTHA,NLH,NSG6,DELHI,NR,PANIPAT,HARYANA
3811,NAYA GHAZIABAD,GZN,NSG6,DELHI,NR,GHAZIABAD,UTTAR PRADESH
3812,NILOKHERI,NLKR,NSG6,DELHI,NR,KARNAL,HARYANA
3813,PABLI KHAS,PQY,NSG6,DELHI,NR,MEERUT,UTTAR PRADESH
3814,PARTAPUR,PRTP,NSG6,DELHI,NR,MEERUT,UTTAR PRADESH
3815,PATEL NAGAR,PTNR,NSG6,DELHI,NR,CENTRAL,DELHI
3816,PATLI,PT,NSG6,DELHI,NR,GURUGRAM,HARYANA
3817,PEHOWA ROAD,PHWR,NSG6,DELHI,NR,KURUKSHETRA,HARYANA
3818,PILU KHERA,PKDE,NSG6,DELHI,NR,JIND,HARYANA
3819,QASIMPUR KHERI,KPKI,NSG6,DELHI,NR,BAGHPAT,UTTAR PRADESH
3820,RAMPUR MANIHARAN,RPMN,NSG6,DELHI,NR,SAHARANPUR,UTTAR PRADESH
3821,RATHDHANA,RDDE,NSG6,DELHI,NR,SONIPAT,HARYANA
3822,ROHANA KALAN,RNA,NSG6,DELHI,NR,MUZAFFARNAGAR,UTTAR PRADESH
3823,SADDA SINGHWALA,SSZ,NSG6,DELHI,NR,MANSA,PUNJAB
3824,SAFIDON,SFDE,NSG6,DELHI,NR,JIND,HARYANA
3825,SAJUMA,SJM,NSG6,DELHI,NR,KAITHAL,HARYANA
3826,SAKHOTI TANDA,SKF,NSG6,DELHI,NR,MEERUT,UTTAR PRADESH
3827,SAMAR GOPALPUR,SMF,NSG6,DELHI,NR,ROHTAK,HARYANA
3828,SANDAL KALAN,SLKN,NSG6,DELHI,NR,SONIPAT,HARYANA
3829,SAROJINI NAGAR,SOJ,NSG6,DELHI,NR,SOUTH,DELHI
3830,SEWA NAGAR,SWNR,NSG6,DELHI,NR,SOUTH,DELHI
3831,SHAHABAD MARKANDA,SHDM,NSG6,DELHI,NR,KURUKSHETRA,HARYANA
3832,SHAHABAD MUHAMMADPUR,SMDP,NSG6,DELHI,NR,SOUTH WEST,DELHI
3833,SIWAHA,SWDE,NSG6,DELHI,NR,JIND,HARYANA
3834,TALHERI BAZURG,THJ,NSG6,DELHI,NR,SAHARANPUR,UTTAR PRADESH
3835,TARAORI,TRR,NSG6,DELHI,NR,KARNAL,HARYANA
3836,THANA BHAWAN,THBN,NSG6,DELHI,NR,SHAMLI,UTTAR PRADESH
3837,THANESAR CITY,TNDE,NSG6,DELHI,NR,KURUKSHETRA,HARYANA
3838,TIK,TIK,NSG6,DELHI,NR,KAITHAL,HARYANA
3839,UCHANA,UCA,NSG6,DELHI,NR,JIND,HARYANA
3840,BAJALTA,BLA,HG2,FEROZPUR,NR,JAMMU,JAMMU AND KASHMIR
3841,D.A.V. COLLEGE JALAN,DAVJ,HG2,FEROZPUR,NR,FAZILKA,PUNJAB
3842,GHAL KALAN,GKX,HG2,FEROZPUR,NR,MOGA,PUNJAB
3843,HILLAR SHAHABAD HALT,HRSB,HG2,FEROZPUR,NR,ANANTNAG,JAMMU AND KASHMIR
3844,JHAWAR HALT,JHWR,HG2,FEROZPUR,NR,GURDASPUR,PUNJAB
3845,TALLI SAIDA SAHU,TSS,HG2,FEROZPUR,NR,FIROZEPUR,PUNJAB
3846,AJIT GILL MATTA HALT,AJTM,HG3,FEROZPUR,NR,FARIDKOT,PUNJAB
3847,BABA BAKALA RAIYA,BBKR,HG3,FEROZPUR,NR,AMRITSAR,PUNJAB
3848,BADHAI BALAMGARH HAL,BDBG,HG3,FEROZPUR,NR,SRI MUKTSAR SAHIB,PUNJAB
3849,BAHMNIWALA,BVW,HG3,FEROZPUR,NR,FAZILKA,PUNJAB
3850,BALLE-DA-PIR-LARATH,BLDL,HG3,FEROZPUR,NR,KANGRA,HIMACHAL PRADESH
3851,BARYAL HIMACHAL,BRHL,HG3,FEROZPUR,NR,KANGRA,HIMACHAL PRADESH
3852,BATALA SUGAR MILLS,BATM,HG3,FEROZPUR,NR,GURDASPUR,PUNJAB
3853,BHAGSAR,BSGR,HG3,FEROZPUR,NR,SRI MUKTSAR SAHIB,PUNJAB
3854,BOPARAI HALT,BXO,HG3,FEROZPUR,NR,TARN TARAN,PUNJAB
3855,BURJ MOHAR,BJMA,HG3,FEROZPUR,NR,FAZILKA,PUNJAB
3856,BUTEWALA,BWF,HG3,FEROZPUR,NR,FIROZEPUR,PUNJAB
3857,CHAK PAKHEWALA,CKA,HG3,FEROZPUR,NR,FAZILKA,PUNJAB
3858,CHAK-RAKHWAL,CRWL,HG3,FEROZPUR,NR,UDHAMPUR,JAMMU AND KASHMIR
3859,CHAMUNDA MARG,CMMG,HG3,FEROZPUR,NR,KANGRA,HIMACHAL PRADESH
3860,CHAREWAN HALT,CWN,HG3,FEROZPUR,NR,SRI MUKTSAR SAHIB,PUNJAB
3861,D.A.V.COLLEGE JALALA,DAVC,HG3,FEROZPUR,NR,FAZILKA,PUNJAB
3862,DHINDSA,DDK,HG3,FEROZPUR,NR,FIROZEPUR,PUNJAB
3863,DODH,DODH,HG3,FEROZPUR,NR,FIROZEPUR,PUNJAB
3864,DUDWINDI,DDY,HG3,FEROZPUR,NR,KAPURTHALA,PUNJAB
3865,GHALLU,GHLU,HG3,FEROZPUR,NR,FAZILKA,PUNJAB
3866,GUMTALI,GTQ,HG3,FEROZPUR,NR,JALANDHAR,PUNJAB
3867,JAND WALA,JWKA,HG3,FEROZPUR,NR,FAZILKA,PUNJAB
3868,JHABELWALI,JBW,HG3,FEROZPUR,NR,SRI MUKTSAR SAHIB,PUNJAB
3869,JOGIWALA,JGW,HG3,FEROZPUR,NR,FIROZEPUR,PUNJAB
3870,KANDWAL,KAWL,HG3,FEROZPUR,NR,KANGRA,HIMACHAL PRADESH
3871,KANG KHURD,KGKD,HG3,FEROZPUR,NR,JALANDHAR,PUNJAB
3872,KARIHA HALT,KYY,HG3,FEROZPUR,NR,SHAHID BHAGAT SINGH NAGAR,PUNJAB
3873,KHADUR SAHIB HALT,KDSB,HG3,FEROZPUR,NR,TARN TARAN,PUNJAB
3874,KHAI PHEMEKI,KIQ,HG3,FEROZPUR,NR,FIROZEPUR,PUNJAB
3875,KULTHAM ABDULLA SHAH,KASH,HG3,FEROZPUR,NR,SHAHID BHAGAT SINGH NAGAR,PUNJAB
3876,LUNSU HALT,LNS,HG3,FEROZPUR,NR,KANGRA,HIMACHAL PRADESH
3877,LYALPUR KHALSA COLLE,LKK,HG3,FEROZPUR,NR,JALANDHAR,PUNJAB
3878,MAHANGARWAL DOABA,MGWD,HG3,FEROZPUR,NR,HOSHIARPUR,PUNJAB
3879,MAHESHRI SANDHUAN,MSSD,HG3,FEROZPUR,NR,FIROZEPUR,PUNJAB
3880,MAJHAIRAN HIMACHAL,MNHL,HG3,FEROZPUR,NR,KANGRA,HIMACHAL PRADESH
3881,MAJITHA,MJTA,HG3,FEROZPUR,NR,AMRITSAR,PUNJAB
3882,MULEWAL KHAIHRA,MLKH,HG3,FEROZPUR,NR,JALANDHAR,PUNJAB
3883,PARAO MAHNA,PMH,HG3,FEROZPUR,NR,MOGA,PUNJAB
3884,PAROR,PRAR,HG3,FEROZPUR,NR,KANGRA,HIMACHAL PRADESH
3885,PATTI RAJPURA HALT,PTRJ,HG3,FEROZPUR,NR,KANGRA,HIMACHAL PRADESH
3886,PIPLI PAKHI KALAN,PKZ,HG3,FEROZPUR,NR,FARIDKOT,PUNJAB
3887,RAIL COACH FACTORY,RCF,HG3,FEROZPUR,NR,KAPURTHALA,PUNJAB
3888,RATAR CHHATTAR,RCR,HG3,FEROZPUR,NR,GURDASPUR,PUNJAB
3889,RATTOKE GURDWARA HAL,RKG,HG3,FEROZPUR,NR,TARN TARAN,PUNJAB
3890,RURE ASAL HALT,RRAL,HG3,FEROZPUR,NR,TARN TARAN,PUNJAB
3891,SAIDPUR JALALABAD,SPJB,HG3,FEROZPUR,NR,TARN TARAN,PUNJAB
3892,SARNA,SRM,HG3,FEROZPUR,NR,PATHANKOT,PUNJAB
3893,SATNAUR BADESRON,SNB,HG3,FEROZPUR,NR,HOSHIARPUR,PUNJAB
3894,SIDHWAN,SWG,HG3,FEROZPUR,NR,JALANDHAR,PUNJAB
3895,SINDHAR,SDZ,HG3,FEROZPUR,NR,JALANDHAR,PUNJAB
3896,SULHANI,SULH,HG3,FEROZPUR,NR,FIROZEPUR,PUNJAB
3897,THEH QALANDAR,TQL,HG3,FEROZPUR,NR,FAZILKA,PUNJAB
3898,TRIPAL,TRPL,HG3,FEROZPUR,NR,KANGRA,HIMACHAL PRADESH
3899,WANDER JATANA,WDJ,HG3,FEROZPUR,NR,FARIDKOT,PUNJAB
3900,AMRITSAR JN.,ASR,NSG2,FEROZPUR,NR,AMRITSAR,PUNJAB
3901,JALANDHAR CITY JN.,JUC,NSG2,FEROZPUR,NR,KAPURTHALA,PUNJAB
3902,JAMMU TAWI,JAT,NSG2,FEROZPUR,NR,JAMMU,JAMMU AND KASHMIR
3903,LUDHIANA JN.,LDH,NSG2,FEROZPUR,NR,LUDHIANA,PUNJAB
3904,BEAS JN,BEAS,NSG3,FEROZPUR,NR,AMRITSAR,PUNJAB
3905,FIROZPUR CANTT. JN.,FZR,NSG3,FEROZPUR,NR,FIROZEPUR,PUNJAB
3906,JALANDHAR CANTT. JN.,JRC,NSG3,FEROZPUR,NR,JALANDHAR,PUNJAB
3907,PATHANKOT CANTT,PTKC,NSG3,FEROZPUR,NR,PATHANKOT,PUNJAB
3908,PHAGWARA JN.,PGW,NSG3,FEROZPUR,NR,KAPURTHALA,PUNJAB
3909,SHRI MATA VAISHNO DEVI KATRA,SVDK,NSG3,FEROZPUR,NR,REASI,JAMMU AND KASHMIR
3910,PATHANKOT JN.,PTK,NSG4,FEROZPUR,NR,PATHANKOT,PUNJAB
3911,UDHAMPUR,UHP,NSG4,FEROZPUR,NR,UDHAMPUR,JAMMU AND KASHMIR
3912,ANANTNAG,ANT,NSG5,FEROZPUR,NR,ANANTNAG,JAMMU AND KASHMIR
3913,BATALA JN.,BAT,NSG5,FEROZPUR,NR,GURDASPUR,PUNJAB
3914,DASUA,DZA,NSG5,FEROZPUR,NR,HOSHIARPUR,PUNJAB
3915,DHANDARI KALAN,DDL,NSG5,FEROZPUR,NR,LUDHIANA,PUNJAB
3916,DHARIWAL,DHW,NSG5,FEROZPUR,NR,GURDASPUR,PUNJAB
3917,DINANAGAR,DNN,NSG5,FEROZPUR,NR,GURDASPUR,PUNJAB
3918,FARIDKOT,FDK,NSG5,FEROZPUR,NR,FARIDKOT,PUNJAB
3919,FAZILKA JN.,FKA,NSG5,FEROZPUR,NR,FAZILKA,PUNJAB
3920,GANGSAR JAITU,GJUT,NSG5,FEROZPUR,NR,FARIDKOT,PUNJAB
3921,GURDASPUR,GSP,NSG5,FEROZPUR,NR,GURDASPUR,PUNJAB
3922,HOSHIARPUR,HSX,NSG5,FEROZPUR,NR,HOSHIARPUR,PUNJAB
3923,KAPURTHALA,KXH,NSG5,FEROZPUR,NR,KAPURTHALA,PUNJAB
3924,KARTARPUR,KRE,NSG5,FEROZPUR,NR,JALANDHAR,PUNJAB
3925,KATHUA,KTHU,NSG5,FEROZPUR,NR,KATHUA,JAMMU AND KASHMIR
3926,KOT KAPURA JN.,KKP,NSG5,FEROZPUR,NR,FARIDKOT,PUNJAB
3927,LOHIAN KHAS JN.,LNK,NSG5,FEROZPUR,NR,JALANDHAR,PUNJAB
3928,MAKHU,MXH,NSG5,FEROZPUR,NR,FIROZEPUR,PUNJAB
3929,MUKERIAN,MEX,NSG5,FEROZPUR,NR,HOSHIARPUR,PUNJAB
3930,MUKTSAR,MKS,NSG5,FEROZPUR,NR,SRI MUKTSAR SAHIB,PUNJAB
3931,NAKODAR JN.,NRO,NSG5,FEROZPUR,NR,JALANDHAR,PUNJAB
3932,PHILLAUR JN.,PHR,NSG5,FEROZPUR,NR,JALANDHAR,PUNJAB
3933,SAMBA,SMBX,NSG5,FEROZPUR,NR,SAMBA,JAMMU AND KASHMIR
3934,AHJU,AHJU,NSG6,FEROZPUR,NR,MANDI,HIMACHAL PRADESH
3935,AJITWAL,AJL,NSG6,FEROZPUR,NR,MOGA,PUNJAB
3936,ALAWAL PUR,AWL,NSG6,FEROZPUR,NR,JALANDHAR,PUNJAB
3937,ATARI JN.,ATT,NSG6,FEROZPUR,NR,AMRITSAR,PUNJAB
3938,AWANTIPURA,ATPA,NSG6,FEROZPUR,NR,PULWAMA,JAMMU AND KASHMIR
3939,BADDOWAL,BWZ,NSG6,FEROZPUR,NR,LUDHIANA,PUNJAB
3940,BAHRAM,BHM,NSG6,FEROZPUR,NR,SHAHID BHAGAT SINGH NAGAR,PUNJAB
3941,BAIJNATH PAPROLA,BJPL,NSG6,FEROZPUR,NR,KANGRA,HIMACHAL PRADESH
3942,BANGA,BXB,NSG6,FEROZPUR,NR,SHAHID BHAGAT SINGH NAGAR,PUNJAB
3943,BANIHAL,BAHL,NSG6,FEROZPUR,NR,RAMBAN,JAMMU AND KASHMIR
3944,BARAMULLA,BRML,NSG6,FEROZPUR,NR,BARAMULLA,JAMMU AND KASHMIR
3945,BARI BRAHMAN,BBMN,NSG6,FEROZPUR,NR,JAMMU,JAMMU AND KASHMIR
3946,BARIWALA,BRW,NSG6,FEROZPUR,NR,SRI MUKTSAR SAHIB,PUNJAB
3947,BHAGTANWALA,BGTN,NSG6,FEROZPUR,NR,AMRITSAR,PUNJAB
3948,BHANGALA,BNGL,NSG6,FEROZPUR,NR,HOSHIARPUR,PUNJAB
3949,BHARMAR,BRMR,NSG6,FEROZPUR,NR,KANGRA,HIMACHAL PRADESH
3950,BHAROLI,BHRL,NSG6,FEROZPUR,NR,PATHANKOT,PUNJAB
3951,BHOGPUR SIRWAL,BPRS,NSG6,FEROZPUR,NR,JALANDHAR,PUNJAB
3952,BIJBAHERA,BJBA,NSG6,FEROZPUR,NR,ANANTNAG,JAMMU AND KASHMIR
3953,BILGA,BZG,NSG6,FEROZPUR,NR,JALANDHAR,PUNJAB
3954,BOLINNA DOABA,BLND,NSG6,FEROZPUR,NR,JALANDHAR,PUNJAB
3955,BUDGAM,BDGM,NSG6,FEROZPUR,NR,BUDGAM,JAMMU AND KASHMIR
3956,BUDHI,BDHY,NSG6,FEROZPUR,NR,KATHUA,JAMMU AND KASHMIR
3957,BUTARI,BTR,NSG6,FEROZPUR,NR,AMRITSAR,PUNJAB
3958,CHAK BANWALA,CKLA,NSG6,FEROZPUR,NR,FAZILKA,PUNJAB
3959,CHAKDAYALA,CKDL,NSG6,FEROZPUR,NR,KATHUA,JAMMU AND KASHMIR
3960,CHAND BHAN,CBX,NSG6,FEROZPUR,NR,BATHINDA,PUNJAB
3961,CHAUKI MAN,CKM,NSG6,FEROZPUR,NR,LUDHIANA,PUNJAB
3962,CHHAN ARORIAN,CHNR,NSG6,FEROZPUR,NR,KATHUA,JAMMU AND KASHMIR
3963,CHHEHARTA,CIA,NSG6,FEROZPUR,NR,AMRITSAR,PUNJAB
3964,CHHINA,CHN,NSG6,FEROZPUR,NR,GURDASPUR,PUNJAB
3965,CHIHERU,CEU,NSG6,FEROZPUR,NR,KAPURTHALA,PUNJAB
3966,CHOLANG,CGH,NSG6,FEROZPUR,NR,HOSHIARPUR,PUNJAB
3967,CHURI WALA,CWDA,NSG6,FEROZPUR,NR,FAZILKA,PUNJAB
3968,DAGRU,DAU,NSG6,FEROZPUR,NR,MOGA,PUNJAB
3969,DALHOUSI ROAD,DLSR,NSG6,FEROZPUR,NR,PATHANKOT,PUNJAB
3970,DERABABA NANAK,DBNK,NSG6,FEROZPUR,NR,GURDASPUR,PUNJAB
3971,DHILWAN,DIW,NSG6,FEROZPUR,NR,KAPURTHALA,PUNJAB
3972,FATEHGARH CHURIAN,FGCN,NSG6,FEROZPUR,NR,GURDASPUR,PUNJAB
3973,FEROZESHAH,PHS,NSG6,FEROZPUR,NR,FIROZEPUR,PUNJAB
3974,FIROZPUR CITY JN.,FZP,NSG6,FEROZPUR,NR,FIROZEPUR,PUNJAB
3975,GARHSHANKAR,GSR,NSG6,FEROZPUR,NR,HOSHIARPUR,PUNJAB
3976,GARNA SAHIB,GSB,NSG6,FEROZPUR,NR,HOSHIARPUR,PUNJAB
3977,GHAGWAL,GHGL,NSG6,FEROZPUR,NR,SAMBA,JAMMU AND KASHMIR
3978,GHARYALA,GYL,NSG6,FEROZPUR,NR,TARN TARAN,PUNJAB
3979,GHIALA,GILA,NSG6,FEROZPUR,NR,PATHANKOT,PUNJAB
3980,GIANI ZAIL SINGH SAN,GZS,NSG6,FEROZPUR,NR,FARIDKOT,PUNJAB
3981,GIDARPINDI,GOD,NSG6,FEROZPUR,NR,JALANDHAR,PUNJAB
3982,GOINDWAL SAHIB HALT,GWSB,NSG6,FEROZPUR,NR,TARN TARAN,PUNJAB
3983,GOLEHWALA,GHA,NSG6,FEROZPUR,NR,FARIDKOT,PUNJAB
3984,GONEANA B JAGTA,GNA,NSG6,FEROZPUR,NR,BATHINDA,PUNJAB
3985,GORAYA,GRY,NSG6,FEROZPUR,NR,JALANDHAR,PUNJAB
3986,GULER,GULR,NSG6,FEROZPUR,NR,KANGRA,HIMACHAL PRADESH
3987,GURU HARSAHAI,GHS,NSG6,FEROZPUR,NR,FIROZEPUR,PUNJAB
3988,HAMIRA,HMR,NSG6,FEROZPUR,NR,KAPURTHALA,PUNJAB
3989,HAMRE,HME,NSG6,FEROZPUR,NR,BARAMULLA,JAMMU AND KASHMIR
3990,HARDORAWAL,HDWL,NSG6,FEROZPUR,NR,GURDASPUR,PUNJAB
3991,HARSAR DEHRI,HRDR,NSG6,FEROZPUR,NR,KANGRA,HIMACHAL PRADESH
3992,HIRA NAGAR,HRNR,NSG6,FEROZPUR,NR,KATHUA,JAMMU AND KASHMIR
3993,HUSAINPUR,HSQ,NSG6,FEROZPUR,NR,KAPURTHALA,PUNJAB
3994,JAGRAON,JGN,NSG6,FEROZPUR,NR,LUDHIANA,PUNJAB
3995,JAIJON DOABA,JJJ,NSG6,FEROZPUR,NR,HOSHIARPUR,PUNJAB
3996,JAINTIPURA,JNT,NSG6,FEROZPUR,NR,AMRITSAR,PUNJAB
3997,JAKOLARI,JK,NSG6,FEROZPUR,NR,PATHANKOT,PUNJAB
3998,JALALABAD,JBD,NSG6,FEROZPUR,NR,FAZILKA,PUNJAB
3999,JAMSHER KHAS,JME,NSG6,FEROZPUR,NR,JALANDHAR,PUNJAB
4000,JANDIALA,JNL,NSG6,FEROZPUR,NR,AMRITSAR,PUNJAB
4001,JAWALAMUKHI ROAD,JMKR,NSG6,FEROZPUR,NR,KANGRA,HIMACHAL PRADESH
4002,JAWANWALA SHAHR,JWLS,NSG6,FEROZPUR,NR,KANGRA,HIMACHAL PRADESH
4003,JHOK TAHAL SINGH,JTH,NSG6,FEROZPUR,NR,FIROZEPUR,PUNJAB
4004,JIWA ARAIN,JWN,NSG6,FEROZPUR,NR,FIROZEPUR,PUNJAB
4005,JOGINDER NAGAR,JDNX,NSG6,FEROZPUR,NR,MANDI,HIMACHAL PRADESH
4006,KAIRON,KCZ,NSG6,FEROZPUR,NR,TARN TARAN,PUNJAB
4007,KAKAPORA,KAPE,NSG6,FEROZPUR,NR,PULWAMA,JAMMU AND KASHMIR
4008,KALA BAKRA,KKL,NSG6,FEROZPUR,NR,JALANDHAR,PUNJAB
4009,KANDRORI,KNDI,NSG6,FEROZPUR,NR,KANGRA,HIMACHAL PRADESH
4010,KANGRA,KGRA,NSG6,FEROZPUR,NR,KANGRA,HIMACHAL PRADESH
4011,KANGRA MANDIR,KGMR,NSG6,FEROZPUR,NR,KANGRA,HIMACHAL PRADESH
4012,KASU BEGU,KBU,NSG6,FEROZPUR,NR,FIROZEPUR,PUNJAB
4013,KATHUNANGAL,KNG,NSG6,FEROZPUR,NR,AMRITSAR,PUNJAB
4014,KHASA,KSA,NSG6,FEROZPUR,NR,AMRITSAR,PUNJAB
4015,KHATKAR KALAN JHANDA,KHHJ,NSG6,FEROZPUR,NR,SHAHID BHAGAT SINGH NAGAR,PUNJAB
4016,KHEM KARAN,KEMK,NSG6,FEROZPUR,NR,TARN TARAN,PUNJAB
4017,KHOJEWALA,KWJ,NSG6,FEROZPUR,NR,JALANDHAR,PUNJAB
4018,KHUDDA KORALA,KZX,NSG6,FEROZPUR,NR,HOSHIARPUR,PUNJAB
4019,KHUI KHERA,KUKA,NSG6,FEROZPUR,NR,FAZILKA,PUNJAB
4020,KHURDPUR,KUPR,NSG6,FEROZPUR,NR,JALANDHAR,PUNJAB
4021,KOHAR SINGH WALA,KRSW,NSG6,FEROZPUR,NR,FIROZEPUR,PUNJAB
4022,KOPARLAHAR,KPLR,NSG6,FEROZPUR,NR,KANGRA,HIMACHAL PRADESH
4023,LADHOWAL,LDW,NSG6,FEROZPUR,NR,LUDHIANA,PUNJAB
4024,LADHUKA,LDK,NSG6,FEROZPUR,NR,FAZILKA,PUNJAB
4025,LAKHEWALI,LKW,NSG6,FEROZPUR,NR,SRI MUKTSAR SAHIB,PUNJAB
4026,MADHOPUR PUNJAB,MDPB,NSG6,FEROZPUR,NR,PATHANKOT,PUNJAB
4027,MAHALAM,MFM,NSG6,FEROZPUR,NR,FIROZEPUR,PUNJAB
4028,MALLANWALA KHAS,MWX,NSG6,FEROZPUR,NR,FIROZEPUR,PUNJAB
4029,MALSIAN SHAHKOT,MQS,NSG6,FEROZPUR,NR,JALANDHAR,PUNJAB
4030,MALUPOTA,MXP,NSG6,FEROZPUR,NR,SHAHID BHAGAT SINGH NAGAR,PUNJAB
4031,MANANWALA,MOW,NSG6,FEROZPUR,NR,AMRITSAR,PUNJAB
4032,MANWAL,MNVL,NSG6,FEROZPUR,NR,JAMMU,JAMMU AND KASHMIR
4033,MAZHOM,MZMA,NSG6,FEROZPUR,NR,BUDGAM,JAMMU AND KASHMIR
4034,MEGHRAJPURA,MGRP,NSG6,FEROZPUR,NR,KANGRA,HIMACHAL PRADESH
4035,MIRTHAL,MRTL,NSG6,FEROZPUR,NR,PATHANKOT,PUNJAB
4036,MODELGRAM,MG,NSG6,FEROZPUR,NR,LUDHIANA,PUNJAB
4037,MOGA,MOGA,NSG6,FEROZPUR,NR,MOGA,PUNJAB
4038,MULLANPUR,MLX,NSG6,FEROZPUR,NR,LUDHIANA,PUNJAB
4039,NAGROTA,NGRT,NSG6,FEROZPUR,NR,KANGRA,HIMACHAL PRADESH
4040,NAGROTA SURIYAN,NGRS,NSG6,FEROZPUR,NR,KANGRA,HIMACHAL PRADESH
4041,NANAKSAR,NNKR,NSG6,FEROZPUR,NR,LUDHIANA,PUNJAB
4042,NANDPUR BHATAULI,NDBT,NSG6,FEROZPUR,NR,KANGRA,HIMACHAL PRADESH
4043,NASRALA,NAS,NSG6,FEROZPUR,NR,HOSHIARPUR,PUNJAB
4044,NAWASHAHR DOABA JN.,NSS,NSG6,FEROZPUR,NR,SHAHID BHAGAT SINGH NAGAR,PUNJAB
4045,NURMAHAL,NRM,NSG6,FEROZPUR,NR,JALANDHAR,PUNJAB
4046,NURPUR ROAD,NUPR,NSG6,FEROZPUR,NR,KANGRA,HIMACHAL PRADESH
4047,PAJIAN,PJA,NSG6,FEROZPUR,NR,KAPURTHALA,PUNJAB
4048,PALAMPUR HIMACHAL,PLMX,NSG6,FEROZPUR,NR,KANGRA,HIMACHAL PRADESH
4049,PAMPORE,PMPE,NSG6,FEROZPUR,NR,PULWAMA,JAMMU AND KASHMIR
4050,PANCH RUKHI,PHRH,NSG6,FEROZPUR,NR,KANGRA,HIMACHAL PRADESH
4051,PANJGAM,PJGM,NSG6,FEROZPUR,NR,ANANTNAG,JAMMU AND KASHMIR
4052,PARMANAND,PMQ,NSG6,FEROZPUR,NR,PATHANKOT,PUNJAB
4053,PARTABPURA,PPB,NSG6,FEROZPUR,NR,JALANDHAR,PUNJAB
4054,PATTAN,PTTN,NSG6,FEROZPUR,NR,BARAMULLA,JAMMU AND KASHMIR
4055,PATTI,PAX,NSG6,FEROZPUR,NR,TARN TARAN,PUNJAB
4056,QADIAN,QDN,NSG6,FEROZPUR,NR,GURDASPUR,PUNJAB
4057,QUAZIGUND,QG,NSG6,FEROZPUR,NR,ANANTNAG,JAMMU AND KASHMIR
4058,RAHON,RHU,NSG6,FEROZPUR,NR,SHAHID BHAGAT SINGH NAGAR,PUNJAB
4059,RAMDAS,RDS,NSG6,FEROZPUR,NR,GURDASPUR,PUNJAB
4060,RAMNAGAR(J-K),RMJK,NSG6,FEROZPUR,NR,UDHAMPUR,JAMMU AND KASHMIR
4061,ROMANA ALBEL SINGH,RLS,NSG6,FEROZPUR,NR,FARIDKOT,PUNJAB
4062,RORANWALA,RRW,NSG6,FEROZPUR,NR,FAZILKA,PUNJAB
4063,SADURA,SDUA,NSG6,FEROZPUR,NR,ANANTNAG,JAMMU AND KASHMIR
4064,SAIDANWALA,SWX,NSG6,FEROZPUR,NR,FIROZEPUR,PUNJAB
4065,SAILA KHURD,SQJ,NSG6,FEROZPUR,NR,HOSHIARPUR,PUNJAB
4066,SAMLOTI,SMLT,NSG6,FEROZPUR,NR,KANGRA,HIMACHAL PRADESH
4067,SANAHWAL,SNL,NSG6,FEROZPUR,NR,LUDHIANA,PUNJAB
4068,SANGAR,SGR,NSG6,FEROZPUR,NR,JAMMU,JAMMU AND KASHMIR
4069,SHAM CHAURASI,SCQ,NSG6,FEROZPUR,NR,JALANDHAR,PUNJAB
4070,SHANKAR,SQK,NSG6,FEROZPUR,NR,JALANDHAR,PUNJAB
4071,SOHAL,SOHL,NSG6,FEROZPUR,NR,GURDASPUR,PUNJAB
4072,SOPORE,SXZM,NSG6,FEROZPUR,NR,BARAMULLA,JAMMU AND KASHMIR
4073,SRINAGAR,SINA,NSG6,FEROZPUR,NR,SRINAGAR,JAMMU AND KASHMIR
4074,SUCHIPIND HALT,SCPD,NSG6,FEROZPUR,NR,JALANDHAR,PUNJAB
4075,SUJANPUR,SJNP,NSG6,FEROZPUR,NR,PATHANKOT,PUNJAB
4076,SULAH HIMACHAL PRADE,SLHP,NSG6,FEROZPUR,NR,KANGRA,HIMACHAL PRADESH
4077,SULTANPUR LODI,SQR,NSG6,FEROZPUR,NR,KAPURTHALA,PUNJAB
4078,SURA NUSSI,SRX,NSG6,FEROZPUR,NR,JALANDHAR,PUNJAB
4079,TALARA,TLRA,NSG6,FEROZPUR,NR,KANGRA,HIMACHAL PRADESH
4080,TALWANDI,TWB,NSG6,FEROZPUR,NR,FIROZEPUR,PUNJAB
4081,TANDA-URMAR,TDO,NSG6,FEROZPUR,NR,HOSHIARPUR,PUNJAB
4082,TANGRA,TRA,NSG6,FEROZPUR,NR,AMRITSAR,PUNJAB
4083,TARN TARAN,TTO,NSG6,FEROZPUR,NR,TARN TARAN,PUNJAB
4084,THABALKE,TYK,NSG6,FEROZPUR,NR,JALANDHAR,PUNJAB
4085,UNCHI BASSI,UCB,NSG6,FEROZPUR,NR,HOSHIARPUR,PUNJAB
4086,VALTOHA,WLA,NSG6,FEROZPUR,NR,TARN TARAN,PUNJAB
4087,VERKA JN.,VKA,NSG6,FEROZPUR,NR,AMRITSAR,PUNJAB
4088,VIJAYPUR JAMMU,VJPJ,NSG6,FEROZPUR,NR,SAMBA,JAMMU AND KASHMIR
4089,BARSATHI,BSY,HG2,LUCKNOW,NR,JAUNPUR,UTTAR PRADESH
4090,DWARKAGANJ,DWJ,HG2,LUCKNOW,NR,SULTANPUR,UTTAR PRADESH
4091,JARAUNA,JUA,HG2,LUCKNOW,NR,JAUNPUR,UTTAR PRADESH
4092,ACHAL GANJ,ACH,HG3,LUCKNOW,NR,UNNAO,UTTAR PRADESH
4093,BAHAI HALT,BYQ,HG3,LUCKNOW,NR,RAE BARELI,UTTAR PRADESH
4094,BAISWARA,BSWA,HG3,LUCKNOW,NR,UNNAO,UTTAR PRADESH
4095,BAND HAMIRPUR,BAHP,HG3,LUCKNOW,NR,UNNAO,UTTAR PRADESH
4096,BARARA BUZURG,BRRZ,HG3,LUCKNOW,NR,RAE BARELI,UTTAR PRADESH
4097,BHANAUR,VNN,HG3,LUCKNOW,NR,JAUNPUR,UTTAR PRADESH
4098,BHUPIA MAU,VPO,HG3,LUCKNOW,NR,PRATAPGARH,UTTAR PRADESH
4099,CHANDA HALT,CHDA,HG3,LUCKNOW,NR,SULTANPUR,UTTAR PRADESH
4100,CHAURE BAZAR,CHBR,HG3,LUCKNOW,NR,AYODHYA,UTTAR PRADESH
4101,DAYALPUR,DLPR,HG3,LUCKNOW,NR,PRAYAGRAJ,UTTAR PRADESH
4102,DHIRGANJ,DHRJ,HG3,LUCKNOW,NR,PRATAPGARH,UTTAR PRADESH
4103,INDEMAU,IDM,HG3,LUCKNOW,NR,UNNAO,UTTAR PRADESH
4104,ISHARDASPUR,IDS,HG3,LUCKNOW,NR,RAE BARELI,UTTAR PRADESH
4105,KAJGAON TERHWAN HALT,KJTW,HG3,LUCKNOW,NR,JAUNPUR,UTTAR PRADESH
4106,KATWAR BAZAR,KWBR,HG3,LUCKNOW,NR,JAUNPUR,UTTAR PRADESH
4107,KORARI,KURO,HG3,LUCKNOW,NR,UNNAO,UTTAR PRADESH
4108,KULHA HALT,KULH,HG3,LUCKNOW,NR,UNNAO,UTTAR PRADESH
4109,MALETHU KANAK,MEQ,HG3,LUCKNOW,NR,AYODHYA,UTTAR PRADESH
4110,MANIKALAN HALT,MNKN,HG3,LUCKNOW,NR,JAUNPUR,UTTAR PRADESH
4111,MANJHLEPUR,MNJR,HG3,LUCKNOW,NR,RAE BARELI,UTTAR PRADESH
4112,NIHASTA HALT,NHF,HG3,LUCKNOW,NR,RAE BARELI,UTTAR PRADESH
4113,NIMA GOPALPUR HALT,NIMG,HG3,LUCKNOW,NR,PRATAPGARH,UTTAR PRADESH
4114,PINDRA ROAD,PDRD,HG3,LUCKNOW,NR,VARANASI,UTTAR PRADESH
4115,RADHA BALAMPUR,RDV,HG3,LUCKNOW,NR,RAE BARELI,UTTAR PRADESH
4116,RAM CHANDERPUR,RCP,HG3,LUCKNOW,NR,RAE BARELI,UTTAR PRADESH
4117,RAMGANJ,RMGJ,HG3,LUCKNOW,NR,AMETHI,UTTAR PRADESH
4118,SAHAJIPUR HALT,SHJP,HG3,LUCKNOW,NR,AMETHI,UTTAR PRADESH
4119,SALKHAPUR,SAF,HG3,LUCKNOW,NR,JAUNPUR,UTTAR PRADESH
4120,SHUDNIPUR,SPPR,HG3,LUCKNOW,NR,JAUNPUR,UTTAR PRADESH
4121,SURAJKUNDA,SRJK,HG3,LUCKNOW,NR,RAE BARELI,UTTAR PRADESH
4122,TIKAULI RAWATPUR,TKRP,HG3,LUCKNOW,NR,UNNAO,UTTAR PRADESH
4123,WARIGAON NEWADA HALT,WRGN,HG3,LUCKNOW,NR,JAUNPUR,UTTAR PRADESH
4124,WARISGANJ HALT,WGJ,HG3,LUCKNOW,NR,AMETHI,UTTAR PRADESH
4125,LUCKNOW JN.,LKO,NSG2,LUCKNOW,NR,LUCKNOW,UTTAR PRADESH
4126,VARANASI JN.,BSB,NSG2,LUCKNOW,NR,VARANASI,UTTAR PRADESH
4127,AKBARPUR JN.,ABP,NSG3,LUCKNOW,NR,AMBEDKAR NAGAR,UTTAR PRADESH
4128,AYODHYA CANTT,AYC,NSG3,LUCKNOW,NR,AYODHYA,UTTAR PRADESH
4129,FAIZABAD JN.,FD,NSG3,LUCKNOW,NR,AYODHYA,UTTAR PRADESH
4130,JAUNPUR JN.,JNU,NSG3,LUCKNOW,NR,JAUNPUR,UTTAR PRADESH
4131,PARTAPGARH JN.,PBH,NSG3,LUCKNOW,NR,PRATAPGARH,UTTAR PRADESH
4132,RAE BARELI JN.,RBL,NSG3,LUCKNOW,NR,RAE BARELI,UTTAR PRADESH
4133,SHAHGANJ JN.,SHG,NSG3,LUCKNOW,NR,JAUNPUR,UTTAR PRADESH
4134,SULTANPUR JN.,SLN,NSG3,LUCKNOW,NR,SULTANPUR,UTTAR PRADESH
4135,AMETHI,AME,NSG4,LUCKNOW,NR,AMETHI,UTTAR PRADESH
4136,AYODHYA,AY,NSG4,LUCKNOW,NR,AYODHYA,UTTAR PRADESH
4137,BARABANKI JN.,BBK,NSG4,LUCKNOW,NR,BARABANKI,UTTAR PRADESH
4138,BHADOHI,BOY,NSG4,LUCKNOW,NR,BHADOHI,UTTAR PRADESH
4139,JANGHAI JN.,JNH,NSG4,LUCKNOW,NR,JAUNPUR,UTTAR PRADESH
4140,JAUNPUR CITY,JOP,NSG4,LUCKNOW,NR,JAUNPUR,UTTAR PRADESH
4141,PRAYAG JN.,PRG,NSG4,LUCKNOW,NR,PRAYAGRAJ,UTTAR PRADESH
4142,UNNAO JN.,ON,NSG4,LUCKNOW,NR,UNNAO,UTTAR PRADESH
4143,ALAM NAGAR,AMG,NSG5,LUCKNOW,NR,LUCKNOW,UTTAR PRADESH
4144,BACHHRAWN,BCN,NSG5,LUCKNOW,NR,RAE BARELI,UTTAR PRADESH
4145,BADSHAHPUR,BSE,NSG5,LUCKNOW,NR,JAUNPUR,UTTAR PRADESH
4146,DARYABAD,DYD,NSG5,LUCKNOW,NR,BARABANKI,UTTAR PRADESH
4147,GAURIGANJ,GNG,NSG5,LUCKNOW,NR,AMETHI,UTTAR PRADESH
4148,GOSHAINGANJ,GGJ,NSG5,LUCKNOW,NR,AYODHYA,UTTAR PRADESH
4149,JAIS,JAIS,NSG5,LUCKNOW,NR,AMETHI,UTTAR PRADESH
4150,KASHI,KEI,NSG5,LUCKNOW,NR,VARANASI,UTTAR PRADESH
4151,KUNDA HARNAMGANJ,KHNM,NSG5,LUCKNOW,NR,PRATAPGARH,UTTAR PRADESH
4152,LALGANJ,LLJ,NSG5,LUCKNOW,NR,RAE BARELI,UTTAR PRADESH
4153,LALGOPALGANJ,LGO,NSG5,LUCKNOW,NR,PRATAPGARH,UTTAR PRADESH
4154,LAMBHUA,LBA,NSG5,LUCKNOW,NR,SULTANPUR,UTTAR PRADESH
4155,MALIPUR,MLPR,NSG5,LUCKNOW,NR,AMBEDKAR NAGAR,UTTAR PRADESH
4156,MARIAHU,MAY,NSG5,LUCKNOW,NR,JAUNPUR,UTTAR PRADESH
4157,MUSAFIRKHANA,MFKA,NSG5,LUCKNOW,NR,AMETHI,UTTAR PRADESH
4158,NIHALGARH,NHH,NSG5,LUCKNOW,NR,AMETHI,UTTAR PRADESH
4159,PHAPHAMAU JN.,PFM,NSG5,LUCKNOW,NR,PRAYAGRAJ,UTTAR PRADESH
4160,PHULPUR,PLP,NSG5,LUCKNOW,NR,PRAYAGRAJ,UTTAR PRADESH
4161,RUDAULI,RDL,NSG5,LUCKNOW,NR,AYODHYA,UTTAR PRADESH
4162,SRI KRISHNA NAGAR,SKN,NSG5,LUCKNOW,NR,JAUNPUR,UTTAR PRADESH
4163,SURIAWAN,SAW,NSG5,LUCKNOW,NR,BHADOHI,UTTAR PRADESH
4164,UNCHAHAR JN.,UCR,NSG5,LUCKNOW,NR,RAE BARELI,UTTAR PRADESH
4165,ZAFARABAD JN.,ZBD,NSG5,LUCKNOW,NR,JAUNPUR,UTTAR PRADESH
4166,ACHARYA NARENDRA DEV,ACND,NSG6,LUCKNOW,NR,AYODHYA,UTTAR PRADESH
4167,ADHINPUR,AHZ,NSG6,LUCKNOW,NR,AMETHI,UTTAR PRADESH
4168,AJGAIN,AJ,NSG6,LUCKNOW,NR,UNNAO,UTTAR PRADESH
4169,AKBAR GANJ,AKJ,NSG6,LUCKNOW,NR,AMETHI,UTTAR PRADESH
4170,AMAUSI,AMS,NSG6,LUCKNOW,NR,LUCKNOW,UTTAR PRADESH
4171,ANTU,ANTU,NSG6,LUCKNOW,NR,PRATAPGARH,UTTAR PRADESH
4172,ANUPGANJ,APG,NSG6,LUCKNOW,NR,LUCKNOW,UTTAR PRADESH
4173,ATRAMPUR,ARP,NSG6,LUCKNOW,NR,PRAYAGRAJ,UTTAR PRADESH
4174,BABATPUR,BTP,NSG6,LUCKNOW,NR,VARANASI,UTTAR PRADESH
4175,BAKHSHA,BKSA,NSG6,LUCKNOW,NR,JAUNPUR,UTTAR PRADESH
4176,BAKKAS,BKKS,NSG6,LUCKNOW,NR,LUCKNOW,UTTAR PRADESH
4177,BANDHUA KALAN,BDKN,NSG6,LUCKNOW,NR,SULTANPUR,UTTAR PRADESH
4178,BANI,BANI,NSG6,LUCKNOW,NR,RAE BARELI,UTTAR PRADESH
4179,BARAGAON,BNM,NSG6,LUCKNOW,NR,AYODHYA,UTTAR PRADESH
4180,BARYA RAM,BYHA,NSG6,LUCKNOW,NR,PRAYAGRAJ,UTTAR PRADESH
4181,BHADAIYAN,BDIN,NSG6,LUCKNOW,NR,SULTANPUR,UTTAR PRADESH
4182,BHADRI,BHDR,NSG6,LUCKNOW,NR,PRATAPGARH,UTTAR PRADESH
4183,BHARATKUND,BTKD,NSG6,LUCKNOW,NR,AYODHYA,UTTAR PRADESH
4184,BIGHAPUR,BQP,NSG6,LUCKNOW,NR,UNNAO,UTTAR PRADESH
4185,BILHAR GHAT,BLG,NSG6,LUCKNOW,NR,AYODHYA,UTTAR PRADESH
4186,BILWAI,BWI,NSG6,LUCKNOW,NR,SULTANPUR,UTTAR PRADESH
4187,BIRAPATTI,BRPT,NSG6,LUCKNOW,NR,VARANASI,UTTAR PRADESH
4188,BISHNATH GANJ,BTJ,NSG6,LUCKNOW,NR,PRATAPGARH,UTTAR PRADESH
4189,CHAUBISI,CHBS,NSG6,LUCKNOW,NR,BARABANKI,UTTAR PRADESH
4190,CHAUKHANDI,CHH,NSG6,LUCKNOW,NR,VARANASI,UTTAR PRADESH
4191,CHHANDRAULI,CDRL,NSG6,LUCKNOW,NR,BARABANKI,UTTAR PRADESH
4192,CHILBILA JN.,CIL,NSG6,LUCKNOW,NR,PRATAPGARH,UTTAR PRADESH
4193,DALMAU JN.,DMW,NSG6,LUCKNOW,NR,RAE BARELI,UTTAR PRADESH
4194,DANDUPUR,DND,NSG6,LUCKNOW,NR,PRATAPGARH,UTTAR PRADESH
4195,DARSHANNAGAR,DRG,NSG6,LUCKNOW,NR,AYODHYA,UTTAR PRADESH
4196,DARYAPUR,DYP,NSG6,LUCKNOW,NR,RAE BARELI,UTTAR PRADESH
4197,DEORAKOT,DELO,NSG6,LUCKNOW,NR,AYODHYA,UTTAR PRADESH
4198,FURSATGANJ,FTG,NSG6,LUCKNOW,NR,AMETHI,UTTAR PRADESH
4199,GANGAGANJ,GANG,NSG6,LUCKNOW,NR,RAE BARELI,UTTAR PRADESH
4200,GARHI MANIKPUR,GRMR,NSG6,LUCKNOW,NR,PRATAPGARH,UTTAR PRADESH
4201,GAURA,GRX,NSG6,LUCKNOW,NR,PRATAPGARH,UTTAR PRADESH
4202,GAURIYAMAU,GMU,NSG6,LUCKNOW,NR,AYODHYA,UTTAR PRADESH
4203,HAIDERGARH,HGH,NSG6,LUCKNOW,NR,BARABANKI,UTTAR PRADESH
4204,HARAUNI,HRN,NSG6,LUCKNOW,NR,LUCKNOW,UTTAR PRADESH
4205,HARCHANDPUR,HCP,NSG6,LUCKNOW,NR,RAE BARELI,UTTAR PRADESH
4206,HARPALGANJ,HRPG,NSG6,LUCKNOW,NR,JAUNPUR,UTTAR PRADESH
4207,JAFARGANJ,JFG,NSG6,LUCKNOW,NR,AMBEDKAR NAGAR,UTTAR PRADESH
4208,JAGESHARGANJ,JGJ,NSG6,LUCKNOW,NR,PRATAPGARH,UTTAR PRADESH
4209,JAITIPUR,JTU,NSG6,LUCKNOW,NR,UNNAO,UTTAR PRADESH
4210,JALALGANJ,JLL,NSG6,LUCKNOW,NR,JAUNPUR,UTTAR PRADESH
4211,JALALPUR-DHAI,JPD,NSG6,LUCKNOW,NR,RAE BARELI,UTTAR PRADESH
4212,JUGAUR,JRR,NSG6,LUCKNOW,NR,LUCKNOW,UTTAR PRADESH
4213,KANKAHA,KKAH,NSG6,LUCKNOW,NR,LUCKNOW,UTTAR PRADESH
4214,KANPUR LEFT BANK BRIDGE,CPB,NSG6,LUCKNOW,NR,UNNAO,UTTAR PRADESH
4215,KAPSETHI,KEH,NSG6,LUCKNOW,NR,VARANASI,UTTAR PRADESH
4216,KASIMPUR HALT,KCJ,NSG6,LUCKNOW,NR,AMETHI,UTTAR PRADESH
4217,KATAHRI,KTHE,NSG6,LUCKNOW,NR,AMBEDKAR NAGAR,UTTAR PRADESH
4218,KHAJURHAT,KJA,NSG6,LUCKNOW,NR,AYODHYA,UTTAR PRADESH
4219,KHALISPUR,KSF,NSG6,LUCKNOW,NR,VARANASI,UTTAR PRADESH
4220,KHETA SARAI,KS,NSG6,LUCKNOW,NR,JAUNPUR,UTTAR PRADESH
4221,KHUNDAUR,KDF,NSG6,LUCKNOW,NR,PRATAPGARH,UTTAR PRADESH
4222,KOIRIPUR,KEPR,NSG6,LUCKNOW,NR,SULTANPUR,UTTAR PRADESH
4223,KUNDANGANJ,KVG,NSG6,LUCKNOW,NR,RAE BARELI,UTTAR PRADESH
4224,KURBHAR,KBE,NSG6,LUCKNOW,NR,SULTANPUR,UTTAR PRADESH
4225,KUSUMBHI,KVX,NSG6,LUCKNOW,NR,UNNAO,UTTAR PRADESH
4226,LACHHMANPUR,LMN,NSG6,LUCKNOW,NR,RAE BARELI,UTTAR PRADESH
4227,LOHTA,LOT,NSG6,LUCKNOW,NR,VARANASI,UTTAR PRADESH
4228,MAA BRAHI Devi DHAM,MBDD,NSG6,LUCKNOW,NR,PRATAPGARH,UTTAR PRADESH
4229,MAGARWARA,MGW,NSG6,LUCKNOW,NR,UNNAO,UTTAR PRADESH
4230,MAHARANI PACHCHIM,MWP,NSG6,LUCKNOW,NR,SULTANPUR,UTTAR PRADESH
4231,MAHGAWAN HALT,MGWN,NSG6,LUCKNOW,NR,JAUNPUR,UTTAR PRADESH
4232,MALHOUR,ML,NSG6,LUCKNOW,NR,LUCKNOW,UTTAR PRADESH
4233,MANAK NAGAR,MKG,NSG6,LUCKNOW,NR,LUCKNOW,UTTAR PRADESH
4234,MASODHA,MSOD,NSG6,LUCKNOW,NR,AYODHYA,UTTAR PRADESH
4235,MAU AIMMA,MEM,NSG6,LUCKNOW,NR,PRAYAGRAJ,UTTAR PRADESH
4236,MIHRAWAN,MIH,NSG6,LUCKNOW,NR,JAUNPUR,UTTAR PRADESH
4237,MISHRAULI,MFL,NSG6,LUCKNOW,NR,AMETHI,UTTAR PRADESH
4238,MOHANLALGANJ,MLJ,NSG6,LUCKNOW,NR,LUCKNOW,UTTAR PRADESH
4239,MONDH,MOF,NSG6,LUCKNOW,NR,BHADOHI,UTTAR PRADESH
4240,NIBHAPUR,NBP,NSG6,LUCKNOW,NR,JAUNPUR,UTTAR PRADESH
4241,NIGOHAN,NHN,NSG6,LUCKNOW,NR,LUCKNOW,UTTAR PRADESH
4242,PAKHRAULI,PKX,NSG6,LUCKNOW,NR,SULTANPUR,UTTAR PRADESH
4243,PARIAWAN KALAKANKAR,PQN,NSG6,LUCKNOW,NR,PRATAPGARH,UTTAR PRADESH
4244,PARSIPUR,PRF,NSG6,LUCKNOW,NR,BHADOHI,UTTAR PRADESH
4245,PATRANGA,PTH,NSG6,LUCKNOW,NR,AYODHYA,UTTAR PRADESH
4246,PIPARPUR,PPU,NSG6,LUCKNOW,NR,AMETHI,UTTAR PRADESH
4247,PIPARSAND,POF,NSG6,LUCKNOW,NR,LUCKNOW,UTTAR PRADESH
4248,PIRTHIGANJ,PHV,NSG6,LUCKNOW,NR,PRATAPGARH,UTTAR PRADESH
4249,PRAYAGRAJ SANGAM,PYGS,NSG6,LUCKNOW,NR,PRAYAGRAJ,UTTAR PRADESH
4250,RAGHURAJ SINGH,RRS,NSG6,LUCKNOW,NR,RAE BARELI,UTTAR PRADESH
4251,RAHMAT NAGAR,RMNR,NSG6,LUCKNOW,NR,LUCKNOW,UTTAR PRADESH
4252,RAM CHAURA ROAD,RMC,NSG6,LUCKNOW,NR,PRAYAGRAJ,UTTAR PRADESH
4253,RASAULI,RES,NSG6,LUCKNOW,NR,BARABANKI,UTTAR PRADESH
4254,RAUZAGAON,RZN,NSG6,LUCKNOW,NR,AYODHYA,UTTAR PRADESH
4255,RUPAMAU,RUM,NSG6,LUCKNOW,NR,RAE BARELI,UTTAR PRADESH
4256,SAFDARGANJ,SGJ,NSG6,LUCKNOW,NR,BARABANKI,UTTAR PRADESH
4257,SAFEDABAD,SFH,NSG6,LUCKNOW,NR,BARABANKI,UTTAR PRADESH
4258,SAIDKHANPUR,SYK,NSG6,LUCKNOW,NR,BARABANKI,UTTAR PRADESH
4259,SALARPUR,SLRP,NSG6,LUCKNOW,NR,AYODHYA,UTTAR PRADESH
4260,SARAI CHANDI,SYC,NSG6,LUCKNOW,NR,PRAYAGRAJ,UTTAR PRADESH
4261,SARAI GOPAL,SPGL,NSG6,LUCKNOW,NR,PRAYAGRAJ,UTTAR PRADESH
4262,SARAI HARKHU,SVZ,NSG6,LUCKNOW,NR,JAUNPUR,UTTAR PRADESH
4263,SARAI KANSRAI,SQN,NSG6,LUCKNOW,NR,BHADOHI,UTTAR PRADESH
4264,SARKONI,SIQ,NSG6,LUCKNOW,NR,JAUNPUR,UTTAR PRADESH
4265,SEWAPURI,SWPR,NSG6,LUCKNOW,NR,VARANASI,UTTAR PRADESH
4266,SHIUPUR,SOP,NSG6,LUCKNOW,NR,VARANASI,UTTAR PRADESH
4267,SHIVNAGAR,SHNG,NSG6,LUCKNOW,NR,SULTANPUR,UTTAR PRADESH
4268,SHRIRAJNAGAR,SAGR,NSG6,LUCKNOW,NR,RAE BARELI,UTTAR PRADESH
4269,SINDURWA,SYW,NSG6,LUCKNOW,NR,AMETHI,UTTAR PRADESH
4270,SIWAITH,SWE,NSG6,LUCKNOW,NR,PRAYAGRAJ,UTTAR PRADESH
4271,SOHWAL,SLW,NSG6,LUCKNOW,NR,AYODHYA,UTTAR PRADESH
4272,SONIK,SIC,NSG6,LUCKNOW,NR,UNNAO,UTTAR PRADESH
4273,SUWANSA,SWS,NSG6,LUCKNOW,NR,PRATAPGARH,UTTAR PRADESH
4274,TAKIA,TQA,NSG6,LUCKNOW,NR,UNNAO,UTTAR PRADESH
4275,TALAKHAJURI,TLKH,NSG6,LUCKNOW,NR,SULTANPUR,UTTAR PRADESH
4276,THARWAI,THW,NSG6,LUCKNOW,NR,PRAYAGRAJ,UTTAR PRADESH
4277,TRILOCHAN MAHADEO,TLMD,NSG6,LUCKNOW,NR,JAUNPUR,UTTAR PRADESH
4278,TRIVEDIGANJ,TEG,NSG6,LUCKNOW,NR,BARABANKI,UTTAR PRADESH
4279,TULSI NAGAR HALT,TLGR,NSG6,LUCKNOW,NR,SULTANPUR,UTTAR PRADESH
4280,UBARNI,UBN,NSG6,LUCKNOW,NR,RAE BARELI,UTTAR PRADESH
4281,UGRASENPUR,URPR,NSG6,LUCKNOW,NR,PRAYAGRAJ,UTTAR PRADESH
4282,ULNA BHARI,ULN,NSG6,LUCKNOW,NR,AYODHYA,UTTAR PRADESH
4283,UTRAITIA JN.,UTR,NSG6,LUCKNOW,NR,LUCKNOW,UTTAR PRADESH
4284,VYASANAGAR,VYN,NSG6,LUCKNOW,NR,CHANDAULI,UTTAR PRADESH
4285,ADHYATMIK NAGAR HALT,AKNR,HG3,MORADABAD,NR,GHAZIABAD,UTTAR PRADESH
4286,AMHERA HALT,ARH,HG3,MORADABAD,NR,BIJNOR,UTTAR PRADESH
4287,ARSENI,ASI,HG3,MORADABAD,NR,HARDOI,UTTAR PRADESH
4288,ATWA KURSATH,ATKS,HG3,MORADABAD,NR,HARDOI,UTTAR PRADESH
4289,ATWA MUTHIA HALT,ATW,HG3,MORADABAD,NR,HARDOI,UTTAR PRADESH
4290,BAGARPUR HALT,BGRR,HG3,MORADABAD,NR,BIJNOR,UTTAR PRADESH
4291,BAHADURPUR,BHDH,HG3,MORADABAD,NR,SHAHJAHANPUR,UTTAR PRADESH
4292,BAKAINA HALT,BKNA,HG3,MORADABAD,NR,BIJNOR,UTTAR PRADESH
4293,BARADEV,BRDV,HG3,MORADABAD,NR,UNNAO,UTTAR PRADESH
4294,BHAKRAULI,BHKL,HG3,MORADABAD,NR,SAMBHAL,UTTAR PRADESH
4295,BURMI HALT,BRMX,HG3,MORADABAD,NR,SITAPUR,UTTAR PRADESH
4296,CHAKKALI LAI HALT,CKLT,HG3,MORADABAD,NR,AMROHA,UTTAR PRADESH
4297,CHANDSARA HALT,CXA,HG3,MORADABAD,NR,MEERUT,UTTAR PRADESH
4298,CHAPRAWAT HALT,CHWT,HG3,MORADABAD,NR,BULANDSHAHR,UTTAR PRADESH
4299,CHUCHELA KALAN HALT,CLKN,HG3,MORADABAD,NR,AMROHA,UTTAR PRADESH
4300,DHARAMPUR HALT,DMPR,HG3,MORADABAD,NR,BULANDSHAHR,UTTAR PRADESH
4301,FARHANTNAGAR,FRH,HG3,MORADABAD,NR,HARDOI,UTTAR PRADESH
4302,FARHEDI HALT,FRD,HG3,MORADABAD,NR,MORADABAD,UTTAR PRADESH
4303,FATEHPUR CHAURASI,FTC,HG3,MORADABAD,NR,UNNAO,UTTAR PRADESH
4304,GAJU HALT,GAJU,HG3,MORADABAD,NR,HARDOI,UTTAR PRADESH
4305,GANJ MURADABAD,GJMB,HG3,MORADABAD,NR,UNNAO,UTTAR PRADESH
4306,GAUNTRA,GNTR,HG3,MORADABAD,NR,HARDOI,UTTAR PRADESH
4307,GHAUSGANJ,GSGJ,HG3,MORADABAD,NR,HARDOI,UTTAR PRADESH
4308,GHORI HALT,GHRI,HG3,MORADABAD,NR,SITAPUR,UTTAR PRADESH
4309,GODHA,GDHA,HG3,MORADABAD,NR,ALIGARH,UTTAR PRADESH
4310,JHALRA HALT,JHH,HG3,MORADABAD,NR,BIJNOR,UTTAR PRADESH
4311,KAILI,KALI,HG3,MORADABAD,NR,MEERUT,UTTAR PRADESH
4312,KARNA,KAR,HG3,MORADABAD,NR,HARDOI,UTTAR PRADESH
4313,KASTLA-KASMABAD HALT,KKMB,HG3,MORADABAD,NR,GHAZIABAD,UTTAR PRADESH
4314,KHARI - JHALU,KJLU,HG3,MORADABAD,NR,BIJNOR,UTTAR PRADESH
4315,KUAKHERA HALT,KZS,HG3,MORADABAD,NR,MORADABAD,UTTAR PRADESH
4316,MAJHAULA HALT,MJHL,HG3,MORADABAD,NR,SAMBHAL,UTTAR PRADESH
4317,METHI TIKUR,METR,HG3,MORADABAD,NR,UNNAO,UTTAR PRADESH
4318,NERI,NERI,HG3,MORADABAD,NR,SITAPUR,UTTAR PRADESH
4319,NURNAGAR HALT,NRNR,HG3,MORADABAD,NR,MEERUT,UTTAR PRADESH
4320,PATHAKPUR,PHX,HG3,MORADABAD,NR,SAMBHAL,UTTAR PRADESH
4321,PATIYARA,PTYR,HG3,MORADABAD,NR,UNNAO,UTTAR PRADESH
4322,PURWA KHERA,PRKE,HG3,MORADABAD,NR,BUDAUN,UTTAR PRADESH
4323,SHAHJAHANPUR KUTCHERY,SXK,HG3,MORADABAD,NR,SHAHJAHANPUR,UTTAR PRADESH
4324,SHARMA HALT,SHRM,HG3,MORADABAD,NR,HARDOI,UTTAR PRADESH
4325,SHERPUR,SEPR,HG3,MORADABAD,NR,AMROHA,UTTAR PRADESH
4326,SIRSI MUKHDUMPUR,SRMP,HG3,MORADABAD,NR,SAMBHAL,UTTAR PRADESH
4327,SISAUNA,SISN,HG3,MORADABAD,NR,BIJNOR,UTTAR PRADESH
4328,Sitapur Kutchery Halt,STRK,HG3,MORADABAD,NR,SITAPUR,UTTAR PRADESH
4329,SUAHERI HALT,SXQ,HG3,MORADABAD,NR,BIJNOR,UTTAR PRADESH
4330,SUNEHTI KHARKHARI HA,SNKE,HG3,MORADABAD,NR,MORADABAD,UTTAR PRADESH
4331,SUNMAI HALT,SUNM,HG3,MORADABAD,NR,ALIGARH,UTTAR PRADESH
4332,UGU,UGU,HG3,MORADABAD,NR,UNNAO,UTTAR PRADESH
4333,HARIDWAR JN.,HW,NSG2,MORADABAD,NR,HARIDWAR,UTTARAKHAND
4334,BAREILLY JN.,BE,NSG3,MORADABAD,NR,BAREILLY,UTTAR PRADESH
4335,DEHRA DUN,DDN,NSG3,MORADABAD,NR,DEHRADUN,UTTARAKHAND
4336,HARDOI,HRI,NSG3,MORADABAD,NR,HARDOI,UTTAR PRADESH
4337,MORADABAD JN.,MB,NSG3,MORADABAD,NR,MORADABAD,UTTAR PRADESH
4338,ROORKEE,RK,NSG3,MORADABAD,NR,HARIDWAR,UTTARAKHAND
4339,SHAHJAHANPUR JN.,SPN,NSG3,MORADABAD,NR,SHAHJAHANPUR,UTTAR PRADESH
4340,AMROHA,AMRO,NSG4,MORADABAD,NR,AMROHA,UTTAR PRADESH
4341,CHANDAUSI JN.,CH,NSG4,MORADABAD,NR,SAMBHAL,UTTAR PRADESH
4342,HAPUR JN.,HPU,NSG4,MORADABAD,NR,HAPUR,UTTAR PRADESH
4343,NAJIBABAD JN.,NBD,NSG4,MORADABAD,NR,BIJNOR,UTTAR PRADESH
4344,RAMPUR,RMU,NSG4,MORADABAD,NR,RAMPUR,UTTAR PRADESH
4345,ANJI SHAHABAD,AJI,NSG5,MORADABAD,NR,HARDOI,UTTAR PRADESH
4346,AONLA,AO,NSG5,MORADABAD,NR,BAREILLY,UTTAR PRADESH
4347,BABRALA,BBA,NSG5,MORADABAD,NR,SAMBHAL,UTTAR PRADESH
4348,BALAMAU JN.,BLM,NSG5,MORADABAD,NR,HARDOI,UTTAR PRADESH
4349,BIJNOR,BJO,NSG5,MORADABAD,NR,BIJNOR,UTTAR PRADESH
4350,BISHARATGANJ,BTG,NSG5,MORADABAD,NR,BAREILLY,UTTAR PRADESH
4351,BULANDSHAHR,BSC,NSG5,MORADABAD,NR,BULANDSHAHR,UTTAR PRADESH
4352,CHANDPUR SIAU HALT,CPS,NSG5,MORADABAD,NR,BIJNOR,UTTAR PRADESH
4353,DABTARA,DUB,NSG5,MORADABAD,NR,BUDAUN,UTTAR PRADESH
4354,DHAMPUR .,DPR,NSG5,MORADABAD,NR,BIJNOR,UTTAR PRADESH
4355,GAJRAULA JN.,GJL,NSG5,MORADABAD,NR,AMROHA,UTTAR PRADESH
4356,GARHMUKTESAR,GMS,NSG5,MORADABAD,NR,HAPUR,UTTAR PRADESH
4357,HALDAUR,HLDR,NSG5,MORADABAD,NR,BIJNOR,UTTAR PRADESH
4358,KOTDWARA,KTW,NSG5,MORADABAD,NR,PAURI GARHWAL,UTTARAKHAND
4359,LAKSAR JN.,LRJ,NSG5,MORADABAD,NR,HARIDWAR,UTTARAKHAND
4360,NAGINA,NGG,NSG5,MORADABAD,NR,BIJNOR,UTTAR PRADESH
4361,PILKHUA,PKW,NSG5,MORADABAD,NR,HAPUR,UTTAR PRADESH
4362,PITAMBARPUR,PMR,NSG5,MORADABAD,NR,BAREILLY,UTTAR PRADESH
4363,RAIWALA JN.,RWL,NSG5,MORADABAD,NR,DEHRADUN,UTTARAKHAND
4364,RISHIKESH,RKSH,NSG5,MORADABAD,NR,DEHRADUN,UTTARAKHAND
4365,SANDILA,SAN,NSG5,MORADABAD,NR,HARDOI,UTTAR PRADESH
4366,SEOHARA,SEO,NSG5,MORADABAD,NR,BIJNOR,UTTAR PRADESH
4367,SITAPUR CITY JN,SPC,NSG5,MORADABAD,NR,SITAPUR,UTTAR PRADESH
4368,TILHAR,TLH,NSG5,MORADABAD,NR,SHAHJAHANPUR,UTTAR PRADESH
4369,YOG N RISHIKESH,YNRK,NSG5,MORADABAD,NR,DEHRADUN,UTTARAKHAND
4370,AGHWANPUR,AWP,NSG6,MORADABAD,NR,MORADABAD,UTTAR PRADESH
4371,AIGAWAN,AIG,NSG6,MORADABAD,NR,HARDOI,UTTAR PRADESH
4372,AITHAL,ATMO,NSG6,MORADABAD,NR,HARIDWAR,UTTARAKHAND
4373,ASAFPUR,AFR,NSG6,MORADABAD,NR,BUDAUN,UTTAR PRADESH
4374,ATRAULI ROAD,AUR,NSG6,MORADABAD,NR,ALIGARH,UTTAR PRADESH
4375,BABUGARH,BBO,NSG6,MORADABAD,NR,HAPUR,UTTAR PRADESH
4376,BAGHAULI,BGH,NSG6,MORADABAD,NR,HARDOI,UTTAR PRADESH
4377,BAHJOI,BJ,NSG6,MORADABAD,NR,SAMBHAL,UTTAR PRADESH
4378,BALAWALI,BLW,NSG6,MORADABAD,NR,BIJNOR,UTTAR PRADESH
4379,BALIAKHERI,BAE,NSG6,MORADABAD,NR,SAHARANPUR,UTTAR PRADESH
4380,BANGARMAU,BGMU,NSG6,MORADABAD,NR,UNNAO,UTTAR PRADESH
4381,BANTHRA,BTRA,NSG6,MORADABAD,NR,SHAHJAHANPUR,UTTAR PRADESH
4382,BARAL,BARL,NSG6,MORADABAD,NR,BULANDSHAHR,UTTAR PRADESH
4383,BAREILLY CANTT. Jn.,BRYC,NSG6,MORADABAD,NR,BAREILLY,UTTAR PRADESH
4384,BASI KIRATPUR,BSKR,NSG6,MORADABAD,NR,BIJNOR,UTTAR PRADESH
4385,BEHTAGOKAL,BEG,NSG6,MORADABAD,NR,HARDOI,UTTAR PRADESH
4386,BENIGANJ,BEJ,NSG6,MORADABAD,NR,HARDOI,UTTAR PRADESH
4387,BHITAURA,BTO,NSG6,MORADABAD,NR,BAREILLY,UTTAR PRADESH
4388,BILPUR,BLPU,NSG6,MORADABAD,NR,BAREILLY,UTTAR PRADESH
4389,BUNDKI,BEK,NSG6,MORADABAD,NR,BIJNOR,UTTAR PRADESH
4390,CHAKRAJ MAL,CAJ,NSG6,MORADABAD,NR,BIJNOR,UTTAR PRADESH
4391,CHANDOK,CNK,NSG6,MORADABAD,NR,BIJNOR,UTTAR PRADESH
4392,CHODIALA,CDL,NSG6,MORADABAD,NR,HARIDWAR,UTTARAKHAND
4393,CLUTTERBUCKGANJ,CBJ,NSG6,MORADABAD,NR,BAREILLY,UTTAR PRADESH
4394,DALELNAGAR,DLQ,NSG6,MORADABAD,NR,HARDOI,UTTAR PRADESH
4395,DALPATPUR,DLP,NSG6,MORADABAD,NR,MORADABAD,UTTAR PRADESH
4396,DANDHERA,DNRA,NSG6,MORADABAD,NR,HARIDWAR,UTTARAKHAND
4397,DASNA,DS,NSG6,MORADABAD,NR,GHAZIABAD,UTTAR PRADESH
4398,DAUSNI,DSNI,NSG6,MORADABAD,NR,HARIDWAR,UTTARAKHAND
4399,DHAMORA,DAM,NSG6,MORADABAD,NR,RAMPUR,UTTAR PRADESH
4400,DHANARI,DN,NSG6,MORADABAD,NR,SAMBHAL,UTTAR PRADESH
4401,DHANETA,DAN,NSG6,MORADABAD,NR,BAREILLY,UTTAR PRADESH
4402,DIBAI,DIB,NSG6,MORADABAD,NR,BULANDSHAHR,UTTAR PRADESH
4403,DILAWARNAGAR,DIL,NSG6,MORADABAD,NR,LUCKNOW,UTTAR PRADESH
4404,DOIWALA,DWO,NSG6,MORADABAD,NR,DEHRADUN,UTTARAKHAND
4405,DUGANPUR,DUN,NSG6,MORADABAD,NR,RAMPUR,UTTAR PRADESH
4406,FAZALPUR,FZL,NSG6,MORADABAD,NR,BIJNOR,UTTAR PRADESH
4407,GARHMUKTESAR BRIDGE,GGB,NSG6,MORADABAD,NR,HAPUR,UTTAR PRADESH
4408,GULAOTHI,GLH,NSG6,MORADABAD,NR,BULANDSHAHR,UTTAR PRADESH
4409,GUMTHAL,GTF,NSG6,MORADABAD,NR,SAMBHAL,UTTAR PRADESH
4410,HABIBWALA,HBW,NSG6,MORADABAD,NR,BIJNOR,UTTAR PRADESH
4411,HAFIZPUR,HZR,NSG6,MORADABAD,NR,HAPUR,UTTAR PRADESH
4412,HAKIMPUR,HKP,NSG6,MORADABAD,NR,MORADABAD,UTTAR PRADESH
4413,HARRAWALA,HRW,NSG6,MORADABAD,NR,DEHRADUN,UTTARAKHAND
4414,HARTHALA,HRH,NSG6,MORADABAD,NR,MORADABAD,UTTAR PRADESH
4415,HEMPUR,HMP,NSG6,MORADABAD,NR,SITAPUR,UTTAR PRADESH
4416,IKKAR HALT,IKK,NSG6,MORADABAD,NR,HARIDWAR,UTTARAKHAND
4417,IQBALPUR,IQB,NSG6,MORADABAD,NR,HARIDWAR,UTTARAKHAND
4418,JAHANIKHERA HALT,JKH,NSG6,MORADABAD,NR,HARDOI,UTTAR PRADESH
4419,JARGAON,JRJ,NSG6,MORADABAD,NR,MORADABAD,UTTAR PRADESH
4420,JUNG BAHADURGANJ,JBG,NSG6,MORADABAD,NR,KHERI,UTTAR PRADESH
4421,JWALAPUR,JWP,NSG6,MORADABAD,NR,HARIDWAR,UTTARAKHAND
4422,KAFURPUR,KFPR,NSG6,MORADABAD,NR,AMROHA,UTTAR PRADESH
4423,KAHILIA,KH,NSG6,MORADABAD,NR,SHAHJAHANPUR,UTTAR PRADESH
4424,KAILSA,KIV,NSG6,MORADABAD,NR,AMROHA,UTTAR PRADESH
4425,KAKORI,KKJ,NSG6,MORADABAD,NR,LUCKNOW,UTTAR PRADESH
4426,KANKATHER,KHE,NSG6,MORADABAD,NR,AMROHA,UTTAR PRADESH
4427,KANSRAO,QSR,NSG6,MORADABAD,NR,DEHRADUN,UTTARAKHAND
4428,KANTH,KNT,NSG6,MORADABAD,NR,MORADABAD,UTTAR PRADESH
4429,KARENGI,KEG,NSG6,MORADABAD,NR,BUDAUN,UTTAR PRADESH
4430,KATGHAR,KGF,NSG6,MORADABAD,NR,MORADABAD,UTTAR PRADESH
4431,KAURAH,KUF,NSG6,MORADABAD,NR,HARDOI,UTTAR PRADESH
4432,KHARKHAUDA,KXK,NSG6,MORADABAD,NR,MEERUT,UTTAR PRADESH
4433,KHURJA CITY,KJY,NSG6,MORADABAD,NR,BULANDSHAHR,UTTAR PRADESH
4434,KUCHESAR ROAD,QXR,NSG6,MORADABAD,NR,HAPUR,UTTAR PRADESH
4435,KUNDARKHI,KD,NSG6,MORADABAD,NR,MORADABAD,UTTAR PRADESH
4436,LANDAURA,LDR,NSG6,MORADABAD,NR,HARIDWAR,UTTARAKHAND
4437,LODIPUR BISHENPUR HA,LDP,NSG6,MORADABAD,NR,MORADABAD,UTTAR PRADESH
4438,MACHARIYA,MCV,NSG6,MORADABAD,NR,MORADABAD,UTTAR PRADESH
4439,MADHOGANJ,MAH,NSG6,MORADABAD,NR,HARDOI,UTTAR PRADESH
4440,MAHESRA HALT,MHHR,NSG6,MORADABAD,NR,AMROHA,UTTAR PRADESH
4441,MAHOLI,MAHO,NSG6,MORADABAD,NR,SITAPUR,UTTAR PRADESH
4442,MAHRAULI,MFH,NSG6,MORADABAD,NR,GHAZIABAD,UTTAR PRADESH
4443,MAIKALGANJ,MINJ,NSG6,MORADABAD,NR,KHERI,UTTAR PRADESH
4444,MAKHI,MKHI,NSG6,MORADABAD,NR,UNNAO,UTTAR PRADESH
4445,MALIHABAD,MLD,NSG6,MORADABAD,NR,LUCKNOW,UTTAR PRADESH
4446,MALLANWAN,MLW,NSG6,MORADABAD,NR,HARDOI,UTTAR PRADESH
4447,MANDI DHANAURA,MNDR,NSG6,MORADABAD,NR,AMROHA,UTTAR PRADESH
4448,MASIT,MST,NSG6,MORADABAD,NR,HARDOI,UTTAR PRADESH
4449,MATLABPUR,MTB,NSG6,MORADABAD,NR,MORADABAD,UTTAR PRADESH
4450,MEWA NAWADA,MWE,NSG6,MORADABAD,NR,BIJNOR,UTTAR PRADESH
4451,MILAK,MIL,NSG6,MORADABAD,NR,RAMPUR,UTTAR PRADESH
4452,MIRANPUR KATRA,MK,NSG6,MORADABAD,NR,SHAHJAHANPUR,UTTAR PRADESH
4453,MISRIKH TIRATH,MSTH,NSG6,MORADABAD,NR,SITAPUR,UTTAR PRADESH
4454,MOTICHUR,MOTC,NSG6,MORADABAD,NR,HARIDWAR,UTTARAKHAND
4455,MUAZZAMPUR NARAIN JN,MZM,NSG6,MORADABAD,NR,BIJNOR,UTTAR PRADESH
4456,MUNDHA PANDEY,MPH,NSG6,MORADABAD,NR,MORADABAD,UTTAR PRADESH
4457,MURSHADPUR,MSDR,NSG6,MORADABAD,NR,BIJNOR,UTTAR PRADESH
4458,NAGARIA SADAT,NRS,NSG6,MORADABAD,NR,BAREILLY,UTTAR PRADESH
4459,NAIMISHARANYA,NM,NSG6,MORADABAD,NR,SITAPUR,UTTAR PRADESH
4460,NISOI,NSU,NSG6,MORADABAD,NR,BAREILLY,UTTAR PRADESH
4461,PARSA KHERA,PKRA,NSG6,MORADABAD,NR,BAREILLY,UTTAR PRADESH
4462,PATHRI,PRI,NSG6,MORADABAD,NR,HARIDWAR,UTTARAKHAND
4463,PURAINI,PNI,NSG6,MORADABAD,NR,BIJNOR,UTTAR PRADESH
4464,RAHIMABAD,RBD,NSG6,MORADABAD,NR,LUCKNOW,UTTAR PRADESH
4465,RAISI,RSI,NSG6,MORADABAD,NR,HARIDWAR,UTTARAKHAND
4466,RAJA-KA-SAHASPUR JN.,RJK,NSG6,MORADABAD,NR,MORADABAD,UTTAR PRADESH
4467,RAJGHAT NARORA,RG,NSG6,MORADABAD,NR,BULANDSHAHR,UTTAR PRADESH
4468,RAMGANGA,RGB,NSG6,MORADABAD,NR,BAREILLY,UTTAR PRADESH
4469,RAMKOT,RAK,NSG6,MORADABAD,NR,SITAPUR,UTTAR PRADESH
4470,RASUIYA,RYS,NSG6,MORADABAD,NR,BAREILLY,UTTAR PRADESH
4471,REOTI BAHORA KHERA,RBK,NSG6,MORADABAD,NR,BAREILLY,UTTAR PRADESH
4472,ROZA JN.,RAC,NSG6,MORADABAD,NR,SHAHJAHANPUR,UTTAR PRADESH
4473,SAFIPUR,SFPR,NSG6,MORADABAD,NR,UNNAO,UTTAR PRADESH
4474,SAMBAHAL HATIM SARAI,SHTS,NSG6,MORADABAD,NR,SAMBHAL,UTTAR PRADESH
4475,SANEH ROAD,SNX,NSG6,MORADABAD,NR,BIJNOR,UTTAR PRADESH
4476,SHAHJAD NAGAR,SAR,NSG6,MORADABAD,NR,RAMPUR,UTTAR PRADESH
4477,SIMBHAULI,SMBL,NSG6,MORADABAD,NR,HAPUR,UTTAR PRADESH
4478,SISARKA,SSKA,NSG6,MORADABAD,NR,BUDAUN,UTTAR PRADESH
4479,TISUA,TSA,NSG6,MORADABAD,NR,BAREILLY,UTTAR PRADESH
4480,TODARPUR,TDP,NSG6,MORADABAD,NR,HARDOI,UTTAR PRADESH
4481,UMAR TALI,UTA,NSG6,MORADABAD,NR,HARDOI,UTTAR PRADESH
4482,UNCHAULIA,UCH,NSG6,MORADABAD,NR,KHERI,UTTAR PRADESH
4483,VIRBHADRA HALT,VRH,NSG6,MORADABAD,NR,DEHRADUN,UTTARAKHAND
4484,SAMRALA,SMRL,HG2,AMBALA,NR,LUDHIANA,PUNJAB
4485,TANDWAL,TDW,HG2,AMBALA,NR,AMBALA,HARYANA
4486,BAHAWAL BASI,BFE,HG3,AMBALA,NR,FAZILKA,PUNJAB
4487,BAHMAN DIWANA,BWX,HG3,AMBALA,NR,BATHINDA,PUNJAB
4488,BAKAYANWALA,BKWA,HG3,AMBALA,NR,FAZILKA,PUNJAB
4489,BHANUPLI HALT,BNLY,HG3,AMBALA,NR,RUPNAGAR,PUNJAB
4490,BHARUR HALT,BZ,HG3,AMBALA,NR,SANGRUR,PUNJAB
4491,DAULATPUR HARYANA,DULP,HG3,AMBALA,NR,HISAR,HARYANA
4492,GAJUWALA HALT,GJW,HG3,AMBALA,NR,FATEHABAD,HARYANA
4493,GHUNAS HALT,GUNS,HG3,AMBALA,NR,BARNALA,PUNJAB
4494,KAKRALA HALT,KKRL,HG3,AMBALA,NR,PATIALA,PUNJAB
4495,KHAMANON,KMNN,HG3,AMBALA,NR,FATEHGARH SAHIB,PUNJAB
4496,KILANWALI PUNJAB,KLWL,HG3,AMBALA,NR,FAZILKA,PUNJAB
4497,KOTHA PAKKI HALT,KTPK,HG3,AMBALA,NR,GANGANAGAR,RAJASTHAN
4498,KUDNI,KUDN,HG3,AMBALA,NR,FATEHABAD,HARYANA
4499,LAL KALAN,LLKN,HG3,AMBALA,NR,LUDHIANA,PUNJAB
4500,MOHANPURA HALT,MOPR,HG3,AMBALA,NR,GANGANAGAR,RAJASTHAN
4501,ORKI HALT,ORKI,HG3,AMBALA,NR,GANGANAGAR,RAJASTHAN
4502,PANOH,PH,HG3,AMBALA,NR,UNA,HIMACHAL PRADESH
4503,PATIALA CANT.,PTE,HG3,AMBALA,NR,PATIALA,PUNJAB
4504,PIRTHALA LALAUDA,PLT,HG3,AMBALA,NR,FATEHABAD,HARYANA
4505,ROHIRA GHALLUGHARA H,RHW,HG3,AMBALA,NR,SANGRUR,PUNJAB
4506,AMBALA CANTT. JN.,UMB,NSG2,AMBALA,NR,AMBALA,HARYANA
4507,CHANDIGARH,CDG,NSG2,AMBALA,NR,CHANDIGARH,CHANDIGARH
4508,BATHINDA JN.,BTI,NSG3,AMBALA,NR,BATHINDA,PUNJAB
4509,KALKA,KLK,NSG3,AMBALA,NR,PANCHKULA,HARYANA
4510,SAHARANPUR JN.,SRE,NSG3,AMBALA,NR,SAHARANPUR,UTTAR PRADESH
4511,ABOHAR,ABS,NSG4,AMBALA,NR,FAZILKA,PUNJAB
4512,PATIALA,PTA,NSG4,AMBALA,NR,PATIALA,PUNJAB
4513,RAJPURA JN.,RPJ,NSG4,AMBALA,NR,PATIALA,PUNJAB
4514,SIRHIND JN.,SIR,NSG4,AMBALA,NR,FATEHGARH SAHIB,PUNJAB
4515,AMB ANDAURA,AADR,NSG5,AMBALA,NR,UNA,HIMACHAL PRADESH
4516,AMBALA CITY,UBC,NSG5,AMBALA,NR,AMBALA,HARYANA
4517,ANANDPUR SAHIB,ANSB,NSG5,AMBALA,NR,RUPNAGAR,PUNJAB
4518,BARARA,RAA,NSG5,AMBALA,NR,AMBALA,HARYANA
4519,BARNALA,BNN,NSG5,AMBALA,NR,BARNALA,PUNJAB
4520,DHURI JN.,DUI,NSG5,AMBALA,NR,SANGRUR,PUNJAB
4521,GIDDARBAHA,GDB,NSG5,AMBALA,NR,SRI MUKTSAR SAHIB,PUNJAB
4522,JAGADHRI WORKSHOP,JUDW,NSG5,AMBALA,NR,YAMUNANAGAR,HARYANA
4523,KHANNA,KNN,NSG5,AMBALA,NR,LUDHIANA,PUNJAB
4524,MALERKOTLA,MET,NSG5,AMBALA,NR,SANGRUR,PUNJAB
4525,MALOUT,MOT,NSG5,AMBALA,NR,SRI MUKTSAR SAHIB,PUNJAB
4526,MANDI GOBIND GARH,GVG,NSG5,AMBALA,NR,FATEHGARH SAHIB,PUNJAB
4527,NABHA,NBA,NSG5,AMBALA,NR,PATIALA,PUNJAB
4528,NANGAL DAM,NLDM,NSG5,AMBALA,NR,RUPNAGAR,PUNJAB
4529,RAMPURA PHUL,PUL,NSG5,AMBALA,NR,BATHINDA,PUNJAB
4530,ROOP NAGAR,RPAR,NSG5,AMBALA,NR,RUPNAGAR,PUNJAB
4531,SAHIBZADA AJITSINGH,SASN,NSG5,AMBALA,NR,RUPNAGAR,PUNJAB
4532,SANGRUR,SAG,NSG5,AMBALA,NR,SANGRUR,PUNJAB
4533,SHIMLA,SML,NSG5,AMBALA,NR,SHIMLA,HIMACHAL PRADESH
4534,SUNAM UDHAM S W,SFMU,NSG5,AMBALA,NR,SANGRUR,PUNJAB
4535,UNA HIMACHAL,UHL,NSG5,AMBALA,NR,UNA,HIMACHAL PRADESH
4536,YAMUNANAGAR JUD,YJUD,NSG5,AMBALA,NR,YAMUNANAGAR,HARYANA
4537,AHMED GARH,AHH,NSG6,AMBALA,NR,SANGRUR,PUNJAB
4538,ALAL,ALAL,NSG6,AMBALA,NR,SANGRUR,PUNJAB
4539,BAHADUR SINGH WALA,BSS,NSG6,AMBALA,NR,SANGRUR,PUNJAB
4540,BAROG,BOF,NSG6,AMBALA,NR,SOLAN,HIMACHAL PRADESH
4541,BARWALA,BXC,NSG6,AMBALA,NR,HISAR,HARYANA
4542,BASSI PATHANAN,BSPN,NSG6,AMBALA,NR,FATEHGARH SAHIB,PUNJAB
4543,BATHINDA CANTT.,BTIC,NSG6,AMBALA,NR,BATHINDA,PUNJAB
4544,BHARATGARH,BARJ,NSG6,AMBALA,NR,RUPNAGAR,PUNJAB
4545,BHUCHCHU,BCU,NSG6,AMBALA,NR,BATHINDA,PUNJAB
4546,BULLUANA,BHX,NSG6,AMBALA,NR,BATHINDA,PUNJAB
4547,CHAJLI,CJL,NSG6,AMBALA,NR,SANGRUR,PUNJAB
4548,CHANDI MANDIR,CNDM,NSG6,AMBALA,NR,PANCHKULA,HARYANA
4549,CHAWAPAIL,CHA,NSG6,AMBALA,NR,LUDHIANA,PUNJAB
4550,CHHINTANWALA,CTW,NSG6,AMBALA,NR,PATIALA,PUNJAB
4551,CHINTPURNI MARG,CHMG,NSG6,AMBALA,NR,UNA,HIMACHAL PRADESH
4552,CHURARU TAKARLA,CHTL,NSG6,AMBALA,NR,UNA,HIMACHAL PRADESH
4553,DAPPER,DHPR,NSG6,AMBALA,NR,S.A.S NAGAR,PUNJAB
4554,DARAZPUR,DZP,NSG6,AMBALA,NR,YAMUNANAGAR,HARYANA
4555,DAULATPUR CHAUK,DLPC,NSG6,AMBALA,NR,UNA,HIMACHAL PRADESH
4556,DAUN KALAN,DOC,NSG6,AMBALA,NR,PATIALA,PUNJAB
4557,DHABLAN,DBN,NSG6,AMBALA,NR,PATIALA,PUNJAB
4558,DHANSU,DNX,NSG6,AMBALA,NR,HISAR,HARYANA
4559,DHARAMPUR HIMACHAL,DMP,NSG6,AMBALA,NR,SOLAN,HIMACHAL PRADESH
4560,DHULKOT,DKT,NSG6,AMBALA,NR,AMBALA,HARYANA
4561,DORAHA,DOA,NSG6,AMBALA,NR,LUDHIANA,PUNJAB
4562,DUKHERI,DOKY,NSG6,AMBALA,NR,AMBALA,HARYANA
4563,FAQARSAR,FSR,NSG6,AMBALA,NR,SRI MUKTSAR SAHIB,PUNJAB
4564,FATEHGARH SAHIB,FGSB,NSG6,AMBALA,NR,FATEHGARH SAHIB,PUNJAB
4565,FATUHI,FTH,NSG6,AMBALA,NR,GANGANAGAR,RAJASTHAN
4566,GHAGGHAR,GHG,NSG6,AMBALA,NR,S.A.S NAGAR,PUNJAB
4567,GHANAULI,GANL,NSG6,AMBALA,NR,RUPNAGAR,PUNJAB
4568,GILL,GILL,NSG6,AMBALA,NR,LUDHIANA,PUNJAB
4569,GOVINDGARH KHOKHAR,GGKR,NSG6,AMBALA,NR,SANGRUR,PUNJAB
4570,GUMMAN,GMM,NSG6,AMBALA,NR,SOLAN,HIMACHAL PRADESH
4571,GURNAY,GRN,NSG6,AMBALA,NR,SANGRUR,PUNJAB
4572,HADIAYA,HYA,NSG6,AMBALA,NR,BARNALA,PUNJAB
4573,HIMMATANA,HMI,NSG6,AMBALA,NR,SANGRUR,PUNJAB
4574,HINDUMALKOTE,HMK,NSG6,AMBALA,NR,GANGANAGAR,RAJASTHAN
4575,JAMALPUR SHAIKHAN,JPS,NSG6,AMBALA,NR,FARIDABAD,HARYANA
4576,JETHUKE,JHK,NSG6,AMBALA,NR,BATHINDA,PUNJAB
4577,JUTOGH,JTO,NSG6,AMBALA,NR,SHIMLA,HIMACHAL PRADESH
4578,KALANOUR,KNZ,NSG6,AMBALA,NR,YAMUNANAGAR,HARYANA
4579,KANDAGHAT,KDZ,NSG6,AMBALA,NR,SOLAN,HIMACHAL PRADESH
4580,KANOH,KANO,NSG6,AMBALA,NR,SOLAN,HIMACHAL PRADESH
4581,KATHLEEGHAT,KEJ,NSG6,AMBALA,NR,SOLAN,HIMACHAL PRADESH
4582,KAULI,KLI,NSG6,AMBALA,NR,PATIALA,PUNJAB
4583,KAULSERI,KLSX,NSG6,AMBALA,NR,SANGRUR,PUNJAB
4584,KESRI,KES,NSG6,AMBALA,NR,AMBALA,HARYANA
4585,KHARAR,KARR,NSG6,AMBALA,NR,S.A.S NAGAR,PUNJAB
4586,KILA RAIPUR,QRP,NSG6,AMBALA,NR,LUDHIANA,PUNJAB
4587,KIRATPUR SAHIB,KART,NSG6,AMBALA,NR,RUPNAGAR,PUNJAB
4588,KOTI,KOTI,NSG6,AMBALA,NR,SOLAN,HIMACHAL PRADESH
4589,KUMARHATTI DAGSHAI,KMTI,NSG6,AMBALA,NR,SOLAN,HIMACHAL PRADESH
4590,KUP,KUP,NSG6,AMBALA,NR,SANGRUR,PUNJAB
4591,KURALI,KRLI,NSG6,AMBALA,NR,S.A.S NAGAR,PUNJAB
4592,LALRU,LLU,NSG6,AMBALA,NR,S.A.S NAGAR,PUNJAB
4593,LEHRA GAGA,LHA,NSG6,AMBALA,NR,SANGRUR,PUNJAB
4594,LEHRA MUHABBAT,LHM,NSG6,AMBALA,NR,BATHINDA,PUNJAB
4595,MIANPUR,MNPR,NSG6,AMBALA,NR,RUPNAGAR,PUNJAB
4596,MORINDA,MRND,NSG6,AMBALA,NR,RUPNAGAR,PUNJAB
4597,MUSTAFABAD,MFB,NSG6,AMBALA,NR,YAMUNANAGAR,HARYANA
4598,NEW MORINDA,NMDA,NSG6,AMBALA,NR,RUPNAGAR,PUNJAB
4599,NOGANWAN,NGWN,NSG6,AMBALA,NR,FATEHGARH SAHIB,PUNJAB
4600,PAKKI,PKK,NSG6,AMBALA,NR,SRI MUKTSAR SAHIB,PUNJAB
4601,PANJ-KOSI,PJK,NSG6,AMBALA,NR,FAZILKA,PUNJAB
4602,PILKHANI,PKY,NSG6,AMBALA,NR,SAHARANPUR,UTTAR PRADESH
4603,RAI MAIHATPUR,MTPR,NSG6,AMBALA,NR,UNA,HIMACHAL PRADESH
4604,RAIPUR HARYANA,RPHR,NSG6,AMBALA,NR,HISAR,HARYANA
4605,SADHOO GARH,SDY,NSG6,AMBALA,NR,FATEHGARH SAHIB,PUNJAB
4606,SALOGRA,SLR,NSG6,AMBALA,NR,SOLAN,HIMACHAL PRADESH
4607,SAMBHU,SMU,NSG6,AMBALA,NR,PATIALA,PUNJAB
4608,SARAI BANJARA,SBJ,NSG6,AMBALA,NR,PATIALA,PUNJAB
4609,SARSAWA,SSW,NSG6,AMBALA,NR,SAHARANPUR,UTTAR PRADESH
4610,SEKHA,SEQ,NSG6,AMBALA,NR,BARNALA,PUNJAB
4611,SHOGHI,SGS,NSG6,AMBALA,NR,SHIMLA,HIMACHAL PRADESH
4612,SOLAN,SOL,NSG6,AMBALA,NR,SOLAN,HIMACHAL PRADESH
4613,SONWARA,SWO,NSG6,AMBALA,NR,SOLAN,HIMACHAL PRADESH
4614,SUMMER HILL,SHZ,NSG6,AMBALA,NR,SHIMLA,HIMACHAL PRADESH
4615,TAKSAL,TSL,NSG6,AMBALA,NR,SOLAN,HIMACHAL PRADESH
4616,TAPA,TAPA,NSG6,AMBALA,NR,BARNALA,PUNJAB
4617,TARADEVI,TVI,NSG6,AMBALA,NR,SHIMLA,HIMACHAL PRADESH
4618,UKLANA,UKN,NSG6,AMBALA,NR,HISAR,HARYANA
4619,DEVGARH MADARIYA,DOHM,HG2,AJMER,NWR,RAJSAMAND,RAJASTHAN
4620,KANKROLI,KDL,HG2,AJMER,NWR,RAJSAMAND,RAJASTHAN
4621,BANGURGRAM,BNGM,HG3,AJMER,NWR,AJMER,RAJASTHAN
4622,BANSI BOHERA,BYE,HG3,AJMER,NWR,CHITTORGARH,RAJASTHAN
4623,BEJNAL,BJN,HG3,AJMER,NWR,RAJSAMAND,RAJASTHAN
4624,BHINDAR,BNNR,HG3,AJMER,NWR,UDAIPUR,RAJASTHAN
4625,BHOJRAS,BHAS,HG3,AJMER,NWR,BHILWARA,RAJASTHAN
4626,BUDHA PUSHKAR HALT,BPKH,HG3,AJMER,NWR,AJMER,RAJASTHAN
4627,DET,DET,HG3,AJMER,NWR,CHITTORGARH,RAJASTHAN
4628,DHUWALA,DWL,HG3,AJMER,NWR,BHILWARA,RAJASTHAN
4629,DOLAJIKA KHERA,DJKR,HG3,AJMER,NWR,RAJSAMAND,RAJASTHAN
4630,GORAM GHAT,GGO,HG3,AJMER,NWR,RAJSAMAND,RAJASTHAN
4631,JAGABOR,JO,HG3,AJMER,NWR,DUNGARPUR,RAJASTHAN
4632,KANOR,KFN,HG3,AJMER,NWR,UDAIPUR,RAJASTHAN
4633,KHARA KAMERI,KRKM,HG3,AJMER,NWR,RAJSAMAND,RAJASTHAN
4634,KHERODA,KHW,HG3,AJMER,NWR,UDAIPUR,RAJASTHAN
4635,KOTANA,KTOA,HG3,AJMER,NWR,DUNGARPUR,RAJASTHAN
4636,KUANRIYA,KXA,HG3,AJMER,NWR,RAJSAMAND,RAJASTHAN
4637,KUNDALGARH,KDLG,HG3,AJMER,NWR,UDAIPUR,RAJASTHAN
4638,KUWANTHAL,KUTL,HG3,AJMER,NWR,AJMER,RAJASTHAN
4639,LAWA-SARDARGARH,LSG,HG3,AJMER,NWR,RAJSAMAND,RAJASTHAN
4640,MAKARWADI HALT,MKWI,HG3,AJMER,NWR,AJMER,RAJASTHAN
4641,MARWAR RANAWAS,MRWS,HG3,AJMER,NWR,PALI,RAJASTHAN
4642,NETAWAL,NTWL,HG3,AJMER,NWR,CHITTORGARH,RAJASTHAN
4643,PADLA,PDQ,HG3,AJMER,NWR,UDAIPUR,RAJASTHAN
4644,SEMARI,SES,HG3,AJMER,NWR,UDAIPUR,RAJASTHAN
4645,SHALASHAH THANA,SHLT,HG3,AJMER,NWR,BANAS KANTHA,GUJARAT
4646,SHAMLAJI ROAD,SJS,HG3,AJMER,NWR,SABAR KANTHA,GUJARAT
4647,SHRI BHAVNATH,SBHN,HG3,AJMER,NWR,DUNGARPUR,RAJASTHAN
4648,SONIANA,SNYN,HG3,AJMER,NWR,BHILWARA,RAJASTHAN
4649,SUNAK,SUC,HG3,AJMER,NWR,SABAR KANTHA,GUJARAT
4650,SUR KHND KHERA,SZK,HG3,AJMER,NWR,UDAIPUR,RAJASTHAN
4651,THAMLA MOGANA,TMGN,HG3,AJMER,NWR,UDAIPUR,RAJASTHAN
4652,VALLABHNAGAR,VBN,HG3,AJMER,NWR,UDAIPUR,RAJASTHAN
4653,VIRAVADA HALT,VRV,HG3,AJMER,NWR,SABAR KANTHA,GUJARAT
4654,AJMER JN.,AII,NSG2,AJMER,NWR,AJMER,RAJASTHAN
4655,ABU ROAD,ABR,NSG3,AJMER,NWR,SIROHI,RAJASTHAN
4656,BHILWARA,BHL,NSG3,AJMER,NWR,BHILWARA,RAJASTHAN
4657,UDAIPUR CITY,UDZ,NSG3,AJMER,NWR,UDAIPUR,RAJASTHAN
4658,BEAWAR,BER,NSG4,AJMER,NWR,AJMER,RAJASTHAN
4659,FALNA,FA,NSG4,AJMER,NWR,PALI,RAJASTHAN
4660,MARWAR JN.,MJ,NSG4,AJMER,NWR,PALI,RAJASTHAN
4661,BIJAINAGAR,BJNR,NSG5,AJMER,NWR,AJMER,RAJASTHAN
4662,FATEHNAGAR,FAN,NSG5,AJMER,NWR,RAJSAMAND,RAJASTHAN
4663,JAWAI BANDH,JWB,NSG5,AJMER,NWR,PALI,RAJASTHAN
4664,KAPASAN,KIN,NSG5,AJMER,NWR,UDAIPUR,RAJASTHAN
4665,MAVLI JN.,MVJ,NSG5,AJMER,NWR,UDAIPUR,RAJASTHAN
4666,NASIRABAD,NSD,NSG5,AJMER,NWR,AJMER,RAJASTHAN
4667,PINDWARA,PDWA,NSG5,AJMER,NWR,SIROHI,RAJASTHAN
4668,RANAPRATAPNAGAR,RPZ,NSG5,AJMER,NWR,UDAIPUR,RAJASTHAN
4669,RANI,RANI,NSG5,AJMER,NWR,PALI,RAJASTHAN
4670,SOJAT ROAD,SOD,NSG5,AJMER,NWR,PALI,RAJASTHAN
4671,SOMESAR,SOS,NSG5,AJMER,NWR,PALI,RAJASTHAN
4672,ADARSHNAGAR,AHO,NSG6,AJMER,NWR,AJMER,RAJASTHAN
4673,AMARPURA,APA,NSG6,AJMER,NWR,PALI,RAJASTHAN
4674,AUWA,AUWA,NSG6,AJMER,NWR,PALI,RAJASTHAN
4675,BAGRI NAGAR,BQN,NSG6,AJMER,NWR,PALI,RAJASTHAN
4676,BANAS,BNS,NSG6,AJMER,NWR,SIROHI,RAJASTHAN
4677,BANDANWARA,BDW,NSG6,AJMER,NWR,AJMER,RAJASTHAN
4678,BANTA RAGHUNATHGARH,BGG,NSG6,AJMER,NWR,PALI,RAJASTHAN
4679,BAR,BAR,NSG6,AJMER,NWR,PALI,RAJASTHAN
4680,BARI SADRI,BI,NSG6,AJMER,NWR,CHITTORGARH,RAJASTHAN
4681,BECHHIWARA,BHWA,NSG6,AJMER,NWR,DUNGARPUR,RAJASTHAN
4682,BHIMAL,BIML,NSG6,AJMER,NWR,UDAIPUR,RAJASTHAN
4683,BHIMANA,BMN,NSG6,AJMER,NWR,SIROHI,RAJASTHAN
4684,BHINWALIYA,BWA,NSG6,AJMER,NWR,PALI,RAJASTHAN
4685,BHUPALSAGAR (KARERA),BSJ,NSG6,AJMER,NWR,CHITTORGARH,RAJASTHAN
4686,BIROLIYA,BRLY,NSG6,AJMER,NWR,PALI,RAJASTHAN
4687,CHANDAWAL,CNL,NSG6,AJMER,NWR,PALI,RAJASTHAN
4688,CHARBHUJA ROAD,CBG,NSG6,AJMER,NWR,RAJSAMAND,RAJASTHAN
4689,CHITRASANI,CTT,NSG6,AJMER,NWR,BANAS KANTHA,GUJARAT
4690,DAURAI,DOZ,NSG6,AJMER,NWR,AJMER,RAJASTHAN
4691,DEBARI,DRB,NSG6,AJMER,NWR,UDAIPUR,RAJASTHAN
4692,DHARESHWAR,DRS,NSG6,AJMER,NWR,PALI,RAJASTHAN
4693,DUNGARPUR,DNRP,NSG6,AJMER,NWR,DUNGARPUR,RAJASTHAN
4694,GANGARAR,GGR,NSG6,AJMER,NWR,CHITTORGARH,RAJASTHAN
4695,GHOSUNDA,GSD,NSG6,AJMER,NWR,CHITTORGARH,RAJASTHAN
4696,GULABPURA,GBP,NSG6,AJMER,NWR,BHILWARA,RAJASTHAN
4697,GURIYA,GRI,NSG6,AJMER,NWR,PALI,RAJASTHAN
4698,HAMIRGARH,HMG,NSG6,AJMER,NWR,BHILWARA,RAJASTHAN
4699,HARIPUR,HP,NSG6,AJMER,NWR,PALI,RAJASTHAN
4700,HATUNDI,HTD,NSG6,AJMER,NWR,AJMER,RAJASTHAN
4701,JAI SAMAND ROAD,JYM,NSG6,AJMER,NWR,UDAIPUR,RAJASTHAN
4702,JAWALI,JAL,NSG6,AJMER,NWR,PALI,RAJASTHAN
4703,JETHI,JTY,NSG6,AJMER,NWR,BANAS KANTHA,GUJARAT
4704,JHARWASA,JWS,NSG6,AJMER,NWR,AJMER,RAJASTHAN
4705,KARJODA,KRJD,NSG6,AJMER,NWR,BANAS KANTHA,GUJARAT
4706,KESHAVGANJ,KVJ,NSG6,AJMER,NWR,SIROHI,RAJASTHAN
4707,KHAMBLI GHAT,KBK,NSG6,AJMER,NWR,RAJSAMAND,RAJASTHAN
4708,KHARWA,KRW,NSG6,AJMER,NWR,AJMER,RAJASTHAN
4709,KHARWA CHANDA,KRCD,NSG6,AJMER,NWR,UDAIPUR,RAJASTHAN
4710,KHEMLI,KLH,NSG6,AJMER,NWR,UDAIPUR,RAJASTHAN
4711,KHIMEL,KZQ,NSG6,AJMER,NWR,PALI,RAJASTHAN
4712,KIVARLI,KWI,NSG6,AJMER,NWR,SIROHI,RAJASTHAN
4713,KOTHAR.,KTR,NSG6,AJMER,NWR,PALI,RAJASTHAN
4714,LAMBIYA,LMA,NSG6,AJMER,NWR,BHILWARA,RAJASTHAN
4715,LQBAL GADH,IQG,NSG6,AJMER,NWR,BANAS KANTHA,GUJARAT
4716,LUSADIYA,LSD,NSG6,AJMER,NWR,SABAR KANTHA,GUJARAT
4717,MADAR JN,MDJN,NSG6,AJMER,NWR,AJMER,RAJASTHAN
4718,MAKRERA,MKRA,NSG6,AJMER,NWR,AJMER,RAJASTHAN
4719,MANDAL,MDL,NSG6,AJMER,NWR,BHILWARA,RAJASTHAN
4720,MANDPIYA,MDPA,NSG6,AJMER,NWR,BHILWARA,RAJASTHAN
4721,MANGALIYAWAS,MLI,NSG6,AJMER,NWR,AJMER,RAJASTHAN
4722,MAVAL,MAA,NSG6,AJMER,NWR,SIROHI,RAJASTHAN
4723,MOKHAMPURA,MAKH,NSG6,AJMER,NWR,AJMER,RAJASTHAN
4724,MORI BERA,MOI,NSG6,AJMER,NWR,PALI,RAJASTHAN
4725,MORTHALA,MXO,NSG6,AJMER,NWR,SIROHI,RAJASTHAN
4726,NANA,NANA,NSG6,AJMER,NWR,PALI,RAJASTHAN
4727,NATHDWARA,NDT,NSG6,AJMER,NWR,RAJSAMAND,RAJASTHAN
4728,PANDOLI,PMO,NSG6,AJMER,NWR,CHITTORGARH,RAJASTHAN
4729,PHULAD,FLD,NSG6,AJMER,NWR,PALI,RAJASTHAN
4730,PIPERAN,PIRN,NSG6,AJMER,NWR,UDAIPUR,RAJASTHAN
4731,PIPLAJ,PPF,NSG6,AJMER,NWR,AJMER,RAJASTHAN
4732,PUSHKAR TERMINUS,PUHT,NSG6,AJMER,NWR,AJMER,RAJASTHAN
4733,RAIGADH ROAD,RGQ,NSG6,AJMER,NWR,SABAR KANTHA,GUJARAT
4734,RAILA ROAD,RLR,NSG6,AJMER,NWR,BHILWARA,RAJASTHAN
4735,RAJOSI,ROS,NSG6,AJMER,NWR,AJMER,RAJASTHAN
4736,RIKHABDEV ROAD,RDD,NSG6,AJMER,NWR,UDAIPUR,RAJASTHAN
4737,RUPAHELI,RPI,NSG6,AJMER,NWR,BHILWARA,RAJASTHAN
4738,SARADHANA,SDH,NSG6,AJMER,NWR,AJMER,RAJASTHAN
4739,SARERI,SSR,NSG6,AJMER,NWR,BHILWARA,RAJASTHAN
4740,SAROTRA ROAD,SZA,NSG6,AJMER,NWR,BANAS KANTHA,GUJARAT
4741,SENDRA,SEU,NSG6,AJMER,NWR,PALI,RAJASTHAN
4742,SHRI AMIRGADH,SIM,NSG6,AJMER,NWR,BANAS KANTHA,GUJARAT
4743,SINGWAL,SGW,NSG6,AJMER,NWR,AJMER,RAJASTHAN
4744,SWARUPGANJ,SRPJ,NSG6,AJMER,NWR,SIROHI,RAJASTHAN
4745,UMRA,UMRA,NSG6,AJMER,NWR,UDAIPUR,RAJASTHAN
4746,ZAWAR,ZW,NSG6,AJMER,NWR,UDAIPUR,RAJASTHAN
4747,AMARPURA RATHAN,AMPR,HG3,BIKANER,NWR,HANUMANGARH,RAJASTHAN
4748,AURANG NAGAR,AUN,HG3,BIKANER,NWR,BHIWANI,HARYANA
4749,BAJEKHAN HALT,BJKN,HG3,BIKANER,NWR,SIRSA,HARYANA
4750,BAMANWALI,BMNL,HG3,BIKANER,NWR,BIKANER,RAJASTHAN
4751,BANGI NIHAL SINGH,BNLS,HG3,BIKANER,NWR,BATHINDA,PUNJAB
4752,BELASAR HALT,BLSR,HG3,BIKANER,NWR,BIKANER,RAJASTHAN
4753,BERORE HALT,BROR,HG3,BIKANER,NWR,GANGANAGAR,RAJASTHAN
4754,BEWAR BHOJAN,BWBN,HG3,BIKANER,NWR,CHURU,RAJASTHAN
4755,BHUKARKA,BKKA,HG3,BIKANER,NWR,HANUMANGARH,RAJASTHAN
4756,BIGGABAS RAMSARA,BGRM,HG3,BIKANER,NWR,BIKANER,RAJASTHAN
4757,BOJAWAS HALT,BJWS,HG3,BIKANER,NWR,MAHENDRAGARH,HARYANA
4758,BUDHSINGHWALA,BDSW,HG3,BIKANER,NWR,GANGANAGAR,RAJASTHAN
4759,BUGIA,BUGY,HG3,BIKANER,NWR,GANGANAGAR,RAJASTHAN
4760,BUGLANWALI,BUGL,HG3,BIKANER,NWR,HANUMANGARH,RAJASTHAN
4761,DALPAT SINGHPUR,DPT,HG3,BIKANER,NWR,GANGANAGAR,RAJASTHAN
4762,DHANA LADANPUR,DZL,HG3,BIKANER,NWR,BHIWANI,HARYANA
4763,FATEH SINGHWALA,FSW,HG3,BIKANER,NWR,GANGANAGAR,RAJASTHAN
4764,FATEHGARH HARYANA HA,FGH,HG3,BIKANER,NWR,BHIWANI,HARYANA
4765,GAHRI BHAGI,GHB,HG3,BIKANER,NWR,BATHINDA,PUNJAB
4766,GOLSAR,GOZ,HG3,BIKANER,NWR,CHURU,RAJASTHAN
4767,GUGALWA KIRTAN HALT,GLKN,HG3,BIKANER,NWR,CHURU,RAJASTHAN
4768,GURHA KEMLA HALT,GRKA,HG3,BIKANER,NWR,MAHENDRAGARH,HARYANA
4769,HANSIAWAS,HSWS,HG3,BIKANER,NWR,CHURU,RAJASTHAN
4770,HIRNAWALI,HLW,HG3,BIKANER,NWR,HANUMANGARH,RAJASTHAN
4771,JODHKA,JOK,HG3,BIKANER,NWR,SIRSA,HARYANA
4772,JORKIAN,JRKN,HG3,BIKANER,NWR,HANUMANGARH,RAJASTHAN
4773,KALANA,KALN,HG3,BIKANER,NWR,HANUMANGARH,RAJASTHAN
4774,KANDHARAN HALT,KDHN,HG3,BIKANER,NWR,CHURU,RAJASTHAN
4775,KESHAV NAGAR HA,KSVR,HG3,BIKANER,NWR,GANGANAGAR,RAJASTHAN
4776,KHABRA KALAN,KBKN,HG3,BIKANER,NWR,FATEHABAD,HARYANA
4777,KHARAK,KHRK,HG3,BIKANER,NWR,BHIWANI,HARYANA
4778,KHILERIYAN,KLYN,HG3,BIKANER,NWR,CHURU,RAJASTHAN
4779,KUSHALPURA HALT,KLSP,HG3,BIKANER,NWR,BHIWANI,HARYANA
4780,LASERI HALT,LSE,HG3,BIKANER,NWR,CHURU,RAJASTHAN
4781,MAHUWALA HALT,MHUL,HG3,BIKANER,NWR,FATEHABAD,HARYANA
4782,MANWALA KOT BAKHTU,MKBH,HG3,BIKANER,NWR,BATHINDA,PUNJAB
4783,MASANIWALA,MSWA,HG3,BIKANER,NWR,GANGANAGAR,RAJASTHAN
4784,MAYAR,MAYR,HG3,BIKANER,NWR,HISAR,HARYANA
4785,MELUSAR,MELH,HG3,BIKANER,NWR,CHURU,RAJASTHAN
4786,NALOI BARWA,BVZ,HG3,BIKANER,NWR,BHIWANI,HARYANA
4787,NANGAL DEGROTA,NDRT,HG3,BIKANER,NWR,MAHENDRAGARH,HARYANA
4788,NANGAL PATHANI,NLQ,HG3,BIKANER,NWR,REWARI,HARYANA
4789,NANWAN HALT,NWN,HG3,BIKANER,NWR,MAHENDRAGARH,HARYANA
4790,NAWAN,NAWN,HG3,BIKANER,NWR,HANUMANGARH,RAJASTHAN
4791,NOSARIA HALT,NOA,HG3,BIKANER,NWR,CHURU,RAJASTHAN
4792,NYOLIKALAN,NKN,HG3,BIKANER,NWR,HISAR,HARYANA
4793,PAHARSAR,PRSR,HG3,BIKANER,NWR,CHURU,RAJASTHAN
4794,PATHRALA,PTRL,HG3,BIKANER,NWR,BATHINDA,PUNJAB
4795,PATUWAS MEHRANA,PUW,HG3,BIKANER,NWR,BHIWANI,HARYANA
4796,PAYLI,PYI,HG3,BIKANER,NWR,CHURU,RAJASTHAN
4797,RAGHUNATHGARH,RGNH,HG3,BIKANER,NWR,GANGANAGAR,RAJASTHAN
4798,SAHUWALA,SHWL,HG3,BIKANER,NWR,GANGANAGAR,RAJASTHAN
4799,SALEMGARH MASANI HAL,SJSM,HG3,BIKANER,NWR,HANUMANGARH,RAJASTHAN
4800,SARDARGARH,SRZ,HG3,BIKANER,NWR,GANGANAGAR,RAJASTHAN
4801,SHRI MAKRI NATH NAGA,SMNN,HG3,BIKANER,NWR,CHURU,RAJASTHAN
4802,SHRI RAMGARH,SHRG,HG3,BIKANER,NWR,HANUMANGARH,RAJASTHAN
4803,SIRSALA HALT,SRSL,HG3,BIKANER,NWR,CHURU,RAJASTHAN
4804,SITALNAGAR,STNR,HG3,BIKANER,NWR,CHURU,RAJASTHAN
4805,SUI,SUI,HG3,BIKANER,NWR,BHIWANI,HARYANA
4806,SUKHCHAIN,SCV,HG3,BIKANER,NWR,SIRSA,HARYANA
4807,SURERA,SURR,HG3,BIKANER,NWR,SIRSA,HARYANA
4808,UDASAR,UDS,HG3,BIKANER,NWR,CHURU,RAJASTHAN
4809,ZORAWARPURA,ZPR,HG3,BIKANER,NWR,GANGANAGAR,RAJASTHAN
4810,BIKANER JN.,BKN,NSG3,BIKANER,NWR,BIKANER,RAJASTHAN
4811,HISAR JN.,HSR,NSG3,BIKANER,NWR,HISAR,HARYANA
4812,SHRI GANGANAGAR,SGNR,NSG3,BIKANER,NWR,GANGANAGAR,RAJASTHAN
4813,BHIWANI JN.,BNW,NSG4,BIKANER,NWR,BHIWANI,HARYANA
4814,HANUMANGARH JN.,HMH,NSG4,BIKANER,NWR,HANUMANGARH,RAJASTHAN
4815,LALGARH JN.,LGH,NSG4,BIKANER,NWR,BIKANER,RAJASTHAN
4816,SIRSA,SSA,NSG4,BIKANER,NWR,SIRSA,HARYANA
4817,SURATGARH JN.,SOG,NSG4,BIKANER,NWR,GANGANAGAR,RAJASTHAN
4818,ANUPGARH,APH,NSG5,BIKANER,NWR,GANGANAGAR,RAJASTHAN
4819,BHATTU,BHT,NSG5,BIKANER,NWR,FATEHABAD,HARYANA
4820,CHARKHI DADRI,CKD,NSG5,BIKANER,NWR,BHIWANI,HARYANA
4821,CHURU,CUR,NSG5,BIKANER,NWR,CHURU,RAJASTHAN
4822,GOGAMERI,GAMI,NSG5,BIKANER,NWR,HANUMANGARH,RAJASTHAN
4823,HANSI,HNS,NSG5,BIKANER,NWR,HISAR,HARYANA
4824,KALANWALI,KNL,NSG5,BIKANER,NWR,SIRSA,HARYANA
4825,KOSLI,KSI,NSG5,BIKANER,NWR,REWARI,HARYANA
4826,LOHARU JN.,LHU,NSG5,BIKANER,NWR,BHIWANI,HARYANA
4827,LUNKARANSAR,LKS,NSG5,BIKANER,NWR,BIKANER,RAJASTHAN
4828,MAHENDRAGARH,MHRG,NSG5,BIKANER,NWR,MAHENDRAGARH,HARYANA
4829,MANDI ADAMPUR,ADR,NSG5,BIKANER,NWR,HISAR,HARYANA
4830,MANDI DABWALI,MBY,NSG5,BIKANER,NWR,SIRSA,HARYANA
4831,PILI BANGAN,PGK,NSG5,BIKANER,NWR,HANUMANGARH,RAJASTHAN
4832,RAI SINGH NAGAR,RSNR,NSG5,BIKANER,NWR,GANGANAGAR,RAJASTHAN
4833,RAJALDESAR,RJR,NSG5,BIKANER,NWR,CHURU,RAJASTHAN
4834,RATANAGARH JN.,RTGH,NSG5,BIKANER,NWR,CHURU,RAJASTHAN
4835,SADULPUR JN.,SDLP,NSG5,BIKANER,NWR,CHURU,RAJASTHAN
4836,SADULSHAHAR,SDS,NSG5,BIKANER,NWR,GANGANAGAR,RAJASTHAN
4837,SANGARIYA,SGRA,NSG5,BIKANER,NWR,HANUMANGARH,RAJASTHAN
4838,SHRI KARANPUR,SRW,NSG5,BIKANER,NWR,GANGANAGAR,RAJASTHAN
4839,SRI DUNGARGARAH,SDGH,NSG5,BIKANER,NWR,BIKANER,RAJASTHAN
4840,SRI VIJAINAGAR,SBNR,NSG5,BIKANER,NWR,GANGANAGAR,RAJASTHAN
4841,ANUP SHAHR,AUS,NSG6,BIKANER,NWR,HANUMANGARH,RAJASTHAN
4842,ARJANSAR,AS,NSG6,BIKANER,NWR,BIKANER,RAJASTHAN
4843,ASLU,ASLU,NSG6,BIKANER,NWR,CHURU,RAJASTHAN
4844,BAGWALI,BWB,NSG6,BIKANER,NWR,BATHINDA,PUNJAB
4845,BAMLA,BMLL,NSG6,BIKANER,NWR,ROHTAK,HARYANA
4846,BANWALI,BWC,NSG6,BIKANER,NWR,GANGANAGAR,RAJASTHAN
4847,BAP,BAF,NSG6,BIKANER,NWR,JODHPUR,RAJASTHAN
4848,BARA GUDHA,BGD,NSG6,BIKANER,NWR,AMBALA,HARYANA
4849,BAWANI KHERA,BWK,NSG6,BIKANER,NWR,BHIWANI,HARYANA
4850,BENISAR,BS,NSG6,BIKANER,NWR,BIKANER,RAJASTHAN
4851,BHAGWANSAR,BNSR,NSG6,BIKANER,NWR,BIKANER,RAJASTHAN
4852,BHIWANI CITY,BNWC,NSG6,BIKANER,NWR,BHIWANI,HARYANA
4853,BIGGA,BIGA,NSG6,BIKANER,NWR,BIKANER,RAJASTHAN
4854,BIRADHWAL,BDWL,NSG6,BIKANER,NWR,GANGANAGAR,RAJASTHAN
4855,BIRANG KHERA,BMK,NSG6,BIKANER,NWR,SRI MUKTSAR SAHIB,PUNJAB
4856,CHARAUD,CRW,NSG6,BIKANER,NWR,HISAR,HARYANA
4857,DABLI RATHAN,DBI,NSG6,BIKANER,NWR,HANUMANGARH,RAJASTHAN
4858,DAHINA-ZAINABAD,DZB,NSG6,BIKANER,NWR,REWARI,HARYANA
4859,DEPALSAR,DEP,NSG6,BIKANER,NWR,CHURU,RAJASTHAN
4860,DHABAN,DABN,NSG6,BIKANER,NWR,HANUMANGARH,RAJASTHAN
4861,DHIRERA,DHRR,NSG6,BIKANER,NWR,BIKANER,RAJASTHAN
4862,DHOLIPAL,DPK,NSG6,BIKANER,NWR,HANUMANGARH,RAJASTHAN
4863,DING,DING,NSG6,BIKANER,NWR,SIRSA,HARYANA
4864,DIPLANA,DPLN,NSG6,BIKANER,NWR,HANUMANGARH,RAJASTHAN
4865,DIYATRA ROAD,DTRD,NSG6,BIKANER,NWR,BIKANER,RAJASTHAN
4866,DOKWA,DKWA,NSG6,BIKANER,NWR,CHURU,RAJASTHAN
4867,DUDHWAKHARA,DKX,NSG6,BIKANER,NWR,CHURU,RAJASTHAN
4868,DULMERA,DLC,NSG6,BIKANER,NWR,BIKANER,RAJASTHAN
4869,DULRASAR,DUS,NSG6,BIKANER,NWR,CHURU,RAJASTHAN
4870,ELLENABAD,ENB,NSG6,BIKANER,NWR,SIRSA,HARYANA
4871,GADHWALA,GDW,NSG6,BIKANER,NWR,BIKANER,RAJASTHAN
4872,GAJNER,GJN,NSG6,BIKANER,NWR,BIKANER,RAJASTHAN
4873,GAJSINGHPUR,GJS,NSG6,BIKANER,NWR,GANGANAGAR,RAJASTHAN
4874,GURUSAR SEHNEWALA,GSW,NSG6,BIKANER,NWR,BATHINDA,PUNJAB
4875,HADYAL,HYL,NSG6,BIKANER,NWR,CHURU,RAJASTHAN
4876,HANUMANGARH TOWN,HMO,NSG6,BIKANER,NWR,HANUMANGARH,RAJASTHAN
4877,HARPALU,HR,NSG6,BIKANER,NWR,CHURU,RAJASTHAN
4878,JAGDEVWALA,JDL,NSG6,BIKANER,NWR,BIKANER,RAJASTHAN
4879,JAITSAR,JES,NSG6,BIKANER,NWR,GANGANAGAR,RAJASTHAN
4880,JAKHOD KHERA,JKHI,NSG6,BIKANER,NWR,HISAR,HARYANA
4881,JAMSAR,JMS,NSG6,BIKANER,NWR,BIKANER,RAJASTHAN
4882,JATUSANA,JTS,NSG6,BIKANER,NWR,REWARI,HARYANA
4883,JHARLI,JRL,NSG6,BIKANER,NWR,JHAJJAR,HARYANA
4884,JHUNPA,JUP,NSG6,BIKANER,NWR,CHURU,RAJASTHAN
4885,JITA KHERI,JKZ,NSG6,BIKANER,NWR,BHIWANI,HARYANA
4886,JUHARPURA,JOH,NSG6,BIKANER,NWR,CHURU,RAJASTHAN
4887,KALANAUR KALAN,KLNK,NSG6,BIKANER,NWR,ROHTAK,HARYANA
4888,KALYANKOT HALT,KYNT,NSG6,BIKANER,NWR,GANGANAGAR,RAJASTHAN
4889,KANASAR,KNSR,NSG6,BIKANER,NWR,BIKANER,RAJASTHAN
4890,KANINA KHAS,KNNK,NSG6,BIKANER,NWR,MAHENDRAGARH,HARYANA
4891,KESRI SINGHPUR,KESR,NSG6,BIKANER,NWR,GANGANAGAR,RAJASTHAN
4892,KHINANIYAN,KNNA,NSG6,BIKANER,NWR,HANUMANGARH,RAJASTHAN
4893,KISHANGARH BALAWAS,KGBS,NSG6,BIKANER,NWR,REWARI,HARYANA
4894,KOLAYAT,KLYT,NSG6,BIKANER,NWR,BIKANER,RAJASTHAN
4895,LAHLI,LHLL,NSG6,BIKANER,NWR,ROHTAK,HARYANA
4896,MAHAJAN,MHJ,NSG6,BIKANER,NWR,BIKANER,RAJASTHAN
4897,MALAR,MAAR,NSG6,BIKANER,NWR,JODHPUR,RAJASTHAN
4898,MALKISAR,MLC,NSG6,BIKANER,NWR,BIKANER,RAJASTHAN
4899,MANAKSAR,MNSR,NSG6,BIKANER,NWR,HANUMANGARH,RAJASTHAN
4900,MANHERU,MHU,NSG6,BIKANER,NWR,BHIWANI,HARYANA
4901,MOHAN NAGAR,MNGR,NSG6,BIKANER,NWR,GANGANAGAR,RAJASTHAN
4902,MOLISAR,MIO,NSG6,BIKANER,NWR,CHURU,RAJASTHAN
4903,NAL HALT,NAL,NSG6,BIKANER,NWR,BIKANER,RAJASTHAN
4904,NANGAL MUNDI,NNU,NSG6,BIKANER,NWR,REWARI,HARYANA
4905,NAPASAR,NPS,NSG6,BIKANER,NWR,BIKANER,RAJASTHAN
4906,NARWASI,NRWI,NSG6,BIKANER,NWR,CHURU,RAJASTHAN
4907,NATHWANA,NTZ,NSG6,BIKANER,NWR,BIKANER,RAJASTHAN
4908,NOHAR,NHR,NSG6,BIKANER,NWR,HANUMANGARH,RAJASTHAN
4909,NOKHRA,NKRA,NSG6,BIKANER,NWR,BIKANER,RAJASTHAN
4910,PARSNEU,PSV,NSG6,BIKANER,NWR,CHURU,RAJASTHAN
4911,PARVEZPUR,PVZ,NSG6,BIKANER,NWR,BHIWANI,HARYANA
4912,PRITHWIRAJPUR,PRUR,NSG6,BIKANER,NWR,GANGANAGAR,RAJASTHAN
4913,RAJIYASAR,RJS,NSG6,BIKANER,NWR,GANGANAGAR,RAJASTHAN
4914,RAMAN,RMN,NSG6,BIKANER,NWR,BATHINDA,PUNJAB
4915,RAMPURA BERI,RMB,NSG6,BIKANER,NWR,CHURU,RAJASTHAN
4916,RAMSINGHPUR,RMSR,NSG6,BIKANER,NWR,GANGANAGAR,RAJASTHAN
4917,RANGMAHAL,RMH,NSG6,BIKANER,NWR,HANUMANGARH,RAJASTHAN
4918,RATANGARH KANAKWAL,RKK,NSG6,BIKANER,NWR,CHURU,RAJASTHAN
4919,SANGAT,SGF,NSG6,BIKANER,NWR,BATHINDA,PUNJAB
4920,SARDARSAHAR,SRDR,NSG6,BIKANER,NWR,CHURU,RAJASTHAN
4921,SARUPSAR JN.,SRPR,NSG6,BIKANER,NWR,GANGANAGAR,RAJASTHAN
4922,SATNALI,STNL,NSG6,BIKANER,NWR,MAHENDRAGARH,HARYANA
4923,SATROD,STD,NSG6,BIKANER,NWR,HISAR,HARYANA
4924,SHEREKAN,SRKN,NSG6,BIKANER,NWR,HANUMANGARH,RAJASTHAN
4925,SHERGARH,SGA,NSG6,BIKANER,NWR,BATHINDA,PUNJAB
4926,SIDMUKH,SDMK,NSG6,BIKANER,NWR,CHURU,RAJASTHAN
4927,SIRD,SIRD,NSG6,BIKANER,NWR,JODHPUR,RAJASTHAN
4928,SIWANI,SWNI,NSG6,BIKANER,NWR,BHIWANI,HARYANA
4929,SOHANSRA,SAWN,NSG6,BIKANER,NWR,MAHENDRAGARH,HARYANA
4930,SUCHAN KOTLI,SHN,NSG6,BIKANER,NWR,SIRSA,HARYANA
4931,SUDHRANA,SDRA,NSG6,BIKANER,NWR,REWARI,HARYANA
4932,SUDSAR,SDF,NSG6,BIKANER,NWR,BIKANER,RAJASTHAN
4933,SURATPURA JN.,SURP,NSG6,BIKANER,NWR,CHURU,RAJASTHAN
4934,TAHSIL BHADRA,TSD,NSG6,BIKANER,NWR,HANUMANGARH,RAJASTHAN
4935,TALWARA JHIL,TLI,NSG6,BIKANER,NWR,HANUMANGARH,RAJASTHAN
4936,TIBI,TIBI,NSG6,BIKANER,NWR,HANUMANGARH,RAJASTHAN
4937,ZERPUR PALI,ZP,NSG6,BIKANER,NWR,MAHENDRAGARH,HARYANA
4938,KHANPUR AHIR,KNAR,HG2,JAIPUR,NWR,ALWAR,RAJASTHAN
4939,KOLVAGRAM,KVGM,HG2,JAIPUR,NWR,DAUSA,RAJASTHAN
4940,SURELI,SURL,HG2,JAIPUR,NWR,TONK,RAJASTHAN
4941,BALWANTPURA CHELASI,BWPL,HG3,JAIPUR,NWR,JHUNJHUNU,RAJASTHAN
4942,BANSKHO,BSKO,HG3,JAIPUR,NWR,JAIPUR,RAJASTHAN
4943,BHATON-KI-GALI,BHG,HG3,JAIPUR,NWR,JAIPUR,RAJASTHAN
4944,BHAVDHARI,BOTR,HG3,JAIPUR,NWR,JHUNJHUNU,RAJASTHAN
4945,BINDAYAKA,BDYK,HG3,JAIPUR,NWR,JAIPUR,RAJASTHAN
4946,CHHOTA GUDHA,COD,HG3,JAIPUR,NWR,JAIPUR,RAJASTHAN
4947,DANTRA,DTRA,HG3,JAIPUR,NWR,JAIPUR,RAJASTHAN
4948,DHINDA,DHND,HG3,JAIPUR,NWR,JAIPUR,RAJASTHAN
4949,GHATALA,GAL,HG3,JAIPUR,NWR,ALWAR,RAJASTHAN
4950,GOLANA HALT,GLNA,HG3,JAIPUR,NWR,DAUSA,RAJASTHAN
4951,JERTHI DADHIA,JDD,HG3,JAIPUR,NWR,SIKAR,RAJASTHAN
4952,KAYAMSAR,QMRS,HG3,JAIPUR,NWR,SIKAR,RAJASTHAN
4953,LOHARWARA,LHW,HG3,JAIPUR,NWR,JAIPUR,RAJASTHAN
4954,MAHANSAR,MWR,HG3,JAIPUR,NWR,JHUNJHUNU,RAJASTHAN
4955,MAJRI NANGAL,MJNL,HG3,JAIPUR,NWR,REWARI,HARYANA
4956,MINDHA,MNHA,HG3,JAIPUR,NWR,JAIPUR,RAJASTHAN
4957,NARI-KHETRI,NRKE,HG3,JAIPUR,NWR,JHUNJHUNU,RAJASTHAN
4958,RANOLISHISHU,RNIS,HG3,JAIPUR,NWR,SIKAR,RAJASTHAN
4959,RASHIDPURA-KHORI,RDK,HG3,JAIPUR,NWR,SIKAR,RAJASTHAN
4960,SAHELI,SALI,HG3,JAIPUR,NWR,JAIPUR,RAJASTHAN
4961,SANODIYA,SFE,HG3,JAIPUR,NWR,JAIPUR,RAJASTHAN
4962,SHEOSINGHPURA,SHNX,HG3,JAIPUR,NWR,JAIPUR,RAJASTHAN
4963,SONTHALIYA,SNTH,HG3,JAIPUR,NWR,SIKAR,RAJASTHAN
4964,SURER,SRRG,HG3,JAIPUR,NWR,ALWAR,RAJASTHAN
4965,TILONIYA,TL,HG3,JAIPUR,NWR,AJMER,RAJASTHAN
4966,JAIPUR JN.,JP,NSG2,JAIPUR,NWR,JAIPUR,RAJASTHAN
4967,ALWAR JN.,AWR,NSG3,JAIPUR,NWR,ALWAR,RAJASTHAN
4968,BANDIKUI JN.,BKI,NSG3,JAIPUR,NWR,DAUSA,RAJASTHAN
4969,GANDHINAGAR JAIPUR,GADJ,NSG3,JAIPUR,NWR,JAIPUR,RAJASTHAN
4970,KISHANGARH,KSG,NSG3,JAIPUR,NWR,AJMER,RAJASTHAN
4971,PHULERA JN.,FL,NSG3,JAIPUR,NWR,JAIPUR,RAJASTHAN
4972,REWARI JN.,RE,NSG3,JAIPUR,NWR,REWARI,HARYANA
4973,DAUSA,DO,NSG4,JAIPUR,NWR,DAUSA,RAJASTHAN
4974,DURGAPURA,DPA,NSG4,JAIPUR,NWR,JAIPUR,RAJASTHAN
4975,SIKAR JN.,SIKR,NSG4,JAIPUR,NWR,SIKAR,RAJASTHAN
4976,ASAIPUR JOBNER,JOB,NSG5,JAIPUR,NWR,JAIPUR,RAJASTHAN
4977,BANASTHALI NIWAI,BNLW,NSG5,JAIPUR,NWR,TONK,RAJASTHAN
4978,CHOUTH-KA-BARWARA,CKB,NSG5,JAIPUR,NWR,SAWAI MADHOPUR,RAJASTHAN
4979,GETOR JAGATPURA,GTJT,NSG5,JAIPUR,NWR,JAIPUR,RAJASTHAN
4980,KHAIRTHAL,KRH,NSG5,JAIPUR,NWR,ALWAR,RAJASTHAN
4981,NARNAUL,NNL,NSG5,JAIPUR,NWR,MAHENDRAGARH,HARYANA
4982,NIM-KA-THANA,NMK,NSG5,JAIPUR,NWR,JAIPUR,RAJASTHAN
4983,RAJGARH,RHG,NSG5,JAIPUR,NWR,ALWAR,RAJASTHAN
4984,RINGUS JN.,RGS,NSG5,JAIPUR,NWR,SIKAR,RAJASTHAN
4985,SANGANER.,SNGN,NSG5,JAIPUR,NWR,JAIPUR,RAJASTHAN
4986,SHRI MADHOPUR,SMPR,NSG5,JAIPUR,NWR,SIKAR,RAJASTHAN
4987,AJARKA,AIA,NSG6,JAIPUR,NWR,ALWAR,RAJASTHAN
4988,AMARPUR-JORASI,APJ,NSG6,JAIPUR,NWR,MAHENDRAGARH,HARYANA
4989,ARNIYA,ARNA,NSG6,JAIPUR,NWR,DAUSA,RAJASTHAN
4990,ATELI,AEL,NSG6,JAIPUR,NWR,MAHENDRAGARH,HARYANA
4991,BADHAL,BDHL,NSG6,JAIPUR,NWR,JAIPUR,RAJASTHAN
4992,BAORI THIKRIA,BOTI,NSG6,JAIPUR,NWR,SIKAR,RAJASTHAN
4993,BASSI,BAI,NSG6,JAIPUR,NWR,JAIPUR,RAJASTHAN
4994,BASWA,BU,NSG6,JAIPUR,NWR,DAUSA,RAJASTHAN
4995,BAWAL,BWL,NSG6,JAIPUR,NWR,REWARI,HARYANA
4996,BHAGEGA,BAGA,NSG6,JAIPUR,NWR,SIKAR,RAJASTHAN
4997,BHAN KARI,BAK,NSG6,JAIPUR,NWR,DAUSA,RAJASTHAN
4998,BHESLANA,BILA,NSG6,JAIPUR,NWR,JAIPUR,RAJASTHAN
4999,BISSAU,BUB,NSG6,JAIPUR,NWR,JHUNJHUNU,RAJASTHAN
5000,BOBAS,BOBS,NSG6,JAIPUR,NWR,JAIPUR,RAJASTHAN
5001,CHAKSU,CKS,NSG6,JAIPUR,NWR,JAIPUR,RAJASTHAN
5002,CHANNANI,CHNN,NSG6,JAIPUR,NWR,TONK,RAJASTHAN
5003,CHIRAWA,CRWA,NSG6,JAIPUR,NWR,JHUNJHUNU,RAJASTHAN
5004,CHOMUN SAMOD,COM,NSG6,JAIPUR,NWR,JAIPUR,RAJASTHAN
5005,DABLA,DBLA,NSG6,JAIPUR,NWR,SIKAR,RAJASTHAN
5006,DAHAR-KA-BALAJI,DKBJ,NSG6,JAIPUR,NWR,JAIPUR,RAJASTHAN
5007,DEVPURA,DPZ,NSG6,JAIPUR,NWR,SAWAI MADHOPUR,RAJASTHAN
5008,DHANAKYA,DNK,NSG6,JAIPUR,NWR,JAIPUR,RAJASTHAN
5009,DHIGAWARA,DGW,NSG6,JAIPUR,NWR,ALWAR,RAJASTHAN
5010,DUNDLOD MUKANDGARH,DOB,NSG6,JAIPUR,NWR,JHUNJHUNU,RAJASTHAN
5011,FATEHPUR-SHEKHAWATI,FPS,NSG6,JAIPUR,NWR,SIKAR,RAJASTHAN
5012,GAHLOTA,GLTA,NSG6,JAIPUR,NWR,AJMER,RAJASTHAN
5013,GEGAL AKHRI,GEK,NSG6,JAIPUR,NWR,AJMER,RAJASTHAN
5014,GORIYAN,GIO,NSG6,JAIPUR,NWR,SIKAR,RAJASTHAN
5015,GOVINDGARH MALIKPUR,GND,NSG6,JAIPUR,NWR,JAIPUR,RAJASTHAN
5016,HARSAULI,HSI,NSG6,JAIPUR,NWR,ALWAR,RAJASTHAN
5017,HIRNODA,HDA,NSG6,JAIPUR,NWR,JAIPUR,RAJASTHAN
5018,ISARDA,ISA,NSG6,JAIPUR,NWR,SAWAI MADHOPUR,RAJASTHAN
5019,JATWARA,JW,NSG6,JAIPUR,NWR,JAIPUR,RAJASTHAN
5020,JHILO,JLLO,NSG6,JAIPUR,NWR,SIKAR,RAJASTHAN
5021,JHIR,JHIR,NSG6,JAIPUR,NWR,JAIPUR,RAJASTHAN
5022,JHUNJUNU,JJN,NSG6,JAIPUR,NWR,JHUNJHUNU,RAJASTHAN
5023,KACHERA,KHRA,NSG6,JAIPUR,NWR,SIKAR,RAJASTHAN
5024,KANAKPURA,KKU,NSG6,JAIPUR,NWR,JAIPUR,RAJASTHAN
5025,KANAUTA,KUT,NSG6,JAIPUR,NWR,JAIPUR,RAJASTHAN
5026,KANWAT,KAWT,NSG6,JAIPUR,NWR,SIKAR,RAJASTHAN
5027,KATHUWAS,KTWS,NSG6,JAIPUR,NWR,ALWAR,RAJASTHAN
5028,KHANDEL,KNDL,NSG6,JAIPUR,NWR,JAIPUR,RAJASTHAN
5029,KHATIPURA,KWP,NSG6,JAIPUR,NWR,JAIPUR,RAJASTHAN
5030,KHORI,KORI,NSG6,JAIPUR,NWR,REWARI,HARYANA
5031,KISHAN-MANPURA,KMNP,NSG6,JAIPUR,NWR,JAIPUR,RAJASTHAN
5032,KUND,KUND,NSG6,JAIPUR,NWR,REWARI,HARYANA
5033,LACHHMANGARH-SIKAR,LNH,NSG6,JAIPUR,NWR,SIKAR,RAJASTHAN
5034,LADPURA,LR,NSG6,JAIPUR,NWR,AJMER,RAJASTHAN
5035,MAHWA,MWW,NSG6,JAIPUR,NWR,ALWAR,RAJASTHAN
5036,MALAKHERA,MKH,NSG6,JAIPUR,NWR,ALWAR,RAJASTHAN
5037,MAONDA,MADA,NSG6,JAIPUR,NWR,SIKAR,RAJASTHAN
5038,MIRZAPUR BACHHAU,MBV,NSG6,JAIPUR,NWR,MAHENDRAGARH,HARYANA
5039,NARAINA,NRI,NSG6,JAIPUR,NWR,JAIPUR,RAJASTHAN
5040,NAWALGARH,NWH,NSG6,JAIPUR,NWR,JHUNJHUNU,RAJASTHAN
5041,NINDHAR BENAR,NDH,NSG6,JAIPUR,NWR,JAIPUR,RAJASTHAN
5042,NIZAMPUR,NIP,NSG6,JAIPUR,NWR,MAHENDRAGARH,HARYANA
5043,NUA,NUA,NSG6,JAIPUR,NWR,JHUNJHUNU,RAJASTHAN
5044,PACHAR MALIKPURA,PCMK,NSG6,JAIPUR,NWR,JAIPUR,RAJASTHAN
5045,PALSANA,PLSN,NSG6,JAIPUR,NWR,SIKAR,RAJASTHAN
5046,PARISAL,PSL,NSG6,JAIPUR,NWR,ALWAR,RAJASTHAN
5047,PEEPLEE-KA-BAS,PKBS,NSG6,JAIPUR,NWR,JAIPUR,RAJASTHAN
5048,RAMGARH SHEKHAWATI,RSWT,NSG6,JAIPUR,NWR,SIKAR,RAJASTHAN
5049,RATAN SAHAR,RSH,NSG6,JAIPUR,NWR,JHUNJHUNU,RAJASTHAN
5050,RENWAL,RNW,NSG6,JAIPUR,NWR,JAIPUR,RAJASTHAN
5051,SAKHUN,SK,NSG6,JAIPUR,NWR,JAIPUR,RAJASTHAN
5052,SHEODASPURA-PADAMPUR,SAS,NSG6,JAIPUR,NWR,JAIPUR,RAJASTHAN
5053,SIRAS,SRAS,NSG6,JAIPUR,NWR,TONK,RAJASTHAN
5054,SURAJGARH,SRGH,NSG6,JAIPUR,NWR,JHUNJHUNU,RAJASTHAN
5055,GAGARIYA,GGY,HG2,JODHPUR,NWR,BARMER,RAJASTHAN
5056,PIPAR CITY,PCY,HG2,JODHPUR,NWR,JODHPUR,RAJASTHAN
5057,RAMSAR,RMX,HG2,JODHPUR,NWR,BARMER,RAJASTHAN
5058,BHAWI,BCW,HG3,JODHPUR,NWR,JODHPUR,RAJASTHAN
5059,BIDIYAD,BIDD,HG3,JODHPUR,NWR,NAGAUR,RAJASTHAN
5060,BILARA,BARA,HG3,JODHPUR,NWR,JODHPUR,RAJASTHAN
5061,DESWAL HALT,DSL,HG3,JODHPUR,NWR,NAGAUR,RAJASTHAN
5062,DUGDOL HALT,DGQ,HG3,JODHPUR,NWR,BANAS KANTHA,GUJARAT
5063,JAISINDER HALT,JSD,HG3,JODHPUR,NWR,BARMER,RAJASTHAN
5064,JALSU NANAK HALT,JACN,HG3,JODHPUR,NWR,NAGAUR,RAJASTHAN
5065,JASWANTGARH,JSH,HG3,JODHPUR,NWR,NAGAUR,RAJASTHAN
5066,KHED TEMPLE HALT,KHTX,HG3,JODHPUR,NWR,BARMER,RAJASTHAN
5067,LILMA,LIL,HG3,JODHPUR,NWR,BARMER,RAJASTHAN
5068,LOHA HALT,LOHA,HG3,JODHPUR,NWR,CHURU,RAJASTHAN
5069,MARWAR- BALIA,MBSK,HG3,JODHPUR,NWR,NAGAUR,RAJASTHAN
5070,MIYON KA BARA HALT,MNKB,HG3,JODHPUR,NWR,BARMER,RAJASTHAN
5071,PIRWA,PW,HG3,JODHPUR,NWR,NAGAUR,RAJASTHAN
5072,SANVRAD,SVO,HG3,JODHPUR,NWR,NAGAUR,RAJASTHAN
5073,SILARI,SILR,HG3,JODHPUR,NWR,JODHPUR,RAJASTHAN
5074,THATHANA MITHRI HALT,THMR,HG3,JODHPUR,NWR,NAGAUR,RAJASTHAN
5075,JODHPUR JN.,JU,NSG2,JODHPUR,NWR,JODHPUR,RAJASTHAN
5076,BHAGAT-KI-KOTHI,BGKT,NSG3,JODHPUR,NWR,JODHPUR,RAJASTHAN
5077,JAISALMER,JSM,NSG3,JODHPUR,NWR,JAISALMER,RAJASTHAN
5078,PALI MARWAR,PMY,NSG3,JODHPUR,NWR,PALI,RAJASTHAN
5079,BARMER,BME,NSG4,JODHPUR,NWR,BARMER,RAJASTHAN
5080,MERTA ROAD JN.,MTD,NSG4,JODHPUR,NWR,NAGAUR,RAJASTHAN
5081,NAGAUR,NGO,NSG4,JODHPUR,NWR,NAGAUR,RAJASTHAN
5082,NOKHA,NOK,NSG4,JODHPUR,NWR,BIKANER,RAJASTHAN
5083,BALOTRA JN.,BLT,NSG5,JODHPUR,NWR,BARMER,RAJASTHAN
5084,BASNI,BANE,NSG5,JODHPUR,NWR,JODHPUR,RAJASTHAN
5085,BAYTU,BUT,NSG5,JODHPUR,NWR,BARMER,RAJASTHAN
5086,DEGANA JN.,DNA,NSG5,JODHPUR,NWR,NAGAUR,RAJASTHAN
5087,DESHNOKE,DSO,NSG5,JODHPUR,NWR,BIKANER,RAJASTHAN
5088,DIDWANA,DIA,NSG5,JODHPUR,NWR,NAGAUR,RAJASTHAN
5089,GOTAN,GOTN,NSG5,JODHPUR,NWR,NAGAUR,RAJASTHAN
5090,JALOR,JOR,NSG5,JODHPUR,NWR,JALORE,RAJASTHAN
5091,KUCHAMAN CITY,KMNC,NSG5,JODHPUR,NWR,NAGAUR,RAJASTHAN
5092,LADNUN,LAU,NSG5,JODHPUR,NWR,NAGAUR,RAJASTHAN
5093,LUNI JN.,LUNI,NSG5,JODHPUR,NWR,JODHPUR,RAJASTHAN
5094,MAKRANA JN.,MKN,NSG5,JODHPUR,NWR,NAGAUR,RAJASTHAN
5095,MARWAR BHINMAL,MBNL,NSG5,JODHPUR,NWR,JALORE,RAJASTHAN
5096,NAWA CITY,NAC,NSG5,JODHPUR,NWR,NAGAUR,RAJASTHAN
5097,PHALODI JN.,PLCJ,NSG5,JODHPUR,NWR,JODHPUR,RAJASTHAN
5098,POKARAN,POK,NSG5,JODHPUR,NWR,JAISALMER,RAJASTHAN
5099,RAI KA BAGH PALACE,RKB,NSG5,JODHPUR,NWR,JODHPUR,RAJASTHAN
5100,RAMDEVRA,RDRA,NSG5,JODHPUR,NWR,JAISALMER,RAJASTHAN
5101,REN,REN,NSG5,JODHPUR,NWR,NAGAUR,RAJASTHAN
5102,SAMDARI,SMR,NSG5,JODHPUR,NWR,BARMER,RAJASTHAN
5103,SHRIBHADRIYA LATHI,SBLT,NSG5,JODHPUR,NWR,JAISALMER,RAJASTHAN
5104,SUJANGARH,SUJH,NSG5,JODHPUR,NWR,CHURU,RAJASTHAN
5105,AJIT,AJIT,NSG6,JODHPUR,NWR,BARMER,RAJASTHAN
5106,ALAI,ALAI,NSG6,JODHPUR,NWR,NAGAUR,RAJASTHAN
5107,ASARANADA,AAS,NSG6,JODHPUR,NWR,JODHPUR,RAJASTHAN
5108,ASHAPURA GOMAT,AQG,NSG6,JODHPUR,NWR,JAISALMER,RAJASTHAN
5109,BADWASI,BWS,NSG6,JODHPUR,NWR,NAGAUR,RAJASTHAN
5110,BAKRA ROAD,BK,NSG6,JODHPUR,NWR,JALORE,RAJASTHAN
5111,BALSAMAND,BLSD,NSG6,JODHPUR,NWR,NAGAUR,RAJASTHAN
5112,BALWARA,BAWA,NSG6,JODHPUR,NWR,JALORE,RAJASTHAN
5113,BAMSIN,BMSN,NSG6,JODHPUR,NWR,BARMER,RAJASTHAN
5114,BANAR,BNO,NSG6,JODHPUR,NWR,JODHPUR,RAJASTHAN
5115,BANIYA SANDA DHORA,BSDA,NSG6,JODHPUR,NWR,BARMER,RAJASTHAN
5116,BESROLI,BSRL,NSG6,JODHPUR,NWR,NAGAUR,RAJASTHAN
5117,BHACHHBAR,BBC,NSG6,JODHPUR,NWR,BARMER,RAJASTHAN
5118,BHEEMPURA,BIPR,NSG6,JODHPUR,NWR,JALORE,RAJASTHAN
5119,BHIKAMKOR,BKC,NSG6,JODHPUR,NWR,JODHPUR,RAJASTHAN
5120,BHIMARLAI,BMQ,NSG6,JODHPUR,NWR,BARMER,RAJASTHAN
5121,BISHENGARH,BISH,NSG6,JODHPUR,NWR,JALORE,RAJASTHAN
5122,BOMADRA,BOM,NSG6,JODHPUR,NWR,PALI,RAJASTHAN
5123,BORAWAR,BOW,NSG6,JODHPUR,NWR,NAGAUR,RAJASTHAN
5124,CHHOTI KHATU,CTKT,NSG6,JODHPUR,NWR,NAGAUR,RAJASTHAN
5125,CHILO,CLO,NSG6,JODHPUR,NWR,NAGAUR,RAJASTHAN
5126,DHANERA,DQN,NSG6,JODHPUR,NWR,BANAS KANTHA,GUJARAT
5127,DUDIA,DUK,NSG6,JODHPUR,NWR,JODHPUR,RAJASTHAN
5128,DUNDARA,DOR,NSG6,JODHPUR,NWR,JODHPUR,RAJASTHAN
5129,GACHHIPURA,GCH,NSG6,JODHPUR,NWR,NAGAUR,RAJASTHAN
5130,GADRA ROAD,GDD,NSG6,JODHPUR,NWR,BARMER,RAJASTHAN
5131,GOLE,GOLE,NSG6,JODHPUR,NWR,BARMER,RAJASTHAN
5132,GOVINDI MARWAR,GVMR,NSG6,JODHPUR,NWR,NAGAUR,RAJASTHAN
5133,GUDHA,GA,NSG6,JODHPUR,NWR,NAGAUR,RAJASTHAN
5134,HANWANT,HWT,NSG6,JODHPUR,NWR,JODHPUR,RAJASTHAN
5135,HARLAYA,HRLI,NSG6,JODHPUR,NWR,JODHPUR,RAJASTHAN
5136,JAGANNATH JI,JNX,NSG6,JODHPUR,NWR,JALORE,RAJASTHAN
5137,JAJIWAL,JWL,NSG6,JODHPUR,NWR,JODHPUR,RAJASTHAN
5138,JALSU,JAC,NSG6,JODHPUR,NWR,NAGAUR,RAJASTHAN
5139,JANIYANA,JNE,NSG6,JODHPUR,NWR,BARMER,RAJASTHAN
5140,JARI,JARI,NSG6,JODHPUR,NWR,BANAS KANTHA,GUJARAT
5141,JASAI,JSA,NSG6,JODHPUR,NWR,BARMER,RAJASTHAN
5142,JENAL,JNZ,NSG6,JODHPUR,NWR,BANAS KANTHA,GUJARAT
5143,JETHA CHANDAN,JCH,NSG6,JODHPUR,NWR,JAISALMER,RAJASTHAN
5144,JODHPUR CANTT,JUCT,NSG6,JODHPUR,NWR,JODHPUR,RAJASTHAN
5145,JOGI MAGRA,JOM,NSG6,JODHPUR,NWR,NAGAUR,RAJASTHAN
5146,KAIRLA,KAI,NSG6,JODHPUR,NWR,PALI,RAJASTHAN
5147,KAVAS,KVA,NSG6,JODHPUR,NWR,BARMER,RAJASTHAN
5148,KHAJWANA,KJW,NSG6,JODHPUR,NWR,NAGAUR,RAJASTHAN
5149,KHARIA KHANGAR,KXG,NSG6,JODHPUR,NWR,JODHPUR,RAJASTHAN
5150,KHATU,KHTU,NSG6,JODHPUR,NWR,NAGAUR,RAJASTHAN
5151,KHEDULI,KQW,NSG6,JODHPUR,NWR,NAGAUR,RAJASTHAN
5152,KHERI SALWA,KSW,NSG6,JODHPUR,NWR,JODHPUR,RAJASTHAN
5153,KHUNKHUNA,KKNA,NSG6,JODHPUR,NWR,NAGAUR,RAJASTHAN
5154,KIRODA,KRC,NSG6,JODHPUR,NWR,NAGAUR,RAJASTHAN
5155,LADERMER HALT,LDM,NSG6,JODHPUR,NWR,JALORE,RAJASTHAN
5156,MAHAMANDIR,MMC,NSG6,JODHPUR,NWR,JODHPUR,RAJASTHAN
5157,MALWARA,MBW,NSG6,JODHPUR,NWR,JALORE,RAJASTHAN
5158,MANDOR,MDB,NSG6,JODHPUR,NWR,JODHPUR,RAJASTHAN
5159,MARWAR BAGRA,MBGA,NSG6,JODHPUR,NWR,JALORE,RAJASTHAN
5160,MARWAR BITHRI,MBT,NSG6,JODHPUR,NWR,JODHPUR,RAJASTHAN
5161,MARWAR CHHAPARI,MCPE,NSG6,JODHPUR,NWR,NAGAUR,RAJASTHAN
5162,MARWAR KHARA,MKHR,NSG6,JODHPUR,NWR,JODHPUR,RAJASTHAN
5163,MARWAR KORI,KOF,NSG6,JODHPUR,NWR,JALORE,RAJASTHAN
5164,MARWAR LOHAWAT,MWT,NSG6,JODHPUR,NWR,JODHPUR,RAJASTHAN
5165,MARWAR MATHANIYA,MMY,NSG6,JODHPUR,NWR,JODHPUR,RAJASTHAN
5166,MARWAR MUNDWA,MDW,NSG6,JODHPUR,NWR,NAGAUR,RAJASTHAN
5167,MARWAR RATANPUR,MSQ,NSG6,JODHPUR,NWR,JALORE,RAJASTHAN
5168,MERTA CITY,MEC,NSG6,JODHPUR,NWR,NAGAUR,RAJASTHAN
5169,MODRAN,MON,NSG6,JODHPUR,NWR,JALORE,RAJASTHAN
5170,MOKALSAR,MKSR,NSG6,JODHPUR,NWR,BARMER,RAJASTHAN
5171,MUNABAO,MBF,NSG6,JODHPUR,NWR,BARMER,RAJASTHAN
5172,NAYA KHARADIA,NYK,NSG6,JODHPUR,NWR,NAGAUR,RAJASTHAN
5173,ODHANIYA CHACHA,OCH,NSG6,JODHPUR,NWR,JAISALMER,RAJASTHAN
5174,OSIYAN,OSN,NSG6,JODHPUR,NWR,JODHPUR,RAJASTHAN
5175,PALANA,PAE,NSG6,JODHPUR,NWR,BIKANER,RAJASTHAN
5176,PARHIHARA,PIH,NSG6,JODHPUR,NWR,CHURU,RAJASTHAN
5177,PARLU,PRU,NSG6,JODHPUR,NWR,BARMER,RAJASTHAN
5178,PARVATSAR CITY,PBC,NSG6,JODHPUR,NWR,NAGAUR,RAJASTHAN
5179,PIPAR ROAD JN.,PPR,NSG6,JODHPUR,NWR,JODHPUR,RAJASTHAN
5180,RAJKIAWAS,RKZ,NSG6,JODHPUR,NWR,PALI,RAJASTHAN
5181,RAKHI HALT,RHI,NSG6,JODHPUR,NWR,BARMER,RAJASTHAN
5182,RAMSAN,RXN,NSG6,JODHPUR,NWR,BANAS KANTHA,GUJARAT
5183,RANIWARA,RNV,NSG6,JODHPUR,NWR,JALORE,RAJASTHAN
5184,ROHAT,RT,NSG6,JODHPUR,NWR,PALI,RAJASTHAN
5185,SALAWAS,SZ,NSG6,JODHPUR,NWR,JODHPUR,RAJASTHAN
5186,SAMBHAR LAKE,SBR,NSG6,JODHPUR,NWR,JAIPUR,RAJASTHAN
5187,SATHIN ROAD,SWF,NSG6,JODHPUR,NWR,JODHPUR,RAJASTHAN
5188,SATLANA,SUT,NSG6,JODHPUR,NWR,JODHPUR,RAJASTHAN
5189,SHAITANSINGHANAGAR,STSN,NSG6,JODHPUR,NWR,JODHPUR,RAJASTHAN
5190,SHRI BALAJI,SBLJ,NSG6,JODHPUR,NWR,NAGAUR,RAJASTHAN
5191,SURPURA,SPO,NSG6,JODHPUR,NWR,BIKANER,RAJASTHAN
5192,TALCHHAPAR,TLC,NSG6,JODHPUR,NWR,CHURU,RAJASTHAN
5193,THAIYAT HAMIRA,THM,NSG6,JODHPUR,NWR,JAISALMER,RAJASTHAN
5194,TILWARA,TWL,NSG6,JODHPUR,NWR,BARMER,RAJASTHAN
5195,TIVARI,TIW,NSG6,JODHPUR,NWR,JODHPUR,RAJASTHAN
5196,UDRAMSAR,UMS,NSG6,JODHPUR,NWR,BIKANER,RAJASTHAN
5197,UMED,UMED,NSG6,JODHPUR,NWR,JODHPUR,RAJASTHAN
5198,UTARLAI,UTL,NSG6,JODHPUR,NWR,BARMER,RAJASTHAN
5199,NELLORE-SOUTH HALT,NLS,HG1,VIJAYAWADA,SCR,SPSR NELLORE,ANDHRA PRADESH
5200,CHILUVUR,CLVR,HG2,VIJAYAWADA,SCR,GUNTUR,ANDHRA PRADESH
5201,DOSAPADU,DPD,HG2,VIJAYAWADA,SCR,KRISHNA,ANDHRA PRADESH
5202,DURGADA GATE HALT,DGDG,HG2,VIJAYAWADA,SCR,KAKINADA,ANDHRA PRADESH
5203,IPURUPALEM HALT,IPPM,HG2,VIJAYAWADA,SCR,PRAKASAM,ANDHRA PRADESH
5204,JANDRAPETA HALT,JAQ,HG2,VIJAYAWADA,SCR,PRAKASAM,ANDHRA PRADESH
5205,KADAVAKUDURU,KVDU,HG2,VIJAYAWADA,SCR,BAPATLA,ANDHRA PRADESH
5206,KASIMKOTA,KSK,HG2,VIJAYAWADA,SCR,VISAKHAPATANAM,ANDHRA PRADESH
5207,KOLAKALUR HALT,KLX,HG2,VIJAYAWADA,SCR,GUNTUR,ANDHRA PRADESH
5208,KOTTA PANDILLAPALLI,KPLL,HG2,VIJAYAWADA,SCR,BAPATLA,ANDHRA PRADESH
5209,MACHAVARAM HALT,MCVM,HG2,VIJAYAWADA,SCR,GUNTUR,ANDHRA PRADESH
5210,MANCHILI,MCLE,HG2,VIJAYAWADA,SCR,WEST GODAVARI,ANDHRA PRADESH
5211,MODUKURU HALT,MDKU,HG2,VIJAYAWADA,SCR,BAPATLA,ANDHRA PRADESH
5212,PASIVEDALA,PSDA,HG2,VIJAYAWADA,SCR,WEST GODAVARI,ANDHRA PRADESH
5213,PUTLACHERUVU,PCU,HG2,VIJAYAWADA,SCR,KRISHNA,ANDHRA PRADESH
5214,RAPARLA HALT,RPRL,HG2,VIJAYAWADA,SCR,PRAKASAM,ANDHRA PRADESH
5215,RELANGI,RLG,HG2,VIJAYAWADA,SCR,WEST GODAVARI,ANDHRA PRADESH
5216,SRUNGAVRUKSHAM,SGKM,HG2,VIJAYAWADA,SCR,WEST GODAVARI,ANDHRA PRADESH
5217,TARIGOPPULA,TGU,HG2,VIJAYAWADA,SCR,KRISHNA,ANDHRA PRADESH
5218,VADLAMANNADU HALT,VMD,HG2,VIJAYAWADA,SCR,KRISHNA,ANDHRA PRADESH
5219,VENDRA HALT,VND,HG2,VIJAYAWADA,SCR,WEST GODAVARI,ANDHRA PRADESH
5220,ARTALAKATTA,AKAH,HG3,VIJAYAWADA,SCR,KAKINADA,ANDHRA PRADESH
5221,BALABHADRAPURAM HALT,BBPM,HG3,VIJAYAWADA,SCR,EAST GODAVARI,ANDHRA PRADESH
5222,BRAHMANAGUDEM HALT,BMGM,HG3,VIJAYAWADA,SCR,WEST GODAVARI,ANDHRA PRADESH
5223,CHERUKUVADA,CKV,HG3,VIJAYAWADA,SCR,WEST GODAVARI,ANDHRA PRADESH
5224,CHINTAPARRU HALT,CTPR,HG3,VIJAYAWADA,SCR,WEST GODAVARI,ANDHRA PRADESH
5225,DRAKSHARAMA,DKSA,HG3,VIJAYAWADA,SCR,Dr. B.R.AMBEDKAR KONASEEMA,ANDHRA PRADESH
5226,GANGAVARAM,GVMH,HG3,VIJAYAWADA,SCR,EAST GODAVARI,ANDHRA PRADESH
5227,GUNTAKODURU,GUK,HG3,VIJAYAWADA,SCR,KRISHNA,ANDHRA PRADESH
5228,KOLANUKONDA HALT,KAQ,HG3,VIJAYAWADA,SCR,GUNTUR,ANDHRA PRADESH
5229,KOVVADA,KOVH,HG3,VIJAYAWADA,SCR,KAKINADA,ANDHRA PRADESH
5230,KUNDURU,KDUH,HG3,VIJAYAWADA,SCR,Dr. B.R.AMBEDKAR KONASEEMA,ANDHRA PRADESH
5231,LAKSHMINARAYANAPURAM,LKSH,HG3,VIJAYAWADA,SCR,WEST GODAVARI,ANDHRA PRADESH
5232,LANKALAKODERU HALT,LKDU,HG3,VIJAYAWADA,SCR,WEST GODAVARI,ANDHRA PRADESH
5233,MOKHASA KALAVAPUDI,MVP,HG3,VIJAYAWADA,SCR,KRISHNA,ANDHRA PRADESH
5234,NARASAPURAPUPETA,NSPH,HG3,VIJAYAWADA,SCR,Dr. B.R.AMBEDKAR KONASEEMA,ANDHRA PRADESH
5235,NUJELLA,NUJ,HG3,VIJAYAWADA,SCR,KRISHNA,ANDHRA PRADESH
5236,PALLEVADA,PLVA,HG3,VIJAYAWADA,SCR,KRISHNA,ANDHRA PRADESH
5237,PASALAPUDI,PSLP,HG3,VIJAYAWADA,SCR,KRISHNA,ANDHRA PRADESH
5238,SATYAVADA,STVA,HG3,VIJAYAWADA,SCR,EAST GODAVARI,ANDHRA PRADESH
5239,TENNERU,TNRU,HG3,VIJAYAWADA,SCR,KRISHNA,ANDHRA PRADESH
5240,TIMMAPURAM HALT,TMPM,HG3,VIJAYAWADA,SCR,KAKINADA,ANDHRA PRADESH
5241,UNGUTURU,VGT,HG3,VIJAYAWADA,SCR,ELURU,ANDHRA PRADESH
5242,VAKADA,VH,HG3,VIJAYAWADA,SCR,KAKINADA,ANDHRA PRADESH
5243,VELANGI,VGH,HG3,VIJAYAWADA,SCR,KAKINADA,ANDHRA PRADESH
5244,VELPURU,VPU,HG3,VIJAYAWADA,SCR,WEST GODAVARI,ANDHRA PRADESH
5245,VENTRAPRAGADA,VPG,HG3,VIJAYAWADA,SCR,KRISHNA,ANDHRA PRADESH
5246,VIRAVALLI HALT,VRVL,HG3,VIJAYAWADA,SCR,KRISHNA,ANDHRA PRADESH
5247,VIJAYAWADA JN.,BZA,NSG2,VIJAYAWADA,SCR,NTR,ANDHRA PRADESH
5248,BHIMAVARAM TOWN,BVRT,NSG3,VIJAYAWADA,SCR,WEST GODAVARI,ANDHRA PRADESH
5249,ELURU,EE,NSG3,VIJAYAWADA,SCR,ELURU,ANDHRA PRADESH
5250,GUDUR JN.,GDR,NSG3,VIJAYAWADA,SCR,TIRUPATI,ANDHRA PRADESH
5251,KAKINADA TOWN,CCT,NSG3,VIJAYAWADA,SCR,KAKINADA,ANDHRA PRADESH
5252,NELLORE,NLR,NSG3,VIJAYAWADA,SCR,SPSR NELLORE,ANDHRA PRADESH
5253,ONGOLE,OGL,NSG3,VIJAYAWADA,SCR,PRAKASAM,ANDHRA PRADESH
5254,RAJAHMUNDRY,RJY,NSG3,VIJAYAWADA,SCR,EAST GODAVARI,ANDHRA PRADESH
5255,SAMALKOT JN.,SLO,NSG3,VIJAYAWADA,SCR,KAKINADA,ANDHRA PRADESH
5256,TENALI JN.,TEL,NSG3,VIJAYAWADA,SCR,GUNTUR,ANDHRA PRADESH
5257,ANAKAPALLE,AKP,NSG4,VIJAYAWADA,SCR,ANAKAPALLE,ANDHRA PRADESH
5258,ANNAVARAM,ANV,NSG4,VIJAYAWADA,SCR,KAKINADA,ANDHRA PRADESH
5259,BHIMAVARAM JN.,BVRM,NSG4,VIJAYAWADA,SCR,WEST GODAVARI,ANDHRA PRADESH
5260,CHIRALA,CLX,NSG4,VIJAYAWADA,SCR,PRAKASAM,ANDHRA PRADESH
5261,GUDIVADA JN.,GDV,NSG4,VIJAYAWADA,SCR,KRISHNA,ANDHRA PRADESH
5262,KAKINADA PORT,COA,NSG4,VIJAYAWADA,SCR,KAKINADA,ANDHRA PRADESH
5263,NARASAPUR,NS,NSG4,VIJAYAWADA,SCR,WEST GODAVARI,ANDHRA PRADESH
5264,NIDADAVOLU JN.,NDD,NSG4,VIJAYAWADA,SCR,WEST GODAVARI,ANDHRA PRADESH
5265,TADEPALLIGUDEM,TDD,NSG4,VIJAYAWADA,SCR,WEST GODAVARI,ANDHRA PRADESH
5266,TUNI,TUNI,NSG4,VIJAYAWADA,SCR,KAKINADA,ANDHRA PRADESH
5267,AKIVIDU,AKVD,NSG5,VIJAYAWADA,SCR,WEST GODAVARI,ANDHRA PRADESH
5268,ANAPARTI,APT,NSG5,VIJAYAWADA,SCR,EAST GODAVARI,ANDHRA PRADESH
5269,BAPATLA,BPP,NSG5,VIJAYAWADA,SCR,BAPATLA,ANDHRA PRADESH
5270,BITRAGUNTA,BTTR,NSG5,VIJAYAWADA,SCR,SPSR NELLORE,ANDHRA PRADESH
5271,DWARAPUDI,DWP,NSG5,VIJAYAWADA,SCR,EAST GODAVARI,ANDHRA PRADESH
5272,ELLAMANCHILI,YLM,NSG5,VIJAYAWADA,SCR,ANAKAPALLE,ANDHRA PRADESH
5273,GODAVARI,GVN,NSG5,VIJAYAWADA,SCR,EAST GODAVARI,ANDHRA PRADESH
5274,KAIKALUR,KKLR,NSG5,VIJAYAWADA,SCR,ELURU,ANDHRA PRADESH
5275,KAVALI,KVZ,NSG5,VIJAYAWADA,SCR,SPSR NELLORE,ANDHRA PRADESH
5276,KOVVURU,KVR,NSG5,VIJAYAWADA,SCR,WEST GODAVARI,ANDHRA PRADESH
5277,MACHILIPATNAM,MTM,NSG5,VIJAYAWADA,SCR,KRISHNA,ANDHRA PRADESH
5278,NARSIPATNAM ROAD,NRP,NSG5,VIJAYAWADA,SCR,ANAKAPALLE,ANDHRA PRADESH
5279,NIDUBROLU,NDO,NSG5,VIJAYAWADA,SCR,GUNTUR,ANDHRA PRADESH
5280,NUZVID,NZD,NSG5,VIJAYAWADA,SCR,KRISHNA,ANDHRA PRADESH
5281,PALAKOLLU,PKO,NSG5,VIJAYAWADA,SCR,WEST GODAVARI,ANDHRA PRADESH
5282,PEDANA,PAV,NSG5,VIJAYAWADA,SCR,KRISHNA,ANDHRA PRADESH
5283,PITHAPURAM,PAP,NSG5,VIJAYAWADA,SCR,KAKINADA,ANDHRA PRADESH
5284,POWERPET,PRH,NSG5,VIJAYAWADA,SCR,ELURU,ANDHRA PRADESH
5285,SINGARAYAKONDA,SKM,NSG5,VIJAYAWADA,SCR,PRAKASAM,ANDHRA PRADESH
5286,TANUKU,TNKU,NSG5,VIJAYAWADA,SCR,WEST GODAVARI,ANDHRA PRADESH
5287,VEDAYAPALEM,VDE,NSG5,VIJAYAWADA,SCR,SPSR NELLORE,ANDHRA PRADESH
5288,VIRAVASARAM,VVM,NSG5,VIJAYAWADA,SCR,WEST GODAVARI,ANDHRA PRADESH
5289,ALLURU ROAD,AXR,NSG6,VIJAYAWADA,SCR,SPSR NELLORE,ANDHRA PRADESH
5290,AMMANABROLU,ANB,NSG6,VIJAYAWADA,SCR,PRAKASAM,ANDHRA PRADESH
5291,APPIKATLA,APL,NSG6,VIJAYAWADA,SCR,BAPATLA,ANDHRA PRADESH
5292,ARAVALLI,AVLI,NSG6,VIJAYAWADA,SCR,WEST GODAVARI,ANDHRA PRADESH
5293,ATTILI,AL,NSG6,VIJAYAWADA,SCR,WEST GODAVARI,ANDHRA PRADESH
5294,BADAMPUDI,BPY,NSG6,VIJAYAWADA,SCR,ELURU,ANDHRA PRADESH
5295,BAYYAVARAM,BVM,NSG6,VIJAYAWADA,SCR,ANAKAPALLE,ANDHRA PRADESH
5296,BHIMADOLU,BMD,NSG6,VIJAYAWADA,SCR,ELURU,ANDHRA PRADESH
5297,BIKKAVOLU,BVL,NSG6,VIJAYAWADA,SCR,KAKINADA,ANDHRA PRADESH
5298,CHAGALLU,CU,NSG6,VIJAYAWADA,SCR,WEST GODAVARI,ANDHRA PRADESH
5299,CHEBROL,CEL,NSG6,VIJAYAWADA,SCR,ELURU,ANDHRA PRADESH
5300,CHILAKALAPUDI,CLU,NSG6,VIJAYAWADA,SCR,KRISHNA,ANDHRA PRADESH
5301,CHINNA GANJAM,CJM,NSG6,VIJAYAWADA,SCR,BAPATLA,ANDHRA PRADESH
5302,DENDULURU,DEL,NSG6,VIJAYAWADA,SCR,ELURU,ANDHRA PRADESH
5303,DUGGIRALA,DIG,NSG6,VIJAYAWADA,SCR,GUNTUR,ANDHRA PRADESH
5304,GANNAVARAM,GWM,NSG6,VIJAYAWADA,SCR,KRISHNA,ANDHRA PRADESH
5305,GOLLAPROLU,GLP,NSG6,VIJAYAWADA,SCR,KAKINADA,ANDHRA PRADESH
5306,GUDLAVALLERU,GVL,NSG6,VIJAYAWADA,SCR,KRISHNA,ANDHRA PRADESH
5307,GULLIPADU,GLU,NSG6,VIJAYAWADA,SCR,ANAKAPALLE,ANDHRA PRADESH
5308,GUNADALA,GALA,NSG6,VIJAYAWADA,SCR,NTR,ANDHRA PRADESH
5309,HAMSAVARAM,HVM,NSG6,VIJAYAWADA,SCR,KAKINADA,ANDHRA PRADESH
5310,INDUPALLI,IDP,NSG6,VIJAYAWADA,SCR,KRISHNA,ANDHRA PRADESH
5311,KADIYAM,KYM,NSG6,VIJAYAWADA,SCR,EAST GODAVARI,ANDHRA PRADESH
5312,KALDHARI,KLDI,NSG6,VIJAYAWADA,SCR,EAST GODAVARI,ANDHRA PRADESH
5313,KARAPA,KRAP,NSG6,VIJAYAWADA,SCR,KAKINADA,ANDHRA PRADESH
5314,KARAVADI,KRV,NSG6,VIJAYAWADA,SCR,PRAKASAM,ANDHRA PRADESH
5315,KAUTARAM,KVM,NSG6,VIJAYAWADA,SCR,KRISHNA,ANDHRA PRADESH
5316,KODAVALURU,KJJ,NSG6,VIJAYAWADA,SCR,SPSR NELLORE,ANDHRA PRADESH
5317,KONDAPALLI,KI,NSG6,VIJAYAWADA,SCR,NTR,ANDHRA PRADESH
5318,KOTIPALLI,KPLH,NSG6,VIJAYAWADA,SCR,Dr. B.R.AMBEDKAR KONASEEMA,ANDHRA PRADESH
5319,KRISHNA CANAL JN,KCC,NSG6,VIJAYAWADA,SCR,GUNTUR,ANDHRA PRADESH
5320,MADHURANAGAR,MDUN,NSG6,VIJAYAWADA,SCR,NTR,ANDHRA PRADESH
5321,MANDAVALLI,MDVL,NSG6,VIJAYAWADA,SCR,KRISHNA,ANDHRA PRADESH
5322,MANUBOLU,MBL,NSG6,VIJAYAWADA,SCR,SPSR NELLORE,ANDHRA PRADESH
5323,MEDAPADU,MPU,NSG6,VIJAYAWADA,SCR,KAKINADA,ANDHRA PRADESH
5324,MOTURU,OTR,NSG6,VIJAYAWADA,SCR,KRISHNA,ANDHRA PRADESH
5325,MUSTABADA,MBD,NSG6,VIJAYAWADA,SCR,KRISHNA,ANDHRA PRADESH
5326,NARASINGAPALLI,NASP,NSG6,VIJAYAWADA,SCR,VISAKHAPATANAM,ANDHRA PRADESH
5327,NAVABPALEM,NBM,NSG6,VIJAYAWADA,SCR,WEST GODAVARI,ANDHRA PRADESH
5328,NIDAMANURU,NDM,NSG6,VIJAYAWADA,SCR,KRISHNA,ANDHRA PRADESH
5329,PADUGUPADU,PGU,NSG6,VIJAYAWADA,SCR,SPSR NELLORE,ANDHRA PRADESH
5330,PEDDA AVATAPALLE,PAVP,NSG6,VIJAYAWADA,SCR,KRISHNA,ANDHRA PRADESH
5331,PEDDAVADLAPUDI,PVD,NSG6,VIJAYAWADA,SCR,GUNTUR,ANDHRA PRADESH
5332,PENNADA AGRAHARAM,PAGM,NSG6,VIJAYAWADA,SCR,WEST GODAVARI,ANDHRA PRADESH
5333,PULLA,PUA,NSG6,VIJAYAWADA,SCR,ELURU,ANDHRA PRADESH
5334,RAMACHANDRAPURAM,RBCS,NSG6,VIJAYAWADA,SCR,Dr. B.R.AMBEDKAR KONASEEMA,ANDHRA PRADESH
5335,RAMAVARAPPADU,RMV,NSG6,VIJAYAWADA,SCR,KRISHNA,ANDHRA PRADESH
5336,RAVIKAMPADU,RVD,NSG6,VIJAYAWADA,SCR,KAKINADA,ANDHRA PRADESH
5337,RAYANAPADU,RYP,NSG6,VIJAYAWADA,SCR,NTR,ANDHRA PRADESH
5338,REGUPALEM,REG,NSG6,VIJAYAWADA,SCR,ANAKAPALLE,ANDHRA PRADESH
5339,SRI VENKATESWARAPALE,SVPM,NSG6,VIJAYAWADA,SCR,SPSR NELLORE,ANDHRA PRADESH
5340,STUARTPURAM,SPF,NSG6,VIJAYAWADA,SCR,GUNTUR,ANDHRA PRADESH
5341,SURAREDDIPALEM,SDM,NSG6,VIJAYAWADA,SCR,PRAKASAM,ANDHRA PRADESH
5342,TALAMANCHI,TMC,NSG6,VIJAYAWADA,SCR,SPSR NELLORE,ANDHRA PRADESH
5343,TANGUTURU,TNR,NSG6,VIJAYAWADA,SCR,PRAKASAM,ANDHRA PRADESH
5344,TELAPROLU,TOU,NSG6,VIJAYAWADA,SCR,KRISHNA,ANDHRA PRADESH
5345,TETTU,TTU,NSG6,VIJAYAWADA,SCR,PRAKASAM,ANDHRA PRADESH
5346,THADI,THY,NSG6,VIJAYAWADA,SCR,VISAKHAPATANAM,ANDHRA PRADESH
5347,TSUNDURU,TSR,NSG6,VIJAYAWADA,SCR,BAPATLA,ANDHRA PRADESH
5348,ULAVAPADU,UPD,NSG6,VIJAYAWADA,SCR,PRAKASAM,ANDHRA PRADESH
5349,UNDI,UNDI,NSG6,VIJAYAWADA,SCR,WEST GODAVARI,ANDHRA PRADESH
5350,UPPALUR,UPL,NSG6,VIJAYAWADA,SCR,KRISHNA,ANDHRA PRADESH
5351,UPPUGUNDURU,UGD,NSG6,VIJAYAWADA,SCR,PRAKASAM,ANDHRA PRADESH
5352,VATLUR,VAT,NSG6,VIJAYAWADA,SCR,ELURU,ANDHRA PRADESH
5353,VENKATACHALAM,VKT,NSG6,VIJAYAWADA,SCR,SPSR NELLORE,ANDHRA PRADESH
5354,VETAPALEM,VTM,NSG6,VIJAYAWADA,SCR,PRAKASAM,ANDHRA PRADESH
5355,ANGALAKUDURU H,AKU,HG2,GUNTUR,SCR,GUNTUR,ANDHRA PRADESH
5356,GURUJALA,GZA,HG2,GUNTUR,SCR,PALNADU,ANDHRA PRADESH
5357,KISTAMSETTIPALLI,KSTE,HG2,GUNTUR,SCR,PRAKASAM,ANDHRA PRADESH
5358,PENUMARRU HALT,PUMU,HG2,GUNTUR,SCR,BAPATLA,ANDHRA PRADESH
5359,RENTACHINTALA HALT,RCA,HG2,GUNTUR,SCR,PALNADU,ANDHRA PRADESH
5360,VELLACHERUVU HALT,VLE,HG2,GUNTUR,SCR,PRAKASAM,ANDHRA PRADESH
5361,BHATTIPROLU,BQU,HG3,GUNTUR,SCR,BAPATLA,ANDHRA PRADESH
5362,PALLIKONA,POA,HG3,GUNTUR,SCR,BAPATLA,ANDHRA PRADESH
5363,ZAMPANI HALT,ZPI,HG3,GUNTUR,SCR,GUNTUR,ANDHRA PRADESH
5364,GUNTUR JN.,GNT,NSG3,GUNTUR,SCR,GUNTUR,ANDHRA PRADESH
5365,MANGALAGIRI,MAG,NSG4,GUNTUR,SCR,GUNTUR,ANDHRA PRADESH
5366,NANDYAL,NDL,NSG4,GUNTUR,SCR,NANDYAL,ANDHRA PRADESH
5367,REPALLE,RAL,NSG4,GUNTUR,SCR,BAPATLA,ANDHRA PRADESH
5368,CUMBUM,CBM,NSG5,GUNTUR,SCR,PRAKASAM,ANDHRA PRADESH
5369,DONAKONDA,DKD,NSG5,GUNTUR,SCR,PRAKASAM,ANDHRA PRADESH
5370,GIDDALUR,GID,NSG5,GUNTUR,SCR,PRAKASAM,ANDHRA PRADESH
5371,MACHERLA,MCLA,NSG5,GUNTUR,SCR,PALNADU,ANDHRA PRADESH
5372,MARKAPUR ROAD,MRK,NSG5,GUNTUR,SCR,PRAKASAM,ANDHRA PRADESH
5373,MIRYALAGUDA,MRGA,NSG5,GUNTUR,SCR,NALGONDA,TELANGANA
5374,NADIKUDE JN.,NDKD,NSG5,GUNTUR,SCR,PALNADU,ANDHRA PRADESH
5375,NALGONDA,NLDA,NSG5,GUNTUR,SCR,NALGONDA,TELANGANA
5376,NARASARAOPET,NRT,NSG5,GUNTUR,SCR,PALNADU,ANDHRA PRADESH
5377,NEW GUNTUR STATION,NGNT,NSG5,GUNTUR,SCR,GUNTUR,ANDHRA PRADESH
5378,PIDUGURALLA,PGRL,NSG5,GUNTUR,SCR,PALNADU,ANDHRA PRADESH
5379,SATTENAPALLE,SAP,NSG5,GUNTUR,SCR,PALNADU,ANDHRA PRADESH
5380,VINUKONDA,VKN,NSG5,GUNTUR,SCR,PALNADU,ANDHRA PRADESH
5381,BANDARUPALLI,BDPL,NSG6,GUNTUR,SCR,GUNTUR,ANDHRA PRADESH
5382,BELLAMKONDA,BMKD,NSG6,GUNTUR,SCR,PALNADU,ANDHRA PRADESH
5383,CHALAMA,CMZ,NSG6,GUNTUR,SCR,NANDYAL,ANDHRA PRADESH
5384,CHEEKATEGALAPALEM,CEM,NSG6,GUNTUR,SCR,PALNADU,ANDHRA PRADESH
5385,CHINNARAVURU,CIV,NSG6,GUNTUR,SCR,GUNTUR,ANDHRA PRADESH
5386,CHITYALA,CTYL,NSG6,GUNTUR,SCR,NALGONDA,TELANGANA
5387,DIGUVAMETTA,DMT,NSG6,GUNTUR,SCR,PRAKASAM,ANDHRA PRADESH
5388,GAJJELAKONDA,GJJ,NSG6,GUNTUR,SCR,PRAKASAM,ANDHRA PRADESH
5389,GAZULAPALLI,GZL,NSG6,GUNTUR,SCR,NANDYAL,ANDHRA PRADESH
5390,GUNDLAKAMMA,GKM,NSG6,GUNTUR,SCR,PALNADU,ANDHRA PRADESH
5391,JAGGAMBHOTLA KRISHNA,JBK,NSG6,GUNTUR,SCR,PRAKASAM,ANDHRA PRADESH
5392,KURICHEDU,KCD,NSG6,GUNTUR,SCR,PRAKASAM,ANDHRA PRADESH
5393,MUNUMAKA,MUK,NSG6,GUNTUR,SCR,PALNADU,ANDHRA PRADESH
5394,NAGIREDDIPALLI,NRDP,NSG6,GUNTUR,SCR,YADADRI BHUVANAGIRI,TELANGANA
5395,NALLAPADU,NLPD,NSG6,GUNTUR,SCR,GUNTUR,ANDHRA PRADESH
5396,NAMBURU,NBR,NSG6,GUNTUR,SCR,GUNTUR,ANDHRA PRADESH
5397,NUDURUPADU,NDPU,NSG6,GUNTUR,SCR,GUNTUR,ANDHRA PRADESH
5398,PEDAKAKANI HALT,PDKN,NSG6,GUNTUR,SCR,GUNTUR,ANDHRA PRADESH
5399,PEDDAKURAPADU,PKPU,NSG6,GUNTUR,SCR,PALNADU,ANDHRA PRADESH
5400,PERECHERLA,PRCA,NSG6,GUNTUR,SCR,GUNTUR,ANDHRA PRADESH
5401,PHIRANGIPURAM,PPM,NSG6,GUNTUR,SCR,GUNTUR,ANDHRA PRADESH
5402,PONDUGULA,PDGL,NSG6,GUNTUR,SCR,PALNADU,ANDHRA PRADESH
5403,POTLAPADU,POO,NSG6,GUNTUR,SCR,PRAKASAM,ANDHRA PRADESH
5404,RAMANNAPETA,RMNP,NSG6,GUNTUR,SCR,YADADRI BHUVANAGIRI,TELANGANA
5405,REDDIGUDEM,REM,NSG6,GUNTUR,SCR,PALNADU,ANDHRA PRADESH
5406,SANGAMJAGARLAMUDI,SJL,NSG6,GUNTUR,SCR,GUNTUR,ANDHRA PRADESH
5407,SANTAMAGULUR,SAB,NSG6,GUNTUR,SCR,PALNADU,ANDHRA PRADESH
5408,SATULUR,STUR,NSG6,GUNTUR,SCR,PALNADU,ANDHRA PRADESH
5409,SAVALYAPURAM,SYM,NSG6,GUNTUR,SCR,PALNADU,ANDHRA PRADESH
5410,SHRI RAMPURAM,SRMR,NSG6,GUNTUR,SCR,NALGONDA,TELANGANA
5411,SIRIPURAM,SRPM,NSG6,GUNTUR,SCR,GUNTUR,ANDHRA PRADESH
5412,SOMIDEVIPALLE,SDV,NSG6,GUNTUR,SCR,PRAKASAM,ANDHRA PRADESH
5413,TARLUPADU,TLU,NSG6,GUNTUR,SCR,PRAKASAM,ANDHRA PRADESH
5414,THIPPARTHI,TPPI,NSG6,GUNTUR,SCR,NALGONDA,TELANGANA
5415,TUMMALACHERUVU,TMLU,NSG6,GUNTUR,SCR,PALNADU,ANDHRA PRADESH
5416,VALIGONDA,VLG,NSG6,GUNTUR,SCR,YADADRI BHUVANAGIRI,TELANGANA
5417,VEJANDLA,VJA,NSG6,GUNTUR,SCR,GUNTUR,ANDHRA PRADESH
5418,VEMURU,VMU,NSG6,GUNTUR,SCR,BAPATLA,ANDHRA PRADESH
5419,VISHNUPURAM,VNUP,NSG6,GUNTUR,SCR,NALGONDA,TELANGANA
5420,YADAVALLI,YADA,NSG6,GUNTUR,SCR,PRAKASAM,ANDHRA PRADESH
5421,HANUMAN STATION,HNMN,HG2,GUNTAKAL,SCR,ANANTAPUR,ANDHRA PRADESH
5422,TIRUPATI WEST HALT,TPW,HG2,GUNTAKAL,SCR,SRI BALAJI,ANDHRA PRADESH
5423,HANUMAPURA HALT,HPH,HG3,GUNTAKAL,SCR,RAICHUR,KARNATAKA
5424,IMAMPURAM,IMAM,HG3,GUNTAKAL,SCR,ANANTAPUR,ANDHRA PRADESH
5425,KOTALA HALT,KEN,HG3,GUNTAKAL,SCR,SRI BALAJI,ANDHRA PRADESH
5426,LINGANENIDODDI,LMD,HG3,GUNTAKAL,SCR,KURNOOL,ANDHRA PRADESH
5427,MALAKAVEMALA,MVA,HG3,GUNTAKAL,SCR,SRI SATYA SAI,ANDHRA PRADESH
5428,MANGALAMPETA,MPT,HG3,GUNTAKAL,SCR,CHITTOOR,ANDHRA PRADESH
5429,NALLACHERUVU EAST,NCE,HG3,GUNTAKAL,SCR,SRI SATYA SAI,ANDHRA PRADESH
5430,PEYANAPALLI HALT,PYX,HG3,GUNTAKAL,SCR,CHITTOOR,ANDHRA PRADESH
5431,SANKARA GUMMANUR HAL,SNKG,HG3,GUNTAKAL,SCR,KURNOOL,ANDHRA PRADESH
5432,SHAMPURHALLI HALT,SPHL,HG3,GUNTAKAL,SCR,KALABURAGI,KARNATAKA
5433,TSAKIBANDA,TKBN,HG3,GUNTAKAL,SCR,BALLARI,KARNATAKA
5434,TIRUPATI,TPTY,NSG2,GUNTAKAL,SCR,SRI BALAJI,ANDHRA PRADESH
5435,ANANTAPUR,ATP,NSG3,GUNTAKAL,SCR,ANANTAPUR,ANDHRA PRADESH
5436,CUDDAPAH,HX,NSG3,GUNTAKAL,SCR,Y.S.R. KADAPA,ANDHRA PRADESH
5437,GUNTAKAL JN.,GTL,NSG3,GUNTAKAL,SCR,ANANTAPUR,ANDHRA PRADESH
5438,RAICHUR,RC,NSG3,GUNTAKAL,SCR,RAICHUR,KARNATAKA
5439,RENIGUNTA JN.,RU,NSG3,GUNTAKAL,SCR,SRI BALAJI,ANDHRA PRADESH
5440,YADGIR,YG,NSG3,GUNTAKAL,SCR,YADGIR,KARNATAKA
5441,ADONI,AD,NSG4,GUNTAKAL,SCR,KURNOOL,ANDHRA PRADESH
5442,CHITTOOR,CTO,NSG4,GUNTAKAL,SCR,CHITTOOR,ANDHRA PRADESH
5443,DHARMAVARAM JN.,DMM,NSG4,GUNTAKAL,SCR,SRI SATYA SAI,ANDHRA PRADESH
5444,DHONE JN,DHNE,NSG4,GUNTAKAL,SCR,NANDYAL,ANDHRA PRADESH
5445,GOOTY JN.,GY,NSG4,GUNTAKAL,SCR,ANANTAPUR,ANDHRA PRADESH
5446,MANTHRALAYAM ROAD,MALM,NSG4,GUNTAKAL,SCR,KURNOOL,ANDHRA PRADESH
5447,SRI KALAHASTI,KHT,NSG4,GUNTAKAL,SCR,SRI BALAJI,ANDHRA PRADESH
5448,KADIRI,KRY,NSG5,GUNTAKAL,SCR,SRI SATYA SAI,ANDHRA PRADESH
5449,KODURU,KOU,NSG5,GUNTAKAL,SCR,ANNAMAYYA,ANDHRA PRADESH
5450,KRISHNA,KSN,NSG5,GUNTAKAL,SCR,MAHABUBNAGAR,TELANGANA
5451,MADANAPALLE ROAD,MPL,NSG5,GUNTAKAL,SCR,ANNAMAYYA,ANDHRA PRADESH
5452,MUDDANURU,MOO,NSG5,GUNTAKAL,SCR,Y.S.R. KADAPA,ANDHRA PRADESH
5453,NALWAR,NW,NSG5,GUNTAKAL,SCR,KALABURAGI,KARNATAKA
5454,PAKALA JN.,PAK,NSG5,GUNTAKAL,SCR,SRI BALAJI,ANDHRA PRADESH
5455,RAZAMPETA,RJP,NSG5,GUNTAKAL,SCR,ANNAMAYYA,ANDHRA PRADESH
5456,SAIDAPUR,SADP,NSG5,GUNTAKAL,SCR,YADGIR,KARNATAKA
5457,TADIPATRI,TU,NSG5,GUNTAKAL,SCR,ANANTAPUR,ANDHRA PRADESH
5458,VENKATAGIRI,VKI,NSG5,GUNTAKAL,SCR,SRI BALAJI,ANDHRA PRADESH
5459,YERRAGUNTLA,YA,NSG5,GUNTAKAL,SCR,Y.S.R. KADAPA,ANDHRA PRADESH
5460,ANANTARAJUPET,ANE,NSG6,GUNTAKAL,SCR,ANNAMAYYA,ANDHRA PRADESH
5461,ASPARI,ASP,NSG6,GUNTAKAL,SCR,KURNOOL,ANDHRA PRADESH
5462,BALAPALLE,BLPE,NSG6,GUNTAKAL,SCR,ANNAMAYYA,ANDHRA PRADESH
5463,BANAGANAPALLE,BGNP,NSG6,GUNTAKAL,SCR,NANDYAL,ANDHRA PRADESH
5464,BANTANAHAL,BLL,NSG6,GUNTAKAL,SCR,KURNOOL,ANDHRA PRADESH
5465,BETAMCHERLA,BMH,NSG6,GUNTAKAL,SCR,NANDYAL,ANDHRA PRADESH
5466,BEVINAHALU,BNL,NSG6,GUNTAKAL,SCR,KURNOOL,ANDHRA PRADESH
5467,BHAKARAPETA,BKPT,NSG6,GUNTAKAL,SCR,Y.S.R. KADAPA,ANDHRA PRADESH
5468,BOMMASAMUDRAM,BUM,NSG6,GUNTAKAL,SCR,CHITTOOR,ANDHRA PRADESH
5469,BUGGANAPALLE CEMENT,BEY,NSG6,GUNTAKAL,SCR,NANDYAL,ANDHRA PRADESH
5470,CHALLAVARIPALLE,CLPE,NSG6,GUNTAKAL,SCR,ANANTAPUR,ANDHRA PRADESH
5471,CHANDRAGIRI,CGI,NSG6,GUNTAKAL,SCR,SRI BALAJI,ANDHRA PRADESH
5472,CHEGUNTA,CGTA,NSG6,GUNTAKAL,SCR,MAHABUBNAGAR,TELANGANA
5473,CHIGICHERLA,CCA,NSG6,GUNTAKAL,SCR,SRI SATYA SAI,ANDHRA PRADESH
5474,CHIKSUGUR,CK,NSG6,GUNTAKAL,SCR,RAICHUR,KARNATAKA
5475,CHINNEKUNTAPALLI,CCI,NSG6,GUNTAKAL,SCR,SRI SATYA SAI,ANDHRA PRADESH
5476,DAMALCHERUVU,DCU,NSG6,GUNTAKAL,SCR,SRI BALAJI,ANDHRA PRADESH
5477,EDDULADODDI,EDD,NSG6,GUNTAKAL,SCR,KURNOOL,ANDHRA PRADESH
5478,GANGAYAPALLE,GPY,NSG6,GUNTAKAL,SCR,Y.S.R. KADAPA,ANDHRA PRADESH
5479,GARLADINNE,GDE,NSG6,GUNTAKAL,SCR,ANANTAPUR,ANDHRA PRADESH
5480,GULAPALYAMU,GPU,NSG6,GUNTAKAL,SCR,ANANTAPUR,ANDHRA PRADESH
5481,HADDINAGUNDU,HDD,NSG6,GUNTAKAL,SCR,BALLARI,KARNATAKA
5482,HAGARI,HGI,NSG6,GUNTAKAL,SCR,BALLARI,KARNATAKA
5483,HASTAVARAMU,HAQ,NSG6,GUNTAKAL,SCR,ANNAMAYYA,ANDHRA PRADESH
5484,IRANAGALLU,EGU,NSG6,GUNTAKAL,SCR,KURNOOL,ANDHRA PRADESH
5485,ISIVI,ESV,NSG6,GUNTAKAL,SCR,KURNOOL,ANDHRA PRADESH
5486,JAKKALACHERUVU,JKO,NSG6,GUNTAKAL,SCR,ANANTAPUR,ANDHRA PRADESH
5487,JAMMALAMADUGU,JMDG,NSG6,GUNTAKAL,SCR,Y.S.R. KADAPA,ANDHRA PRADESH
5488,JUTURU,JUR,NSG6,GUNTAKAL,SCR,ANANTAPUR,ANDHRA PRADESH
5489,KALAMALLA,KMH,NSG6,GUNTAKAL,SCR,Y.S.R. KADAPA,ANDHRA PRADESH
5490,KALASAMUDRAM,KCM,NSG6,GUNTAKAL,SCR,SRI SATYA SAI,ANDHRA PRADESH
5491,KALIKIRI,KCI,NSG6,GUNTAKAL,SCR,ANNAMAYYA,ANDHRA PRADESH
5492,KALLURU,KLU,NSG6,GUNTAKAL,SCR,ANANTAPUR,ANDHRA PRADESH
5493,KAMALAPURAM,KKM,NSG6,GUNTAKAL,SCR,Y.S.R. KADAPA,ANDHRA PRADESH
5494,KANAMALOPALLE,KNLP,NSG6,GUNTAKAL,SCR,Y.S.R. KADAPA,ANDHRA PRADESH
5495,KHADARPET,KDT,NSG6,GUNTAKAL,SCR,ANANTAPUR,ANDHRA PRADESH
5496,KOILAKUNTLA,KLKA,NSG6,GUNTAKAL,SCR,NANDYAL,ANDHRA PRADESH
5497,KOMALI,KMQA,NSG6,GUNTAKAL,SCR,ANANTAPUR,ANDHRA PRADESH
5498,KONDAGUNTA,KQA,NSG6,GUNTAKAL,SCR,SRI BALAJI,ANDHRA PRADESH
5499,KONDAPURAM,KDP,NSG6,GUNTAKAL,SCR,Y.S.R. KADAPA,ANDHRA PRADESH
5500,KOSGI,KO,NSG6,GUNTAKAL,SCR,KURNOOL,ANDHRA PRADESH
5501,KRISHNAMMAKONA,KEF,NSG6,GUNTAKAL,SCR,NANDYAL,ANDHRA PRADESH
5502,KRISHNAPURAM,KPU,NSG6,GUNTAKAL,SCR,Y.S.R. KADAPA,ANDHRA PRADESH
5503,KUPGAL,KGL,NSG6,GUNTAKAL,SCR,KURNOOL,ANDHRA PRADESH
5504,KURABALAKOTA,KBA,NSG6,GUNTAKAL,SCR,ANNAMAYYA,ANDHRA PRADESH
5505,LINGIRI,LGRE,NSG6,GUNTAKAL,SCR,RAICHUR,KARNATAKA
5506,MADDIKERA,MKR,NSG6,GUNTAKAL,SCR,KURNOOL,ANDHRA PRADESH
5507,MADDURU,MADU,NSG6,GUNTAKAL,SCR,NANDYAL,ANDHRA PRADESH
5508,MALKAPURAM,MLK,NSG6,GUNTAKAL,SCR,KURNOOL,ANDHRA PRADESH
5509,MALLIYALA,MYL,NSG6,GUNTAKAL,SCR,KURNOOL,ANDHRA PRADESH
5510,MAMANDURU,MRM,NSG6,GUNTAKAL,SCR,SRI BALAJI,ANDHRA PRADESH
5511,MANGAPATNAM,MUM,NSG6,GUNTAKAL,SCR,Y.S.R. KADAPA,ANDHRA PRADESH
5512,MANTAPAMPALLE,MMPL,NSG6,GUNTAKAL,SCR,Y.S.R. KADAPA,ANDHRA PRADESH
5513,MARICHETHAL,MRC,NSG6,GUNTAKAL,SCR,RAICHUR,KARNATAKA
5514,MATMARI,MTU,NSG6,GUNTAKAL,SCR,RAICHUR,KARNATAKA
5515,MOLAGAVALLI,MGV,NSG6,GUNTAKAL,SCR,KURNOOL,ANDHRA PRADESH
5516,MUDIGUBBA,MGB,NSG6,GUNTAKAL,SCR,SRI SATYA SAI,ANDHRA PRADESH
5517,MULACALACHERUVU,MCU,NSG6,GUNTAKAL,SCR,ANNAMAYYA,ANDHRA PRADESH
5518,MUNGILIPATTU,MNPT,NSG6,GUNTAKAL,SCR,CHITTOOR,ANDHRA PRADESH
5519,NAGARUR,NRR,NSG6,GUNTAKAL,SCR,KURNOOL,ANDHRA PRADESH
5520,NAKKANADODDI,NKDO,NSG6,GUNTAKAL,SCR,ANANTAPUR,ANDHRA PRADESH
5521,NALLACHERUVU,NCU,NSG6,GUNTAKAL,SCR,SRI SATYA SAI,ANDHRA PRADESH
5522,NANCHERLA,NLA,NSG6,GUNTAKAL,SCR,KURNOOL,ANDHRA PRADESH
5523,NANDALUR,NRE,NSG6,GUNTAKAL,SCR,ANNAMAYYA,ANDHRA PRADESH
5524,NEMAKALLU,NMLU,NSG6,GUNTAKAL,SCR,KURNOOL,ANDHRA PRADESH
5525,NIDIGALLU,NDZ,NSG6,GUNTAKAL,SCR,SRI BALAJI,ANDHRA PRADESH
5526,NOSSAM,NOSM,NSG6,GUNTAKAL,SCR,NANDYAL,ANDHRA PRADESH
5527,OBULAVARIPALLI,OBVP,NSG6,GUNTAKAL,SCR,ANNAMAYYA,ANDHRA PRADESH
5528,ONTIMITTA,VNM,NSG6,GUNTAKAL,SCR,Y.S.R. KADAPA,ANDHRA PRADESH
5529,PAGIDIRAI,PGDI,NSG6,GUNTAKAL,SCR,KURNOOL,ANDHRA PRADESH
5530,PAMIDI,PMD,NSG6,GUNTAKAL,SCR,ANANTAPUR,ANDHRA PRADESH
5531,PANAPAKAM,PAM,NSG6,GUNTAKAL,SCR,SRI BALAJI,ANDHRA PRADESH
5532,PANYAM,PNM,NSG6,GUNTAKAL,SCR,NANDYAL,ANDHRA PRADESH
5533,PATAKOTTACHERUVU,PLU,NSG6,GUNTAKAL,SCR,ANANTAPUR,ANDHRA PRADESH
5534,PENDEKALLU,PDL,NSG6,GUNTAKAL,SCR,KURNOOL,ANDHRA PRADESH
5535,PILER,PIL,NSG6,GUNTAKAL,SCR,ANNAMAYYA,ANDHRA PRADESH
5536,PRASANNAYANAPALLI,PSPY,NSG6,GUNTAKAL,SCR,ANANTAPUR,ANDHRA PRADESH
5537,PRODDATUR,PRDT,NSG6,GUNTAKAL,SCR,Y.S.R. KADAPA,ANDHRA PRADESH
5538,PULICHERLA,PCL,NSG6,GUNTAKAL,SCR,CHITTOOR,ANDHRA PRADESH
5539,PULLAMPET,PMT,NSG6,GUNTAKAL,SCR,ANNAMAYYA,ANDHRA PRADESH
5540,PUTALAPATTU,PTT,NSG6,GUNTAKAL,SCR,CHITTOOR,ANDHRA PRADESH
5541,RACHAGUNNERI,RCG,NSG6,GUNTAKAL,SCR,SRI BALAJI,ANDHRA PRADESH
5542,RAMAPURAM,RAM,NSG6,GUNTAKAL,SCR,CHITTOOR,ANDHRA PRADESH
5543,RANGAPURAM,RGM,NSG6,GUNTAKAL,SCR,NANDYAL,ANDHRA PRADESH
5544,RAYALCHERUVU,RLO,NSG6,GUNTAKAL,SCR,ANANTAPUR,ANDHRA PRADESH
5545,REGADIPALLI,RLL,NSG6,GUNTAKAL,SCR,Y.S.R. KADAPA,ANDHRA PRADESH
5546,S.UPPALAPADU,SUPP,NSG6,GUNTAKAL,SCR,Y.S.R. KADAPA,ANDHRA PRADESH
5547,SANJAMALA,SJMA,NSG6,GUNTAKAL,SCR,NANDYAL,ANDHRA PRADESH
5548,SETTIGUNTA,SF,NSG6,GUNTAKAL,SCR,ANNAMAYYA,ANDHRA PRADESH
5549,SIDDAMPALLI,SIE,NSG6,GUNTAKAL,SCR,CHITTOOR,ANDHRA PRADESH
5550,TANAKALLU,TKU,NSG6,GUNTAKAL,SCR,ANANTAPUR,ANDHRA PRADESH
5551,TATICHERLA,TAC,NSG6,GUNTAKAL,SCR,ANANTAPUR,ANDHRA PRADESH
5552,THANGUNDI,TGDE,NSG6,GUNTAKAL,SCR,YADGIR,KARNATAKA
5553,TIMMANACHERLA,TIM,NSG6,GUNTAKAL,SCR,ANANTAPUR,ANDHRA PRADESH
5554,TIRUCHANUR,TCNR,NSG6,GUNTAKAL,SCR,SRI BALAJI,ANDHRA PRADESH
5555,TUGGALI,TGL,NSG6,GUNTAKAL,SCR,KURNOOL,ANDHRA PRADESH
5556,TUMMANAMGUTTA,TAT,NSG6,GUNTAKAL,SCR,ANNAMAYYA,ANDHRA PRADESH
5557,TURKAPALLI,TKPY,NSG6,GUNTAKAL,SCR,ANANTAPUR,ANDHRA PRADESH
5558,VANGANUR,VRN,NSG6,GUNTAKAL,SCR,ANANTAPUR,ANDHRA PRADESH
5559,VAYALPAD,VLD,NSG6,GUNTAKAL,SCR,ANNAMAYYA,ANDHRA PRADESH
5560,VEMULAPADU,VML,NSG6,GUNTAKAL,SCR,ANANTAPUR,ANDHRA PRADESH
5561,VENDODU,VDD,NSG6,GUNTAKAL,SCR,SRI BALAJI,ANDHRA PRADESH
5562,VENKATAMPALLE,VPL,NSG6,GUNTAKAL,SCR,ANANTAPUR,ANDHRA PRADESH
5563,VIRAPUR,VP,NSG6,GUNTAKAL,SCR,BALLARI,KARNATAKA
5564,YADLAPUR,YDLP,NSG6,GUNTAKAL,SCR,RAICHUR,KARNATAKA
5565,YELLAKARU,YLK,NSG6,GUNTAKAL,SCR,SRI BALAJI,ANDHRA PRADESH
5566,YERMARAS,YS,NSG6,GUNTAKAL,SCR,RAICHUR,KARNATAKA
5567,YERPEDU,YPD,NSG6,GUNTAKAL,SCR,SRI BALAJI,ANDHRA PRADESH
5568,YERRAGUDIPAD,YGD,NSG6,GUNTAKAL,SCR,Y.S.R. KADAPA,ANDHRA PRADESH
5569,ZANGALAPALLE,ZPL,NSG6,GUNTAKAL,SCR,ANANTAPUR,ANDHRA PRADESH
5570,ALWAL,ALW,HG2,HYDERABAD,SCR,MEDCHAL-MALKAJGIRI,TELANGANA
5571,BOLARAM BAZAR,BOZ,HG2,HYDERABAD,SCR,MEDCHAL-MALKAJGIRI,TELANGANA
5572,DAYANAND NAGAR,DYE,HG2,HYDERABAD,SCR,MEDCHAL-MALKAJGIRI,TELANGANA
5573,GANDHI PARK BODHAN,GPBN,HG2,HYDERABAD,SCR,BODHAN,TELANGANA
5574,KOTLA,KOLA,HG2,HYDERABAD,SCR,KURNOOL,ANDHRA PRADESH
5575,LALLAGUDA GATE,LGDH,HG2,HYDERABAD,SCR,MEDCHAL-MALKAJGIRI,TELANGANA
5576,RAMAKISTA PURAM,RKO,HG2,HYDERABAD,SCR,MEDCHAL-MALKAJGIRI,TELANGANA
5577,SAFILGUDA,SFX,HG2,HYDERABAD,SCR,MEDCHAL-MALKAJGIRI,TELANGANA
5578,SRINIVASNAGAR,SHAN,HG2,HYDERABAD,SCR,MEDAK,TELANGANA
5579,AJJAKOLLU,AJK,HG3,HYDERABAD,SCR,WANAPARTHI,TELANGANA
5580,AMMUGUDA,AMQ,HG3,HYDERABAD,SCR,MEDCHAL-MALKAJGIRI,TELANGANA
5581,AREPALLI,ARPL,HG3,HYDERABAD,SCR,WANAPARTHI,TELANGANA
5582,BRAHMAN PALLI,BMPL,HG3,HYDERABAD,SCR,MEDAK,TELANGANA
5583,BURUGULA,BRGL,HG3,HYDERABAD,SCR,RANGAREDDY,TELANGANA
5584,DABILPUR,DBV,HG3,HYDERABAD,SCR,MEDCHAL-MALKAJGIRI,TELANGANA
5585,FAKRABAD,FKB,HG3,HYDERABAD,SCR,NIZAMABAD,TELANGANA
5586,GOWDAVALLI,GWV,HG3,HYDERABAD,SCR,MEDCHAL-MALKAJGIRI,TELANGANA
5587,HBL NAGAR,HBLN,HG3,HYDERABAD,SCR,RANGAREDDY,TELANGANA
5588,IRANAGARAM,IAGM,HG3,HYDERABAD,SCR,SIDDIPET,TELANGANA
5589,KONNUR,KONN,HG3,HYDERABAD,SCR,WANAPARTHI,TELANGANA
5590,KOTAKADRA,KTKA,HG3,HYDERABAD,SCR,MAHBUBNAGAR,TELANGANA
5591,KOTTUR,KTTR,HG3,HYDERABAD,SCR,MAHBUBNAGAR,TELANGANA
5592,KUNSI,KUSI,HG3,HYDERABAD,SCR,NARAYANPET,TELANGANA
5593,KURUMURTHI,KXI,HG3,HYDERABAD,SCR,MAHBUBNAGAR,TELANGANA
5594,LAXMPUR,LSMP,HG3,HYDERABAD,SCR,MEDAK,TELANGANA
5595,MAGANOOR,MNDK,HG3,HYDERABAD,SCR,MAHBUBNAGAR,TELANGANA
5596,MAHABUBNAGAR TOWN,MHBT,HG3,HYDERABAD,SCR,MAHBUBNAGAR,TELANGANA
5597,NACHARAM,NCRM,HG3,HYDERABAD,SCR,SIDDIPET,TELANGANA
5598,PEDDADINNE,PDNA,HG3,HYDERABAD,SCR,JOGULAMBA GADWAL,TELANGANA
5599,RAJAPUR,RJAP,HG3,HYDERABAD,SCR,MAHBUBNAGAR,TELANGANA
5600,RANGAREDDYGUDA,RRGA,HG3,HYDERABAD,SCR,MAHBUBNAGAR,TELANGANA
5601,SAMRALA,SQE,HG3,HYDERABAD,SCR,NANDED,MAHARASHTRA
5602,SHAMNAPUR,SMAP,HG3,HYDERABAD,SCR,MEDAK,TELANGANA
5603,SHELGAON,SLGH,HG3,HYDERABAD,SCR,NANDED,MAHARASHTRA
5604,SHIVARAMPALLY,NSVP,HG3,HYDERABAD,SCR,RANGAREDDY,TELANGANA
5605,TIPPAPUR,THPR,HG3,HYDERABAD,SCR,KAMAREDDI,TELANGANA
5606,YENUGONDA,YNG,HG3,HYDERABAD,SCR,MAHBUBNAGAR,TELANGANA
5607,KACHEGUDA,KCG,NSG2,HYDERABAD,SCR,HYDERABAD,TELANGANA
5608,NIZAMABAD,NZB,NSG3,HYDERABAD,SCR,NIZAMABAD,TELANGANA
5609,BASAR,BSX,NSG4,HYDERABAD,SCR,NIRMAL,TELANGANA
5610,KURNOOL TOWN,KRNT,NSG4,HYDERABAD,SCR,KURNOOL,ANDHRA PRADESH
5611,BOLARAM,BMO,NSG5,HYDERABAD,SCR,MEDCHAL-MALKAJGIRI,TELANGANA
5612,DHARMABAD,DAB,NSG5,HYDERABAD,SCR,NANDED,MAHARASHTRA
5613,Gadwal,GWD,NSG5,HYDERABAD,SCR,JOGULAMBA GADWAL,TELANGANA
5614,JADCHERLA,JCL,NSG5,HYDERABAD,SCR,MAHBUBNAGAR,TELANGANA
5615,KAMAREDDI,KMC,NSG5,HYDERABAD,SCR,KAMAREDDI,TELANGANA
5616,MAHABOOBNAGAR,MBNR,NSG5,HYDERABAD,SCR,MAHBUBNAGAR,TELANGANA
5617,MALKAJGIRI,MJF,NSG5,HYDERABAD,SCR,MEDCHAL-MALKAJGIRI,TELANGANA
5618,MEDCHAL,MED,NSG5,HYDERABAD,SCR,MEDCHAL-MALKAJGIRI,TELANGANA
5619,SHADNAGAR,SHNR,NSG5,HYDERABAD,SCR,RANGAREDDY,TELANGANA
5620,UMDANAGAR,UR,NSG5,HYDERABAD,SCR,HYDERABAD,TELANGANA
5621,UMRI,UMRI,NSG5,HYDERABAD,SCR,NANDED,MAHARASHTRA
5622,WANPARTHI ROAD,WPR,NSG5,HYDERABAD,SCR,WANAPARTHI,TELANGANA
5623,AKANAPET,AKE,NSG6,HYDERABAD,SCR,MEDAK,TELANGANA
5624,ALAMPUR ROAD,ALPR,NSG6,HYDERABAD,SCR,JOGULAMBA GADWAL,ANDHRA PRADESH
5625,ALLUGUNDU,ALGU,NSG6,HYDERABAD,SCR,JOGULAMBA GADWAL,TELANGANA
5626,BALANAGAR,BABR,NSG6,HYDERABAD,SCR,MAHBUBNAGAR,TELANGANA
5627,BHIKNUR,BKU,NSG6,HYDERABAD,SCR,KAMAREDDI,TELANGANA
5628,BODHAN,BDHN,NSG6,HYDERABAD,SCR,BODHAN,TELANGANA
5629,BOGOLU,BVO,NSG6,HYDERABAD,SCR,KURNOOL,TELANGANA
5630,BOLSA,BLSA,NSG6,HYDERABAD,SCR,NANDED,MAHARASHTRA
5631,BUDVEL,BDVL,NSG6,HYDERABAD,SCR,HYDERABAD,TELANGANA
5632,CAVALARY BARRACKS,CVB,NSG6,HYDERABAD,SCR,HYDERABAD,TELANGANA
5633,DEVARKADRA,DKC,NSG6,HYDERABAD,SCR,MAHBUBNAGAR,TELANGANA
5634,DICHAPALLI,DHP,NSG6,HYDERABAD,SCR,NIZAMABAD,TELANGANA
5635,DIVTIPALLI,DTP,NSG6,HYDERABAD,SCR,MAHBUBNAGAR,TELANGANA
5636,DUPADU,DUU,NSG6,HYDERABAD,SCR,KURNOOL,ANDHRA PRADESH
5637,GAJWEL,GJWL,NSG6,HYDERABAD,SCR,SIDDIPET,TELANGANA
5638,GOLLAPALLI,GLY,NSG6,HYDERABAD,SCR,MAHBUBNAGAR,TELANGANA
5639,GUNDLA POCHAMPALLI,GDPL,NSG6,HYDERABAD,SCR,HYDERABAD,TELANGANA
5640,INDALVAI,IDL,NSG6,HYDERABAD,SCR,NIZAMABAD,TELANGANA
5641,ITIKYALA,IKI,NSG6,HYDERABAD,SCR,JOGULAMBA GADWAL,TELANGANA
5642,JAKLAIR,JKAR,NSG6,HYDERABAD,SCR,NARAYANPET,TELANGANA
5643,JANKAMPET JN.,JKM,NSG6,HYDERABAD,SCR,NIZAMABAD,TELANGANA
5644,JUKAL,JKTP,NSG6,HYDERABAD,SCR,RANGAREDDY,TELANGANA
5645,KARKHELI,KEK,NSG6,HYDERABAD,SCR,NANDED,MAHARASHTRA
5646,KAUKUNTLA,KQQ,NSG6,HYDERABAD,SCR,MAHBUBNAGAR,TELANGANA
5647,MAKTHAL,MKTL,NSG6,HYDERABAD,SCR,NARAYANPET,TELANGANA
5648,MANOHARABAD,MOB,NSG6,HYDERABAD,SCR,MEDAK,TELANGANA
5649,MANOPAD,MOA,NSG6,HYDERABAD,SCR,JOGULAMBA GADWAL,TELANGANA
5650,MANYAMKONDA,MQN,NSG6,HYDERABAD,SCR,MAHBUBNAGAR,TELANGANA
5651,MARIKAL,MRKL,NSG6,HYDERABAD,SCR,NARAYANPET,TELANGANA
5652,MASAIPET,ME,NSG6,HYDERABAD,SCR,MEDAK,TELANGANA
5653,MEDAK,MDAK,NSG6,HYDERABAD,SCR,MEDAK,TELANGANA
5654,MIRZAPALLI,MZL,NSG6,HYDERABAD,SCR,MEDAK,TELANGANA
5655,NAVIPET,NVT,NSG6,HYDERABAD,SCR,NIZAMABAD,TELANGANA
5656,PANDURANGASWAMY ROAD,PASR,NSG6,HYDERABAD,SCR,JOGULAMBA GADWAL,TELANGANA
5657,PERUR,PERR,NSG6,HYDERABAD,SCR,MAHBUBNAGAR,TELANGANA
5658,POODOOR,PDO,NSG6,HYDERABAD,SCR,JOGULAMBA GADWAL,TELANGANA
5659,POTHULAPADU,PUPU,NSG6,HYDERABAD,SCR,JOGULAMBA GADWAL,TELANGANA
5660,S.B.B. JOGULAMBA,SBBJ,NSG6,HYDERABAD,SCR,JOGULAMBA GADWAL,TELANGANA
5661,SIRNAPALLI,SCP,NSG6,HYDERABAD,SCR,KAMAREDDI,TELANGANA
5662,SIVUNGAON,SVN,NSG6,HYDERABAD,SCR,NANDED,MAHARASHTRA
5663,SRI RAMANAGAR,SRNR,NSG6,HYDERABAD,SCR,JOGULAMBA GADWAL,TELANGANA
5664,TALMADLA,TMD,NSG6,HYDERABAD,SCR,KAMAREDDI,TELANGANA
5665,TIMMAPUR,TMX,NSG6,HYDERABAD,SCR,RANGAREDDY,TELANGANA
5666,ULINDAKONDA,UKD,NSG6,HYDERABAD,SCR,KURNOOL,TELANGANA
5667,UPPLAVAI,UPW,NSG6,HYDERABAD,SCR,KAMAREDDI,TELANGANA
5668,VELDURTHI,VDI,NSG6,HYDERABAD,SCR,KURNOOL,ANDHRA PRADESH
5669,VEMULA,VEML,NSG6,HYDERABAD,SCR,JOGULAMBA GADWAL,TELANGANA
5670,WADIARAM,WDR,NSG6,HYDERABAD,SCR,MEDAK,TELANGANA
5671,ARTS COLLEGE,ATC,SG3,HYDERABAD,SCR,HYDERABAD,TELANGANA
5672,DABIRPURA,DQR,SG3,HYDERABAD,SCR,HYDERABAD,TELANGANA
5673,FALAKNUMA,FM,SG3,HYDERABAD,SCR,HYDERABAD,TELANGANA
5674,HUPPUGUDA,HPG,SG3,HYDERABAD,SCR,HYDERABAD,TELANGANA
5675,JAMAI OSMANIA,JOO,SG3,HYDERABAD,SCR,HYDERABAD,TELANGANA
5676,MALAKPET,MXT,SG3,HYDERABAD,SCR,HYDERABAD,TELANGANA
5677,SITAPHALMANDI,STPD,SG3,HYDERABAD,SCR,HYDERABAD,TELANGANA
5678,VIDYA NAGAR,VAR,SG3,HYDERABAD,SCR,HYDERABAD,TELANGANA
5679,YAKUTPURA,YKA,SG3,HYDERABAD,SCR,HYDERABAD,TELANGANA
5680,PANGARSHINDE HALT,PNSD,HG2,NANDED,SCR,HINGOLI,MAHARASHTRA
5681,DEVTHANA HALT,DVN,HG3,NANDED,SCR,NANDED,MAHARASHTRA
5682,DHONDI,DNDI,HG3,NANDED,SCR,PARBHANI,MAHARASHTRA
5683,JAMBHALI HALT,JMBL,HG3,NANDED,SCR,NANDED,MAHARASHTRA
5684,JIRONA HALT,JXN,HG3,NANDED,SCR,NANDED,MAHARASHTRA
5685,JULGAON (DECEAN),JLG,HG3,NANDED,SCR,NANDED,MAHARASHTRA
5686,JUNONA HALT,JUNX,HG3,NANDED,SCR,HINGOLI,MAHARASHTRA
5687,KANNJARA HALT,KNJJ,HG3,NANDED,SCR,HINGOLI,MAHARASHTRA
5688,KHADKI BAZAR H,KDBR,HG3,NANDED,SCR,NANDED,MAHARASHTRA
5689,MADANAPUR HALT,MDPJ,HG3,NANDED,SCR,NANDED,MAHARASHTRA
5690,MAHIMBA,MHMB,HG3,NANDED,SCR,NANDED,MAHARASHTRA
5691,PARADGAON HALT,PDG,HG3,NANDED,SCR,JALNA,MAHARASHTRA
5692,PARWAKHURD HALT,PRWA,HG3,NANDED,SCR,NANDED,MAHARASHTRA
5693,PATHRAD HALT,PARD,HG3,NANDED,SCR,NANDED,MAHARASHTRA
5694,SANGANNAPUR,SNGR,HG3,NANDED,SCR,PARBHANI,MAHARASHTRA
5695,TALAMADUGU,TLMG,HG3,NANDED,SCR,ADILABAD,TELANGANA
5696,UKHALI,UKH,HG3,NANDED,SCR,PARBHANI,MAHARASHTRA
5697,WANEGAON HALT,WNG,HG3,NANDED,SCR,NANDED,MAHARASHTRA
5698,H SAHIB NANDED,NED,NSG2,NANDED,SCR,NANDED,MAHARASHTRA
5699,AURANGABAD,AWB,NSG3,NANDED,SCR,AURANGABAD,MAHARASHTRA
5700,NAGARSOL,NSL,NSG3,NANDED,SCR,NASHIK,MAHARASHTRA
5701,PARBHANI JN.,PBN,NSG3,NANDED,SCR,PARBHANI,MAHARASHTRA
5702,JALNA,J,NSG4,NANDED,SCR,JALNA,MAHARASHTRA
5703,PURNA JN.,PAU,NSG4,NANDED,SCR,PARBHANI,MAHARASHTRA
5704,ADILABAD,ADB,NSG5,NANDED,SCR,ADILABAD,TELANGANA
5705,BASMAT,BMF,NSG5,NANDED,SCR,HINGOLI,MAHARASHTRA
5706,BHOKAR,BOKR,NSG5,NANDED,SCR,NANDED,MAHARASHTRA
5707,GANGAKHER,GNH,NSG5,NANDED,SCR,PARBHANI,MAHARASHTRA
5708,HIMAYATNAGAR (DECCAN,HEM,NSG5,NANDED,SCR,NANDED,MAHARASHTRA
5709,HINGOLI DECCAN,HNL,NSG5,NANDED,SCR,HINGOLI,MAHARASHTRA
5710,KINWAT,KNVT,NSG5,NANDED,SCR,NANDED,MAHARASHTRA
5711,MANWATH ROAD,MVO,NSG5,NANDED,SCR,PARBHANI,MAHARASHTRA
5712,MUDKHED JN.,MUE,NSG5,NANDED,SCR,NANDED,MAHARASHTRA
5713,MUKUNDWADI,MKDD,NSG5,NANDED,SCR,AURANGABAD,MAHARASHTRA
5714,PARTUR,PTU,NSG5,NANDED,SCR,JALNA,MAHARASHTRA
5715,ROTEGAON,RGO,NSG5,NANDED,SCR,AURANGABAD,MAHARASHTRA
5716,SAHASRAKUND,SHSK,NSG5,NANDED,SCR,NANDED,MAHARASHTRA
5717,SELU,SELU,NSG5,NANDED,SCR,PARBHANI,MAHARASHTRA
5718,WASHIM,WHM,NSG5,NANDED,SCR,WASHIM,MAHARASHTRA
5719,AMAN VADI,AMW,NSG6,NANDED,SCR,WASHIM,MAHARASHTRA
5720,AMBARI,ABX,NSG6,NANDED,SCR,NANDED,MAHARASHTRA
5721,BADNAPUR,BDU,NSG6,NANDED,SCR,JALNA,MAHARASHTRA
5722,BARSI TAKLI,BSQ,NSG6,NANDED,SCR,AKOLA,MAHARASHTRA
5723,BIMBARI,BMBE,NSG6,NANDED,SCR,NANDED,MAHARASHTRA
5724,BODHADI BUJRUG,BHBK,NSG6,NANDED,SCR,NANDED,MAHARASHTRA
5725,BOLDA,BLC,NSG6,NANDED,SCR,HINGOLI,MAHARASHTRA
5726,CHIKALTHAN,CTH,NSG6,NANDED,SCR,AURANGABAD,MAHARASHTRA
5727,CHONDI,CWI,NSG6,NANDED,SCR,HINGOLI,MAHARASHTRA
5728,CHUDAWA,CRU,NSG6,NANDED,SCR,PARBHANI,MAHARASHTRA
5729,DAULATABAD,DLB,NSG6,NANDED,SCR,AURANGABAD,MAHARASHTRA
5730,DENGLI PIMPALGAON,DGPP,NSG6,NANDED,SCR,PARBHANI,MAHARASHTRA
5731,DEVALGAON AVCHAR,DAV,NSG6,NANDED,SCR,PARBHANI,MAHARASHTRA
5732,DHAMNI,DNE,NSG6,NANDED,SCR,HINGOLI,MAHARASHTRA
5733,DHANORA (DECCAN),DHNR,NSG6,NANDED,SCR,NANDED,MAHARASHTRA
5734,HADGON ROAD,HDGR,NSG6,NANDED,SCR,NANDED,MAHARASHTRA
5735,JAULKA,JUK,NSG6,NANDED,SCR,WASHIM,MAHARASHTRA
5736,KANHARGOAN NAKA,KNRG,NSG6,NANDED,SCR,HINGOLI,MAHARASHTRA
5737,KARANJGAON,KAJG,NSG6,NANDED,SCR,AURANGABAD,MAHARASHTRA
5738,KARMAD,KMV,NSG6,NANDED,SCR,AURANGABAD,MAHARASHTRA
5739,KATA ROAD,KXX,NSG6,NANDED,SCR,WASHIM,MAHARASHTRA
5740,KEKATUMAR,KKG,NSG6,NANDED,SCR,WASHIM,MAHARASHTRA
5741,KODI,KODI,NSG6,NANDED,SCR,JALNA,MAHARASHTRA
5742,KOSAI,KSAE,NSG6,NANDED,SCR,ADILABAD,TELANGANA
5743,LASUR,LSR,NSG6,NANDED,SCR,AURANGABAD,MAHARASHTRA
5744,LIMBGAON,LBG,NSG6,NANDED,SCR,NANDED,MAHARASHTRA
5745,LOHOGAD,LHD,NSG6,NANDED,SCR,AKOLA,MAHARASHTRA
5746,MALSAILU,MLSU,NSG6,NANDED,SCR,HINGOLI,MAHARASHTRA
5747,MALTEKDI,MTDI,NSG6,NANDED,SCR,NANDED,MAHARASHTRA
5748,MARSUL,MRV,NSG6,NANDED,SCR,PARBHANI,MAHARASHTRA
5749,MIRKHAL,MQL,NSG6,NANDED,SCR,PARBHANI,MAHARASHTRA
5750,MUGAT,MGC,NSG6,NANDED,SCR,NANDED,MAHARASHTRA
5751,NANDAPUR,NDPR,NSG6,NANDED,SCR,HINGOLI,MAHARASHTRA
5752,NAVALGAON,NVLN,NSG6,NANDED,SCR,HINGOLI,MAHARASHTRA
5753,PARSODA,PSD,NSG6,NANDED,SCR,AURANGABAD,MAHARASHTRA
5754,PENGANGA,PGG,NSG6,NANDED,SCR,WASHIM,MAHARASHTRA
5755,PERGAON,PG,NSG6,NANDED,SCR,PARBHANI,MAHARASHTRA
5756,PINGLI,PIZ,NSG6,NANDED,SCR,PARBHANI,MAHARASHTRA
5757,POKAMI NARSIMHA,PKNS,NSG6,NANDED,SCR,PARBHANI,MAHARASHTRA
5758,POTUL,POZ,NSG6,NANDED,SCR,AURANGABAD,MAHARASHTRA
5759,RANJANI,RNE,NSG6,NANDED,SCR,JALNA,MAHARASHTRA
5760,SARWARI,SVD,NSG6,NANDED,SCR,JALNA,MAHARASHTRA
5761,SATUNA,SCO,NSG6,NANDED,SCR,JALNA,MAHARASHTRA
5762,SHIVNI SHIVAPUR,SVW,NSG6,NANDED,SCR,AKOLA,MAHARASHTRA
5763,SIRLI,SIF,NSG6,NANDED,SCR,HINGOLI,MAHARASHTRA
5764,TARUR,TR,NSG6,NANDED,SCR,NASHIK,MAHARASHTRA
5765,THERBAN,TBU,NSG6,NANDED,SCR,NANDED,MAHARASHTRA
5766,UMRAM,UMM,NSG6,NANDED,SCR,ADILABAD,TELANGANA
5767,USMANPUR,UPR,NSG6,NANDED,SCR,JALNA,MAHARASHTRA
5768,VADGAON NILA,WDN,NSG6,NANDED,SCR,PARBHANI,MAHARASHTRA
5769,GANDHIPURAM HALT,GHPU,HG2,SECUNDERABAD,SCR,KHAMMAM,TELANGANA
5770,KUMTHA KHURD,KTKR,HG2,SECUNDERABAD,SCR,LATUR,MAHARASHTRA
5771,ODELA,OEA,HG2,SECUNDERABAD,SCR,PEDDAPALLI,TELANGANA
5772,AMBIKA ROHINA,AMBR,HG3,SECUNDERABAD,SCR,LATUR,MAHARASHTRA
5773,KANAJI H,KNAJ,HG3,SECUNDERABAD,SCR,BIDAR,KARNATAKA
5774,KAREPUR HALT,KRPR,HG3,SECUNDERABAD,SCR,LATUR,MAHARASHTRA
5775,KOTTAPALLI,KYOP,HG3,SECUNDERABAD,SCR,PEDDAPALLI,TELANGANA
5776,NAGALWANCHA,NVC,HG3,SECUNDERABAD,SCR,KHAMMAM,TELANGANA
5777,RAVALPALLI KALAN,RPK,HG3,SECUNDERABAD,SCR,RANGA REDDY,TELANGANA
5778,WADWAL NAGNATH HALT,WDLN,HG3,SECUNDERABAD,SCR,LATUR,MAHARASHTRA
5779,SECUNDERABAD JN.,SC,NSG1,SECUNDERABAD,SCR,HYDERABAD,TELANGANA
5780,HYDERABAD DECCAN,HYB,NSG2,SECUNDERABAD,SCR,HYDERABAD,TELANGANA
5781,KAZIPET JN.,KZJ,NSG3,SECUNDERABAD,SCR,HANUMAKONDA,TELANGANA
5782,KHAMMAM,KMT,NSG3,SECUNDERABAD,SCR,KHAMMAM,TELANGANA
5783,LINGAMPALLI,LPI,NSG3,SECUNDERABAD,SCR,RANGA REDDY,TELANGANA
5784,WARANGAL,WL,NSG3,SECUNDERABAD,SCR,WARANGAL,TELANGANA
5785,BEGAMPET,BMT,NSG4,SECUNDERABAD,SCR,HYDERABAD,TELANGANA
5786,BHADRACHALAM ROAD,BDCR,NSG4,SECUNDERABAD,SCR,BHADRADRI KOTHAGUDEM,TELANGANA
5787,BIDAR,BIDR,NSG4,SECUNDERABAD,SCR,BIDAR,KARNATAKA
5788,MAHBUBABAD,MABD,NSG4,SECUNDERABAD,SCR,MAHABUBABAD,TELANGANA
5789,MANCHIRYAL,MCI,NSG4,SECUNDERABAD,SCR,MANCHERIAL,TELANGANA
5790,PARLI VAIJNATH,PRLI,NSG4,SECUNDERABAD,SCR,BEED,MAHARASHTRA
5791,RAMAGUNDAM,RDM,NSG4,SECUNDERABAD,SCR,PEDDAPALLI,TELANGANA
5792,TANDUR,TDU,NSG4,SECUNDERABAD,SCR,VIKARABAD,TELANGANA
5793,VIKARABAD JN,VKB,NSG4,SECUNDERABAD,SCR,VIKARABAD,TELANGANA
5794,ALER,ALER,NSG5,SECUNDERABAD,SCR,YADADRI BHONGIR,TELANGANA
5795,BELLAMPALLI,BPA,NSG5,SECUNDERABAD,SCR,MANCHERIAL,TELANGANA
5796,BHALKI,BHLK,NSG5,SECUNDERABAD,SCR,BIDAR,KARNATAKA
5797,BHONGIR,BG,NSG5,SECUNDERABAD,SCR,YADADRI BHONGIR,TELANGANA
5798,CHARLAPALLI,CHZ,NSG5,SECUNDERABAD,SCR,MEDCHAL MALKAJGIRI,TELANGANA
5799,CHITTAPUR,CT,NSG5,SECUNDERABAD,SCR,KALABURAGI,KARNATAKA
5800,DORNAKAL JN.,DKJ,NSG5,SECUNDERABAD,SCR,MAHABUBABAD,TELANGANA
5801,GHANAPUR,GNP,NSG5,SECUNDERABAD,SCR,JANGOAN,TELANGANA
5802,JAMMIKUNTA,JMKT,NSG5,SECUNDERABAD,SCR,KARIMNAGAR,TELANGANA
5803,JANGAON,ZN,NSG5,SECUNDERABAD,SCR,JANGOAN,TELANGANA
5804,KARIMNAGAR,KRMR,NSG5,SECUNDERABAD,SCR,KARIMNAGAR,TELANGANA
5805,KESAMUDRAM,KDM,NSG5,SECUNDERABAD,SCR,MAHABUBABAD,TELANGANA
5806,LATUR ROAD,LTRR,NSG5,SECUNDERABAD,SCR,LATUR,MAHARASHTRA
5807,MADHIRA,MDR,NSG5,SECUNDERABAD,SCR,KHAMMAM,TELANGANA
5808,MANUGURU,MUGR,NSG5,SECUNDERABAD,SCR,BHADRADRI KOTHAGUDEM,TELANGANA
5809,MAULA ALI,MLY,NSG5,SECUNDERABAD,SCR,MEDCHAL-MALKAJGIRI,TELANGANA
5810,NEKONDA,NKD,NSG5,SECUNDERABAD,SCR,WARANGAL,TELANGANA
5811,PEDDAPALLI JN,PDPL,NSG5,SECUNDERABAD,SCR,PEDDAPALLI,TELANGANA
5812,RAVINDRAKHANI,RVKH,NSG5,SECUNDERABAD,SCR,MANCHIRYAL,TELANGANA
5813,SANATNAGAR,SNF,NSG5,SECUNDERABAD,SCR,HYDERABAD,TELANGANA
5814,SEDAM,SEM,NSG5,SECUNDERABAD,SCR,KALABURAGI,KARNATAKA
5815,SHANKARPALLI,SKP,NSG5,SECUNDERABAD,SCR,RANGA REDDY,TELANGANA
5816,SIRPUR KAGHAZNAGAR,SKZR,NSG5,SECUNDERABAD,SCR,KOMURAMBHEEM-ASIFABAD,TELANGANA
5817,UDGIR,UDGR,NSG5,SECUNDERABAD,SCR,LATUR,MAHARASHTRA
5818,ZAHIRABAD,ZB,NSG5,SECUNDERABAD,SCR,SANGAREDDY,TELANGANA
5819,ARMUR,ARMU,NSG6,SECUNDERABAD,SCR,NIZAMABAD,TELANGANA
5820,ASIFABAD ROAD,ASAF,NSG6,SECUNDERABAD,SCR,KOMURAM BHEEM-ASIFABAD,TELANGANA
5821,BETHAMPUDI,BTPD,NSG6,SECUNDERABAD,SCR,Bhadradri Kotha Gudem,TELANGANA
5822,BIBINAGAR JN.,BN,NSG6,SECUNDERABAD,SCR,YADADRI BHONGIR,TELANGANA
5823,BISUGIRSHARIF,BGSF,NSG6,SECUNDERABAD,SCR,KARIMNAGAR,TELANGANA
5824,BONAKALU,BKL,NSG6,SECUNDERABAD,SCR,KHAMMAM,TELANGANA
5825,CHAKUR,CKX,NSG6,SECUNDERABAD,SCR,LATUR,MAHARASHTRA
5826,CHERUVUMADHAVARAM,CVV,NSG6,SECUNDERABAD,SCR,NTR,ANDHRA PRADESH
5827,CHIMALPAHAD,CMW,NSG6,SECUNDERABAD,SCR,KHAMMAM,TELANGANA
5828,CHINTAKANI,CKN,NSG6,SECUNDERABAD,SCR,KHAMMAM,TELANGANA
5829,CHINTALPALLI,CLE,NSG6,SECUNDERABAD,SCR,WARANGAL,TELANGANA
5830,CHITGIDDA,CTF,NSG6,SECUNDERABAD,SCR,VIKARABAD,TELANGANA
5831,DHARUR,DRR,NSG6,SECUNDERABAD,SCR,VIKARABAD,TELANGANA
5832,ERRUPALEM,YP,NSG6,SECUNDERABAD,SCR,KHAMMAM,TELANGANA
5833,GANGADHARA,GDRA,NSG6,SECUNDERABAD,SCR,KARIMNAGAR,TELANGANA
5834,GANGINENI,GNN,NSG6,SECUNDERABAD,SCR,NTR,ANDHRA PRADESH
5835,GARLA,GLA,NSG6,SECUNDERABAD,SCR,MAHABUBABAD,TELANGANA
5836,GHAT NANDUR,GTU,NSG6,SECUNDERABAD,SCR,BEED,MAHARASHTRA
5837,GHATKESAR,GT,NSG6,SECUNDERABAD,SCR,MEDCHAL MALKAJGIRI,TELANGANA
5838,GODAMGURA,GDQ,NSG6,SECUNDERABAD,SCR,VIKARABAD,TELANGANA
5839,GULLAGUDA,GGD,NSG6,SECUNDERABAD,SCR,VIKARABAD,TELANGANA
5840,GUNDRATIMADUGU,GUU,NSG6,SECUNDERABAD,SCR,MAHABUBABAD,TELANGANA
5841,HALBARGA,HBU,NSG6,SECUNDERABAD,SCR,BIDAR,KARNATAKA
5842,HALLIKHED K,HIKD,NSG6,SECUNDERABAD,SCR,BIDAR,KARNATAKA
5843,HALLIKHED-B,HLKH,NSG6,SECUNDERABAD,SCR,BIDAR,KARNATAKA
5844,HASANPARTI ROAD,HSP,NSG6,SECUNDERABAD,SCR,HANUMAKONDA,TELANGANA
5845,HER,HER,NSG6,SECUNDERABAD,SCR,LATUR,MAHARASHTRA
5846,HUMNABAD,HMBD,NSG6,SECUNDERABAD,SCR,BIDAR,KARNATAKA
5847,INTEKANNE,INK,NSG6,SECUNDERABAD,SCR,MAHABUBABAD,TELANGANA
5848,JANWAL,JOA,NSG6,SECUNDERABAD,SCR,LATUR,MAHARASHTRA
5849,KALGUPUR,KCP,NSG6,SECUNDERABAD,SCR,BIDAR,KARNATAKA
5850,KAMALAPUR,KMPU,NSG6,SECUNDERABAD,SCR,KALABURAGI,KARNATAKA
5851,KAMALNAGAR,KMNR,NSG6,SECUNDERABAD,SCR,BIDAR,KARNATAKA
5852,KAREPALLI JN.,KRA,NSG6,SECUNDERABAD,SCR,KHAMMAM,TELANGANA
5853,KAZIPET TOWN,KZJT,NSG6,SECUNDERABAD,SCR,HANUMAKONDA,TELANGANA
5854,KHANAPUR,KHNP,NSG6,SECUNDERABAD,SCR,BIDAR,KARNATAKA
5855,KOHIR DECCAN,KOHR,NSG6,SECUNDERABAD,SCR,SANGAREDDY,TELANGANA
5856,KOLNUR,KOLR,NSG6,SECUNDERABAD,SCR,PEDDAPALLI,TELANGANA
5857,KORATLA,KRLA,NSG6,SECUNDERABAD,SCR,JAGITYAL,TELANGANA
5858,KURGUNTA,KQT,NSG6,SECUNDERABAD,SCR,KALABURAGI,KARNATAKA
5859,KURUKOTTA,KUKT,NSG6,SECUNDERABAD,SCR,KALABURAGI,KARNATAKA
5860,Lingampet Jagityal,LPJL,NSG6,SECUNDERABAD,SCR,JAGITYAL,TELANGANA
5861,MAKUDI,MKDI,NSG6,SECUNDERABAD,SCR,CHANDRAPUR,MAHARASHTRA
5862,MALKHAID ROAD,MQR,NSG6,SECUNDERABAD,SCR,KALABURAGI,KARNATAKA
5863,MALLEMADUGU,MLMG,NSG6,SECUNDERABAD,SCR,KHAMMAM,TELANGANA
5864,MANDAMARI,MMZ,NSG6,SECUNDERABAD,SCR,MANCHERIAL,TELANGANA
5865,MANIKGARH JN.,MAGH,NSG6,SECUNDERABAD,SCR,CHANDRAPUR,MAHARASHTRA
5866,MANTATTI,MVH,NSG6,SECUNDERABAD,SCR,VIKARABAD,TELANGANA
5867,MARPALLI,MRF,NSG6,SECUNDERABAD,SCR,VIKARABAD,TELANGANA
5868,MATALKUNTA,MTV,NSG6,SECUNDERABAD,SCR,SANGAREDDY,TELANGANA
5869,METPALLI,MTPI,NSG6,SECUNDERABAD,SCR,JAGITYAL,TELANGANA
5870,MORTAD,MRTD,NSG6,SECUNDERABAD,SCR,NIZAMABAD,TELANGANA
5871,MOTUMARI JN.,MTMI,NSG6,SECUNDERABAD,SCR,KHAMMAM,TELANGANA
5872,NAGALPALLE,NPL,NSG6,SECUNDERABAD,SCR,SANGAREDDY,TELANGANA
5873,NAWANDGI,NAW,NSG6,SECUNDERABAD,SCR,VIKARABAD,TELANGANA
5874,PANDILLAPALLI,PNDP,NSG6,SECUNDERABAD,SCR,KHAMMAM,TELANGANA
5875,PANGAON,PNF,NSG6,SECUNDERABAD,SCR,LATUR,MAHARASHTRA
5876,PAPATAPALLI,PPY,NSG6,SECUNDERABAD,SCR,KHAMMAM,TELANGANA
5877,PEDDAMPET,PPZ,NSG6,SECUNDERABAD,SCR,PEDDAPALLI,TELANGANA
5878,PEMBARTI,PBP,NSG6,SECUNDERABAD,SCR,JANGOAN,TELANGANA
5879,PINDIAL,PQL,NSG6,SECUNDERABAD,SCR,HANUMAKONDA,TELANGANA
5880,POCHARAM,PCZ,NSG6,SECUNDERABAD,SCR,MAHBUBABAD,TELANGANA
5881,POTKAPALLI,PTKP,NSG6,SECUNDERABAD,SCR,PEDDAPALLI,TELANGANA
5882,RAGHAVAPURAM,RGPM,NSG6,SECUNDERABAD,SCR,PEDDAPALLI,TELANGANA
5883,RAGHUNATHPALLI,RGP,NSG6,SECUNDERABAD,SCR,JANGOAN,TELANGANA
5884,RECHNI ROAD,RECH,NSG6,SECUNDERABAD,SCR,MANCHIRYAL,TELANGANA
5885,RUKMAPUR,RMY,NSG6,SECUNDERABAD,SCR,VIKARABAD,TELANGANA
5886,SADASHIVAPET ROAD,SSPD,NSG6,SECUNDERABAD,SCR,VIKARABAD,TELANGANA
5887,SIRPUR TOWN,SRUR,NSG6,SECUNDERABAD,SCR,KOMURAMBHEEM-ASIFABAD,TELANGANA
5888,Sri Santh Sevalal Maharaj Railway Crossing station,SSLM,NSG6,SECUNDERABAD,SCR,SURYAPET,TELANGANA
5889,SULTANABAD,STBD,NSG6,SECUNDERABAD,SCR,PEDDAPALLI,TELANGANA
5890,TADAKALPUDI,TPY,NSG6,SECUNDERABAD,SCR,BHADRACHALAM-KOTHAGUDEM,TELANGANA
5891,TADALA PUSAPALLI,TAA,NSG6,SECUNDERABAD,SCR,MAHABUBABAD,TELANGANA
5892,TONDALA GOPAVARAM,TNGM,NSG6,SECUNDERABAD,SCR,KHAMMAM,TELANGANA
5893,UPPAL,OPL,NSG6,SECUNDERABAD,SCR,HANUMAKONDA,TELANGANA
5894,WANGAPALLI,WP,NSG6,SECUNDERABAD,SCR,YADADRI BHUVANAGIRI,TELANGANA
5895,WIHIRGAON,VHGN,NSG6,SECUNDERABAD,SCR,CHANDRAPUR,MAHARASHTRA
5896,WIRUR,WIRR,NSG6,SECUNDERABAD,SCR,CHANDRAPUR,MAHARASHTRA
5897,YADADRI,YADD,NSG6,SECUNDERABAD,SCR,YADADRI BHUVANAGIRI,TELANGANA
5898,YELGUR,YGL,NSG6,SECUNDERABAD,SCR,WARANGAL,TELANGANA
5899,BHARATNAGAR,BTNR,SG3,SECUNDERABAD,SCR,RANGAREDDY,TELANGANA
5900,BHEL HALT,BHEL,SG3,SECUNDERABAD,SCR,SANGAREDDY,TELANGANA
5901,BORABANDA,BRBD,SG3,SECUNDERABAD,SCR,HYDERABAD,TELANGANA
5902,CHANDANAGAR,CDNR,SG3,SECUNDERABAD,SCR,RANGA REDDY,TELANGANA
5903,FATEHNAGAR BRIDGE,FNB,SG3,SECUNDERABAD,SCR,HYDERABAD,TELANGANA
5904,HAFIZPETA,HFZ,SG3,SECUNDERABAD,SCR,HYDERABAD,TELANGANA
5905,HITECH CITY,HTCY,SG3,SECUNDERABAD,SCR,RANGAREDDY,TELANGANA
5906,JAMES STREET,JET,SG3,SECUNDERABAD,SCR,HYDERABAD,TELANGANA
5907,KHAIRATABAD,KQD,SG3,SECUNDERABAD,SCR,HYDERABAD,TELANGANA
5908,LAKDI KA PUL,LKPL,SG3,SECUNDERABAD,SCR,HYDERABAD,TELANGANA
5909,NATURE CURE HOSPITAL,NCHS,SG3,SECUNDERABAD,SCR,HYDERABAD,TELANGANA
5910,NECKLACE ROAD,NLRD,SG3,SECUNDERABAD,SCR,HYDERABAD,TELANGANA
5911,R C PURAM TS,RCPT,SG3,SECUNDERABAD,SCR,SANGAREDDY,TELANGANA
5912,SANJIVAIH PARK,SJVP,SG3,SECUNDERABAD,SCR,HYDERABAD,TELANGANA
5913,TELAPUR,TLPR,SG3,SECUNDERABAD,SCR,SANGAREDDY,TELANGANA
5914,DHURWASIN P.H.,DRSN,HG2,BILASPUR,SECR,ANUPPUR,MADHYA PRADESH
5915,JETHA P.H.,JDDA,HG2,BILASPUR,SECR,JANJGIR-CHAMPA,CHHATTISGARH
5916,KAPAN P.H.,KPNA,HG2,BILASPUR,SECR,JANJGIR-CHAMPA,CHHATTISGARH
5917,KOTMI SONAR P.H.,KTSH,HG2,BILASPUR,SECR,JANJGIR-CHAMPA,CHHATTISGARH
5918,NAGPUR ROAD P.H.,NPRD,HG2,BILASPUR,SECR,KOREA,CHHATTISGARH
5919,SARAGAON ROAD P.H.,SGRD,HG2,BILASPUR,SECR,JANJGIR-CHAMPA,CHHATTISGARH
5920,SHEOPRASAD NAGAR P.H,SPDR,HG2,BILASPUR,SECR,SURGUJA,CHHATTISGARH
5921,BILASPUR JN.,BSP,NSG2,BILASPUR,SECR,BILASPUR,CHHATTISGARH
5922,CHAMPA JN.,CPH,NSG3,BILASPUR,SECR,JANJGIR-CHAMPA,CHHATTISGARH
5923,RAIGARH,RIG,NSG3,BILASPUR,SECR,RAIGARH,CHHATTISGARH
5924,AMBIKAPUR,ABKP,NSG4,BILASPUR,SECR,SURGUJA,CHHATTISGARH
5925,ANUPPUR JN.,APR,NSG4,BILASPUR,SECR,ANUPPUR,MADHYA PRADESH
5926,KORBA,KRBA,NSG4,BILASPUR,SECR,KORBA,CHHATTISGARH
5927,PENDRA ROAD,PND,NSG4,BILASPUR,SECR,BILASPUR,CHHATTISGARH
5928,SHAHDOL,SDL,NSG4,BILASPUR,SECR,SHAHDOL,MADHYA PRADESH
5929,UMARIA,UMR,NSG4,BILASPUR,SECR,UMARIA,MADHYA PRADESH
5930,AKALTARA,AKT,NSG5,BILASPUR,SECR,JANJGIR-CHAMPA,CHHATTISGARH
5931,AMLAI,AAL,NSG5,BILASPUR,SECR,ANUPPUR,MADHYA PRADESH
5932,BAIKUNTHPUR ROAD,BRH,NSG5,BILASPUR,SECR,KOREA,CHHATTISGARH
5933,BARADWAR,BUA,NSG5,BILASPUR,SECR,JANJGIR-CHAMPA,CHHATTISGARH
5934,BIJURI,BJRI,NSG5,BILASPUR,SECR,ANUPPUR,MADHYA PRADESH
5935,BIRSINGHPUR,BRS,NSG5,BILASPUR,SECR,UMARIA,MADHYA PRADESH
5936,BISHRAMPUR,BSPR,NSG5,BILASPUR,SECR,SURGUJA,CHHATTISGARH
5937,BRAJARAJNAGAR,BRJN,NSG5,BILASPUR,SECR,JHARSUGUDA,ODISHA
5938,BURHAR,BUH,NSG5,BILASPUR,SECR,SHAHDOL,MADHYA PRADESH
5939,CHANDIA ROAD.,CHD,NSG5,BILASPUR,SECR,UMARIA,MADHYA PRADESH
5940,CHIRMIRI,CHRM,NSG5,BILASPUR,SECR,KOREA,CHHATTISGARH
5941,GEVRA-ROAD,GAD,NSG5,BILASPUR,SECR,KORBA,CHHATTISGARH
5942,JAIRAMNAGAR,JRMG,NSG5,BILASPUR,SECR,BILASPUR,CHHATTISGARH
5943,JANJGIR NAILA,NIA,NSG5,BILASPUR,SECR,JANJGIR-CHAMPA,CHHATTISGARH
5944,KARGI ROAD,KGB,NSG5,BILASPUR,SECR,BILASPUR,CHHATTISGARH
5945,KHARSIA,KHS,NSG5,BILASPUR,SECR,RAIGARH,CHHATTISGARH
5946,KOTMA,KTMA,NSG5,BILASPUR,SECR,ANUPPUR,MADHYA PRADESH
5947,MANENDRAGARH,MDGR,NSG5,BILASPUR,SECR,KOREA,CHHATTISGARH
5948,SAKTI,SKT,NSG5,BILASPUR,SECR,JANJGIR-CHAMPA,CHHATTISGARH
5949,USLAPUR,USL,NSG5,BILASPUR,SECR,BILASPUR,CHHATTISGARH
5950,BAIHATOLA,BATL,NSG6,BILASPUR,SECR,ANUPPUR,MADHYA PRADESH
5951,BALPUR,BPRH,NSG6,BILASPUR,SECR,JANJGIR-CHAMPA,CHHATTISGARH
5952,BELGAHNA,BIG,NSG6,BILASPUR,SECR,BILASPUR,CHHATTISGARH
5953,BELPAHAR,BPH,NSG6,BILASPUR,SECR,JHARSUGUDA,ODISHA
5954,BHADWA PARA,BDWA,NSG6,BILASPUR,SECR,SHAHDOL,MADHYA PRADESH
5955,BHANWAR TONK,BHTK,NSG6,BILASPUR,SECR,BILASPUR,CHHATTISGARH
5956,BHUPDEOPUR,BEF,NSG6,BILASPUR,SECR,RAIGARH,CHHATTISGARH
5957,BORIDAND,BRND,NSG6,BILASPUR,SECR,KOREA,CHHATTISGARH
5958,CHHULHA,CLF,NSG6,BILASPUR,SECR,ANUPPUR,MADHYA PRADESH
5959,DAGHORA,DAO,NSG6,BILASPUR,SECR,SUNDARGARH,ODISHA
5960,DARRITOLA,DTL,NSG6,BILASPUR,SECR,KOREA,CHHATTISGARH
5961,GATORA,GTW,NSG6,BILASPUR,SECR,BILASPUR,CHHATTISGARH
5962,GHUNGHUTI,GGT,NSG6,BILASPUR,SECR,UMARIA,MADHYA PRADESH
5963,GHUTKU,GTK,NSG6,BILASPUR,SECR,BILASPUR,CHHATTISGARH
5964,HARRAD,HRV,NSG6,BILASPUR,SECR,ANUPPUR,MADHYA PRADESH
5965,HARRI,HRB,NSG6,BILASPUR,SECR,BILASPUR,CHHATTISGARH
5966,HIMGIR,HGR,NSG6,BILASPUR,SECR,SUNDARGARH,ODISHA
5967,IB,IB,NSG6,BILASPUR,SECR,JHARSUGUDA,ODISHA
5968,JAITHARI,JTI,NSG6,BILASPUR,SECR,ANUPPUR,MADHYA PRADESH
5969,JAMGA,JMG,NSG6,BILASPUR,SECR,RAIGARH,CHHATTISGARH
5970,JHALWARA,JLW,NSG6,BILASPUR,SECR,KATNI,MADHYA PRADESH
5971,JHARRADIH,JDI,NSG6,BILASPUR,SECR,RAIGARH,CHHATTISGARH
5972,KALMITAR,KLTR,NSG6,BILASPUR,SECR,BILASPUR,CHHATTISGARH
5973,KAMALPURGRAM,KLPG,NSG6,BILASPUR,SECR,SURGUJA,CHHATTISGARH
5974,KARKELI,KKI,NSG6,BILASPUR,SECR,UMARIA,MADHYA PRADESH
5975,KARONJI,KJZ,NSG6,BILASPUR,SECR,SURGUJA,CHHATTISGARH
5976,KATORA,KTO,NSG6,BILASPUR,SECR,KOREA,CHHATTISGARH
5977,KHODRI,KOI,NSG6,BILASPUR,SECR,BILASPUR,CHHATTISGARH
5978,KHONGSARA,KGS,NSG6,BILASPUR,SECR,BILASPUR,CHHATTISGARH
5979,KIRODIMALNAGAR,KDTR,NSG6,BILASPUR,SECR,RAIGARH,CHHATTISGARH
5980,KOTARLIA,KRL,NSG6,BILASPUR,SECR,RAIGARH,CHHATTISGARH
5981,KOTHARI ROAD,KTHD,NSG6,BILASPUR,SECR,JANJGIR-CHAMPA,CHHATTISGARH
5982,LORHA,LOA,NSG6,BILASPUR,SECR,UMARIA,MADHYA PRADESH
5983,MADWARANI,MWRN,NSG6,BILASPUR,SECR,KORBA,CHHATTISGARH
5984,MAUHARI,MZH,NSG6,BILASPUR,SECR,ANUPPUR,MADHYA PRADESH
5985,MUDARIA,MDXR,NSG6,BILASPUR,SECR,UMARIA,MADHYA PRADESH
5986,NAGAR,NGE,NSG6,BILASPUR,SECR,KOREA,CHHATTISGARH
5987,NIGAURA,NIQ,NSG6,BILASPUR,SECR,ANUPPUR,MADHYA PRADESH
5988,NOWROZABAD,NRZB,NSG6,BILASPUR,SECR,UMARIA,MADHYA PRADESH
5989,PARADOL,PRDL,NSG6,BILASPUR,SECR,KOREA,CHHATTISGARH
5990,ROBERTSON,ROB,NSG6,BILASPUR,SECR,RAIGARH,CHHATTISGARH
5991,RUPAUND,RPD,NSG6,BILASPUR,SECR,KATNI,MADHYA PRADESH
5992,SALKA ROAD,SLKR,NSG6,BILASPUR,SECR,BILASPUR,CHHATTISGARH
5993,SARAGBUNDIA,SRBA,NSG6,BILASPUR,SECR,KORBA,CHHATTISGARH
5994,SARBAHARA,SBRA,NSG6,BILASPUR,SECR,BILASPUR,CHHATTISGARH
5995,SINGHPUR,SNGP,NSG6,BILASPUR,SECR,UMARIA,MADHYA PRADESH
5996,SURAJPUR ROAD,SJQ,NSG6,BILASPUR,SECR,SURGUJA,CHHATTISGARH
5997,TENGANMADA,TGQ,NSG6,BILASPUR,SECR,BILASPUR,CHHATTISGARH
5998,UDALKACHHAR,UKR,NSG6,BILASPUR,SECR,KOREA,CHHATTISGARH
5999,URGA,URGA,NSG6,BILASPUR,SECR,KORBA,CHHATTISGARH
6000,VENKATNAGAR,VKR,NSG6,BILASPUR,SECR,ANUPPUR,MADHYA PRADESH
6001,VILAYAT KALAN ROAD,VYK,NSG6,BILASPUR,SECR,KATNI,MADHYA PRADESH
6002,ARUN NAGAR P.H.,ARNG,HG2,NAGPUR,SECR,GONDIA,MAHARASHTRA
6003,BARABHATI P.H.,BFF,HG2,NAGPUR,SECR,GONDIA,MAHARASHTRA
6004,BHANDEWADI P.H.,BNWD,HG2,NAGPUR,SECR,NAGPUR,MAHARASHTRA
6005,DHANOLI P.H.,DNL,HG2,NAGPUR,SECR,GONDIA,MAHARASHTRA
6006,GANKHERA P.H.,GKT,HG2,NAGPUR,SECR,GONDIA,MAHARASHTRA
6007,GATRA P.H.,GRJ,HG2,NAGPUR,SECR,GONDIA,MAHARASHTRA
6008,GOND UMRI P.H.,GMI,HG2,NAGPUR,SECR,GONDIA,MAHARASHTRA
6009,KHARA P.H.,KRXA,HG2,NAGPUR,SECR,BALAGHAT,MADHYA PRADESH
6010,KHODSEONI P.H.,KSIH,HG2,NAGPUR,SECR,GONDIA,MAHARASHTRA
6011,KIRMITI MENDHA P.H.,KMMD,HG2,NAGPUR,SECR,GADCHIROLI,MAHARASHTRA
6012,KOCHEWAHI P.H.,KFX,HG2,NAGPUR,SECR,BALAGHAT,MADHYA PRADESH
6013,KUKRAKHAPA P.H.,KFP,HG2,NAGPUR,SECR,CHHINDWARA,MADHYA PRADESH
6014,LAKHANWADA P.H.,LNW,HG2,NAGPUR,SECR,BALAGHAT,MADHYA PRADESH
6015,MAHULI P.H.,MZB,HG2,NAGPUR,SECR,NAGPUR,MAHARASHTRA
6016,MARODA P.H.,MRDA,HG2,NAGPUR,SECR,CHANDRAPUR,MAHARASHTRA
6017,MINDALA P.H.,MWG,HG2,NAGPUR,SECR,CHANDRAPUR,MAHARASHTRA
6018,PAUNI ROAD P.H.,PNRD,HG2,NAGPUR,SECR,BHANDARA,MAHARASHTRA
6019,SAONGI P.H.,SGC,HG2,NAGPUR,SECR,BALAGHAT,MADHYA PRADESH
6020,SUKLI P.H.,SKLI,HG2,NAGPUR,SECR,BALAGHAT,MADHYA PRADESH
6021,TOLEWAHI P.H.,TWI,HG2,NAGPUR,SECR,CHANDRAPUR,MAHARASHTRA
6022,TUMSAR TOWN P.H.,TMS,HG2,NAGPUR,SECR,BHANDARA,MAHARASHTRA
6023,AMDI P.H.,AMDI,HG3,NAGPUR,SECR,NAGPUR,MAHARASHTRA
6024,BAMHANI BANJAR P.H.,BIV,HG3,NAGPUR,SECR,MANDLA,MADHYA PRADESH
6025,BAMHANI P.H.,BMW,HG3,NAGPUR,SECR,NAGPUR,MAHARASHTRA
6026,BERDI P.H.,BDHT,HG3,NAGPUR,SECR,CHHINDWARA,MADHYA PRADESH
6027,BHUYAR P.H.,BHRH,HG3,NAGPUR,SECR,BHANDARA,MAHARASHTRA
6028,BISAPUR KALAN P.H.,BRKH,HG3,NAGPUR,SECR,CHHINDWARA,MADHYA PRADESH
6029,BOTHIA P.H.,BOYA,HG3,NAGPUR,SECR,SEONI,MADHYA PRADESH
6030,CHANGOTOLA P.H.,CGLA,HG3,NAGPUR,SECR,BALAGHAT,MADHYA PRADESH
6031,CHARGHAT PIPARIA P.H,CRE,HG3,NAGPUR,SECR,JABALPUR,MADHYA PRADESH
6032,CHICHOLI BUZURG P.H.,CCBG,HG3,NAGPUR,SECR,CHANDRAPUR,MAHARASHTRA
6033,CHICHOLI P.H.,CCO,HG3,NAGPUR,SECR,BHANDARA,MAHARASHTRA
6034,DEVI P.H.,DVH,HG3,NAGPUR,SECR,CHHINDWARA,MADHYA PRADESH
6035,DEVRI P.H.,DRPH,HG3,NAGPUR,SECR,JABALPUR,MADHYA PRADESH
6036,DHAPEWARA P.H.,DPW,HG3,NAGPUR,SECR,BALAGHAT,MADHYA PRADESH
6037,DHATURA ALIPUR P.H.,DTAP,HG3,NAGPUR,SECR,MANDLA,MADHYA PRADESH
6038,DIGHORI BUZURG P.H.,DGY,HG3,NAGPUR,SECR,NAGPUR,MAHARASHTRA
6039,DUMRI KHURD P.H.,DKU,HG3,NAGPUR,SECR,NAGPUR,MAHARASHTRA
6040,GANGATOLA,GNGT,HG3,NAGPUR,SECR,MANDLA,MADHYA PRADESH
6041,GHADELA P.H.,GELA,HG3,NAGPUR,SECR,CHHINDWARA,MADHYA PRADESH
6042,GHAT PARASIA P.,GPSA,HG3,NAGPUR,SECR,CHHINDWARA,MADHYA PRADESH
6043,GUDRU P.H.,GDU,HG3,NAGPUR,SECR,BALAGHAT,MADHYA PRADESH
6044,JAMGAON P.H.,JGZ,HG3,NAGPUR,SECR,MANDLA,MADHYA PRADESH
6045,JAMTARA PARASWARA P.,JPV,HG3,NAGPUR,SECR,JABALPUR,MADHYA PRADESH
6046,JEONARA P.H.,JONR,HG3,NAGPUR,SECR,MANDLA,MADHYA PRADESH
6047,JURTARA HALT,JRTR,HG3,NAGPUR,SECR,SEONI,MADHYA PRADESH
6048,KALADEHI P.H.,KDHI,HG3,NAGPUR,SECR,JABALPUR,MADHYA PRADESH
6049,KANHADGAON P.H.,KNDG,HG3,NAGPUR,SECR,BALAGHAT,MADHYA PRADESH
6050,KANHIWARA,KWB,HG3,NAGPUR,SECR,SEONI,MADHYA PRADESH
6051,KAPURDHA P.H.,KPDH,HG3,NAGPUR,SECR,CHHINDWARA,MADHYA PRADESH
6052,KARGAON P.H.,KRNG,HG3,NAGPUR,SECR,NAGPUR,MAHARASHTRA
6053,KAYDI P.H.,KAYI,HG3,NAGPUR,SECR,BALAGHAT,MADHYA PRADESH
6054,KEMPALSAD P.H.,KEMP,HG3,NAGPUR,SECR,NAGPUR,MAHARASHTRA
6055,KHAIREE,KHR,HG3,NAGPUR,SECR,SEONI,MADHYA PRADESH
6056,KHAIRRANJI,KRRI,HG3,NAGPUR,SECR,MANDLA,MADHYA PRADESH
6057,KORADIH P.H.,KRDH,HG3,NAGPUR,SECR,NAGPUR,MAHARASHTRA
6058,KOTGAON P.H.,KTGO,HG3,NAGPUR,SECR,CHANDRAPUR,MAHARASHTRA
6059,LIMARUA P.H.,LMU,HG3,NAGPUR,SECR,MANDLA,MADHYA PRADESH
6060,MAGARDARRA P.H.,MGDR,HG3,NAGPUR,SECR,BALAGHAT,MADHYA PRADESH
6061,MAKHEPAR ROAD P.H.,MKZ,HG3,NAGPUR,SECR,BALAGHAT,MADHYA PRADESH
6062,MALEGAON P.H.,MGVK,HG3,NAGPUR,SECR,NAGPUR,MAHARASHTRA
6063,MANGLI P.H.,MNGL,HG3,NAGPUR,SECR,CHANDRAPUR,MAHARASHTRA
6064,MARKAHANDI UDADON,MQQ,HG3,NAGPUR,SECR,CHHINDWARA,MADHYA PRADESH
6065,MATRADHAM P.H.,MADM,HG3,NAGPUR,SECR,SEONI,MADHYA PRADESH
6066,MITEWANI P.H.,MTWN,HG3,NAGPUR,SECR,BHANDARA,MAHARASHTRA
6067,MOHADARA P.H.,MXZ,HG3,NAGPUR,SECR,NAGPUR,MAHARASHTRA
6068,MOHPANIMAL P.H.,MPML,HG3,NAGPUR,SECR,CHHINDWARA,MADHYA PRADESH
6069,NAGRA DHAM P.H.,NGDM,HG3,NAGPUR,SECR,GONDIA,MAHARASHTRA
6070,PARADSINGA P.H.,PSK,HG3,NAGPUR,SECR,CHHINDWARA,MADHYA PRADESH
6071,PATANSAONGI TOWN P.H,PSX,HG3,NAGPUR,SECR,NAGPUR,MAHARASHTRA
6072,PAUNIA P.H.,PUNA,HG3,NAGPUR,SECR,BALAGHAT,MADHYA PRADESH
6073,PINDKEPAR P.H.,PQH,HG3,NAGPUR,SECR,GONDIA,MAHARASHTRA
6074,PIPLA P.H.,PQA,HG3,NAGPUR,SECR,NAGPUR,MAHARASHTRA
6075,PRATAP BAGH P.H.,PRBG,HG3,NAGPUR,SECR,GONDIA,MAHARASHTRA
6076,PUTARRA P.H.,PRTR,HG3,NAGPUR,SECR,MANDLA,MADHYA PRADESH
6077,RAMPURI P.H.,RAMP,HG3,NAGPUR,SECR,MANDLA,MADHYA PRADESH
6078,SAMASWARA P.H.,SMSR,HG3,NAGPUR,SECR,CHHINDWARA,MADHYA PRADESH
6079,SAONGA P.H.,SZH,HG3,NAGPUR,SECR,CHHINDWARA,MADHYA PRADESH
6080,SIKARPUR P.H.,SKPR,HG3,NAGPUR,SECR,CHHINDWARA,MADHYA PRADESH
6081,SIMARIA KAJARWADA P.,SAKA,HG3,NAGPUR,SECR,MANDLA,MADHYA PRADESH
6082,TAKLI BANSALI P.H.,TKLB,HG3,NAGPUR,SECR,NAGPUR,MAHARASHTRA
6083,TEMPA P.H.,TEP,HG3,NAGPUR,SECR,CHANDRAPUR,MAHARASHTRA
6084,TITUR P.H.,TOR,HG3,NAGPUR,SECR,NAGPUR,MAHARASHTRA
6085,TITWA P.H.,TTW,HG3,NAGPUR,SECR,BALAGHAT,MADHYA PRADESH
6086,UMARIA ISRA P.H,UIH,HG3,NAGPUR,SECR,CHHINDWARA,MADHYA PRADESH
6087,GONDIA JN.,G,NSG3,NAGPUR,SECR,GONDIA,MAHARASHTRA
6088,RAJ-NANDGAON,RJN,NSG3,NAGPUR,SECR,RAJNANDGAON,CHHATTISGARH
6089,BHANDARA ROAD,BRD,NSG4,NAGPUR,SECR,BHANDARA,MAHARASHTRA
6090,CHANDA FORT,CAF,NSG4,NAGPUR,SECR,CHANDRAPUR,MAHARASHTRA
6091,CHHINDWARA JN.,CWA,NSG4,NAGPUR,SECR,CHHINDWARA,MADHYA PRADESH
6092,DONGRAGARH,DGG,NSG4,NAGPUR,SECR,RAJNANDGAON,CHHATTISGARH
6093,ITWARI,ITR,NSG4,NAGPUR,SECR,NAGPUR,MAHARASHTRA
6094,KAMPTEE,KP,NSG4,NAGPUR,SECR,NAGPUR,MAHARASHTRA
6095,RAMTEK,RTK,NSG4,NAGPUR,SECR,NAGPUR,MAHARASHTRA
6096,AMGAON,AGN,NSG5,NAGPUR,SECR,GONDIA,MAHARASHTRA
6097,BALAGHAT JN.,BTC,NSG5,NAGPUR,SECR,BALAGHAT,MADHYA PRADESH
6098,BRAMHAPURI,BMP,NSG5,NAGPUR,SECR,CHANDRAPUR,MAHARASHTRA
6099,KALUMNA,KAV,NSG5,NAGPUR,SECR,NAGPUR,MAHARASHTRA
6100,TIRORA,TRO,NSG5,NAGPUR,SECR,GONDIA,MAHARASHTRA
6101,TUMSAR ROAD,TMR,NSG5,NAGPUR,SECR,BHANDARA,MAHARASHTRA
6102,WADSA,WSA,NSG5,NAGPUR,SECR,GADCHIROLI,MAHARASHTRA
6103,WARASONI,WRI,NSG5,NAGPUR,SECR,BALAGHAT,MADHYA PRADESH
6104,ALEWAHI,AWH,NSG6,NAGPUR,SECR,CHANDRAPUR,MAHARASHTRA
6105,ARJUNI,AJU,NSG6,NAGPUR,SECR,GONDIA,MAHARASHTRA
6106,BAKAL,BAKL,NSG6,NAGPUR,SECR,RAJNANDGAON,CHHATTISGARH
6107,BARGI,BUQ,NSG6,NAGPUR,SECR,JABALPUR,MADHYA PRADESH
6108,BHANDARKUND,BDKD,NSG6,NAGPUR,SECR,CHHINDWARA,MADHYA PRADESH
6109,BHIMALGONDI,BMC,NSG6,NAGPUR,SECR,CHHINDWARA,MADHYA PRADESH
6110,BHIWAPUR,BWV,NSG6,NAGPUR,SECR,NAGPUR,MAHARASHTRA
6111,BHOMA,BHV,NSG6,NAGPUR,SECR,SEONI,MADHYA PRADESH
6112,BINAIKI,VNK,NSG6,NAGPUR,SECR,SEONI,MADHYA PRADESH
6113,BIRSOLA,BRA,NSG6,NAGPUR,SECR,GONDIA,MAHARASHTRA
6114,BORTALAO,BTL,NSG6,NAGPUR,SECR,RAJNANDGAON,CHHATTISGARH
6115,CHACHER,CHCR,NSG6,NAGPUR,SECR,NAGPUR,MAHARASHTRA
6116,CHAREGAON,CRN,NSG6,NAGPUR,SECR,BALAGHAT,MADHYA PRADESH
6117,CHIRAIDONGRI,CID,NSG6,NAGPUR,SECR,MANDLA,MADHYA PRADESH
6118,CHOURAI,CHUA,NSG6,NAGPUR,SECR,CHHINDWARA,MADHYA PRADESH
6119,DAREKASA,DKS,NSG6,NAGPUR,SECR,GONDIA,MAHARASHTRA
6120,DEWALGAON,DEW,NSG6,NAGPUR,SECR,GONDIA,MAHARASHTRA
6121,DONGRI BUZURG,DGBZ,NSG6,NAGPUR,SECR,BHANDARA,MAHARASHTRA
6122,GANGAJHARI,GJ,NSG6,NAGPUR,SECR,GONDIA,MAHARASHTRA
6123,GARHA GOODS SHED,GGGS,NSG6,NAGPUR,SECR,JABALPUR,MADHYA PRADESH
6124,GHANSORE,GNS,NSG6,NAGPUR,SECR,SEONI,MADHYA PRADESH
6125,GOBARWAHI,GBRI,NSG6,NAGPUR,SECR,BHANDARA,MAHARASHTRA
6126,GONGLEE,GNL,NSG6,NAGPUR,SECR,GONDIA,MAHARASHTRA
6127,GUDMA,GDM,NSG6,NAGPUR,SECR,GONDIA,MAHARASHTRA
6128,GUWARIGHAT,GRG,NSG6,NAGPUR,SECR,JABALPUR,MADHYA PRADESH
6129,HATTA ROAD,HTT,NSG6,NAGPUR,SECR,BALAGHAT,MADHYA PRADESH
6130,HIRDAMALI,HDM,NSG6,NAGPUR,SECR,GONDIA,MAHARASHTRA
6131,JATKANHAR,JTR,NSG6,NAGPUR,SECR,RAJNANDGAON,CHHATTISGARH
6132,JHILIMILI,JLY,NSG6,NAGPUR,SECR,CHHINDWARA,MADHYA PRADESH
6133,KACHEWANI,KWN,NSG6,NAGPUR,SECR,GONDIA,MAHARASHTRA
6134,KANHAN JN.,KNHN,NSG6,NAGPUR,SECR,NAGPUR,MAHARASHTRA
6135,KARABOH,KRBO,NSG6,NAGPUR,SECR,CHHINDWARA,MADHYA PRADESH
6136,KATANGI,KGE,NSG6,NAGPUR,SECR,BALAGHAT,MADHYA PRADESH
6137,KELOD,KLOD,NSG6,NAGPUR,SECR,NAGPUR,MAHARASHTRA
6138,KELZAR,KEZ,NSG6,NAGPUR,SECR,CHANDRAPUR,MAHARASHTRA
6139,KEOLARI,KLZ,NSG6,NAGPUR,SECR,SEONI,MADHYA PRADESH
6140,KHAPRIKHEDA,KPKD,NSG6,NAGPUR,SECR,NAGPUR,MAHARASHTRA
6141,KHAT,KHAT,NSG6,NAGPUR,SECR,NAGPUR,MAHARASHTRA
6142,KOKA,KOKA,NSG6,NAGPUR,SECR,BHANDARA,MAHARASHTRA
6143,KUHI,KUHI,NSG6,NAGPUR,SECR,NAGPUR,MAHARASHTRA
6144,LAMTA,LTA,NSG6,NAGPUR,SECR,BALAGHAT,MADHYA PRADESH
6145,LINGA,LIG,NSG6,NAGPUR,SECR,CHHINDWARA,MADHYA PRADESH
6146,LODHIKHERA,LDE,NSG6,NAGPUR,SECR,CHHINDWARA,MADHYA PRADESH
6147,MANDLA FORT,MFR,NSG6,NAGPUR,SECR,MANDLA,MADHYA PRADESH
6148,MUL MARORA,MME,NSG6,NAGPUR,SECR,CHANDRAPUR,MAHARASHTRA
6149,MUNDIKOTA,MNU,NSG6,NAGPUR,SECR,GONDIA,MAHARASHTRA
6150,MURIPAR,MUP,NSG6,NAGPUR,SECR,RAJNANDGAON,CHHATTISGARH
6151,MUSRA,MUA,NSG6,NAGPUR,SECR,RAJNANDGAON,CHHATTISGARH
6152,NAGARWARA,NWA,NSG6,NAGPUR,SECR,BALAGHAT,MADHYA PRADESH
6153,NAGBHIR JN.,NAB,NSG6,NAGPUR,SECR,CHANDRAPUR,MAHARASHTRA
6154,NAINPUR JN.,NIR,NSG6,NAGPUR,SECR,MANDLA,MADHYA PRADESH
6155,NIDHANI,NDNI,NSG6,NAGPUR,SECR,SEONI,MADHYA PRADESH
6156,PADRIGANJ,PNJ,NSG6,NAGPUR,SECR,MANDLA,MADHYA PRADESH
6157,PALARI,PUE,NSG6,NAGPUR,SECR,SEONI,MADHYA PRADESH
6158,PANIAJOB,PJB,NSG6,NAGPUR,SECR,RAJNANDGAON,CHHATTISGARH
6159,PARMALKASA,PMS,NSG6,NAGPUR,SECR,RAJNANDGAON,CHHATTISGARH
6160,PATANSAONGI,PTS,NSG6,NAGPUR,SECR,NAGPUR,MAHARASHTRA
6161,PINDRAI,PDE,NSG6,NAGPUR,SECR,MANDLA,MADHYA PRADESH
6162,PIPARDAHI,PED,NSG6,NAGPUR,SECR,SEONI,MADHYA PRADESH
6163,RAJOLI,ROL,NSG6,NAGPUR,SECR,CHANDRAPUR,MAHARASHTRA
6164,RAMAKONA,RMO,NSG6,NAGPUR,SECR,CHHINDWARA,MADHYA PRADESH
6165,RASMARA,RSM,NSG6,NAGPUR,SECR,DURG,CHHATTISGARH
6166,REWRAL,RRL,NSG6,NAGPUR,SECR,NAGPUR,MAHARASHTRA
6167,SALEKASA,SKS,NSG6,NAGPUR,SECR,GONDIA,MAHARASHTRA
6168,SALWA,SAL,NSG6,NAGPUR,SECR,NAGPUR,MAHARASHTRA
6169,SAMNAPUR,SMC,NSG6,NAGPUR,SECR,BALAGHAT,MADHYA PRADESH
6170,SAONER,SONR,NSG6,NAGPUR,SECR,NAGPUR,MAHARASHTRA
6171,SAUSAR,SASR,NSG6,NAGPUR,SECR,CHHINDWARA,MADHYA PRADESH
6172,SEONI,SEY,NSG6,NAGPUR,SECR,SEONI,MADHYA PRADESH
6173,SHIKARA,SKY,NSG6,NAGPUR,SECR,SEONI,MADHYA PRADESH
6174,SINDEWAHI,SYE,NSG6,NAGPUR,SECR,CHANDRAPUR,MAHARASHTRA
6175,SONDAD,SNV,NSG6,NAGPUR,SECR,GONDIA,MAHARASHTRA
6176,SUKRI MANGELA,SOY,NSG6,NAGPUR,SECR,JABALPUR,MADHYA PRADESH
6177,TALODHI ROAD,TUD,NSG6,NAGPUR,SECR,CHANDRAPUR,MAHARASHTRA
6178,THARSA,TAR,NSG6,NAGPUR,SECR,NAGPUR,MAHARASHTRA
6179,TIRODI,TRDI,NSG6,NAGPUR,SECR,BALAGHAT,MADHYA PRADESH
6180,UMRA NALA,ULA,NSG6,NAGPUR,SECR,CHHINDWARA,MADHYA PRADESH
6181,UMRED,URR,NSG6,NAGPUR,SECR,NAGPUR,MAHARASHTRA
6182,WADEGAON,WDG,NSG6,NAGPUR,SECR,GONDIA,MAHARASHTRA
6183,BAIKUNTH P.H.,BKTH,HG2,RAIPUR,SECR,RAIPUR,CHHATTISGARH
6184,CHAKARBHATA P.H.,CHBT,HG2,RAIPUR,SECR,BILASPUR,CHHATTISGARH
6185,CHATAUD P.H.,CATD,HG2,RAIPUR,SECR,DHAMTARI,CHHATTISGARH
6186,DEVBALODA CHARODA P.,DBEC,HG2,RAIPUR,SECR,DURG,CHHATTISGARH
6187,GUDUM P.H.,GUDM,HG2,RAIPUR,SECR,BALOD,CHHATTISGARH
6188,KURUD P.H.,KRX,HG2,RAIPUR,SECR,DHAMTARI,CHHATTISGARH
6189,SARASWATI NAGAR P.H.,SRWN,HG2,RAIPUR,SECR,RAIPUR,CHHATTISGARH
6190,SIRRI P.H.,SIY,HG2,RAIPUR,SECR,DHAMTARI,CHHATTISGARH
6191,WRS COLONY P.H.,WRC,HG2,RAIPUR,SECR,RAIPUR,CHHATTISGARH
6192,BHAINSBODH P.H.,BSBH,HG3,RAIPUR,SECR,BALOD,CHHATTISGARH
6193,KENDRI P.H.,KDRI,HG3,RAIPUR,SECR,RAIPUR,CHHATTISGARH
6194,MANIK CHOWREE P.H.,MCF,HG3,RAIPUR,SECR,RAIPUR,CHHATTISGARH
6195,PAUWARA P.H.,PUWA,HG3,RAIPUR,SECR,DURG,CHHATTISGARH
6196,SALHAITOLA P.H.,SHIT,HG3,RAIPUR,SECR,BALOD,CHHATTISGARH
6197,SANKRA P.H.,SNKX,HG3,RAIPUR,SECR,DHAMTARI,CHHATTISGARH
6198,SARSONPURI P.H.,SPY,HG3,RAIPUR,SECR,DHAMTARI,CHHATTISGARH
6199,SIKOSA P.H.,SKSO,HG3,RAIPUR,SECR,BALOD,CHHATTISGARH
6200,DURG,DURG,NSG2,RAIPUR,SECR,DURG,CHHATTISGARH
6201,RAIPUR JN.,R,NSG2,RAIPUR,SECR,RAIPUR,CHHATTISGARH
6202,BHATAPARA,BYT,NSG3,RAIPUR,SECR,BALODA BAZAR,CHHATTISGARH
6203,BHILAI POWER HOUSE,BPHB,NSG4,RAIPUR,SECR,DURG,CHHATTISGARH
6204,BELHA,BYL,NSG5,RAIPUR,SECR,BILASPUR,CHHATTISGARH
6205,TILDA-NEORA,TLD,NSG5,RAIPUR,SECR,RAIPUR,CHHATTISGARH
6206,ABHANPUR JN.,AVP,NSG6,RAIPUR,SECR,RAIPUR,CHHATTISGARH
6207,ANTAGARH,AAGH,NSG6,RAIPUR,SECR,KANKER,CHHATTISGARH
6208,BALOD,BXA,NSG6,RAIPUR,SECR,BALOD,CHHATTISGARH
6209,BHANUPRATAPPUR,BPTP,NSG6,RAIPUR,SECR,KANKER,CHHATTISGARH
6210,BHILAI,BIA,NSG6,RAIPUR,SECR,DURG,CHHATTISGARH
6211,BHILAINAGAR,BQR,NSG6,RAIPUR,SECR,DURG,CHHATTISGARH
6212,DADHAPARA,DPH,NSG6,RAIPUR,SECR,BILASPUR,CHHATTISGARH
6213,DAGORI,DGS,NSG6,RAIPUR,SECR,BILASPUR,CHHATTISGARH
6214,DALLI-RAJHARA,DRZ,NSG6,RAIPUR,SECR,BALOD,CHHATTISGARH
6215,DHAMTARI,DTR,NSG6,RAIPUR,SECR,DHAMTARI,CHHATTISGARH
6216,GUNDARDEHI,GDZ,NSG6,RAIPUR,SECR,BALOD,CHHATTISGARH
6217,HATHBANDH,HN,NSG6,RAIPUR,SECR,BALODA BAZAR,CHHATTISGARH
6218,KEOTI,KETI,NSG6,RAIPUR,SECR,KANKER,CHHATTISGARH
6219,KUMHARI,KMI,NSG6,RAIPUR,SECR,DURG,CHHATTISGARH
6220,KUSUMKASA,KYS,NSG6,RAIPUR,SECR,BALOD,CHHATTISGARH
6221,LAKHOLI,LAE,NSG6,RAIPUR,SECR,RAIPUR,CHHATTISGARH
6222,LATABOR,LBO,NSG6,RAIPUR,SECR,BALOD,CHHATTISGARH
6223,MANDHAR,MDH,NSG6,RAIPUR,SECR,RAIPUR,CHHATTISGARH
6224,MANDIR HASAUD,MNDH,NSG6,RAIPUR,SECR,RAIPUR,CHHATTISGARH
6225,MARAUDA,MXA,NSG6,RAIPUR,SECR,DURG,CHHATTISGARH
6226,NAVA RAIPUR,NRMH,NSG6,RAIPUR,SECR,RAIPUR,CHHATTISGARH
6227,NIPANIA,NPI,NSG6,RAIPUR,SECR,BALODA BAZAR,CHHATTISGARH
6228,RAJIM,RIM,NSG6,RAIPUR,SECR,GARIYABAND,CHHATTISGARH
6229,RISAMA,RSA,NSG6,RAIPUR,SECR,DURG,CHHATTISGARH
6230,SARONA,SZB,NSG6,RAIPUR,SECR,RAIPUR,CHHATTISGARH
6231,SILYARI,SLH,NSG6,RAIPUR,SECR,RAIPUR,CHHATTISGARH
6232,URKURA,URK,NSG6,RAIPUR,SECR,RAIPUR,CHHATTISGARH
6233,BELIATOR PH,BZC,HG2,ADRA,SER,BANKURA,WEST BENGAL
6234,BETUR PH,BTRB,HG2,ADRA,SER,BANKURA,WEST BENGAL
6235,BHEDUASOL,BXL,HG2,ADRA,SER,BANKURA,WEST BENGAL
6236,BOGRI ROAD,BGO,HG2,ADRA,SER,BANKURA,WEST BENGAL
6237,CHAS ROAD PH,CAS,HG2,ADRA,SER,PURULIA,WEST BENGAL
6238,DHAGARIA PH,DGF,HG2,ADRA,SER,BANKURA,WEST BENGAL
6239,DHANSIMLA PH,DIM,HG2,ADRA,SER,BANKURA,WEST BENGAL
6240,HAMIRATI PH,HAM,HG2,ADRA,SER,BANKURA,WEST BENGAL
6241,INDAS PH,INS,HG2,ADRA,SER,BANKURA,WEST BENGAL
6242,JAMADOBA P.H.,JBO,HG2,ADRA,SER,DHANBAD,JHARKHAND
6243,KARKEND PH,KRKN,HG2,ADRA,SER,DHANBAD,JHARKHAND
6244,KHARKHARI,KHRI,HG2,ADRA,SER,DHANBAD,JHARKHAND
6245,KUMRUL PH,KMRL,HG2,ADRA,SER,BANKURA,WEST BENGAL
6246,MATHNASHIPUR PH,MTIP,HG2,ADRA,SER,PASCHIM BARDHAMAN,WEST BENGAL
6247,METYAL SAHAR PH,MYX,HG2,ADRA,SER,PURULIA,WEST BENGAL
6248,PATRASAYER PH,PSF,HG2,ADRA,SER,BANKURA,WEST BENGAL
6249,RAINAGAR PH,RNGR,HG2,ADRA,SER,PURBA BARDHAMAN,WEST BENGAL
6250,SAHASPUR ROAD PH,SHJ,HG2,ADRA,SER,BANKURA,WEST BENGAL
6251,SEHARA BAZAR PH,SRBZ,HG2,ADRA,SER,PASCHIM BARDHAMAN,WEST BENGAL
6252,SHYAMSUNDAR PH,SHMR,HG2,ADRA,SER,PASCHIM BARDHAMAN,WEST BENGAL
6253,TATASIJUA PH,TSAH,HG2,ADRA,SER,DHANBAD,JHARKHAND
6254,ANCHURI P.H.,ANCR,HG3,ADRA,SER,BANKURA,WEST BENGAL
6255,BELBONI PH,BEX,HG3,ADRA,SER,BANKURA,WEST BENGAL
6256,BERUGRAM,BUGM,HG3,ADRA,SER,PASCHIM BARDHAMAN,WEST BENGAL
6257,BHADUTALA,BUTA,HG3,ADRA,SER,MEDINIPUR WEST,WEST BENGAL
6258,BIKNA PH,BKNO,HG3,ADRA,SER,BANKURA,WEST BENGAL
6259,BOKRA PH,BOKA,HG3,ADRA,SER,PASCHIM BARDHAMAN,WEST BENGAL
6260,BRINDABANPUR PH,BDPR,HG3,ADRA,SER,BANKURA,WEST BENGAL
6261,CHANDAR,CNRF,HG3,ADRA,SER,BANKURA,WEST BENGAL
6262,DAMRUGHUTU,DRGU,HG3,ADRA,SER,PURULIA,WEST BENGAL
6263,GOPINATHPUR,GOR,HG3,ADRA,SER,PASCHIM BARDHAMAN,WEST BENGAL
6264,GRAMDADPUR PH,GMDP,HG3,ADRA,SER,PASCHIM BARDHAMAN,WEST BENGAL
6265,GUIRSARANGA PH,GSQ,HG3,ADRA,SER,PASCHIM BARDHAMAN,WEST BENGAL
6266,HABASPUR PH,HPUR,HG3,ADRA,SER,PASCHIM BARDHAMAN,WEST BENGAL
6267,KAIYAR PH,KYB,HG3,ADRA,SER,PASCHIM BARDHAMAN,WEST BENGAL
6268,KALISEN PH,KISN,HG3,ADRA,SER,BANKURA,WEST BENGAL
6269,KHARIO P.H.,KARO,HG3,ADRA,SER,DHANBAD,JHARKHAND
6270,MUSTAPHA CHAK,MFCK,HG3,ADRA,SER,PASCHIM BARDHAMAN,WEST BENGAL
6271,NOBANDA PH,NOB,HG3,ADRA,SER,BANKURA,WEST BENGAL
6272,SHANKRUL PH,SHKL,HG3,ADRA,SER,BANKURA,WEST BENGAL
6273,SRIRAMPUR PH,SIMR,HG3,ADRA,SER,BANKURA,WEST BENGAL
6274,BOKARO STEEL CITY,BKSC,NSG3,ADRA,SER,BOKARO,JHARKHAND
6275,ADRA,ADRA,NSG4,ADRA,SER,PURULIA,WEST BENGAL
6276,BANKURA,BQA,NSG4,ADRA,SER,BANKURA,WEST BENGAL
6277,BISHNUPUR,VSU,NSG4,ADRA,SER,BANKURA,WEST BENGAL
6278,PURULIA JN.,PRR,NSG4,ADRA,SER,PURULIA,WEST BENGAL
6279,ANARA,ANR,NSG5,ADRA,SER,PURULIA,WEST BENGAL
6280,BARABHUM,BBM,NSG5,ADRA,SER,PURULIA,WEST BENGAL
6281,BHAGA JN.,VAA,NSG5,ADRA,SER,DHANBAD,JHARKHAND
6282,BURNPUR,BURN,NSG5,ADRA,SER,PASCHIM BARDHAMAN,WEST BENGAL
6283,CHANDIL JN.,CNI,NSG5,ADRA,SER,SARAIKELA KHARSAWAN,JHARKHAND
6284,CHANDRAKONA ROAD,CDGR,NSG5,ADRA,SER,MEDINIPUR WEST,WEST BENGAL
6285,GARBETA,GBA,NSG5,ADRA,SER,MEDINIPUR WEST,WEST BENGAL
6286,JOYCHANDI PAHAR,JOC,NSG5,ADRA,SER,PURULIA,WEST BENGAL
6287,MADHUKUNDA,MDKD,NSG5,ADRA,SER,PURULIA,WEST BENGAL
6288,MOHUDA,MHQ,NSG5,ADRA,SER,DHANBAD,JHARKHAND
6289,MURADI,MDF,NSG5,ADRA,SER,PURULIA,WEST BENGAL
6290,SALBONI,SLB,NSG5,ADRA,SER,MEDINIPUR WEST,WEST BENGAL
6291,BAGALIA,BGA,NSG6,ADRA,SER,PURULIA,WEST BENGAL
6292,BERO,BERO,NSG6,ADRA,SER,PURULIA,WEST BENGAL
6293,BHOJUDIH JN.,BJE,NSG6,ADRA,SER,BOKARO,JHARKHAND
6294,BHOWRAH PH,BCB,NSG6,ADRA,SER,DHANBAD,JHARKHAND
6295,BIRAMDIH,BRMD,NSG6,ADRA,SER,PURULIA,WEST BENGAL
6296,BOWAICHANDI PH,BWCN,NSG6,ADRA,SER,PURBA BARDHAMAN,WEST BENGAL
6297,CHHARRA,CHRA,NSG6,ADRA,SER,PURULIA,WEST BENGAL
6298,CHHATNA,CJN,NSG6,ADRA,SER,BANKURA,WEST BENGAL
6299,DAMODAR JN.,DMA,NSG6,ADRA,SER,PASCHIM BARDHAMAN,WEST BENGAL
6300,GARH-DHRUBBESWAR,GRB,NSG6,ADRA,SER,PURULIA,WEST BENGAL
6301,GARHJAIPUR,GUG,NSG6,ADRA,SER,PURULIA,WEST BENGAL
6302,GODAPEASAL,GSL,NSG6,ADRA,SER,MEDINIPUR WEST,WEST BENGAL
6303,GOURINATHDHAM,GTD,NSG6,ADRA,SER,PURULIA,WEST BENGAL
6304,INDRABIL,IBL,NSG6,ADRA,SER,PURULIA,WEST BENGAL
6305,JHANTIPAHARI,JPH,NSG6,ADRA,SER,BANKURA,WEST BENGAL
6306,KANTADIH,KTD,NSG6,ADRA,SER,PURULIA,WEST BENGAL
6307,KHANUDIH,KNF,NSG6,ADRA,SER,DHANBAD,JHARKHAND
6308,KOTSHILA,KSX,NSG6,ADRA,SER,PURULIA,WEST BENGAL
6309,KUSTAUR,KSU,NSG6,ADRA,SER,PURULIA,WEST BENGAL
6310,LAYABAD,LYD,NSG6,ADRA,SER,DHANBAD,JHARKHAND
6311,MALKERA,MLQ,NSG6,ADRA,SER,DHANBAD,JHARKHAND
6312,NIMDIH,NIM,NSG6,ADRA,SER,SARAIKELA KHARSAWAN,JHARKHAND
6313,ONDAGRAM,ODM,NSG6,ADRA,SER,BANKURA,WEST BENGAL
6314,PIARDOBA,PBA,NSG6,ADRA,SER,BANKURA,WEST BENGAL
6315,PUNDAG,PNW,NSG6,ADRA,SER,PURULIA,WEST BENGAL
6316,RADHAGAON,RDF,NSG6,ADRA,SER,BOKARO,JHARKHAND
6317,RAMKANALI JN.,RKI,NSG6,ADRA,SER,PURULIA,WEST BENGAL
6318,RAMSAGAR,RSG,NSG6,ADRA,SER,BANKURA,WEST BENGAL
6319,RUKNI,RUI,NSG6,ADRA,SER,PURULIA,WEST BENGAL
6320,SANKA,SNKR,NSG6,ADRA,SER,PURULIA,WEST BENGAL
6321,SANTALDIH,SNTD,NSG6,ADRA,SER,PURULIA,WEST BENGAL
6322,SHEWBABUDIH,SBW,NSG6,ADRA,SER,DHANBAD,JHARKHAND
6323,SIRJAM,SRJM,NSG6,ADRA,SER,PURULIA,WEST BENGAL
6324,SONAMUKHI,SONA,NSG6,ADRA,SER,BANKURA,WEST BENGAL
6325,SUDAMDIH,SDMD,NSG6,ADRA,SER,DHANBAD,JHARKHAND
6326,TALGORIA,TLE,NSG6,ADRA,SER,DHANBAD,JHARKHAND
6327,TAMNA,TAO,NSG6,ADRA,SER,PURULIA,WEST BENGAL
6328,TUPKADIH,TKX,NSG6,ADRA,SER,BOKARO,JHARKHAND
6329,URMA,URMA,NSG6,ADRA,SER,PURULIA,WEST BENGAL
6330,GOVINDPUR PH,GVDP,HG2,CHAKRADHARPUR,SER,EAST SINGHBUM,JHARKHAND
6331,HALUDPUKUR,HLD,HG2,CHAKRADHARPUR,SER,EAST SINGHBUM,JHARKHAND
6332,BIRBANS,BRBS,HG3,CHAKRADHARPUR,SER,SARAIKELA KHARSAWAN,JHARKHAND
6333,CHHANUA,CHNU,HG3,CHAKRADHARPUR,SER,MAYURBHANJ,ODISHA
6334,DEROWAN P.H.,DRWN,HG3,CHAKRADHARPUR,SER,WEST SINGHBHUM,JHARKHAND
6335,GHAGHRA,GHAA,HG3,CHAKRADHARPUR,SER,WEST SINGHBHUM,JHARKHAND
6336,MANIKUI,MIK,HG3,CHAKRADHARPUR,SER,SARAIKELA KHARSAWAN,JHARKHAND
6337,PANPALI PH,PNPL,HG3,CHAKRADHARPUR,SER,JHARSUGUDA,ODISHA
6338,SIDHIRSAI,SDHS,HG3,CHAKRADHARPUR,SER,EAST SINGHBUM,JHARKHAND
6339,TUNIA,TUX,HG3,CHAKRADHARPUR,SER,WEST SINGHBHUM,JHARKHAND
6340,TATANAGAR JN.,TATA,NSG2,CHAKRADHARPUR,SER,EAST SINGHBUM,JHARKHAND
6341,JHARSUGUDA JN.,JSG,NSG3,CHAKRADHARPUR,SER,JHARSUGUDA,ODISHA
6342,ROURKELA,ROU,NSG3,CHAKRADHARPUR,SER,SUNDARGARH,ODISHA
6343,CHAKARADHARPUR,CKP,NSG4,CHAKRADHARPUR,SER,WEST SINGHBHUM,JHARKHAND
6344,ADITYAPUR,ADTP,NSG5,CHAKRADHARPUR,SER,SARAIKELA KHARSAWAN,JHARKHAND
6345,BAMRA,BMB,NSG5,CHAKRADHARPUR,SER,SAMBALPUR,ODISHA
6346,BARBIL,BBN,NSG5,CHAKRADHARPUR,SER,KENDUJHAR,ODISHA
6347,BONDAMUNDA JN,BNDM,NSG5,CHAKRADHARPUR,SER,SUNDARGARH,ODISHA
6348,CHAIBASA,CBSA,NSG5,CHAKRADHARPUR,SER,WEST SINGHBHUM,JHARKHAND
6349,MANOHARPUR,MOU,NSG5,CHAKRADHARPUR,SER,WEST SINGHBHUM,JHARKHAND
6350,NAWAGAON,NXN,NSG5,CHAKRADHARPUR,SER,SUNDARGARH,ODISHA
6351,RAJGANGPUR,GP,NSG5,CHAKRADHARPUR,SER,SUNDARGARH,ODISHA
6352,RAJKHARSAWAN JN.,RKSN,NSG5,CHAKRADHARPUR,SER,SARAIKELA KHARSAWAN,JHARKHAND
6353,SINI JN.,SINI,NSG5,CHAKRADHARPUR,SER,SARAIKELA KHARSAWAN,JHARKHAND
6354,ASANBONI,ASB,NSG6,CHAKRADHARPUR,SER,EAST SINGHBUM,JHARKHAND
6355,AUNLAJORI JN.,OND,NSG6,CHAKRADHARPUR,SER,MAYURBHANJ,ODISHA
6356,BADAMPAHAR,BMPR,NSG6,CHAKRADHARPUR,SER,MAYURBHANJ,ODISHA
6357,BAGDIHI,BEH,NSG6,CHAKRADHARPUR,SER,JHARSUGUDA,ODISHA
6358,BAHALDA ROAD,BDO,NSG6,CHAKRADHARPUR,SER,MAYURBHANJ,ODISHA
6359,BANGURKELA,BGKA,NSG6,CHAKRADHARPUR,SER,SUNDARGARH,ODISHA
6360,BANSPANI,BSPX,NSG6,CHAKRADHARPUR,SER,KENDUJHAR,ODISHA
6361,BARA JAMADA,BJMD,NSG6,CHAKRADHARPUR,SER,WEST SINGHBHUM,JHARKHAND
6362,BARABAMBO,BRM,NSG6,CHAKRADHARPUR,SER,SARAIKELA KHARSAWAN,JHARKHAND
6363,BARSUAN,BXF,NSG6,CHAKRADHARPUR,SER,SUNDARGARH,ODISHA
6364,BHALULATA,BUL,NSG6,CHAKRADHARPUR,SER,SUNDARGARH,ODISHA
6365,BIMALGARH JN.,BUF,NSG6,CHAKRADHARPUR,SER,SUNDARGARH,ODISHA
6366,BIRARAJPUR,BIRP,NSG6,CHAKRADHARPUR,SER,SARAIKELA KHARSAWAN,JHARKHAND
6367,BIRMITRAPUR,BRMP,NSG6,CHAKRADHARPUR,SER,SUNDARGARH,ODISHA
6368,BISRA,BZR,NSG6,CHAKRADHARPUR,SER,SUNDARGARH,ODISHA
6369,BOLANIKHADAN,BYX,NSG6,CHAKRADHARPUR,SER,KENDUJHAR,ODISHA
6370,CHAMPAJHARAN,CJQ,NSG6,CHAKRADHARPUR,SER,SUNDARGARH,ODISHA
6371,CHANDIPOSHI,CPE,NSG6,CHAKRADHARPUR,SER,SUNDARGARH,ODISHA
6372,DANGOAPOSI,DPS,NSG6,CHAKRADHARPUR,SER,WEST SINGHBHUM,JHARKHAND
6373,DEOJHAR,DJHR,NSG6,CHAKRADHARPUR,SER,KENDUJHAR,ODISHA
6374,DHARUADIHI,DIH,NSG6,CHAKRADHARPUR,SER,SUNDARGARH,ODISHA
6375,DHUTRA,DTV,NSG6,CHAKRADHARPUR,SER,JHARSUGUDA,ODISHA
6376,DUMETRA,DMF,NSG6,CHAKRADHARPUR,SER,SUNDARGARH,ODISHA
6377,GAMHARIA,GMH,NSG6,CHAKRADHARPUR,SER,SARAIKELA KHARSAWAN,JHARKHAND
6378,GARPOS,GPH,NSG6,CHAKRADHARPUR,SER,SAMBALPUR,ODISHA
6379,GOILKERA,GOL,NSG6,CHAKRADHARPUR,SER,WEST SINGHBHUM,JHARKHAND
6380,GORUMAHISANI,GUMI,NSG6,CHAKRADHARPUR,SER,MAYURBHANJ,ODISHA
6381,GUA,GUA,NSG6,CHAKRADHARPUR,SER,WEST SINGHBHUM,JHARKHAND
6382,JARAIKELA,JRA,NSG6,CHAKRADHARPUR,SER,SUNDARGARH,ODISHA
6383,JAROLI,JRLI,NSG6,CHAKRADHARPUR,SER,KENDUJHAR,ODISHA
6384,JHINKPANI,JNK,NSG6,CHAKRADHARPUR,SER,WEST SINGHBHUM,JHARKHAND
6385,KALUNGA,KLG,NSG6,CHAKRADHARPUR,SER,SUNDARGARH,ODISHA
6386,KANDRA,KND,NSG6,CHAKRADHARPUR,SER,SARAIKELA KHARSAWAN,JHARKHAND
6387,KANSBAHAL,KXN,NSG6,CHAKRADHARPUR,SER,SUNDARGARH,ODISHA
6388,KARAMPADA,KMPD,NSG6,CHAKRADHARPUR,SER,WEST SINGHBHUM,JHARKHAND
6389,KENDPOSI,KNPS,NSG6,CHAKRADHARPUR,SER,WEST SINGHBHUM,JHARKHAND
6390,KIRUBURU,KRBU,NSG6,CHAKRADHARPUR,SER,WEST SINGHBHUM,JHARKHAND
6391,KUARMUNDA,KRMD,NSG6,CHAKRADHARPUR,SER,SUNDARGARH,ODISHA
6392,KULDIHA,KIJ,NSG6,CHAKRADHARPUR,SER,MAYURBHANJ,ODISHA
6393,KUNKI B.H.,KZU,NSG6,CHAKRADHARPUR,SER,SARAIKELA KHARSAWAN,JHARKHAND
6394,LATHIKATA,LTK,NSG6,CHAKRADHARPUR,SER,SUNDARGARH,ODISHA
6395,LOTAPAHAR,LPH,NSG6,CHAKRADHARPUR,SER,WEST SINGHBHUM,JHARKHAND
6396,MAHADEVASAL PH,MXW,NSG6,CHAKRADHARPUR,SER,WEST SINGHBHUM,JHARKHAND
6397,MAHALI MARUP,MMV,NSG6,CHAKRADHARPUR,SER,SARAIKELA KHARSAWAN,JHARKHAND
6398,MALUKA,MLKA,NSG6,CHAKRADHARPUR,SER,WEST SINGHBHUM,JHARKHAND
6399,MURGA-MAHADEV ROAD,MMVR,NSG6,CHAKRADHARPUR,SER,KENDUJHAR,ODISHA
6400,NOAMUNDI,NOMD,NSG6,CHAKRADHARPUR,SER,WEST SINGHBHUM,JHARKHAND
6401,PADAPAHAR,PDPH,NSG6,CHAKRADHARPUR,SER,WEST SINGHBHUM,JHARKHAND
6402,PANDRASALI,PRSL,NSG6,CHAKRADHARPUR,SER,WEST SINGHBHUM,JHARKHAND
6403,PANPOSH,PPO,NSG6,CHAKRADHARPUR,SER,SUNDARGARH,ODISHA
6404,PATASAHI,PSJ,NSG6,CHAKRADHARPUR,SER,SUNDARGARH,ODISHA
6405,POSOITA,PST,NSG6,CHAKRADHARPUR,SER,WEST SINGHBHUM,JHARKHAND
6406,RAIRANGPUR,RRP,NSG6,CHAKRADHARPUR,SER,MAYURBHANJ,ODISHA
6407,SINGHPOKHARIA,SIPA,NSG6,CHAKRADHARPUR,SER,WEST SINGHBHUM,JHARKHAND
6408,SOGORA,SOGR,NSG6,CHAKRADHARPUR,SER,SAMBALPUR,ODISHA
6409,SONAKHAN,SXN,NSG6,CHAKRADHARPUR,SER,SUNDARGARH,ODISHA
6410,SONUA,SWR,NSG6,CHAKRADHARPUR,SER,WEST SINGHBHUM,JHARKHAND
6411,TALABURU,TABU,NSG6,CHAKRADHARPUR,SER,WEST SINGHBHUM,JHARKHAND
6412,TANGARMUNDA BH,TGM,NSG6,CHAKRADHARPUR,SER,SAMBALPUR,ODISHA
6413,DURGACHAK TOWN,DZKT,HG1,KHARAGPUR,SER,MEDINIPUR EAST,WEST BENGAL
6414,JALALSI P.H.,JLI,HG1,KHARAGPUR,SER,HOWRAH,WEST BENGAL
6415,MAHENDRALALNAGAR,MHLN,HG1,KHARAGPUR,SER,HOWRAH,WEST BENGAL
6416,MUNSIRHAT P.H.,MNH,HG1,KHARAGPUR,SER,HOWRAH,WEST BENGAL
6417,PANTIHAL,PTHL,HG1,KHARAGPUR,SER,HOWRAH,WEST BENGAL
6418,ANGUA P.H.,AGV,HG2,KHARAGPUR,SER,MEDINIPUR WEST,WEST BENGAL
6419,ASHAPURNA DEVI,APRD,HG2,KHARAGPUR,SER,MEDINIPUR EAST,WEST BENGAL
6420,BADALPUR P.H,BDPA,HG2,KHARAGPUR,SER,MEDINIPUR EAST,WEST BENGAL
6421,BANDAR PH,BAAR,HG2,KHARAGPUR,SER,MEDINIPUR EAST,WEST BENGAL
6422,BANSTOLA PH,BNB,HG2,KHARAGPUR,SER,JHARGRAM,WEST BENGAL
6423,BETNOTI PH,BTQ,HG2,KHARAGPUR,SER,MAYURBHANJ,ODISHA
6424,DANSI PH,DNI,HG2,KHARAGPUR,SER,HOWRAH,WEST BENGAL
6425,DOMJUR ROAD,DMJR,HG2,KHARAGPUR,SER,HOWRAH,WEST BENGAL
6426,DUAN,DUAN,HG2,KHARAGPUR,SER,MEDINIPUR WEST,WEST BENGAL
6427,HARISHDADPUR PH,HDC,HG2,KHARAGPUR,SER,HOWRAH,WEST BENGAL
6428,HERIA P.H.,HEN,HG2,KHARAGPUR,SER,MEDINIPUR EAST,WEST BENGAL
6429,JHALUARBAR,JLBR,HG2,KHARAGPUR,SER,HOWRAH,WEST BENGAL
6430,JOGAL,JOL,HG2,KHARAGPUR,SER,MAYURBHANJ,ODISHA
6431,JUGPURA P.H.,JRG,HG2,KHARAGPUR,SER,MAYURBHANJ,ODISHA
6432,KANIMAHULI P.H.,KNM,HG2,KHARAGPUR,SER,EAST SINGHBUM,JHARKHAND
6433,KHATKURA P.H.,KATB,HG2,KHARAGPUR,SER,JHARGRAM,WEST BENGAL
6434,KONA PH,KONA,HG2,KHARAGPUR,SER,HOWRAH,WEST BENGAL
6435,KRISHNA CHANDRAPUR,KCV,HG2,KHARAGPUR,SER,MAYURBHANJ,ODISHA
6436,LAVAN SG SMARAK,LSGS,HG2,KHARAGPUR,SER,MEDINIPUR EAST,WEST BENGAL
6437,MAKARDAHA,MDC,HG2,KHARAGPUR,SER,HOWRAH,WEST BENGAL
6438,NACHINDA P.H.,NCN,HG2,KHARAGPUR,SER,MEDINIPUR EAST,WEST BENGAL
6439,NUAGAON-MAYURBHANJ R,NMBR,HG2,KHARAGPUR,SER,BALESHWAR,ODISHA
6440,SABIRA,SZZ,HG2,KHARAGPUR,SER,BALESHWAR,ODISHA
6441,SAHID MATANGINI,SMTG,HG2,KHARAGPUR,SER,MEDINIPUR EAST,WEST BENGAL
6442,SATISH SAMANTA P.H.,SSPH,HG2,KHARAGPUR,SER,MEDINIPUR EAST,WEST BENGAL
6443,SITALPUR (BENGAL),STLB,HG2,KHARAGPUR,SER,MEDINIPUR EAST,WEST BENGAL
6444,SUJALPUR P.H.,SJPA,HG2,KHARAGPUR,SER,MEDINIPUR EAST,WEST BENGAL
6445,THAKURTOLA P.H,TKH,HG2,KHARAGPUR,SER,MAYURBHANJ,ODISHA
6446,TIKRA P.H.,TKRA,HG2,KHARAGPUR,SER,MEDINIPUR EAST,WEST BENGAL
6447,BURAMARA,BWO,HG3,KHARAGPUR,SER,MAYURBHANJ,ODISHA
6448,CHIRUGODA,CHGA,HG3,KHARAGPUR,SER,EAST SINGHBUM,JHARKHAND
6449,DAKSHINBARI,DKB,HG3,KHARAGPUR,SER,HOWRAH,WEST BENGAL
6450,JAMSOLE,JSE,HG3,KHARAGPUR,SER,MAYURBHANJ,ODISHA
6451,KUCHAI,KUCE,HG3,KHARAGPUR,SER,MAYURBHANJ,ODISHA
6452,PADMAPUKUR,PDPK,HG3,KHARAGPUR,SER,HOWRAH,WEST BENGAL
6453,PANPANA PH,PNPN,HG3,KHARAGPUR,SER,BALESHWAR,ODISHA
6454,RAJALUKAH,RJLK,HG3,KHARAGPUR,SER,MAYURBHANJ,ODISHA
6455,TIKIRAPAL P.H.,TKPL,HG3,KHARAGPUR,SER,BALESHWAR,ODISHA
6456,HOWRAH SOUTH N C,HWHS,NSG1,KHARAGPUR,SER,HOWRAH,WEST BENGAL
6457,KHARAGPUR,KGP,NSG2,KHARAGPUR,SER,MEDINIPUR WEST,WEST BENGAL
6458,BALASORE,BLS,NSG3,KHARAGPUR,SER,BALESHWAR,ODISHA
6459,SHALIMAR,SHM,NSG3,KHARAGPUR,SER,HOWRAH,WEST BENGAL
6460,BARIPADA,BPO,NSG4,KHARAGPUR,SER,MAYURBHANJ,ODISHA
6461,DIGHA,DGHA,NSG4,KHARAGPUR,SER,MEDINIPUR EAST,WEST BENGAL
6462,GHATSILA,GTS,NSG4,KHARAGPUR,SER,EAST SINGHBUM,JHARKHAND
6463,JHARGRAM,JGM,NSG4,KHARAGPUR,SER,JHARGRAM,WEST BENGAL
6464,MIDNAPORE,MDN,NSG4,KHARAGPUR,SER,MEDINIPUR WEST,WEST BENGAL
6465,BASTA,BTS,NSG5,KHARAGPUR,SER,BALESHWAR,ODISHA
6466,BELDA,BLDA,NSG5,KHARAGPUR,SER,MEDINIPUR WEST,WEST BENGAL
6467,CHAKULIA,CKU,NSG5,KHARAGPUR,SER,EAST SINGHBUM,JHARKHAND
6468,HIJLI,HIJ,NSG5,KHARAGPUR,SER,MEDINIPUR WEST,WEST BENGAL
6469,JALESWAR,JER,NSG5,KHARAGPUR,SER,BALESHWAR,ODISHA
6470,KANTHI F.S.,KATI,NSG5,KHARAGPUR,SER,MEDINIPUR EAST,WEST BENGAL
6471,RAKHA MINES,RHE,NSG5,KHARAGPUR,SER,EAST SINGHBUM,JHARKHAND
6472,SORO,SORO,NSG5,KHARAGPUR,SER,BALESHWAR,ODISHA
6473,AMARDA ROAD,ARD,NSG6,KHARAGPUR,SER,BALESHWAR,ODISHA
6474,BAHANAGA BAZAR,BNBR,NSG6,KHARAGPUR,SER,BALESHWAR,ODISHA
6475,BAKHRABAD,VKD,NSG6,KHARAGPUR,SER,MEDINIPUR WEST,WEST BENGAL
6476,BANGRIPOSI,BGY,NSG6,KHARAGPUR,SER,MAYURBHANJ,ODISHA
6477,BENAPUR,BPE,NSG6,KHARAGPUR,SER,MEDINIPUR WEST,WEST BENGAL
6478,BHANJPUR,VZR,NSG6,KHARAGPUR,SER,MAYURBHANJ,ODISHA
6479,DALBHUMGARH,DVM,NSG6,KHARAGPUR,SER,EAST SINGHBUM,JHARKHAND
6480,DANTAN,DNT,NSG6,KHARAGPUR,SER,MEDINIPUR WEST,WEST BENGAL
6481,DESHAPRAN P.H.,DSPN,NSG6,KHARAGPUR,SER,MEDINIPUR EAST,WEST BENGAL
6482,GALUDIH,GUD,NSG6,KHARAGPUR,SER,EAST SINGHBUM,JHARKHAND
6483,GIDHNI,GII,NSG6,KHARAGPUR,SER,JHARGRAM,WEST BENGAL
6484,GOPINPURNILGIRI,GPNB,NSG6,KHARAGPUR,SER,BALESHWAR,ODISHA
6485,HALDIPADA,HIP,NSG6,KHARAGPUR,SER,BALESHWAR,ODISHA
6486,KALAIKUNDA,KKQ,NSG6,KHARAGPUR,SER,MEDINIPUR WEST,WEST BENGAL
6487,KHANTAPARA,KHF,NSG6,KHARAGPUR,SER,BALESHWAR,ODISHA
6488,KHEMASULI PH,KSO,NSG6,KHARAGPUR,SER,MEDINIPUR WEST,WEST BENGAL
6489,KOKPARA,KKPR,NSG6,KHARAGPUR,SER,EAST SINGHBUM,JHARKHAND
6490,LAKSHANNATH ROAD,LXD,NSG6,KHARAGPUR,SER,BALESHWAR,ODISHA
6491,MARKONA,MKO,NSG6,KHARAGPUR,SER,BALESHWAR,ODISHA
6492,NANDHAKUMAR,NDKR,NSG6,KHARAGPUR,SER,MEDINIPUR EAST,WEST BENGAL
6493,NARAYANGARH,NYA,NSG6,KHARAGPUR,SER,MEDINIPUR WEST,WEST BENGAL
6494,NIKURSINI,NSI,NSG6,KHARAGPUR,SER,MEDINIPUR WEST,WEST BENGAL
6495,NILGIRI ROAD,NGRD,NSG6,KHARAGPUR,SER,BALESHWAR,ODISHA
6496,RAJGHAT,RGT,NSG6,KHARAGPUR,SER,BALESHWAR,ODISHA
6497,RAMNAGAR (BENGAL)P.H,RMRB,NSG6,KHARAGPUR,SER,MEDINIPUR EAST,WEST BENGAL
6498,RANITAL,RNTL,NSG6,KHARAGPUR,SER,BHADRAK,ODISHA
6499,RUPSA JN.,ROP,NSG6,KHARAGPUR,SER,BALESHWAR,ODISHA
6500,SARDIHA,SUA,NSG6,KHARAGPUR,SER,JHARGRAM,WEST BENGAL
6501,SUTEI BADAGAN,SBGB,NSG6,KHARAGPUR,SER,BALESHWAR,ODISHA
6502,MECHEDA,MCA,SG1,KHARAGPUR,SER,MEDINIPUR EAST,WEST BENGAL
6503,SANTRAGACHI JN,SRC,SG1,KHARAGPUR,SER,HOWRAH,WEST BENGAL
6504,BAGNAN,BZN,SG2,KHARAGPUR,SER,HOWRAH,WEST BENGAL
6505,PANSKURA,PKU,SG2,KHARAGPUR,SER,MEDINIPUR EAST,WEST BENGAL
6506,ABADA,ABB,SG3,KHARAGPUR,SER,HOWRAH,WEST BENGAL
6507,AMTA,AMTA,SG3,KHARAGPUR,SER,HOWRAH,WEST BENGAL
6508,ANDUL,ADL,SG3,KHARAGPUR,SER,HOWRAH,WEST BENGAL
6509,BALICHAK,BCK,SG3,KHARAGPUR,SER,MEDINIPUR WEST,WEST BENGAL
6510,BANKRA NAYABAZ,BKNM,SG3,KHARAGPUR,SER,HOWRAH,WEST BENGAL
6511,BARDA,BRDB,SG3,KHARAGPUR,SER,MEDINIPUR EAST,WEST BENGAL
6512,BARGACHIA,BAC,SG3,KHARAGPUR,SER,HOWRAH,WEST BENGAL
6513,BASULYA SUTAHATA,BYSA,SG3,KHARAGPUR,SER,MEDINIPUR EAST,WEST BENGAL
6514,BAURIA JN.,BVA,SG3,KHARAGPUR,SER,HOWRAH,WEST BENGAL
6515,BHOGPUR,BOP,SG3,KHARAGPUR,SER,MEDINIPUR EAST,WEST BENGAL
6516,BIRSHIBPUR,BSBP,SG3,KHARAGPUR,SER,HOWRAH,WEST BENGAL
6517,CHENGEL,CGA,SG3,KHARAGPUR,SER,HOWRAH,WEST BENGAL
6518,DASHNAGAR,DSNR,SG3,KHARAGPUR,SER,HOWRAH,WEST BENGAL
6519,DEULTI,DTE,SG3,KHARAGPUR,SER,HOWRAH,WEST BENGAL
6520,DOMJUR,DJR,SG3,KHARAGPUR,SER,HOWRAH,WEST BENGAL
6521,DURGACHAK,DZK,SG3,KHARAGPUR,SER,MEDINIPUR EAST,WEST BENGAL
6522,FULESWAR,FLR,SG3,KHARAGPUR,SER,HOWRAH,WEST BENGAL
6523,GHORAGHATA,GGTA,SG3,KHARAGPUR,SER,HOWRAH,WEST BENGAL
6524,GIRI MAIDAN,GMDN,SG3,KHARAGPUR,SER,MEDINIPUR WEST,WEST BENGAL
6525,GOKULPUR,GKL,SG3,KHARAGPUR,SER,MEDINIPUR WEST,WEST BENGAL
6526,HALDIA,HLZ,SG3,KHARAGPUR,SER,MEDINIPUR EAST,WEST BENGAL
6527,HAUR,HAUR,SG3,KHARAGPUR,SER,MEDINIPUR EAST,WEST BENGAL
6528,JAKPUR,JPR,SG3,KHARAGPUR,SER,MEDINIPUR WEST,WEST BENGAL
6529,KESHABPUR,KSBP,SG3,KHARAGPUR,SER,MEDINIPUR EAST,WEST BENGAL
6530,KHIRAI,KHAI,SG3,KHARAGPUR,SER,MEDINIPUR EAST,WEST BENGAL
6531,KOLAGHAT,QGT,SG3,KHARAGPUR,SER,MEDINIPUR EAST,WEST BENGAL
6532,KULGACHIA,KGY,SG3,KHARAGPUR,SER,HOWRAH,WEST BENGAL
6533,MADPUR,MPD,SG3,KHARAGPUR,SER,MEDINIPUR WEST,WEST BENGAL
6534,MAHISADAL,MSDL,SG3,KHARAGPUR,SER,MEDINIPUR EAST,WEST BENGAL
6535,MAJU,MJH,SG3,KHARAGPUR,SER,HOWRAH,WEST BENGAL
6536,MAURIGRAM,MRGM,SG3,KHARAGPUR,SER,HOWRAH,WEST BENGAL
6537,NALPUR,NALR,SG3,KHARAGPUR,SER,HOWRAH,WEST BENGAL
6538,NANDAIGAJAN P.H.,NDGJ,SG3,KHARAGPUR,SER,MEDINIPUR EAST,WEST BENGAL
6539,NARAYAN PAKURIA MURA,NPMR,SG3,KHARAGPUR,SER,MEDINIPUR EAST,WEST BENGAL
6540,RADHAMOHANPUR,RDU,SG3,KHARAGPUR,SER,MEDINIPUR WEST,WEST BENGAL
6541,RAGHUNATHBARI,RGX,SG3,KHARAGPUR,SER,MEDINIPUR EAST,WEST BENGAL
6542,RAJAGODA,RGA,SG3,KHARAGPUR,SER,MEDINIPUR EAST,WEST BENGAL
6543,RAMRAJATALA,RMJ,SG3,KHARAGPUR,SER,HOWRAH,WEST BENGAL
6544,SANKRAIL,SEL,SG3,KHARAGPUR,SER,HOWRAH,WEST BENGAL
6545,SHYAM CHAK,SMCK,SG3,KHARAGPUR,SER,MEDINIPUR WEST,WEST BENGAL
6546,TAMLUK,TMZ,SG3,KHARAGPUR,SER,MEDINIPUR EAST,WEST BENGAL
6547,TIKIAPARA,TPKR,SG3,KHARAGPUR,SER,HOWRAH,WEST BENGAL
6548,ULUBARIA,ULB,SG3,KHARAGPUR,SER,HOWRAH,WEST BENGAL
6549,AKASHI P.H,AKZ,HG2,RANCHI,SER,LOHARDAGA,JHARKHAND
6550,ARGORA P.H,AOR,HG2,RANCHI,SER,RANCHI,JHARKHAND
6551,BARKICHANPI,BICI,HG2,RANCHI,SER,LOHARDAGA,JHARKHAND
6552,BEGUNKODAR,BKDR,HG2,RANCHI,SER,PURULIA,WEST BENGAL
6553,IRGAON P.H,IRN,HG2,RANCHI,SER,LOHARDAGA,JHARKHAND
6554,ITKY P.H.,ITKY,HG2,RANCHI,SER,RANCHI,JHARKHAND
6555,NAGJUA F.S,NJA,HG2,RANCHI,SER,LOHARDAGA,JHARKHAND
6556,NARKOPI F.S,NRKP,HG2,RANCHI,SER,RANCHI,JHARKHAND
6557,PISKA F.S,PIS,HG2,RANCHI,SER,RANCHI,JHARKHAND
6558,BAKARKUDI,BKKI,HG3,RANCHI,SER,SARAIKELA KHARSAWAN,JHARKHAND
6559,BODAGRAM PH,BODG,HG3,RANCHI,SER,LATEHAR,JHARKHAND
6560,HENDLASO BHOKTA,HBB,HG3,RANCHI,SER,LOHARDAGA,JHARKHAND
6561,SONDIMRA,SND,HG3,RANCHI,SER,RAMGARH,JHARKHAND
6562,HATIA,HTE,NSG3,RANCHI,SER,RANCHI,JHARKHAND
6563,RANCHI,RNC,NSG3,RANCHI,SER,RANCHI,JHARKHAND
6564,JHALIDA,JAA,NSG5,RANCHI,SER,PURULIA,WEST BENGAL
6565,LOHARDAGA BS,LAD,NSG5,RANCHI,SER,LOHARDAGA,JHARKHAND
6566,MURI,MURI,NSG5,RANCHI,SER,RANCHI,JHARKHAND
6567,NAMKOM,NKM,NSG5,RANCHI,SER,RANCHI,JHARKHAND
6568,RAMGARH CANTT.,RMT,NSG5,RANCHI,SER,RAMGARH,JHARKHAND
6569,BAKASPUR,BKPR,NSG6,RANCHI,SER,KHUNTI,JHARKHAND
6570,BALASIRING,BLRG,NSG6,RANCHI,SER,RANCHI,JHARKHAND
6571,BANO,BANO,NSG6,RANCHI,SER,SIMDEGA,JHARKHAND
6572,BARKIPONA,BRKP,NSG6,RANCHI,SER,RAMGARH,JHARKHAND
6573,BARLANGA,BLNG,NSG6,RANCHI,SER,RAMGARH,JHARKHAND
6574,GANGAGHAT,GAG,NSG6,RANCHI,SER,RANCHI,JHARKHAND
6575,GAUTAMDHARA,GATD,NSG6,RANCHI,SER,RANCHI,JHARKHAND
6576,GOLA ROAD,GRE,NSG6,RANCHI,SER,RAMGARH,JHARKHAND
6577,GOONDA (BIHAR),GDBR,NSG6,RANCHI,SER,SARAIKELA KHARSAWAN,JHARKHAND
6578,GOVINDPUR ROAD,GBX,NSG6,RANCHI,SER,KHUNTI,JHARKHAND
6579,HARUBERA,HRBR,NSG6,RANCHI,SER,RAMGARH,JHARKHAND
6580,HESALONG FS,HNSL,NSG6,RANCHI,SER,SARAIKELA KHARSAWAN,JHARKHAND
6581,ILLOO,ILO,NSG6,RANCHI,SER,PURULIA,WEST BENGAL
6582,JHIMRI,JHMR,NSG6,RANCHI,SER,SARAIKELA KHARSAWAN,JHARKHAND
6583,JOHNA,JON,NSG6,RANCHI,SER,RANCHI,JHARKHAND
6584,KANAROAN,KNRN,NSG6,RANCHI,SER,SIMDEGA,JHARKHAND
6585,KARRA,KRRA,NSG6,RANCHI,SER,KHUNTI,JHARKHAND
6586,KITA,KITA,NSG6,RANCHI,SER,RANCHI,JHARKHAND
6587,KURKURA,KRKR,NSG6,RANCHI,SER,GUMLA,JHARKHAND
6588,LATEMDA,LTMD,NSG6,RANCHI,SER,SARAIKELA KHARSAWAN,JHARKHAND
6589,LODHMA,LOM,NSG6,RANCHI,SER,KHUNTI,JHARKHAND
6590,MAEL,MAEL,NSG6,RANCHI,SER,RAMGARH,JHARKHAND
6591,MAHABUANG,MCZ,NSG6,RANCHI,SER,SIMDEGA,JHARKHAND
6592,ORGA,ORGA,NSG6,RANCHI,SER,SIMDEGA,JHARKHAND
6593,PAKRA,PKC,NSG6,RANCHI,SER,GUMLA,JHARKHAND
6594,PARBATONIA,PBB,NSG6,RANCHI,SER,SIMDEGA,JHARKHAND
6595,POKLA,PKF,NSG6,RANCHI,SER,GUMLA,JHARKHAND
6596,SILLI,SLF,NSG6,RANCHI,SER,RANCHI,JHARKHAND
6597,SUISA,SSIA,NSG6,RANCHI,SER,PURULIA,WEST BENGAL
6598,TANGRABASULI B.S,TGB,NSG6,RANCHI,SER,RANCHI,JHARKHAND
6599,TATI,TATI,NSG6,RANCHI,SER,SIMDEGA,JHARKHAND
6600,TATISILWAI,TIS,NSG6,RANCHI,SER,RANCHI,JHARKHAND
6601,TIRALDIH,TUL,NSG6,RANCHI,SER,SARAIKELA KHARSAWAN,JHARKHAND
6602,TORANG,TRAN,NSG6,RANCHI,SER,PURULIA,WEST BENGAL
6603,TULIN,THO,NSG6,RANCHI,SER,PURULIA,WEST BENGAL
6604,Anavardikanpettai (HALT),AVN,HG1,CHENNAI CENTRAL,SR,VELLORE,TAMIL NADU
6605,Kanchipuram east (HALT),CJE,HG1,CHENNAI CENTRAL,SR,KANCHIPURAM,TAMIL NADU
6606,Maraimalai nagar (HALT),MMNK,HG1,CHENNAI CENTRAL,SR,KANCHIPURAM,TAMIL NADU
6607,Paranur (HALT),PWU,HG1,CHENNAI CENTRAL,SR,KANCHIPURAM,TAMIL NADU
6608,Potheri (HALT),POTI,HG1,CHENNAI CENTRAL,SR,KANCHIPURAM,TAMIL NADU
6609,Urappakkam (HALT),UPM,HG1,CHENNAI CENTRAL,SR,KANCHIPURAM,TAMIL NADU
6610,Acharapakkam (HALT),ACK,HG2,CHENNAI CENTRAL,SR,KANCHIPURAM,TAMIL NADU
6611,Akkampet (HALT),AKAT,HG2,CHENNAI CENTRAL,SR,SPSR NELLORE,ANDHRA PRADESH
6612,Melalathur (HALT),MEH,HG2,CHENNAI CENTRAL,SR,VELLORE,TAMIL NADU
6613,Villiambakkam (HALT),VB,HG2,CHENNAI CENTRAL,SR,KANCHIPURAM,TAMIL NADU
6614,Virinchipuram (HALT),VJ,HG2,CHENNAI CENTRAL,SR,VELLORE,TAMIL NADU
6615,Ichchiputtur (HALT),IPT,HG3,CHENNAI CENTRAL,SR,VELLORE,TAMIL NADU
6616,Nathapettai (HALT),NTT,HG3,CHENNAI CENTRAL,SR,KANCHIPURAM,TAMIL NADU
6617,Padalam (HALT),PTM,HG3,CHENNAI CENTRAL,SR,KANCHIPURAM,TAMIL NADU
6618,Padi (HALT),PADI,HG3,CHENNAI CENTRAL,SR,CHENNAI,TAMIL NADU
6619,Palayasivaram (HALT),PYV,HG3,CHENNAI CENTRAL,SR,KANCHIPURAM,TAMIL NADU
6620,Reddipalayam (HALT),RDY,HG3,CHENNAI CENTRAL,SR,KANCHIPURAM,TAMIL NADU
6621,Thakkolam (HALT),TKO,HG3,CHENNAI CENTRAL,SR,VELLORE,TAMIL NADU
6622,Venkatanarasimharajuvaripeta (HALT),VKZ,HG3,CHENNAI CENTRAL,SR,CHITTOOR,ANDHRA PRADESH
6623,Chennai Central,MAS,NSG1,CHENNAI CENTRAL,SR,CHENNAI,TAMIL NADU
6624,Chennai egmore,MS,NSG1,CHENNAI CENTRAL,SR,CHENNAI,TAMIL NADU
6625,Tambaram,TBM,NSG1,CHENNAI CENTRAL,SR,KANCHIPURAM,TAMIL NADU
6626,Arakkonam jn,AJJ,NSG2,CHENNAI CENTRAL,SR,VELLORE,TAMIL NADU
6627,Avadi,AVD,NSG2,CHENNAI CENTRAL,SR,THIRUVALLUR,TAMIL NADU
6628,Chengalpattu jn.,CGL,NSG2,CHENNAI CENTRAL,SR,KANCHIPURAM,TAMIL NADU
6629,Katpadi,KPD,NSG2,CHENNAI CENTRAL,SR,VELLORE,TAMIL NADU
6630,Tiruvallur,TRL,NSG2,CHENNAI CENTRAL,SR,THIRUVALLUR,TAMIL NADU
6631,Guduvancheri,GI,NSG3,CHENNAI CENTRAL,SR,KANCHIPURAM,TAMIL NADU
6632,Jolarpettai,JTJ,NSG3,CHENNAI CENTRAL,SR,VELLORE,TAMIL NADU
6633,Mambalam,MBM,NSG3,CHENNAI CENTRAL,SR,CHENNAI,TAMIL NADU
6634,Perambur,PER,NSG3,CHENNAI CENTRAL,SR,CHENNAI,TAMIL NADU
6635,Perungalathur (FLAG),PRGL,NSG3,CHENNAI CENTRAL,SR,KANCHIPURAM,TAMIL NADU
6636,Kanchipuram,CJ,NSG4,CHENNAI CENTRAL,SR,KANCHIPURAM,TAMIL NADU
6637,Melmaruvathur,MLMR,NSG4,CHENNAI CENTRAL,SR,KANCHIPURAM,TAMIL NADU
6638,Singaperumalkoil,SKL,NSG4,CHENNAI CENTRAL,SR,KANCHIPURAM,TAMIL NADU
6639,Tiruttani,TRT,NSG4,CHENNAI CENTRAL,SR,THIRUVALLUR,TAMIL NADU
6640,Ambur,AB,NSG5,CHENNAI CENTRAL,SR,VELLORE,TAMIL NADU
6641,Ekambarakuppam (FLAG),EKM,NSG5,CHENNAI CENTRAL,SR,CHITTOOR,ANDHRA PRADESH
6642,Gudiyatham,GYM,NSG5,CHENNAI CENTRAL,SR,VELLORE,TAMIL NADU
6643,Kattangulathur,CTM,NSG5,CHENNAI CENTRAL,SR,KANCHIPURAM,TAMIL NADU
6644,Nayudupeta,NYP,NSG5,CHENNAI CENTRAL,SR,SPSR NELLORE,ANDHRA PRADESH
6645,Puttur,PUT,NSG5,CHENNAI CENTRAL,SR,CHITTOOR,ANDHRA PRADESH
6646,Sholinghur,SHU,NSG5,CHENNAI CENTRAL,SR,VELLORE,TAMIL NADU
6647,Sullurupeta,SPE,NSG5,CHENNAI CENTRAL,SR,SPSR NELLORE,ANDHRA PRADESH
6648,Tindivanam,TMV,NSG5,CHENNAI CENTRAL,SR,VILLUPURAM,TAMIL NADU
6649,Vandalur,VDR,NSG5,CHENNAI CENTRAL,SR,TIRUCHIRAPPALLI,TAMIL NADU
6650,Vaniyambadi,VN,NSG5,CHENNAI CENTRAL,SR,VELLORE,TAMIL NADU
6651,Walajaroad,WJR,NSG5,CHENNAI CENTRAL,SR,VELLORE,TAMIL NADU
6652,Anna nagar,ANNG,NSG6,CHENNAI CENTRAL,SR,CHENNAI,TAMIL NADU
6653,Arambakkam,AKM,NSG6,CHENNAI CENTRAL,SR,THIRUVALLUR,TAMIL NADU
6654,Chitteri,CTRE,NSG6,CHENNAI CENTRAL,SR,VELLORE,TAMIL NADU
6655,Doravari chatram,DVR,NSG6,CHENNAI CENTRAL,SR,SPSR NELLORE,ANDHRA PRADESH
6656,Elavur,ELR,NSG6,CHENNAI CENTRAL,SR,THIRUVALLUR,TAMIL NADU
6657,Karunguzhi,KGZ,NSG6,CHENNAI CENTRAL,SR,KANCHIPURAM,TAMIL NADU
6658,Kavanur,KVN,NSG6,CHENNAI CENTRAL,SR,VELLORE,TAMIL NADU
6659,Kettandapatti,KDY,NSG6,CHENNAI CENTRAL,SR,VELLORE,TAMIL NADU
6660,Latteri,LTI,NSG6,CHENNAI CENTRAL,SR,VELLORE,TAMIL NADU
6661,Maduranthagam,MMK,NSG6,CHENNAI CENTRAL,SR,KANCHIPURAM,TAMIL NADU
6662,Mailam,MTL,NSG6,CHENNAI CENTRAL,SR,VILLUPURAM,TAMIL NADU
6663,Melpatti,MPI,NSG6,CHENNAI CENTRAL,SR,VELLORE,TAMIL NADU
6664,Mukundarayapuram,MCN,NSG6,CHENNAI CENTRAL,SR,VELLORE,TAMIL NADU
6665,Mundiyambakkam,MYP,NSG6,CHENNAI CENTRAL,SR,VILLUPURAM,TAMIL NADU
6666,Nagari,NG,NSG6,CHENNAI CENTRAL,SR,CHITTOOR,ANDHRA PRADESH
6667,Odur,ODUR,NSG6,CHENNAI CENTRAL,SR,SPSR NELLORE,ANDHRA PRADESH
6668,Olakur,OLA,NSG6,CHENNAI CENTRAL,SR,VILLUPURAM,TAMIL NADU
6669,Otivakkam,OV,NSG6,CHENNAI CENTRAL,SR,KANCHIPURAM,TAMIL NADU
6670,Pachakuppam,PCKM,NSG6,CHENNAI CENTRAL,SR,VELLORE,TAMIL NADU
6671,Palur,PALR,NSG6,CHENNAI CENTRAL,SR,KANCHIPURAM,TAMIL NADU
6672,Pedapariya,PYA,NSG6,CHENNAI CENTRAL,SR,SPSR NELLORE,ANDHRA PRADESH
6673,Perani,PEI,NSG6,CHENNAI CENTRAL,SR,VILLUPURAM,TAMIL NADU
6674,Polireddypalem,PEL,NSG6,CHENNAI CENTRAL,SR,SPSR NELLORE,ANDHRA PRADESH
6675,Ponpadi,POI,NSG6,CHENNAI CENTRAL,SR,THIRUVALLUR,TAMIL NADU
6676,Pudi,PUDI,NSG6,CHENNAI CENTRAL,SR,CHITTOOR,ANDHRA PRADESH
6677,Sevur,SVUR,NSG6,CHENNAI CENTRAL,SR,VELLORE,TAMIL NADU
6678,Tada,TADA,NSG6,CHENNAI CENTRAL,SR,SPSR NELLORE,ANDHRA PRADESH
6679,Taduku,TDK,NSG6,CHENNAI CENTRAL,SR,CHITTOOR,ANDHRA PRADESH
6680,Thalangai,TUG,NSG6,CHENNAI CENTRAL,SR,VELLORE,TAMIL NADU
6681,Thiruvalam,THL,NSG6,CHENNAI CENTRAL,SR,VELLORE,TAMIL NADU
6682,Tirumalpur,TMLP,NSG6,CHENNAI CENTRAL,SR,VELLORE,TAMIL NADU
6683,Tozhupedu,TZD,NSG6,CHENNAI CENTRAL,SR,KANCHIPURAM,TAMIL NADU
6684,Valathoor,VLT,NSG6,CHENNAI CENTRAL,SR,VELLORE,TAMIL NADU
6685,Vepagunta,VGA,NSG6,CHENNAI CENTRAL,SR,CHITTOOR,ANDHRA PRADESH
6686,Vikravandi,VVN,NSG6,CHENNAI CENTRAL,SR,VILLUPURAM,TAMIL NADU
6687,Vinnamangalam,VGM,NSG6,CHENNAI CENTRAL,SR,VELLORE,TAMIL NADU
6688,Walajabad,WJ,NSG6,CHENNAI CENTRAL,SR,KANCHIPURAM,TAMIL NADU
6689,Chennai Beach,MSB,SG1,CHENNAI CENTRAL,SR,CHENNAI,TAMIL NADU
6690,Guindy,GDY,SG2,CHENNAI CENTRAL,SR,CHENNAI,TAMIL NADU
6691,Pazhavanthangal (FLAG),PZA,SG2,CHENNAI CENTRAL,SR,KANCHIPURAM,TAMIL NADU
6692,Velacheri,VLCY,SG2,CHENNAI CENTRAL,SR,CHENNAI,TAMIL NADU
6693,Ambattur,ABU,SG3,CHENNAI CENTRAL,SR,THIRUVALLUR,TAMIL NADU
6694,Annanur (HALT),ANNR,SG3,CHENNAI CENTRAL,SR,THIRUVALLUR,TAMIL NADU
6695,Anuppampattu (FLAG),APB,SG3,CHENNAI CENTRAL,SR,THIRUVALLUR,TAMIL NADU
6696,Atthipattu (FLAG),AIP,SG3,CHENNAI CENTRAL,SR,THIRUVALLUR,TAMIL NADU
6697,Attipattupudunagar (HALT),AIPP,SG3,CHENNAI CENTRAL,SR,THIRUVALLUR,TAMIL NADU
6698,Basin bridge jn,BBQ,SG3,CHENNAI CENTRAL,SR,CHENNAI,TAMIL NADU
6699,Chennai Chetpet (FLAG),MSC,SG3,CHENNAI CENTRAL,SR,CHENNAI,TAMIL NADU
6700,Chennai fort (FLAG),MSF,SG3,CHENNAI CENTRAL,SR,CHENNAI,TAMIL NADU
6701,Chennai park,MPK,SG3,CHENNAI CENTRAL,SR,CHENNAI,TAMIL NADU
6702,Chepauk,MCPK,SG3,CHENNAI CENTRAL,SR,CHENNAI,TAMIL NADU
6703,Chintadripet,MCPT,SG3,CHENNAI CENTRAL,SR,CHENNAI,TAMIL NADU
6704,Chrompet (FLAG),CMP,SG3,CHENNAI CENTRAL,SR,KANCHIPURAM,TAMIL NADU
6705,Egattur (HALT),EGT,SG3,CHENNAI CENTRAL,SR,THIRUVALLUR,TAMIL NADU
6706,Ennore,ENR,SG3,CHENNAI CENTRAL,SR,THIRUVALLUR,TAMIL NADU
6707,Greenways road (FLAG),GWYR,SG3,CHENNAI CENTRAL,SR,CHENNAI,TAMIL NADU
6708,Gummidipundi,GPD,SG3,CHENNAI CENTRAL,SR,THIRUVALLUR,TAMIL NADU
6709,Hindu college (HALT),HC,SG3,CHENNAI CENTRAL,SR,THIRUVALLUR,TAMIL NADU
6710,Indiranagar (FLAG),INDR,SG3,CHENNAI CENTRAL,SR,CHENNAI,TAMIL NADU
6711,Kadambattur,KBT,SG3,CHENNAI CENTRAL,SR,THIRUVALLUR,TAMIL NADU
6712,Kasturibanagar (FLAG),KTBR,SG3,CHENNAI CENTRAL,SR,CHENNAI,TAMIL NADU
6713,Kathivakkam (FLAG),KAVM,SG3,CHENNAI CENTRAL,SR,THIRUVALLUR,TAMIL NADU
6714,Kavaraipettai,KVP,SG3,CHENNAI CENTRAL,SR,THIRUVALLUR,TAMIL NADU
6715,Kodambakkam,MKK,SG3,CHENNAI CENTRAL,SR,CHENNAI,TAMIL NADU
6716,Korattur (FLAG),KOTR,SG3,CHENNAI CENTRAL,SR,THIRUVALLUR,TAMIL NADU
6717,Korukkupet,KOK,SG3,CHENNAI CENTRAL,SR,THIRUVALLUR,TAMIL NADU
6718,Kotturpuram (FLAG),KTPM,SG3,CHENNAI CENTRAL,SR,CHENNAI,TAMIL NADU
6719,Light house (FLAG),MLHS,SG3,CHENNAI CENTRAL,SR,CHENNAI,TAMIL NADU
6720,Manavur (FLAG),MAF,SG3,CHENNAI CENTRAL,SR,THIRUVALLUR,TAMIL NADU
6721,Mandaiveli (FLAG),MNDY,SG3,CHENNAI CENTRAL,SR,CHENNAI,TAMIL NADU
6722,Meenambakkam,MN,SG3,CHENNAI CENTRAL,SR,KANCHIPURAM,TAMIL NADU
6723,Minjur,MJR,SG3,CHENNAI CENTRAL,SR,THIRUVALLUR,TAMIL NADU
6724,Moore Market Complex,MASS,SG3,CHENNAI CENTRAL,SR,CHENNAI,TAMIL NADU
6725,Mosur (HALT),MSU,SG3,CHENNAI CENTRAL,SR,VELLORE,TAMIL NADU
6726,Mundakakanni AmmanKoil,MKAK,SG3,CHENNAI CENTRAL,SR,CHENNAI,TAMIL NADU
6727,Nandiyambakkam (HALT),NPKM,SG3,CHENNAI CENTRAL,SR,THIRUVALLUR,TAMIL NADU
6728,Nemilicherry (HALT),NEC,SG3,CHENNAI CENTRAL,SR,THIRUVALLUR,TAMIL NADU
6729,Nungambakkam (FLAG),NBK,SG3,CHENNAI CENTRAL,SR,CHENNAI,TAMIL NADU
6730,Pallavaram,PV,SG3,CHENNAI CENTRAL,SR,KANCHIPURAM,TAMIL NADU
6731,Park town (FLAG),MPKT,SG3,CHENNAI CENTRAL,SR,CHENNAI,TAMIL NADU
6732,Pattabiram (FLAG),PAB,SG3,CHENNAI CENTRAL,SR,THIRUVALLUR,TAMIL NADU
6733,Pattabiram E-Depot,PRES,SG3,CHENNAI CENTRAL,SR,THIRUVALLUR,TAMIL NADU
6734,Pattabiram military siding (FLAG),PTMS,SG3,CHENNAI CENTRAL,SR,THIRUVALLUR,TAMIL NADU
6735,Pattravakkam (FLAG),PVM,SG3,CHENNAI CENTRAL,SR,THIRUVALLUR,TAMIL NADU
6736,Perambur carriage works (FLAG),PCW,SG3,CHENNAI CENTRAL,SR,CHENNAI,TAMIL NADU
6737,Perambur loco works (FLAG),PEW,SG3,CHENNAI CENTRAL,SR,CHENNAI,TAMIL NADU
6738,Perungudi,PRGD,SG3,CHENNAI CENTRAL,SR,CHENNAI,TAMIL NADU
6739,Ponneri,PON,SG3,CHENNAI CENTRAL,SR,THIRUVALLUR,TAMIL NADU
6740,Puliamanagalam (HALT),PLMG,SG3,CHENNAI CENTRAL,SR,VELLORE,TAMIL NADU
6741,Putlur (HALT),PTLR,SG3,CHENNAI CENTRAL,SR,THIRUVALLUR,TAMIL NADU
6742,Royapuram (HALT),RPM,SG3,CHENNAI CENTRAL,SR,CHENNAI,TAMIL NADU
6743,Saidapet,SP,SG3,CHENNAI CENTRAL,SR,CHENNAI,TAMIL NADU
6744,Senjipanampakkam (HALT),SPAM,SG3,CHENNAI CENTRAL,SR,THIRUVALLUR,TAMIL NADU
6745,Sevvapet road,SVR,SG3,CHENNAI CENTRAL,SR,THIRUVALLUR,TAMIL NADU
6746,St.thomasmount,STM,SG3,CHENNAI CENTRAL,SR,KANCHIPURAM,TAMIL NADU
6747,Tambaram sanitorium (FLAG),TBMS,SG3,CHENNAI CENTRAL,SR,KANCHIPURAM,TAMIL NADU
6748,Taramani,TRMN,SG3,CHENNAI CENTRAL,SR,CHENNAI,TAMIL NADU
6749,Thirumullaivoil (HALT),TMVL,SG3,CHENNAI CENTRAL,SR,THIRUVALLUR,TAMIL NADU
6750,Thiruninravur,TI,SG3,CHENNAI CENTRAL,SR,THIRUVALLUR,TAMIL NADU
6751,Tirumayilai,MTMY,SG3,CHENNAI CENTRAL,SR,CHENNAI,TAMIL NADU
6752,Tirusulam (FLAG),TLM,SG3,CHENNAI CENTRAL,SR,KANCHIPURAM,TAMIL NADU
6753,Tiruvalangadu,TO,SG3,CHENNAI CENTRAL,SR,THIRUVALLUR,TAMIL NADU
6754,Tiruvallikeni (FLAG),MTCN,SG3,CHENNAI CENTRAL,SR,CHENNAI,TAMIL NADU
6755,Tiruvanmiyur,TYMR,SG3,CHENNAI CENTRAL,SR,CHENNAI,TAMIL NADU
6756,Tiruvottiyur,TVT,SG3,CHENNAI CENTRAL,SR,THIRUVALLUR,TAMIL NADU
6757,Tondiarpet (FLAG),TNP,SG3,CHENNAI CENTRAL,SR,THIRUVALLUR,TAMIL NADU
6758,Veppambattu (FLAG),VEU,SG3,CHENNAI CENTRAL,SR,THIRUVALLUR,TAMIL NADU
6759,Villivakkam,VLK,SG3,CHENNAI CENTRAL,SR,CHENNAI,TAMIL NADU
6760,Voc nagar (HALT),VOC,SG3,CHENNAI CENTRAL,SR,THIRUVALLUR,TAMIL NADU
6761,Vyasarpadi jeeva (FLAG),VJM,SG3,CHENNAI CENTRAL,SR,CHENNAI,TAMIL NADU
6762,Washermanpet,WST,SG3,CHENNAI CENTRAL,SR,CHENNAI,TAMIL NADU
6763,Wimco nagar (FLAG),WCN,SG3,CHENNAI CENTRAL,SR,THIRUVALLUR,TAMIL NADU
6764,Azhwarkurichi (HALT),AZK,HG2,MADURAI,SR,TENKASI,TAMIL NADU
6765,Chettiyapatti (HALT),CII,HG2,MADURAI,SR,TIRUCHIRAPPALLI,TAMIL NADU
6766,Kailasapuram (HALT),KLPM,HG2,MADURAI,SR,TUTICORIN,TAMIL NADU
6767,Karaikkurichchi (HALT),KARK,HG2,MADURAI,SR,TIRUNELVELI,TAMIL NADU
6768,Kizha ambur (HALT),KIB,HG2,MADURAI,SR,TENKASI,TAMIL NADU
6769,Kottaiyur (HALT),KTYR,HG2,MADURAI,SR,SIVAGANGA,TAMIL NADU
6770,Kuri (HALT),KIF,HG2,MADURAI,SR,KOLLAM,KERALA
6771,Madathukulam (HALT),MDKM,HG2,MADURAI,SR,TIRUPPUR,TAMIL NADU
6772,Mandapam camp (HALT),MC,HG2,MADURAI,SR,RAMANATHAPURAM,TAMIL NADU
6773,Tutimelur (HALT),TME,HG2,MADURAI,SR,TUTICORIN,TAMIL NADU
6774,Valantaravai (HALT),VTV,HG2,MADURAI,SR,RAMANATHAPURAM,TAMIL NADU
6775,Viravanallur (HALT),VVR,HG2,MADURAI,SR,TIRUNELVELI,TAMIL NADU
6776,Aryankavu (HALT),AYV,HG3,MADURAI,SR,KOLLAM,KERALA
6777,Chandanattop (HALT),CTPE,HG3,MADURAI,SR,KOLLAM,KERALA
6778,Edapalayam (HALT),EDP,HG3,MADURAI,SR,KOLLAM,KERALA
6779,Kalthurithi (HALT),KTHY,HG3,MADURAI,SR,KOLLAM,KERALA
6780,Kundara east (HALT),KFV,HG3,MADURAI,SR,KOLLAM,KERALA
6781,Nagamalai west (HALT),NGMW,HG3,MADURAI,SR,MADURAI,TAMIL NADU
6782,Namanasamudram (HALT),NMN,HG3,MADURAI,SR,PUDUKKOTTAI,TAMIL NADU
6783,Naraikkinar (Halt),NRK,HG3,MADURAI,SR,TIRUNELVELI,TAMIL NADU
6784,Rajagambiram (HALT),RAGM,HG3,MADURAI,SR,SIVAGANGA,TAMIL NADU
6785,Samudram (HALT),SMDM,HG3,MADURAI,SR,TIRUCHIRAPPALLI,TAMIL NADU
6786,Vadpalanji (HALT),VAJ,HG3,MADURAI,SR,MADURAI,TAMIL NADU
6787,Madurai jn,MDU,NSG2,MADURAI,SR,MADURAI,TAMIL NADU
6788,Dindigul jn,DG,NSG3,MADURAI,SR,DINDIGUL,TAMIL NADU
6789,Rameswaram,RMM,NSG3,MADURAI,SR,RAMANATHAPURAM,TAMIL NADU
6790,Tirunelveli jn,TEN,NSG3,MADURAI,SR,TIRUNELVELI,TAMIL NADU
6791,Tuticorin,TN,NSG3,MADURAI,SR,TUTICORIN,TAMIL NADU
6792,Karaikkudi jn,KKDI,NSG4,MADURAI,SR,SIVAGANGA,TAMIL NADU
6793,Kovilpatti,CVP,NSG4,MADURAI,SR,TUTICORIN,TAMIL NADU
6794,Palani,PLNI,NSG4,MADURAI,SR,DINDIGUL,TAMIL NADU
6795,Ramanathapuram,RMD,NSG4,MADURAI,SR,RAMANATHAPURAM,TAMIL NADU
6796,Tenkasi jn,TSI,NSG4,MADURAI,SR,TENKASI,TAMIL NADU
6797,Tiruchendur,TCN,NSG4,MADURAI,SR,TUTICORIN,TAMIL NADU
6798,Virudhunagar jn,VPT,NSG4,MADURAI,SR,VIRUDHUNAGAR,TAMIL NADU
6799,Ambasamudram,ASD,NSG5,MADURAI,SR,TIRUNELVELI,TAMIL NADU
6800,Devakottai road (FLAG),DKO,NSG5,MADURAI,SR,SIVAGANGA,TAMIL NADU
6801,Kadayanallur,KDNL,NSG5,MADURAI,SR,TENKASI,TAMIL NADU
6802,Kodaikkanal road,KQN,NSG5,MADURAI,SR,DINDIGUL,TAMIL NADU
6803,Manamadurai jn,MNM,NSG5,MADURAI,SR,SIVAGANGA,TAMIL NADU
6804,Nazareth,NZT,NSG5,MADURAI,SR,TUTICORIN,TAMIL NADU
6805,Oddanchatram,ODC,NSG5,MADURAI,SR,DINDIGUL,TAMIL NADU
6806,Paramakkudi,PMK,NSG5,MADURAI,SR,RAMANATHAPURAM,TAMIL NADU
6807,Pudukkotai,PDKT,NSG5,MADURAI,SR,PUDUKKOTTAI,TAMIL NADU
6808,Rajapalayam,RJPM,NSG5,MADURAI,SR,VIRUDHUNAGAR,TAMIL NADU
6809,Sankarankovil,SNKL,NSG5,MADURAI,SR,TENKASI,TAMIL NADU
6810,Sattur,SRT,NSG5,MADURAI,SR,VIRUDHUNAGAR,TAMIL NADU
6811,Sengottai,SCT,NSG5,MADURAI,SR,TENKASI,TAMIL NADU
6812,Sholavandan,SDN,NSG5,MADURAI,SR,MADURAI,TAMIL NADU
6813,Sivaganga,SVGA,NSG5,MADURAI,SR,SIVAGANGA,TAMIL NADU
6814,Sivakasi,SVKS,NSG5,MADURAI,SR,VIRUDHUNAGAR,TAMIL NADU
6815,Srivilliputtur,SVPR,NSG5,MADURAI,SR,VIRUDHUNAGAR,TAMIL NADU
6816,Thirupparankundram,TDN,NSG5,MADURAI,SR,MADURAI,TAMIL NADU
6817,Tirumangalam,TMQ,NSG5,MADURAI,SR,MADURAI,TAMIL NADU
6818,Tiruttangal (FLAG),TTL,NSG5,MADURAI,SR,VIRUDHUNAGAR,TAMIL NADU
6819,Vanchi maniyachi JN,MEJ,NSG5,MADURAI,SR,TUTICORIN,TAMIL NADU
6820,Akkaraippatti,API,NSG6,MADURAI,SR,DINDIGUL,TAMIL NADU
6821,Alwar tirunagari (FLAG),AWT,NSG6,MADURAI,SR,TUTICORIN,TAMIL NADU
6822,Ambaturai,ABI,NSG6,MADURAI,SR,DINDIGUL,TAMIL NADU
6823,Andipatti,ADPT,NSG6,MADURAI,SR,THENI,TAMIL NADU
6824,Arumuganeri,ANY,NSG6,MADURAI,SR,TUTICORIN,TAMIL NADU
6825,Aruppukkottai,APK,NSG6,MADURAI,SR,VIRUDHUNAGAR,TAMIL NADU
6826,Auvaneeswarem,AVS,NSG6,MADURAI,SR,KOLLAM,KERALA
6827,Ayyalur,AYR,NSG6,MADURAI,SR,DINDIGUL,TAMIL NADU
6828,Bhagavathipuram,BJM,NSG6,MADURAI,SR,TENKASI,TAMIL NADU
6829,Bodinayakkanur,BDNK,NSG6,MADURAI,SR,THENI,TAMIL NADU
6830,Chatrappatti,CHPT,NSG6,MADURAI,SR,DINDIGUL,TAMIL NADU
6831,Cheran mahadevi,SMD,NSG6,MADURAI,SR,TIRUNELVELI,TAMIL NADU
6832,Chettinad,CTND,NSG6,MADURAI,SR,SIVAGANGA,TAMIL NADU
6833,Edamann,EDN,NSG6,MADURAI,SR,KOLLAM,KERALA
6834,Ezhukone (FLAG),EKN,NSG6,MADURAI,SR,KOLLAM,KERALA
6835,Gangaikondan,GDN,NSG6,MADURAI,SR,TIRUNELVELI,TAMIL NADU
6836,Gomangalam,GMGM,NSG6,MADURAI,SR,COIMBATORE,TAMIL NADU
6837,Kachchanavilai (FLAG),KCHV,NSG6,MADURAI,SR,TUTICORIN,TAMIL NADU
6838,Kadambur,KDU,NSG6,MADURAI,SR,TUTICORIN,TAMIL NADU
6839,Kallal,KAL,NSG6,MADURAI,SR,SIVAGANGA,TAMIL NADU
6840,Kallidaikurichi (FLAG),KIC,NSG6,MADURAI,SR,TIRUNELVELI,TAMIL NADU
6841,Kalligudi,KGD,NSG6,MADURAI,SR,VIRUDHUNAGAR,TAMIL NADU
6842,Kalpattichatram,KFC,NSG6,MADURAI,SR,DINDIGUL,TAMIL NADU
6843,Kayalpattinam (FLAG),KZY,NSG6,MADURAI,SR,TUTICORIN,TAMIL NADU
6844,Keeranur,KRUR,NSG6,MADURAI,SR,PUDUKKOTTAI,TAMIL NADU
6845,Kilakadaiyam,KKY,NSG6,MADURAI,SR,TIRUNELVELI,TAMIL NADU
6846,Kilikollur,KLQ,NSG6,MADURAI,SR,KOLLAM,KERALA
6847,Kizhapuliyur (FLAG),KYZ,NSG6,MADURAI,SR,TENKASI,TAMIL NADU
6848,Kolathur,KLS,NSG6,MADURAI,SR,TIRUCHIRAPPALLI,TAMIL NADU
6849,Kottarakara,KKZ,NSG6,MADURAI,SR,KOLLAM,KERALA
6850,Kudalnagar,KON,NSG6,MADURAI,SR,MADURAI,TAMIL NADU
6851,Kumaramangalam,KRMG,NSG6,MADURAI,SR,TRIUCHIRAPPALLI,TAMIL NADU
6852,Kundara,KUV,NSG6,MADURAI,SR,KOLLAM,KERALA
6853,Kurumbur (FLAG),KZB,NSG6,MADURAI,SR,TUTICORIN,TAMIL NADU
6854,Madurai east (FLAG),MES,NSG6,MADURAI,SR,MADURAI,TAMIL NADU
6855,Maivadi road,MVRD,NSG6,MADURAI,SR,TIRUPPUR,TAMIL NADU
6856,Manaparai,MPA,NSG6,MADURAI,SR,TIRUCHIRAPPALLI,TAMIL NADU
6857,Mandapam,MMM,NSG6,MADURAI,SR,RAMANATHAPURAM,TAMIL NADU
6858,Melakkonnakkulam,MEKM,NSG6,MADURAI,SR,SIVAGANGA,TAMIL NADU
6859,Mettur (FLAG),MTE,NSG6,MADURAI,SR,TENKASI,TAMIL NADU
6860,Milavittan,MVN,NSG6,MADURAI,SR,TUTICORIN,TAMIL NADU
6861,Narikkudi,NKK,NSG6,MADURAI,SR,VIRUDHUNAGAR,TAMIL NADU
6862,New Aryankavu,AYVN,NSG6,MADURAI,SR,KOLLAM,KERALA
6863,Ottakkal (FLAG),OKL,NSG6,MADURAI,SR,KOLLAM,KERALA
6864,Palayamkottai (FLAG),PCO,NSG6,MADURAI,SR,TIRUNELVELI,TAMIL NADU
6865,Pambakovil shandy,PBKS,NSG6,MADURAI,SR,TENKASI,TAMIL NADU
6866,Pamban (Flag),PBM,NSG6,MADURAI,SR,RAMANATHAPURAM,TAMIL NADU
6867,Panangudi,PNGI,NSG6,MADURAI,SR,SIVAGANGA,TAMIL NADU
6868,Pavurchatram,PCM,NSG6,MADURAI,SR,TENKASI,TAMIL NADU
6869,Pettai (FLAG),PEA,NSG6,MADURAI,SR,TIRUNELVELI,TAMIL NADU
6870,Punalur,PUU,NSG6,MADURAI,SR,KOLLAM,KERALA
6871,Punggudi,PUG,NSG6,MADURAI,SR,TIRUCHIRAPPALLI,TAMIL NADU
6872,Pushpattur,PPTR,NSG6,MADURAI,SR,DINDIGUL,TAMIL NADU
6873,Ravanasamudram (FLAG),RVS,NSG6,MADURAI,SR,TENKASI,TAMIL NADU
6874,Samayanallur,SER,NSG6,MADURAI,SR,MADURAI,TAMIL NADU
6875,Sattirakkudi,SQD,NSG6,MADURAI,SR,RAMANATHAPURAM,TAMIL NADU
6876,Seydunganallur,SDNR,NSG6,MADURAI,SR,TUTICORIN,TAMIL NADU
6877,Silaiman,ILA,NSG6,MADURAI,SR,MADURAI,TAMIL NADU
6878,Srivaikuntam,SVV,NSG6,MADURAI,SR,TUTICORIN,TAMIL NADU
6879,Sudiyur,SUX,NSG6,MADURAI,SR,RAMANATHAPURAM,TAMIL NADU
6880,Talaiyuthu,TAY,NSG6,MADURAI,SR,TIRUNELVELI,TAMIL NADU
6881,Tamaraipadi,TMP,NSG6,MADURAI,SR,DINDIGUL,TAMIL NADU
6882,Tattaparai,TIP,NSG6,MADURAI,SR,TUTICORIN,TAMIL NADU
6883,Teni,TENI,NSG6,MADURAI,SR,THENI,TAMIL NADU
6884,Tenmalai,TML,NSG6,MADURAI,SR,KOLLAM,KERALA
6885,Thathankulam (FLAG),TTQ,NSG6,MADURAI,SR,TUTICORIN,TAMIL NADU
6886,Tiruchchuli,TCH,NSG6,MADURAI,SR,VIRUDHUNAGAR,TAMIL NADU
6887,Tirumayam,TYM,NSG6,MADURAI,SR,PUDUKKOTTAI,TAMIL NADU
6888,Tirunelveli town (Flag),TYT,NSG6,MADURAI,SR,TIRUNELVELI,TAMIL NADU
6889,Tiruppachetti,TPC,NSG6,MADURAI,SR,SIVAGANGA,TAMIL NADU
6890,Tiruppuvanam,TVN,NSG6,MADURAI,SR,SIVAGANGA,TAMIL NADU
6891,Tulukapatti,TY,NSG6,MADURAI,SR,VIRUDHUNAGAR,TAMIL NADU
6892,Uchippuli,UCP,NSG6,MADURAI,SR,RAMANATHAPURAM,TAMIL NADU
6893,Udumalaippettai,UDT,NSG6,MADURAI,SR,TIRUPPUR,TAMIL NADU
6894,Usilampatti,USLP,NSG6,MADURAI,SR,MADURAI,TAMIL NADU
6895,Vadamadurai,VDM,NSG6,MADURAI,SR,DINDIGUL,TAMIL NADU
6896,Vadipatti,VDP,NSG6,MADURAI,SR,MADURAI,TAMIL NADU
6897,Vaiyampatti,VPJ,NSG6,MADURAI,SR,DINDIGUL,TAMIL NADU
6898,Vellanur,VEL,NSG6,MADURAI,SR,PUDUKKOTTAI,TAMIL NADU
6899,Melattur (HALT),MLTR,HG1,PALGHAT,SR,MALAPPURAM,KERALA
6900,Pattikkad (HALT),PKQ,HG1,PALGHAT,SR,MALAPPURAM,KERALA
6901,Chandera (HALT),CDRA,HG2,PALGHAT,SR,KASARAGOD,KERALA
6902,Chemancheri (HALT),CMC,HG2,PALGHAT,SR,KOZHIKODE,KERALA
6903,Cherukara (HALT),CQA,HG2,PALGHAT,SR,MALAPPURAM,KERALA
6904,Kalanad (HALT),KLAD,HG2,PALGHAT,SR,KASARAGOD,KERALA
6905,Kulukkallur (HALT),KZC,HG2,PALGHAT,SR,PALAKKAD,KERALA
6906,Mukkali (HALT),MUKE,HG2,PALGHAT,SR,KOZHIKODE,KERALA
6907,Nadapuram road (HALT),NAU,HG2,PALGHAT,SR,KOZHIKODE,KERALA
6908,Todiyappulam (HALT),TDPM,HG2,PALGHAT,SR,MALAPPURAM,KERALA
6909,Tuvvur (HALT),TUV,HG2,PALGHAT,SR,MALAPPURAM,KERALA
6910,Vadanamkurushshi (HALT),VDKS,HG2,PALGHAT,SR,PALAKKAD,KERALA
6911,Vallapuzha (HALT),VPZ,HG2,PALGHAT,SR,PALAKKAD,KERALA
6912,Vellayil (HALT),VLL,HG2,PALGHAT,SR,KOZHIKODE,KERALA
6913,Anamalai road (HALT),ANM,HG3,PALGHAT,SR,COIMBATORE,TAMIL NADU
6914,Chirakkal (HALT),CQL,HG3,PALGHAT,SR,KANNUR,KERALA
6915,Dharmadam (HALT),DMD,HG3,PALGHAT,SR,KANNUR,KERALA
6916,Iringal (HALT),IGL,HG3,PALGHAT,SR,KOZHIKODE,KERALA
6917,Kodumunda (HALT),KODN,HG3,PALGHAT,SR,PALAKKAD,KERALA
6918,Mankara (HALT),MNY,HG3,PALGHAT,SR,PALAKKAD,KERALA
6919,Palappuram (HALT),PLPM,HG3,PALGHAT,SR,PALAKKAD,KERALA
6920,Perashshannur (HALT),PEU,HG3,PALGHAT,SR,MALAPPURAM,KERALA
6921,Vadakannikapuram (HALT),VDK,HG3,PALGHAT,SR,PALAKKAD,KERALA
6922,Vellarakkad (HALT),VEK,HG3,PALGHAT,SR,KASARAGOD,KERALA
6923,Kozhikkode,CLT,NSG2,PALGHAT,SR,KOZHIKODE,KERALA
6924,Kannur,CAN,NSG3,PALGHAT,SR,KANNUR,KERALA
6925,Mangalore Central,MAQ,NSG3,PALGHAT,SR,DAKSHINA KANNADA,KARNATAKA
6926,Mangalore jn,MAJN,NSG3,PALGHAT,SR,DAKSHINA KANNADA,KARNATAKA
6927,Palakkad jn.,PGT,NSG3,PALGHAT,SR,PALAKKAD,KERALA
6928,Shoranur jn.,SRR,NSG3,PALGHAT,SR,PALAKKAD,KERALA
6929,Thalassery,TLY,NSG3,PALGHAT,SR,KANNUR,KERALA
6930,Tirur,TIR,NSG3,PALGHAT,SR,MALAPPURAM,KERALA
6931,Vadakara,BDJ,NSG3,PALGHAT,SR,KOZHIKODE,KERALA
6932,Bekal Fort flag),BFR,NSG4,PALGHAT,SR,KASARAGOD,KERALA
6933,Kanhangad,KZE,NSG4,PALGHAT,SR,KASARAGOD,KERALA
6934,Kasargod,KGQ,NSG4,PALGHAT,SR,KASARAGOD,KERALA
6935,Kuttipuram,KTU,NSG4,PALGHAT,SR,MALAPPURAM,KERALA
6936,Mahe,MAHE,NSG4,PALGHAT,SR,KOZHIKODE,KERALA
6937,Ottappalam,OTP,NSG4,PALGHAT,SR,PALAKKAD,KERALA
6938,Payyannur,PAY,NSG4,PALGHAT,SR,KANNUR,KERALA
6939,Quilandi,QLD,NSG4,PALGHAT,SR,KOZHIKODE,KERALA
6940,Ullal,ULL,NSG4,PALGHAT,SR,DAKSHINA KANNADA,KARNATAKA
6941,Angadipuram,AAM,NSG5,PALGHAT,SR,MALAPPURAM,KERALA
6942,Charvattur,CHV,NSG5,PALGHAT,SR,KASARAGOD,KERALA
6943,Ferok,FK,NSG5,PALGHAT,SR,KOZHIKODE,KERALA
6944,Kannapuram,KPQ,NSG5,PALGHAT,SR,KANNUR,KERALA
6945,Kumbla,KMQ,NSG5,PALGHAT,SR,KASARAGOD,KERALA
6946,Nilambur road,NIL,NSG5,PALGHAT,SR,MALAPPURAM,KERALA
6947,Nileshwar,NLE,NSG5,PALGHAT,SR,KASARAGOD,KERALA
6948,Palakkad town,PGTN,NSG5,PALGHAT,SR,PALAKKAD,KERALA
6949,Parapanangadi,PGI,NSG5,PALGHAT,SR,MALAPPURAM,KERALA
6950,Pattambi,PTB,NSG5,PALGHAT,SR,PALAKKAD,KERALA
6951,Payangadi,PAZ,NSG5,PALGHAT,SR,KANNUR,KERALA
6952,Pollachi,POY,NSG5,PALGHAT,SR,COIMBATORE,TAMIL NADU
6953,Tanur,TA,NSG5,PALGHAT,SR,MALAPPURAM,KERALA
6954,Vaniyambalam,VNB,NSG5,PALGHAT,SR,MALAPPURAM,KERALA
6955,Elattur,ETR,NSG6,PALGHAT,SR,KOZHIKODE,KERALA
6956,Elimala (FLAG),ELM,NSG6,PALGHAT,SR,KANNUR,KERALA
6957,Etakkot,ETK,NSG6,PALGHAT,SR,KANNUR,KERALA
6958,Ettimadai,ETMD,NSG6,PALGHAT,SR,COIMBATORE,TAMIL NADU
6959,Jagannath temple gate (FLAG),JGE,NSG6,PALGHAT,SR,KANNUR,KERALA
6960,Jokatte,JOKT,NSG6,PALGHAT,SR,Dakshin Kannad,Karnataka
6961,Kadalundi,KN,NSG6,PALGHAT,SR,KOZHIKODE,KERALA
6962,Kallayi,KUL,NSG6,PALGHAT,SR,KOZHIKODE,KERALA
6963,Kanjikode,KJKD,NSG6,PALGHAT,SR,PALAKKAD,KERALA
6964,Kannur south,CS,NSG6,PALGHAT,SR,KANNUR,KERALA
6965,Karakad,KRKD,NSG6,PALGHAT,SR,PALAKKAD,KERALA
6966,Kinattukkadavu,CNV,NSG6,PALGHAT,SR,COIMBATORE,TAMIL NADU
6967,Kollengode,KLGD,NSG6,PALGHAT,SR,PALAKKAD,KERALA
6968,Kotikulam,KQK,NSG6,PALGHAT,SR,KASARAGOD,KERALA
6969,Lakkiti,LDY,NSG6,PALGHAT,SR,PALAKKAD,KERALA
6970,Madukarai,MDKI,NSG6,PALGHAT,SR,COIMBATORE,TAMIL NADU
6971,Manjeshwar,MJS,NSG6,PALGHAT,SR,KASARAGOD,KERALA
6972,Mannanur,MNUR,NSG6,PALGHAT,SR,PALAKKAD,KERALA
6973,Minatchipuram,MXM,NSG6,PALGHAT,SR,PALAKKAD,KERALA
6974,Muthalamada,MMDA,NSG6,PALGHAT,SR,PALAKKAD,KERALA
6975,Pallipuram,PUM,NSG6,PALGHAT,SR,PALAKKAD,KERALA
6976,Pappinisseri (FLAG),PPNS,NSG6,PALGHAT,SR,KANNUR,KERALA
6977,Parli,PLL,NSG6,PALGHAT,SR,PALAKKAD,KERALA
6978,Payyoli (FLAG),PYOL,NSG6,PALGHAT,SR,KASARAGOD,KERALA
6979,Pudunagaram,PDGM,NSG6,PALGHAT,SR,PALAKKAD,KERALA
6980,Tikkotti,TKT,NSG6,PALGHAT,SR,KASARAGOD,KERALA
6981,Tirunnavaya,TUA,NSG6,PALGHAT,SR,MALAPPURAM,KERALA
6982,Trikarpur (FLAG),TKQ,NSG6,PALGHAT,SR,KASARAGOD,KERALA
6983,Uppala,UAA,NSG6,PALGHAT,SR,DAKSHINA KANNADA,KARNATAKA
6984,Valapattanam,VAPM,NSG6,PALGHAT,SR,KANNUR,KERALA
6985,Vallikunnu (FLAG),VLI,NSG6,PALGHAT,SR,MALAPPURAM,KERALA
6986,Walayar,WRA,NSG6,PALGHAT,SR,PALAKKAD,KERALA
6987,West Hill,WH,NSG6,PALGHAT,SR,KOZHIKODE,KERALA
6988,Villiyanur (HALT),VI,HG1,TRICHY,SR,PONDICHERRY,PUDUCHERRY
6989,Aiyanapuram (HALT),AYN,HG2,TRICHY,SR,THANJAVUR,TAMIL NADU
6990,Ammapet (HALT),AMT,HG2,TRICHY,SR,THANJAVUR,TAMIL NADU
6991,Darasuram (HALT),DSM,HG2,TRICHY,SR,THANJAVUR,TAMIL NADU
6992,Manjattidal (HALT),MCJ,HG2,TRICHY,SR,TIRUCHIRAPPALLI,TAMIL NADU
6993,Nidur (HALT),NID,HG2,TRICHY,SR,NAGAPATTINAM,TAMIL NADU
6994,Parangipettai (HALT),PO,HG2,TRICHY,SR,CUDDALORE,TAMIL NADU
6995,Pichchandar Koil (HALT),BXS,HG2,TRICHY,SR,TIRUCHIRAPPALLI,TAMIL NADU
6996,Swamimalai (HALT),SWI,HG2,TRICHY,SR,THANJAVUR,TAMIL NADU
6997,Tiruchchirappalli palakarai (HALT),TPE,HG2,TRICHY,SR,TIRUCHIRAPPALLI,TAMIL NADU
6998,Tiruvidaimarudur (HALT),TDR,HG2,TRICHY,SR,THANJAVUR,TAMIL NADU
6999,Valavanur (HALT),VRA,HG2,TRICHY,SR,VILLUPURAM,TAMIL NADU
7000,Velippalaiyam (HALT),VXM,HG2,TRICHY,SR,NAGAPATTINAM,TAMIL NADU
7001,Vellore town (HALT),VT,HG2,TRICHY,SR,VELLORE,TAMIL NADU
7002,Vriddhachalam town (HALT),VRT,HG2,TRICHY,SR,CUDDALORE,TAMIL NADU
7003,Adhichchanur (HALT),ACN,HG3,TRICHY,SR,TIRUVANNAMALAI,TAMIL NADU
7004,Adiyakkamangalam (HALT),AYM,HG3,TRICHY,SR,THIRUVARUR,TAMIL NADU
7005,Alattambadi (HALT),ATB,HG3,TRICHY,SR,THIRUVARUR,TAMIL NADU
7006,Ammanur (HALT),AMNR,HG3,TRICHY,SR,THIRUVARUR,TAMIL NADU
7007,Andampallam (HALT),AND,HG3,TRICHY,SR,TIRUVANNAMALAI,TAMIL NADU
7008,Andanappettai (HALT),APE,HG3,TRICHY,SR,NAGAPATTINAM,TAMIL NADU
7009,Ayandur (HALT),AYD,HG3,TRICHY,SR,VILLUPURAM,TAMIL NADU
7010,Ayyampet (HALT),AZP,HG3,TRICHY,SR,THANJAVUR,TAMIL NADU
7011,Capper quarry (HALT),CQS,HG3,TRICHY,SR,CUDDALORE,TAMIL NADU
7012,Ichchangadu (HALT),ICGH,HG3,TRICHY,SR,ARIYALUR,TAMIL NADU
7013,Kandanur puduvayal (HALT),KNPL,HG3,TRICHY,SR,SIVAGANGA,TAMIL NADU
7014,Kattur (HALT),KTTR,HG3,TRICHY,SR,TIRUCHIRAPPALLI,TAMIL NADU
7015,Koyilvenni (HALT),KYV,HG3,TRICHY,SR,THIRUVARUR,TAMIL NADU
7016,Kudikadu (HALT),KXO,HG3,TRICHY,SR,THANJAVUR,TAMIL NADU
7017,Kuthur (HALT),KOQ,HG3,TRICHY,SR,NAGAPATTINAM,TAMIL NADU
7018,Madimangalam (HALT),MCL,HG3,TRICHY,SR,TIRUVANNAMALAI,TAMIL NADU
7019,Manali (HALT),MNLI,HG3,TRICHY,SR,THIRUVARUR,TAMIL NADU
7020,Mangudi (HALT),MAX,HG3,TRICHY,SR,THIRUVARUR,TAMIL NADU
7021,Mavur road (HALT),MARD,HG3,TRICHY,SR,THIRUVARUR,TAMIL NADU
7022,Muthupettai (HALT),MTT,HG3,TRICHY,SR,THIRUVARUR,TAMIL NADU
7023,Narasinganpet (HALT),NPT,HG3,TRICHY,SR,THANJAVUR,TAMIL NADU
7024,Onnupuram (HALT),OPM,HG3,TRICHY,SR,TIRUVANNAMALAI,TAMIL NADU
7025,Ottankadu (HALT),TCT,HG3,TRICHY,SR,THIRUVARUR,TAMIL NADU
7026,Pasupathikoil (HALT),PVL,HG3,TRICHY,SR,THANJAVUR,TAMIL NADU
7027,Pennathur (HALT),PNTR,HG3,TRICHY,SR,VELLORE,TAMIL NADU
7028,Punthottam Halt,POM,HG3,TRICHY,SR,THIRUVARUR,TAMIL NADU
7029,Sedarampattu (HALT),SDPT,HG3,TRICHY,SR,TIRUVANNAMALAI,TAMIL NADU
7030,Tirumalairayan Pattinam (HALT),TMPT,HG3,TRICHY,SR,KARAIKAL,PUDUCHERRY
7031,Tirumathikunnam (HALT),TMU,HG3,TRICHY,SR,THIRUVARUR,TAMIL NADU
7032,Tirunageswaram (HALT),TRM,HG3,TRICHY,SR,THANJAVUR,TAMIL NADU
7033,Tondamanpatti (HALT),TOM,HG3,TRICHY,SR,TIRUCHIRAPPALLI,TAMIL NADU
7034,Uthamar kovil (HALT),UKV,HG3,TRICHY,SR,TIRUCHIRAPPALLI,TAMIL NADU
7035,Valaramanikkam (HALT),VMM,HG3,TRICHY,SR,PUDUKKOTTAI,TAMIL NADU
7036,Vallampadugai (HALT),VMP,HG3,TRICHY,SR,CUDDALORE,TAMIL NADU
7037,Varakalpattu (HALT),VKP,HG3,TRICHY,SR,CUDDALORE,TAMIL NADU
7038,Vellur (HALT),VER,HG3,TRICHY,SR,ARIYALUR,TAMIL NADU
7039,Thanjavur jn,TJ,NSG3,TRICHY,SR,THANJAVUR,TAMIL NADU
7040,Tiruchchirappalli jn,TPJ,NSG3,TRICHY,SR,TIRUCHIRAPPALLI,TAMIL NADU
7041,Villupuram jn.,VM,NSG3,TRICHY,SR,VILLUPURAM,TAMIL NADU
7042,Kumbakonam,KMU,NSG4,TRICHY,SR,THANJAVUR,TAMIL NADU
7043,Mayiladuthurai jn.,MV,NSG4,TRICHY,SR,NAGAPATTINAM,TAMIL NADU
7044,Nagappattinam,NGT,NSG4,TRICHY,SR,NAGAPATTINAM,TAMIL NADU
7045,Puducherry,PDY,NSG4,TRICHY,SR,PONDICHERRY,PUDUCHERRY
7046,Ariyalur,ALU,NSG5,TRICHY,SR,ARIYALUR,TAMIL NADU
7047,Chidambaram,CDM,NSG5,TRICHY,SR,CUDDALORE,TAMIL NADU
7048,Cuddalore port jn.,CUPJ,NSG5,TRICHY,SR,CUDDALORE,TAMIL NADU
7049,Karaikal,KIK,NSG5,TRICHY,SR,KARAIKAL,PUDUCHERRY
7050,Lalgudi,LLI,NSG5,TRICHY,SR,TIRUCHIRAPPALLI,TAMIL NADU
7051,Mannargudi,MQ,NSG5,TRICHY,SR,THIRUVARUR,TAMIL NADU
7052,Nagore,NCR,NSG5,TRICHY,SR,NAGAPATTINAM,TAMIL NADU
7053,Nidamangalam,NMJ,NSG5,TRICHY,SR,THIRUVARUR,TAMIL NADU
7054,Papanasam (FLAG),PML,NSG5,TRICHY,SR,THANJAVUR,TAMIL NADU
7055,Sirkazhi,SY,NSG5,TRICHY,SR,NAGAPATTINAM,TAMIL NADU
7056,Srirangam,SRGM,NSG5,TRICHY,SR,TIRUCHIRAPPALLI,TAMIL NADU
7057,Thirukkovilur,TRK,NSG5,TRICHY,SR,VILLUPURAM,TAMIL NADU
7058,Thiruvarur jn.,TVR,NSG5,TRICHY,SR,THIRUVARUR,TAMIL NADU
7059,Tiruchchirappalli fort,TP,NSG5,TRICHY,SR,TIRUCHIRAPPALLI,TAMIL NADU
7060,Tiruppadirippuliyur,TDPR,NSG5,TRICHY,SR,CUDDALORE,TAMIL NADU
7061,Tiruvannamalai,TNM,NSG5,TRICHY,SR,TIRUVANNAMALAI,TAMIL NADU
7062,Tiruverumbur,TRB,NSG5,TRICHY,SR,TIRUCHIRAPPALLI,TAMIL NADU
7063,Velankanni,VLNK,NSG5,TRICHY,SR,NAGAPATTINAM,TAMIL NADU
7064,Vellore cantonment,VLR,NSG5,TRICHY,SR,VELLORE,TAMIL NADU
7065,Vriddhachalam jn.,VRI,NSG5,TRICHY,SR,CUDDALORE,TAMIL NADU
7066,Adirampattinam,AMM,NSG6,TRICHY,SR,THANJAVUR,TAMIL NADU
7067,Aduturai,ADT,NSG6,TRICHY,SR,THANJAVUR,TAMIL NADU
7068,Agaram sibbandi,AGM,NSG6,TRICHY,SR,TIRUVANNAMALAI,TAMIL NADU
7069,Agastiampalli,AGX,NSG6,TRICHY,SR,NAGAPATTINAM,TAMIL NADU
7070,Alakkudi,ALK,NSG6,TRICHY,SR,THANJAVUR,TAMIL NADU
7071,Alapakam,ALP,NSG6,TRICHY,SR,CUDDALORE,TAMIL NADU
7072,Anandatandavapuram,ANP,NSG6,TRICHY,SR,NAGAPATTINAM,TAMIL NADU
7073,Arantangi,ATQ,NSG6,TRICHY,SR,PUDUKKOTTAI,TAMIL NADU
7074,Arni road,ARV,NSG6,TRICHY,SR,TIRUVANNAMALAI,TAMIL NADU
7075,Ayingudi,AYI,NSG6,TRICHY,SR,PUDUKKOTTAI,TAMIL NADU
7076,Budalur,BAL,NSG6,TRICHY,SR,THANJAVUR,TAMIL NADU
7077,Chinnababu samudram,CBU,NSG6,TRICHY,SR,VILLUPURAM,TAMIL NADU
7078,Ichchangadu,ICG,NSG6,TRICHY,SR,ARIYALUR,TAMIL NADU
7079,Kallagam,KLGM,NSG6,TRICHY,SR,ARIYALUR,TAMIL NADU
7080,Kallakkudi palanganatham,KKPM,NSG6,TRICHY,SR,ARIYALUR,TAMIL NADU
7081,Kandambakkam,KDMD,NSG6,TRICHY,SR,VILLUPURAM,TAMIL NADU
7082,Kaniyambadi,KNB,NSG6,TRICHY,SR,VELLORE,TAMIL NADU
7083,Kannamangalam,KMM,NSG6,TRICHY,SR,VELLORE,TAMIL NADU
7084,Kille,KII,NSG6,TRICHY,SR,CUDDALORE,TAMIL NADU
7085,Kizhvelur,KVL,NSG6,TRICHY,SR,NAGAPATTINAM,TAMIL NADU
7086,Kollidam,CLN,NSG6,TRICHY,SR,NAGAPATTINAM,TAMIL NADU
7087,Koradacheri,KDE,NSG6,TRICHY,SR,THIRUVARUR,TAMIL NADU
7088,kULIKARAI,KU,NSG6,TRICHY,SR,THIRUVARUR,TAMIL NADU
7089,Kurinjipadi,KJPD,NSG6,TRICHY,SR,CUDDALORE,TAMIL NADU
7090,Kutralam,KTM,NSG6,TRICHY,SR,NAGAPATTINAM,TAMIL NADU
7091,Mambalapattu,MMP,NSG6,TRICHY,SR,VILLUPURAM,TAMIL NADU
7092,Mathur,MTUR,NSG6,TRICHY,SR,ARIYALUR,TAMIL NADU
7093,Melpattambakkam,MBU,NSG6,TRICHY,SR,CUDDALORE,TAMIL NADU
7094,Nannilam,NNM,NSG6,TRICHY,SR,THIRUVARUR,TAMIL NADU
7095,Nellikuppam,NPM,NSG6,TRICHY,SR,CUDDALORE,TAMIL NADU
7096,Neyveli,NVL,NSG6,TRICHY,SR,CUDDALORE,TAMIL NADU
7097,Ottakovil,OTK,NSG6,TRICHY,SR,ARIYALUR,TAMIL NADU
7098,Pandaravadai,PDV,NSG6,TRICHY,SR,THANJAVUR,TAMIL NADU
7099,Panruti,PRT,NSG6,TRICHY,SR,CUDDALORE,TAMIL NADU
7100,Parikkal,PRKL,NSG6,TRICHY,SR,VILLUPURAM,TAMIL NADU
7101,Pattukottai,PKT,NSG6,TRICHY,SR,THANJAVUR,TAMIL NADU
7102,Pennadam (FLAG),PNDM,NSG6,TRICHY,SR,CUDDALORE,TAMIL NADU
7103,Peralam .,PEM,NSG6,TRICHY,SR,THIRUVARUR,TAMIL NADU
7104,Peravuruni,PVI,NSG6,TRICHY,SR,THANJAVUR,TAMIL NADU
7105,Periyakottai,PYK,NSG6,TRICHY,SR,SIVAGANGA,TAMIL NADU
7106,Polur,PRL,NSG6,TRICHY,SR,TIRUVANNAMALAI,TAMIL NADU
7107,Ponmalai (golden rock),GOC,NSG6,TRICHY,SR,TIRUCHIRAPPALLI,TAMIL NADU
7108,Puduchattiram,PUC,NSG6,TRICHY,SR,CUDDALORE,TAMIL NADU
7109,Pullambadi,PMB,NSG6,TRICHY,SR,TIRUCHIRAPPALLI,TAMIL NADU
7110,Puvanur,PVN,NSG6,TRICHY,SR,CUDDALORE,TAMIL NADU
7111,Saliyamangalam,SMM,NSG6,TRICHY,SR,THANJAVUR,TAMIL NADU
7112,Sendurai,SNDI,NSG6,TRICHY,SR,ARIYALUR,TAMIL NADU
7113,Serndanur,SXR,NSG6,TRICHY,SR,VILLUPURAM,TAMIL NADU
7114,Sillakkudi,SLTH,NSG6,TRICHY,SR,PERAMBALUR,TAMIL NADU
7115,Solagampatti,SGM,NSG6,TRICHY,SR,TIRUCHIRAPPALLI,TAMIL NADU
7116,Sundaraperumal Koil,SPL,NSG6,TRICHY,SR,THANJAVUR,TAMIL NADU
7117,Talanallur,TLNR,NSG6,TRICHY,SR,CUDDALORE,TAMIL NADU
7118,Tandarai,TNI,NSG6,TRICHY,SR,TIRUVANNAMALAI,TAMIL NADU
7119,Thiruthuraiyur,TUY,NSG6,TRICHY,SR,CUDDALORE,TAMIL NADU
7120,Tillaivilagam,TAM,NSG6,TRICHY,SR,THIRUVARUR,TAMIL NADU
7121,Tiruchchirappalli town,TPTN,NSG6,TRICHY,SR,TIRUCHIRAPPALLI,TAMIL NADU
7122,Tirunelikkaval,TNK,NSG6,TRICHY,SR,THIRUVARUR,TAMIL NADU
7123,Tiruturaipundi jn.,TTP,NSG6,TRICHY,SR,THIRUVARUR,TAMIL NADU
7124,Tiruvennainallur road,TVNL,NSG6,TRICHY,SR,VILLUPURAM,TAMIL NADU
7125,Titte,TT,NSG6,TRICHY,SR,THANJAVUR,TAMIL NADU
7126,Turinjapuram,TJM,NSG6,TRICHY,SR,TIRUVANNAMALAI,TAMIL NADU
7127,Ulundurpet,ULU,NSG6,TRICHY,SR,VILLUPURAM,TAMIL NADU
7128,Uttangal mangalam,UMG,NSG6,TRICHY,SR,CUDDALORE,TAMIL NADU
7129,Vadalur,VLU,NSG6,TRICHY,SR,CUDDALORE,TAMIL NADU
7130,Vaithisvarankoil,VDL,NSG6,TRICHY,SR,NAGAPATTINAM,TAMIL NADU
7131,Valadi,VLDE,NSG6,TRICHY,SR,TIRUCHIRAPPALLI,TAMIL NADU
7132,Venkatesapuram,VKM,NSG6,TRICHY,SR,VILLUPURAM,TAMIL NADU
7133,KAVALANDE H,KVE,HG1,MYSORE,SWR,MYSURU,KARNATAKA
7134,ARALAGUPPE H,ARGP,HG2,MYSORE,SWR,TUMAKURU,KARNATAKA
7135,ARJUNAHALLI H,ARNH,HG2,MYSORE,SWR,MYSURU,KARNATAKA
7136,BADANAGUPPE H,BDGP,HG2,MYSORE,SWR,CHAMARAJANAGARA,KARNATAKA
7137,BANA SHANKARI H,BNK,HG2,MYSORE,SWR,TUMAKURU,KARNATAKA
7138,BIRAHALLI H,BRBL,HG2,MYSORE,SWR,MANDYA,KARNATAKA
7139,CHINNADAGUDIHUNDI H,CGHD,HG2,MYSORE,SWR,MYSURU,KARNATAKA
7140,DORNAHALLI,DOY,HG2,MYSORE,SWR,MYSURU,KARNATAKA
7141,HAMPAPURA,HPA,HG2,MYSORE,SWR,MYSURU,KARNATAKA
7142,KONANUR H,KRNU,HG2,MYSORE,SWR,MYSURU,KARNATAKA
7143,KRISHNARAJASAGARA,KJS,HG2,MYSORE,SWR,MANDYA,KARNATAKA
7144,NARASAMBUDHI H,NBU,HG2,MYSORE,SWR,MYSURU,KARNATAKA
7145,SHIVAMOGGA H.,SME,HG2,MYSORE,SWR,SHIVAMOGGA,KARNATAKA
7146,SHRI SHARADA NAGAR,SSNH,HG2,MYSORE,SWR,TUMAKURU,KARNATAKA
7147,SRAVANUR H,SRVN,HG2,MYSORE,SWR,HASSAN,KARNATAKA
7148,SUJATAPURAM H,SJPM,HG2,MYSORE,SWR,MYSURU,KARNATAKA
7149,TANDAVAPURA H,TXM,HG2,MYSORE,SWR,MYSURU,KARNATAKA
7150,ADDERI H,AEX,HG3,MYSORE,SWR,SHIVAMOGGA,KARNATAKA
7151,ADIHALLI,ADHL,HG3,MYSORE,SWR,HASSAN,KARNATAKA
7152,ANNECHAKANAHALLI H,ANC,HG3,MYSORE,SWR,HASSAN,KARNATAKA
7153,ARABAGATTA HALT,ABGT,HG3,MYSORE,SWR,CHITRADURGA,KARNATAKA
7154,ARASALU H,ARU,HG3,MYSORE,SWR,SHIVAMOGGA,KARNATAKA
7155,BAJAKARE H,BAJE,HG3,MYSORE,SWR,DAKSHINA KANNADA,KARNATAKA
7156,BETTADNAGENHALLI H,BTGH,HG3,MYSORE,SWR,CHITRADURGA,KARNATAKA
7157,BISALEHALLI,BLHI,HG3,MYSORE,SWR,CHIKKAMAGALURU,KARNATAKA
7158,CHANDRAGIRI KOPPAL H,CGKR,HG3,MYSORE,SWR,MANDYA,KARNATAKA
7159,CHIKKANDAWADI H,CKVD,HG3,MYSORE,SWR,CHITRADURGA,KARNATAKA
7160,HANUMANAHALI H,HNH,HG3,MYSORE,SWR,DAVANGERE,KARNATAKA
7161,HARNAHALLI H,HNHL,HG3,MYSORE,SWR,DAVANGERE,KARNATAKA
7162,KALLUR YEDAHALLI H,KLYH,HG3,MYSORE,SWR,MYSURU,KARNATAKA
7163,KANIURU H,KNYR,HG3,MYSORE,SWR,DAKSHINA KANNADA,KARNATAKA
7164,KANIVEHALLI,KNVH,HG3,MYSORE,SWR,CHIKKAMAGALURU,KARNATAKA
7165,KENCHANALU H,KCLA,HG3,MYSORE,SWR,SHIVAMOGGA,KARNATAKA
7166,KODIMBALA H,KDBA,HG3,MYSORE,SWR,DAKSHINA KANNADA,KARNATAKA
7167,KONAGAVALLI H,KGVE,HG3,MYSORE,SWR,SHIVAMOGGA,KARNATAKA
7168,KORANAHALLI H,KRNH,HG3,MYSORE,SWR,CHIKKAMAGALURU,KARNATAKA
7169,MARIYAL G VADI,MRLA,HG3,MYSORE,SWR,CHAMARAJANAGARA,KARNATAKA
7170,NULENURU H,NLNR,HG3,MYSORE,SWR,CHITRADURGA,KARNATAKA
7171,MYSURU JN.,MYS,NSG2,MYSORE,SWR,MYSURU,KARNATAKA
7172,DAVANGERE,DVG,NSG3,MYSORE,SWR,DAVANGERE,KARNATAKA
7173,ARSIKERE JN.,ASK,NSG4,MYSORE,SWR,HASSAN,KARNATAKA
7174,BIRUR JN.,RRB,NSG4,MYSORE,SWR,CHIKKAMAGALURU,KARNATAKA
7175,CHAMARAJANAGAR,CMNR,NSG4,MYSORE,SWR,CHAMARAJANAGARA,KARNATAKA
7176,HARIHAR,HRR,NSG4,MYSORE,SWR,DAVANGERE,KARNATAKA
7177,HASSAN,HAS,NSG4,MYSORE,SWR,HASSAN,KARNATAKA
7178,NANAJANGUD TOWN,NTW,NSG4,MYSORE,SWR,MYSURU,KARNATAKA
7179,SAGAR-JAMBAGARU,SRF,NSG4,MYSORE,SWR,SHIVAMOGGA,KARNATAKA
7180,SHIVAMOGGA TOWN,SMET,NSG4,MYSORE,SWR,SHIVAMOGGA,KARNATAKA
7181,SHRIRANGAPATTANA,S,NSG4,MYSORE,SWR,MANDYA,KARNATAKA
7182,SUBRAHMANYA ROAD,SBHR,NSG4,MYSORE,SWR,DAKSHINA KANNADA,KARNATAKA
7183,BHADRAVATI,BDVT,NSG5,MYSORE,SWR,SHIVAMOGGA,KARNATAKA
7184,CHAMARAJAPURAM,CMJ,NSG5,MYSORE,SWR,MYSURU,KARNATAKA
7185,CHIKJAJUR JN.,JRU,NSG5,MYSORE,SWR,CHITRADURGA,KARNATAKA
7186,CHIKKAMAGALURU,CMGR,NSG5,MYSORE,SWR,CHIKKAMAGALURU,KARNATAKA
7187,CHITRADURG,CTA,NSG5,MYSORE,SWR,CHITRADURGA,KARNATAKA
7188,HOLE NARSIPUR,HLN,NSG5,MYSORE,SWR,HASSAN,KARNATAKA
7189,KABAKAPUTTUR,KBPR,NSG5,MYSORE,SWR,DAKSHINA KANNADA,KARNATAKA
7190,KADUR,DRU,NSG5,MYSORE,SWR,CHIKKAMAGALURU,KARNATAKA
7191,KRISHNARAJANAGAR,KRNR,NSG5,MYSORE,SWR,MYSURU,KARNATAKA
7192,MMAILARA HAVERI,HVR,NSG5,MYSORE,SWR,HAVERI,KARNATAKA
7193,PANDAVAPURA,PANP,NSG5,MYSORE,SWR,MANDYA,KARNATAKA
7194,RANIBENNUR,RNR,NSG5,MYSORE,SWR,HAVERI,KARNATAKA
7195,TALGUPPA,TLGP,NSG5,MYSORE,SWR,SHIVAMOGGA,KARNATAKA
7196,TARIKERE,TKE,NSG5,MYSORE,SWR,CHIKKAMAGALURU,KARNATAKA
7197,TIPTUR,TTR,NSG5,MYSORE,SWR,TUMAKURU,KARNATAKA
7198,AJJAMPUR,AJP,NSG6,MYSORE,SWR,CHIKKAMAGALURU,KARNATAKA
7199,AKKIHEBBALU,AKK,NSG6,MYSORE,SWR,MANDYA,KARNATAKA
7200,AMARAVATHI CLNY,AVC,NSG6,MYSORE,SWR,DAVANGERE,KARNATAKA
7201,AMMASANDRA,AMSA,NSG6,MYSORE,SWR,TUMAKURU,KARNATAKA
7202,AMRITAPURA,AMC,NSG6,MYSORE,SWR,CHITRADURGA,KARNATAKA
7203,ANANDAPURAM H,ANF,NSG6,MYSORE,SWR,SHIVAMOGGA,KARNATAKA
7204,ASHOKAPURAM,AP,NSG6,MYSORE,SWR,MYSURU,KARNATAKA
7205,BAGESHAPURA,BGPA,NSG6,MYSORE,SWR,HASSAN,KARNATAKA
7206,BALENAHALLI,BAHI,NSG6,MYSORE,SWR,CHITRADURGA,KARNATAKA
7207,BALLEKERE H.,BLKR,NSG6,MYSORE,SWR,CHIKKAMAGALURU,KARNATAKA
7208,BANASANDRA,BSN,NSG6,MYSORE,SWR,TUMAKURU,KARNATAKA
7209,BANAVAR,BVR,NSG6,MYSORE,SWR,HASSAN,KARNATAKA
7210,BANTAWALA,BNTL,NSG6,MYSORE,SWR,DAKSHINA KANNADA,KARNATAKA
7211,BELAGULA,BLGA,NSG6,MYSORE,SWR,MANDYA,KARNATAKA
7212,BENNEHALLI,BEHI,NSG6,MYSORE,SWR,DAVANGERE,KARNATAKA
7213,BOMMAGUNDANAKERE,BOMN,NSG6,MYSORE,SWR,CHITRADURGA,KARNATAKA
7214,BYADGI,BYD,NSG6,MYSORE,SWR,HAVERI,KARNATAKA
7215,BYADRAHALLI,BDRL,NSG6,MYSORE,SWR,BENGALURU URBAN,KARNATAKA
7216,CHALGERI,CLI,NSG6,MYSORE,SWR,HAVERI,KARNATAKA
7217,CHALLAKERE,CHKE,NSG6,MYSORE,SWR,CHITRADURGA,KARNATAKA
7218,DEVANUR,VNR,NSG6,MYSORE,SWR,CHIKKAMAGALURU,KARNATAKA
7219,DEVARGUDDA,DAD,NSG6,MYSORE,SWR,HAVERI,KARNATAKA
7220,HABANGHATTA,HHT,NSG6,MYSORE,SWR,HASSAN,KARNATAKA
7221,HALIYURU H,HLV,NSG6,MYSORE,SWR,CHITRADURGA,KARNATAKA
7222,HARAPANAHALLI,HPHI,NSG6,MYSORE,SWR,DAVANGERE,KARNATAKA
7223,HOLALKERE,HLK,NSG6,MYSORE,SWR,CHITRADURGA,KARNATAKA
7224,HONNAVALLI ROAD,HVL,NSG6,MYSORE,SWR,TUMAKURU,KARNATAKA
7225,HOSA AGRAHARA,HAH,NSG6,MYSORE,SWR,MYSURU,KARNATAKA
7226,HOSADURGA ROAD,HSD,NSG6,MYSORE,SWR,CHITRADURGA,KARNATAKA
7227,KADAKOLA,KDO,NSG6,MYSORE,SWR,MYSURU,KARNATAKA
7228,KARDI,RDI,NSG6,MYSORE,SWR,TUMAKURU,KARNATAKA
7229,KODAGANUR,KAG,NSG6,MYSORE,SWR,DAVANGERE,KARNATAKA
7230,KUMSI H,KMSI,NSG6,MYSORE,SWR,SHIVAMOGGA,KARNATAKA
7231,MANDAGERE,MGF,NSG6,MYSORE,SWR,MANDYA,KARNATAKA
7232,MASARAHALLI,MSS,NSG6,MYSORE,SWR,SHIVAMOGGA,KARNATAKA
7233,MAVINKERE,MVC,NSG6,MYSORE,SWR,HASSAN,KARNATAKA
7234,MAYAKONDA,MYK,NSG6,MYSORE,SWR,DAVANGERE,KARNATAKA
7235,MOLAKALMURU,MOMU,NSG6,MYSORE,SWR,CHITRADURGA,KARNATAKA
7236,NAGANAHALLI,NHY,NSG6,MYSORE,SWR,MANDYA,KARNATAKA
7237,NAGAVANGALA,NVF,NSG6,MYSORE,SWR,CHIKKAMAGALURU,KARNATAKA
7238,NARIMOGARU,NRJ,NSG6,MYSORE,SWR,DAKSHINA KANNADA,KARNATAKA
7239,NERALAKATTE H,NRF,NSG6,MYSORE,SWR,DAKSHINA KANNADA,KARNATAKA
7240,RAMAGIRI,RGI,NSG6,MYSORE,SWR,CHITRADURGA,KARNATAKA
7241,SAGARAKATTE,STE,NSG6,MYSORE,SWR,MYSURU,KARNATAKA
7242,SAKHARAYAPATNA,SHYP,NSG6,MYSORE,SWR,CHIKKAMAGALURU,KARNATAKA
7243,SAKLESHPUR,SKLR,NSG6,MYSORE,SWR,HASSAN,KARNATAKA
7244,SASALU,SLU,NSG6,MYSORE,SWR,CHITRADURGA,KARNATAKA
7245,SHIVANI,SHV,NSG6,MYSORE,SWR,CHIKKAMAGALURU,KARNATAKA
7246,SIVAPUR,SPV,NSG6,MYSORE,SWR,CHIKKAMAGALURU,KARNATAKA
7247,TALAKU,THKU,NSG6,MYSORE,SWR,CHITRADURGA,KARNATAKA
7248,TELIGI,TLGI,NSG6,MYSORE,SWR,DAVANGERE,KARNATAKA
7249,TOLAHUNSE,THN,NSG6,MYSORE,SWR,DAVANGERE,KARNATAKA
7250,YEDAMANGALA H,YDM,NSG6,MYSORE,SWR,DAKSHINA KANNADA,KARNATAKA
7251,BELANDUR ROAD HALT,BLRR,HG2,BENGALORE CITY,SWR,BENGALURU RURAL,KARNATAKA
7252,BEML NAGAR HALT,BEML,HG2,BENGALORE CITY,SWR,KOLAR,KARNATAKA
7253,BHAIRANAYAKANA HALLI HALT,BNKH,HG2,BENGALORE CITY,SWR,CHIKKABALLAPURA,KARNATAKA
7254,DOBBESPET HALT,DBS,HG2,BENGALORE CITY,SWR,CHIKKABALLAPURA,KARNATAKA
7255,HEGGERE HALT,HEI,HG2,BENGALORE CITY,SWR,TUMAKURU,KARNATAKA
7256,HOODI HALT,HDIH,HG2,BENGALORE CITY,SWR,BENGALURU URBAN,KARNATAKA
7257,JNANABHARATHI HALT,GNB,HG2,BENGALORE CITY,SWR,BENGALURU RURAL,KARNATAKA
7258,KODIGEHALLI HALT,KDGH,HG2,BENGALORE CITY,SWR,BENGALURU RURAL,KARNATAKA
7259,KRISHNADEVARAYA HALT,KNDV,HG2,BENGALORE CITY,SWR,BENGALURU RURAL,KARNATAKA
7260,MUDDALINGANAHALLI HALT,MDLL,HG2,BENGALORE CITY,SWR,CHIKKABALLAPURA,KARNATAKA
7261,MUTTAMPATTI HALT,MPC,HG2,BENGALORE CITY,SWR,DHARMAPURI,TAMIL NADU
7262,SOLADEVANAHALLI,SDVL,HG2,BENGALORE CITY,SWR,CBP,KARNATAKA
7263,AVATIHALLI HALT,AVT,HG3,BENGALORE CITY,SWR,CHIKKABALLAPURA,KARNATAKA
7264,BETTAHALSOOR HALT,TLS,HG3,BENGALORE CITY,SWR,CHIKKABALLAPURA,KARNATAKA
7265,BYATARAYANAHALLI HALT,BFW,HG3,BENGALORE CITY,SWR,KOLAR,KARNATAKA
7266,CHINNAKOTE HALT,CNKH,HG3,BENGALORE CITY,SWR,KOLAR,KARNATAKA
7267,DALSANUR HALT,DNU,HG3,BENGALORE CITY,SWR,KOLAR,KARNATAKA
7268,DODANAATA HALT,DTT,HG3,BENGALORE CITY,SWR,CHIKKABALLAPURA,KARNATAKA
7269,DODJALA HALT,DJL,HG3,BENGALORE CITY,SWR,CHIKKABALLAPURA,KARNATAKA
7270,GIDNAHALLI HALT,GDH,HG3,BENGALORE CITY,SWR,CHIKKABALLAPURA,KARNATAKA
7271,HUDUKULA HALT,HUD,HG3,BENGALORE CITY,SWR,KOLAR,KARNATAKA
7272,HUNASENAHALLI HALT,HUN,HG3,BENGALORE CITY,SWR,KOLAR,KARNATAKA
7273,JANAGHATTA HALT,GJT,HG3,BENGALORE CITY,SWR,KOLAR,KARNATAKA
7274,KAMASAMUDRAM HALT,KSM H,HG3,BENGALORE CITY,SWR,KOLAR,KARNATAKA
7275,KETOHALLI HALT,KHLL,HG3,BENGALORE CITY,SWR,BENGALURU RURAL,KARNATAKA
7276,KOTACHERUVU HALT,KTCR H,HG3,BENGALORE CITY,SWR,ANANTAPUR,ANDHRA PRADESH
7277,MARALAHALLI,MZV,HG3,BENGALORE CITY,SWR,KOLAR,KARNATAKA
7278,NANDI HALT,NDY,HG3,BENGALORE CITY,SWR,CHIKKABALLAPURA,KARNATAKA
7279,SEMMANDAPPATTI HALT,SMDT,HG3,BENGALORE CITY,SWR,SALEM,TAMIL NADU
7280,SOMESWARA HALT,SMWA,HG3,BENGALORE CITY,SWR,CHIKKABALLAPURA,KARNATAKA
7281,THURANDAHALLI HALT,GKV,HG3,BENGALORE CITY,SWR,KOLAR,KARNATAKA
7282,VARADAPURA,VRDP,HG3,BENGALORE CITY,SWR,KOLAR,KARNATAKA
7283,VENKATAGIRIKOTE HALT,VTE,HG3,BENGALORE CITY,SWR,CHIKKABALLAPURA,KARNATAKA
7284,VIDURASWATTHA HALT,VWA,HG3,BENGALORE CITY,SWR,CHIKKABALLAPURA,KARNATAKA
7285,KSR BENGALURU,SBC,NSG1,BENGALORE CITY,SWR,BENGALURU URBAN,KARNATAKA
7286,YESVANTPUR,YPR,NSG2,BENGALORE CITY,SWR,BENGALURU URBAN,KARNATAKA
7287,BANGALORE CANTONMENT,BNC,NSG3,BENGALORE CITY,SWR,BENGALURU URBAN,KARNATAKA
7288,BANGARPET,BWT,NSG3,BENGALORE CITY,SWR,KOLAR,KARNATAKA
7289,KENGERI,KGI,NSG3,BENGALORE CITY,SWR,BENGALURU RURAL,KARNATAKA
7290,KRISHNARAJPURAM,KJM,NSG3,BENGALORE CITY,SWR,BENGALURU URBAN,KARNATAKA
7291,MANDYA,MYA,NSG3,BENGALORE CITY,SWR,MANDYA,KARNATAKA
7292,CHANNAPATNA,CPT,NSG4,BENGALORE CITY,SWR,BENGALURU RURAL,KARNATAKA
7293,HINDUPUR,HUP,NSG4,BENGALORE CITY,SWR,ANANTAPUR,ANDHRA PRADESH
7294,HOSUR,HSRA,NSG4,BENGALORE CITY,SWR,KRISHNAGIRI,TAMIL NADU
7295,KUPPAM,KPN,NSG4,BENGALORE CITY,SWR,CHITTOOR,ANDHRA PRADESH
7296,MALUR,MLO,NSG4,BENGALORE CITY,SWR,KOLAR,KARNATAKA
7297,RAMANAGARAM,RMGM,NSG4,BENGALORE CITY,SWR,BENGALURU RURAL,KARNATAKA
7298,SATHYA SAI PRASANTI NILAYAM,SSPN,NSG4,BENGALORE CITY,SWR,ANANTAPUR,ANDHRA PRADESH
7299,TUMAKURU,TK,NSG4,BENGALORE CITY,SWR,TUMAKURU,KARNATAKA
7300,WHITEFIELD,WFD,NSG4,BENGALORE CITY,SWR,BENGALURU RURAL,KARNATAKA
7301,YELAHANKA,YNK,NSG4,BENGALORE CITY,SWR,BENGALURU RURAL,KARNATAKA
7302,BAIYYAPPANAHALLI,BYPL,NSG5,BENGALORE CITY,SWR,BENGALURU URBAN,KARNATAKA
7303,BANASWADI,BAND,NSG5,BENGALORE CITY,SWR,BENGALURU URBAN,KARNATAKA
7304,BANGALORE EAST,BNCE,NSG5,BENGALORE CITY,SWR,BENGALURU URBAN,KARNATAKA
7305,BIDADI,BID,NSG5,BENGALORE CITY,SWR,BENGALURU RURAL,KARNATAKA
7306,CHAMPION,CHU,NSG5,BENGALORE CITY,SWR,KOLAR,KARNATAKA
7307,CHIKBANAVAR,BAW,NSG5,BENGALORE CITY,SWR,BENGALURU RURAL,KARNATAKA
7308,COROMANDEL,COL,NSG5,BENGALORE CITY,SWR,KOLAR,KARNATAKA
7309,DHARMAPURI,DPJ,NSG5,BENGALORE CITY,SWR,DHARMAPURI,TAMIL NADU
7310,DODBALLAPUR,DBU,NSG5,BENGALORE CITY,SWR,CHIKKABALLAPURA,KARNATAKA
7311,GAURIBIDANUR,GBD,NSG5,BENGALORE CITY,SWR,CHIKKABALLAPURA,KARNATAKA
7312,KARMELARAM,CRLM,NSG5,BENGALORE CITY,SWR,BENGALURU RURAL,KARNATAKA
7313,MADDUR,MAD,NSG5,BENGALORE CITY,SWR,MANDYA,KARNATAKA
7314,MALLESWARAM,MWM,NSG5,BENGALORE CITY,SWR,BENGALURU RURAL,KARNATAKA
7315,NAYANDAHALLI,NYH,NSG5,BENGALORE CITY,SWR,BENGALURU RURAL,KARNATAKA
7316,OORGAUM,OGM,NSG5,BENGALORE CITY,SWR,KOLAR,KARNATAKA
7317,PENUKONDA,PKD,NSG5,BENGALORE CITY,SWR,ANANTAPUR,ANDHRA PRADESH
7318,TYAKAL,TCL,NSG5,BENGALORE CITY,SWR,KOLAR,KARNATAKA
7319,ANEKAL ROAD,AEK,NSG6,BENGALORE CITY,SWR,BENGALURU RURAL,KARNATAKA
7320,B G NAGAR,BGNR,NSG6,BENGALORE CITY,SWR,MANDYA,KARNATAKA
7321,BASAMPALLE,BSPL,NSG6,BENGALORE CITY,SWR,ANANTAPUR,ANDHRA PRADESH
7322,BISANATHAM,BSM,NSG6,BENGALORE CITY,SWR,KOLAR,KARNATAKA
7323,CHAKARLAPALLI,CPL,NSG6,BENGALORE CITY,SWR,ANANTAPUR,ANDHRA PRADESH
7324,CHANNASANDRA,CSDR,NSG6,BENGALORE CITY,SWR,BENGALURU URBAN,KARNATAKA
7325,CHENNARAYANAPATNA,CNPA,NSG6,BENGALORE CITY,SWR,HASSAN,KARNATAKA
7326,CHIKBALLAPUR,CBP,NSG6,BENGALORE CITY,SWR,CHIKKABALLAPURA,KARNATAKA
7327,CHINTAMANI,CMY,NSG6,BENGALORE CITY,SWR,CHIKKABALLAPURA,KARNATAKA
7328,DEVANAHALLI,DHL,NSG6,BENGALORE CITY,SWR,CHIKKABALLAPURA,KARNATAKA
7329,DEVARAPALLI,DPE,NSG6,BENGALORE CITY,SWR,ANANTAPUR,ANDHRA PRADESH
7330,DEVNGONTHI,DKN,NSG6,BENGALORE CITY,SWR,CHIKKABALLAPURA,KARNATAKA
7331,DODBELE,DBL,NSG6,BENGALORE CITY,SWR,BENGALURU URBAN,KARNATAKA
7332,GOLHALLI,GHL,NSG6,BENGALORE CITY,SWR,CHIKKABALLAPURA,KARNATAKA
7333,GUBBI,GBB,NSG6,BENGALORE CITY,SWR,TUMAKURU,KARNATAKA
7334,GUDUPALLI,GDP,NSG6,BENGALORE CITY,SWR,CHITTOOR,ANDHRA PRADESH
7335,HANAKERE,HNK,NSG6,BENGALORE CITY,SWR,MANDYA,KARNATAKA
7336,HEBBAL,HEB,NSG6,BENGALORE CITY,SWR,BENGALURU URBAN,KARNATAKA
7337,HEELALIGE,HLE,NSG6,BENGALORE CITY,SWR,BENGALURU RURAL,KARNATAKA
7338,HEJJALA,HJL,NSG6,BENGALORE CITY,SWR,BENGALURU RURAL,KARNATAKA
7339,HIREHALLI,HHL,NSG6,BENGALORE CITY,SWR,TUMAKURU,KARNATAKA
7340,HIRISAVE,HISE,NSG6,BENGALORE CITY,SWR,HASSAN,KARNATAKA
7341,KARUVALLI,KVLR,NSG6,BENGALORE CITY,SWR,SALEM,TAMIL NADU
7342,KELAMANGALAM,KMLM,NSG6,BENGALORE CITY,SWR,DHARMAPURI,TAMIL NADU
7343,KOLAR,KQZ,NSG6,BENGALORE CITY,SWR,KOLAR,KARNATAKA
7344,KUNIGAL,KIGL,NSG6,BENGALORE CITY,SWR,BENGALURU RURAL,KARNATAKA
7345,KYATSANDRA,KIAT,NSG6,BENGALORE CITY,SWR,TUMAKURU,KARNATAKA
7346,LOTTEGOLHALLI HALT,LOGH,NSG6,BENGALORE CITY,SWR,BENGALURU URBAN,KARNATAKA
7347,MAKALIDURGA,MKL,NSG6,BENGALORE CITY,SWR,CHIKKABALLAPURA,KARNATAKA
7348,MAKKAJIPALLI,MKJ,NSG6,BENGALORE CITY,SWR,ANANTAPUR,ANDHRA PRADESH
7349,MALLASANDRA,MLSA,NSG6,BENGALORE CITY,SWR,TUMAKURU,KARNATAKA
7350,MALUGUR,MLU,NSG6,BENGALORE CITY,SWR,ANANTAPUR,ANDHRA PRADESH
7351,MARANAYAKANAHALLI,MNKH,NSG6,BENGALORE CITY,SWR,BENGALURU RURAL,KARNATAKA
7352,MARANDAHALLI,MZU,NSG6,BENGALORE CITY,SWR,DHARMAPURI,TAMIL NADU
7353,MARIKUPPAM,MKM,NSG6,BENGALORE CITY,SWR,KOLAR,KARNATAKA
7354,MULANUR,MAR,NSG6,BENGALORE CITY,SWR,CHITTOOR,ANDHRA PRADESH
7355,NAGASAMUDRAM,NGM,NSG6,BENGALORE CITY,SWR,ANANTAPUR,ANDHRA PRADESH
7356,NARAYANAPURAM,NRYP,NSG6,BENGALORE CITY,SWR,ANANTAPUR,ANDHRA PRADESH
7357,NELAMANGALA,NMGA,NSG6,BENGALORE CITY,SWR,BENGALURU URBAN,KARNATAKA
7358,NIDAVANDA,NDV,NSG6,BENGALORE CITY,SWR,CHIKKABALLAPURA,KARNATAKA
7359,NITTUR,NTR,NSG6,BENGALORE CITY,SWR,TUMAKURU,KARNATAKA
7360,ODDARAHALLI,ORH,NSG6,BENGALORE CITY,SWR,CHIKKABALLAPURA,KARNATAKA
7361,PALAKKODU,PCV,NSG6,BENGALORE CITY,SWR,DHARMAPURI,KARNATAKA
7362,PATCHUR,PU,NSG6,BENGALORE CITY,SWR,TIRUVANNAMALAI,TAMIL NADU
7363,PERIYANAGATHUNAI,PRNT,NSG6,BENGALORE CITY,SWR,KRISHNAGIRI,TAMIL NADU
7364,RAJANKUNTI,RNN,NSG6,BENGALORE CITY,SWR,CHIKKABALLAPURA,KARNATAKA
7365,RANGEPALLI,REPI,NSG6,BENGALORE CITY,SWR,ANANTAPUR,ANDHRA PRADESH
7366,RAYAKKOTTAI,RYC,NSG6,BENGALORE CITY,SWR,DHARMAPURI,TAMIL NADU
7367,SAMPIGE ROAD,SPGR,NSG6,BENGALORE CITY,SWR,TUMAKURU,KARNATAKA
7368,SAMUDHRAVALLI,DSVS,NSG6,BENGALORE CITY,SWR,HASSAN,KARNATAKA
7369,SETTIHALLI,SET,NSG6,BENGALORE CITY,SWR,BENGALURU RURAL,KARNATAKA
7370,SHANTHIGRAMA,SIGA,NSG6,BENGALORE CITY,SWR,HASSAN,KARNATAKA
7371,SHRAVANABELAGOLA,SBGA,NSG6,BENGALORE CITY,SWR,HASSAN,KARNATAKA
7372,SIDLAGHATTA,IDT,NSG6,BENGALORE CITY,SWR,CHIKKABALLAPURA,KARNATAKA
7373,SIR M VISVESVARAYA (T) BENGALURU,SMVB,NSG6,BENGALORE CITY,SWR,BENGALURU URBAN,KARNATAKA
7374,SIVADI,SZV,NSG6,BENGALORE CITY,SWR,DHARMAPURI,TAMIL NADU
7375,SOLUR,SOLR,NSG6,BENGALORE CITY,SWR,CHIKKABALLAPURA,KARNATAKA
7376,SOMANAYAKANAPATTI,SKPT,NSG6,BENGALORE CITY,SWR,TIRUVANNAMALAI,TAMIL NADU
7377,SRINIVASPURA,SVS,NSG6,BENGALORE CITY,SWR,KOLAR,KARNATAKA
7378,THONDEBHAVI,TDV,NSG6,BENGALORE CITY,SWR,CHIKKABALLAPURA,KARNATAKA
7379,TIPPASANDRA,TASA,NSG6,BENGALORE CITY,SWR,BENGALURU RURAL,KARNATAKA
7380,TOPPUR,TPP,NSG6,BENGALORE CITY,SWR,SALEM,TAMIL NADU
7381,YEDIYURU,YY,NSG6,BENGALORE CITY,SWR,BENGALURU RURAL,KARNATAKA
7382,YELIYUR,Y,NSG6,BENGALORE CITY,SWR,MANDYA,KARNATAKA
7383,GANGAVATHI,GGVT,HG1,HUBBALLI,SWR,KOPPAL,KARNATAKA
7384,BAGEWADI H,BGWD,HG2,HUBBALLI,SWR,BELAGAVI,KARNATAKA
7385,BALLARI CANTT.,BYC,HG2,HUBBALLI,SWR,BALLARI,KARNATAKA
7386,IBRAHIMPUR H,IMR,HG2,HUBBALLI,SWR,VIJAYAPURA,KARNATAKA
7387,KADLIMATTI .H,KLM,HG2,HUBBALLI,SWR,BAGALKOTE,KARNATAKA
7388,KALASA H,KALS,HG2,HUBBALLI,SWR,DHARWAD,KARNATAKA
7389,KALSUR H,KVS,HG2,HUBBALLI,SWR,HAVERI,KARNATAKA
7390,KUDALA SANGAMA ROAD,KSAR,HG2,HUBBALLI,SWR,BAGALKOTE,KARNATAKA
7391,PADNUR H,PDNR,HG2,HUBBALLI,SWR,VIJAYAPURA,KARNATAKA
7392,PARAKANHATTI H,PRKH,HG2,HUBBALLI,SWR,BELAGAVI,KARNATAKA
7393,SULERJAVALGE,SLGE,HG2,HUBBALLI,SWR,SOLAPUR,MAHARASHTRA
7394,ANGADGERI H,ANGR,HG3,HUBBALLI,SWR,VIJAYAPURA,KARNATAKA
7395,BENAL H,BENL,HG3,HUBBALLI,SWR,VIJAYAPURA,KARNATAKA
7396,BUDAGUMPA,BDGU,HG3,HUBBALLI,SWR,KOPPAL,KARNATAKA
7397,CHIKKABENAKAL,CKBK,HG3,HUBBALLI,SWR,KOPPAL,KARNATAKA
7398,CHORGI H,CHRG,HG3,HUBBALLI,SWR,VIJAYAPURA,KARNATAKA
7399,DABOLIM H,DBM,HG3,HUBBALLI,SWR,SOUTH GOA,GOA
7400,HAMPAPATNAM,HPM,HG3,HUBBALLI,SWR,BALLARI,KARNATAKA
7401,HIRE-SHELLIKERI,HESK,HG3,HUBBALLI,SWR,BAGALKOTE,KARNATAKA
7402,HITNAL H,HTNL,HG3,HUBBALLI,SWR,KOPPAL,KARNATAKA
7403,HONAGANAHALLI .H,HOH,HG3,HUBBALLI,SWR,VIJAYAPURA,KARNATAKA
7404,IDALHOND HALT,IDJ,HG3,HUBBALLI,SWR,BELAGAVI,KARNATAKA
7405,JABBALGUDDA,JBGD,HG3,HUBBALLI,SWR,KOPPAL,KARNATAKA
7406,KADRIDEVARPALLI,KRYP,HG3,HUBBALLI,SWR,ANANTAPUR,ANDHRA PRADESH
7407,KALGURKI H,KGIH,HG3,HUBBALLI,SWR,VIJAYAPURA,KARNATAKA
7408,KARATAGI,KTGG,HG3,HUBBALLI,SWR,KOPPAL,KARNATAKA
7409,KERAKALAMATTI,KKMI,HG3,HUBBALLI,SWR,BAGALKOTE,KARNATAKA
7410,KHAJJIDONI,KJDI,HG3,HUBBALLI,SWR,BAGALKOTE,KARNATAKA
7411,KUDGI H,KDGI,HG3,HUBBALLI,SWR,VIJAYAPURA,KARNATAKA
7412,KYATANAKERI ROAD H,KTK,HG3,HUBBALLI,SWR,VIJAYAPURA,KARNATAKA
7413,MALAVI,MVY,HG3,HUBBALLI,SWR,BALLARI,KARNATAKA
7414,MARIYAMANAHALLI,MMI,HG3,HUBBALLI,SWR,BALLARI,KARNATAKA
7415,NAVANAGAR HALT,NANH,HG3,HUBBALLI,SWR,BAGALKOTE,KARNATAKA
7416,SANJUJA-DA-AREYAL H,SJDA,HG3,HUBBALLI,SWR,SOUTH GOA,GOA
7417,SIDDAPUR GRAMA,SIDG,HG3,HUBBALLI,SWR,KOPPAL,KARNATAKA
7418,SITIMANI,SII,HG3,HUBBALLI,SWR,VIJAYAPURA,KARNATAKA
7419,SOMAN KATTI,SMKT,HG3,HUBBALLI,SWR,GADAG,KARNATAKA
7420,SRIRAMANAGAR H,SRNM,HG3,HUBBALLI,SWR,KOPPAL,KARNATAKA
7421,SULIKERI,SIKI,HG3,HUBBALLI,SWR,BAGALKOTE,KARNATAKA
7422,TUNGABHADRA DAM,TBDM,HG3,HUBBALLI,SWR,BALLARI,KARNATAKA
7423,YARAGOPPA H,YGA,HG3,HUBBALLI,SWR,BAGALKOTE,KARNATAKA
7424,BALLARI JN.,BAY,NSG3,HUBBALLI,SWR,BALLARI,KARNATAKA
7425,BELAGAVI,BGM,NSG3,HUBBALLI,SWR,BELAGAVI,KARNATAKA
7426,DHARWAD,DWR,NSG3,HUBBALLI,SWR,DHARWAD,KARNATAKA
7427,SSS HUBBALLI JN,UBL,NSG3,HUBBALLI,SWR,DHARWAD,KARNATAKA
7428,VASCO-DA-GAMA,VSG,NSG3,HUBBALLI,SWR,SOUTH GOA,GOA
7429,GADAG JN.,GDG,NSG4,HUBBALLI,SWR,GADAG,KARNATAKA
7430,HOSAPETE JN.,HPT,NSG4,HUBBALLI,SWR,BALLARI,KARNATAKA
7431,LONDA JN.,LD,NSG4,HUBBALLI,SWR,BELAGAVI,KARNATAKA
7432,VIJAYAPURA,BJP,NSG4,HUBBALLI,SWR,VIJAYAPURA,KARNATAKA
7433,ALMATTI,LMT,NSG5,HUBBALLI,SWR,VIJAYAPURA,KARNATAKA
7434,ALNAVAR JN.,LWR,NSG5,HUBBALLI,SWR,DHARWAD,KARNATAKA
7435,BADAMI,BDM,NSG5,HUBBALLI,SWR,BAGALKOTE,KARNATAKA
7436,BAGALKOT,BGK,NSG5,HUBBALLI,SWR,BAGALKOTE,KARNATAKA
7437,BASAVANA BAGEVADI RO,BSRX,NSG5,HUBBALLI,SWR,VIJAYAPURA,KARNATAKA
7438,GHATPRABHA,GPB,NSG5,HUBBALLI,SWR,BELAGAVI,KARNATAKA
7439,GOKAK ROAD,GKK,NSG5,HUBBALLI,SWR,BELAGAVI,KARNATAKA
7440,INDI ROAD,IDR,NSG5,HUBBALLI,SWR,VIJAYAPURA,KARNATAKA
7441,KOPPAL,KBL,NSG5,HUBBALLI,SWR,KOPPAL,KARNATAKA
7442,KUDACHI,KUD,NSG5,HUBBALLI,SWR,BELAGAVI,KARNATAKA
7443,MUNIRABAD,MRB,NSG5,HUBBALLI,SWR,KOPPAL,KARNATAKA
7444,RAYADURG,RDG,NSG5,HUBBALLI,SWR,ANANTAPUR,ANDHRA PRADESH
7445,RAYBAG,RBG,NSG5,HUBBALLI,SWR,BELAGAVI,KARNATAKA
7446,SANVORDEM CHUCH,SVM,NSG5,HUBBALLI,SWR,SOUTH GOA,GOA
7447,TORANAGALLU JN.,TNGL,NSG5,HUBBALLI,SWR,BALLARI,KARNATAKA
7448,UGAR KHURD,UGR,NSG5,HUBBALLI,SWR,BELAGAVI,KARNATAKA
7449,YALVIGI,YLG,NSG5,HUBBALLI,SWR,HAVERI,KARNATAKA
7450,AMBEWADI,AVA,NSG6,HUBBALLI,SWR,BELAGAVI,KARNATAKA
7451,ANNIGERI,NGR,NSG6,HUBBALLI,SWR,DHARWAD,KARNATAKA
7452,BALGANUR,BLR,NSG6,HUBBALLI,SWR,GADAG,KARNATAKA
7453,BANNI KOPPA,BNA,NSG6,HUBBALLI,SWR,KOPPAL,KARNATAKA
7454,BHANAPUR,BNP,NSG6,HUBBALLI,SWR,KOPPAL,KARNATAKA
7455,CANSAULIM,CSM,NSG6,HUBBALLI,SWR,SOUTH GOA,GOA
7456,CASTLE ROCK,CLR,NSG6,HUBBALLI,SWR,UTTARA KANNADA,KARNATAKA
7457,CHANDAR GOA,CNR,NSG6,HUBBALLI,SWR,SOUTH GOA,GOA
7458,CHIKODI ROAD,CKR,NSG6,HUBBALLI,SWR,BELAGAVI,KARNATAKA
7459,CHINCHLI,CNC,NSG6,HUBBALLI,SWR,BELAGAVI,KARNATAKA
7460,DAROJI,DAJ,NSG6,HUBBALLI,SWR,BALLARI,KARNATAKA
7461,DESUR,DUR,NSG6,HUBBALLI,SWR,BELAGAVI,KARNATAKA
7462,DEVARAYI,DEV,NSG6,HUBBALLI,SWR,BELAGAVI,KARNATAKA
7463,GADIGANURU,GNR,NSG6,HUBBALLI,SWR,BALLARI,KARNATAKA
7464,GINIGERA,GIN,NSG6,HUBBALLI,SWR,KOPPAL,KARNATAKA
7465,GUDGERI,GDI,NSG6,HUBBALLI,SWR,DHARWAD,KARNATAKA
7466,GULEDAGUDDA ROAD,GED,NSG6,HUBBALLI,SWR,BAGALKOTE,KARNATAKA
7467,GUNJI,GNJ,NSG6,HUBBALLI,SWR,BELAGAVI,KARNATAKA
7468,HAGARIBOMMANAHALLI,HBI,NSG6,HUBBALLI,SWR,BALLARI,KARNATAKA
7469,HARLAPUR,RLP,NSG6,HUBBALLI,SWR,GADAG,KARNATAKA
7470,HEBSUR,HBS,NSG6,HUBBALLI,SWR,DHARWAD,KARNATAKA
7471,HOLE ALUR,HLAR,NSG6,HUBBALLI,SWR,GADAG,KARNATAKA
7472,HOMBAL,HBL,NSG6,HUBBALLI,SWR,GADAG,KARNATAKA
7473,HULKOTI,LKT,NSG6,HUBBALLI,SWR,GADAG,KARNATAKA
7474,JADRAMA KUNTI,JRKT,NSG6,HUBBALLI,SWR,BAGALKOTE,KARNATAKA
7475,JUMNAL,JML,NSG6,HUBBALLI,SWR,VIJAYAPURA,KARNATAKA
7476,KALEM,KM,NSG6,HUBBALLI,SWR,SOUTH GOA,GOA
7477,KAMBARGANVI,KBI,NSG6,HUBBALLI,SWR,DHARWAD,KARNATAKA
7478,KANGINHAL,KGX,NSG6,HUBBALLI,SWR,GADAG,KARNATAKA
7479,KARAJGI,KJG,NSG6,HUBBALLI,SWR,HAVERI,KARNATAKA
7480,KHANAPUR,KNP,NSG6,HUBBALLI,SWR,BELAGAVI,KARNATAKA
7481,KOTTURU,KTY,NSG6,HUBBALLI,SWR,BALLARI,KARNATAKA
7482,KUDATINI,KDN,NSG6,HUBBALLI,SWR,BALLARI,KARNATAKA
7483,KULEM,QLM,NSG6,HUBBALLI,SWR,SOUTH GOA,GOA
7484,KUNDGOL,KNO,NSG6,HUBBALLI,SWR,DHARWAD,KARNATAKA
7485,KUSUGALL,KUG,NSG6,HUBBALLI,SWR,DHARWAD,KARNATAKA
7486,KYARKOP,KRKP,NSG6,HUBBALLI,SWR,DHARWAD,KARNATAKA
7487,LACHYAN,LHN,NSG6,HUBBALLI,SWR,VIJAYAPURA,KARNATAKA
7488,LAKHMAPUR,LKY,NSG6,HUBBALLI,SWR,BAGALKOTE,KARNATAKA
7489,MALLAPUR,MLP,NSG6,HUBBALLI,SWR,GADAG,KARNATAKA
7490,MINCHNAL,MNL,NSG6,HUBBALLI,SWR,VIJAYAPURA,KARNATAKA
7491,MUGAD,MGD,NSG6,HUBBALLI,SWR,DHARWAD,KARNATAKA
7492,MUGALOLLI H,MGL,NSG6,HUBBALLI,SWR,BAGALKOTE,KARNATAKA
7493,MULVAD,MVD,NSG6,HUBBALLI,SWR,VIJAYAPURA,KARNATAKA
7494,NAVALGUND ROAD,NVD,NSG6,HUBBALLI,SWR,DHARWAD,KARNATAKA
7495,NAVALUR,NVU,NSG6,HUBBALLI,SWR,DHARWAD,KARNATAKA
7496,NIMBAL,NBL,NSG6,HUBBALLI,SWR,VIJAYAPURA,KARNATAKA
7497,OBALAPURAM,OBM,NSG6,HUBBALLI,SWR,ANANTAPUR,ANDHRA PRADESH
7498,PACHHAPUR,PCH,NSG6,HUBBALLI,SWR,BELAGAVI,KARNATAKA
7499,SAMBRE,SXB,NSG6,HUBBALLI,SWR,BELAGAVI,KARNATAKA
7500,SANKAVAL,SKVL,NSG6,HUBBALLI,SWR,SOUTH GOA,GOA
7501,SAUNSHI,SNH,NSG6,HUBBALLI,SWR,DHARWAD,KARNATAKA
7502,SAVANUR,SVNR,NSG6,HUBBALLI,SWR,HAVERI,KARNATAKA
7503,SHEDBAL,SED,NSG6,HUBBALLI,SWR,BELAGAVI,KARNATAKA
7504,SISVINHALLI,SVHE,NSG6,HUBBALLI,SWR,DHARWAD,KARNATAKA
7505,SOMALAPURAM,SLM,NSG6,HUBBALLI,SWR,ANANTAPUR,ANDHRA PRADESH
7506,SOMPUR ROAD,SOQ,NSG6,HUBBALLI,SWR,GADAG,KARNATAKA
7507,SULADHAL,SUL,NSG6,HUBBALLI,SWR,BELAGAVI,KARNATAKA
7508,SULEBHAVI,SBH,NSG6,HUBBALLI,SWR,BELAGAVI,KARNATAKA
7509,TADWAL,TVL,NSG6,HUBBALLI,SWR,SOLAPUR,MAHARASHTRA
7510,TAVARGATTI,TVG,NSG6,HUBBALLI,SWR,BELAGAVI,KARNATAKA
7511,TINAI GHAT,TGT,NSG6,HUBBALLI,SWR,UTTARA KANNADA,KARNATAKA
7512,UNKAL,UNK,NSG6,HUBBALLI,SWR,DHARWAD,KARNATAKA
7513,VIJAYANAGAR,VJR,NSG6,HUBBALLI,SWR,SANGLI,MAHARASHTRA
7514,VYASA COLONY JN,VC,NSG6,HUBBALLI,SWR,BALLARI,KARNATAKA
7515,VYASANKERI,VYS,NSG6,HUBBALLI,SWR,BALLARI,KARNATAKA
7516,WANDAL,WDL,NSG6,HUBBALLI,SWR,VIJAYAPURA,KARNATAKA
7517,LUKWASA,LWS,HG2,BHOPAL,WCR,SHIVPURI,MADHYA PRADESH
7518,RAGHOGARH,RGG,HG2,BHOPAL,WCR,GUNA,MADHYA PRADESH
7519,CHAUHANI,CAZ,HG3,BHOPAL,WCR,SHAJAPUR,MADHYA PRADESH
7520,KHAIGAON,KHA,HG3,BHOPAL,WCR,EAST NIMAR,MADHYA PRADESH
7521,KHAJURI,KAW,HG3,BHOPAL,WCR,SHIVPURI,MADHYA PRADESH
7522,KHONKER,KCR,HG3,BHOPAL,WCR,SHIVPURI,MADHYA PRADESH
7523,RAISERJAGIR,RSJ,HG3,BHOPAL,WCR,SHIVPURI,MADHYA PRADESH
7524,RENHAT,RENH,HG3,BHOPAL,WCR,GWALIOR,MADHYA PRADESH
7525,TARAVATA,TRWT,HG3,BHOPAL,WCR,GUNA,MADHYA PRADESH
7526,UDYANKHERI,UDK,HG3,BHOPAL,WCR,RAJGARH,MADHYA PRADESH
7527,BHOPAL JN.,BPL,NSG2,BHOPAL,WCR,BHOPAL,MADHYA PRADESH
7528,RANI KAMALAPATI,RKMP,NSG2,BHOPAL,WCR,BHOPAL,MADHYA PRADESH
7529,BINA JN.,BINA,NSG3,BHOPAL,WCR,SAGAR,MADHYA PRADESH
7530,ITARSI JN.,ET,NSG3,BHOPAL,WCR,HOSHANGABAD,MADHYA PRADESH
7531,GANJ BASODA,BAQ,NSG4,BHOPAL,WCR,VIDISHA,MADHYA PRADESH
7532,GUNA,GUNA,NSG4,BHOPAL,WCR,GUNA,MADHYA PRADESH
7533,HOSHANGABAD,HBD,NSG4,BHOPAL,WCR,HOSHANGABAD,MADHYA PRADESH
7534,SANCHI,SCI,NSG4,BHOPAL,WCR,RAISEN,MADHYA PRADESH
7535,SHIVPURI,SVPI,NSG4,BHOPAL,WCR,SHIVPURI,MADHYA PRADESH
7536,VIDISHA,BHS,NSG4,BHOPAL,WCR,VIDISHA,MADHYA PRADESH
7537,ASHOK NAGAR,ASKN,NSG5,BHOPAL,WCR,ASHOKNAGAR,MADHYA PRADESH
7538,BANAPURA,BPF,NSG5,BHOPAL,WCR,HOSHANGABAD,MADHYA PRADESH
7539,BIYAVRA RAJGARH,BRRG,NSG5,BHOPAL,WCR,RAJGARH,MADHYA PRADESH
7540,CHACHAURA-BINAGANJ,CBK,NSG5,BHOPAL,WCR,RAJGARH,MADHYA PRADESH
7541,CHHANERA,CAER,NSG5,BHOPAL,WCR,EAST NIMAR,MADHYA PRADESH
7542,HARDA,HD,NSG5,BHOPAL,WCR,HARDA,MADHYA PRADESH
7543,KHIRKIYA,KKN,NSG5,BHOPAL,WCR,HARDA,MADHYA PRADESH
7544,MANDI BAMORA,MABA,NSG5,BHOPAL,WCR,SAGAR,MADHYA PRADESH
7545,MANDI DIP,MDDP,NSG5,BHOPAL,WCR,RAISEN,MADHYA PRADESH
7546,MUNGAOLI,MNV,NSG5,BHOPAL,WCR,ASHOKNAGAR,MADHYA PRADESH
7547,PACHOR ROAD,PFR,NSG5,BHOPAL,WCR,RAJGARH,MADHYA PRADESH
7548,RUTHIYAI,RTA,NSG5,BHOPAL,WCR,GUNA,MADHYA PRADESH
7549,S.HIRDARAMNAGAR,SHRN,NSG5,BHOPAL,WCR,BHOPAL,MADHYA PRADESH
7550,SHAJAPUR,SFY,NSG5,BHOPAL,WCR,SHAJAPUR,MADHYA PRADESH
7551,TIMARNI,TBN,NSG5,BHOPAL,WCR,HARDA,MADHYA PRADESH
7552,BADARWAS,BDWS,NSG6,BHOPAL,WCR,SHIVPURI,MADHYA PRADESH
7553,BARETH,BET,NSG6,BHOPAL,WCR,VIDISHA,MADHYA PRADESH
7554,BARKHERA,BKA,NSG6,BHOPAL,WCR,RAISEN,MADHYA PRADESH
7555,BARUD,BRUD,NSG6,BHOPAL,WCR,EAST NIMAR,MADHYA PRADESH
7556,BHIRINGI,BRI,NSG6,BHOPAL,WCR,HARDA,MADHYA PRADESH
7557,BIR,BIR,NSG6,BHOPAL,WCR,EAST NIMAR,MADHYA PRADESH
7558,BUDNI,BNI,NSG6,BHOPAL,WCR,SEHORE,MADHYA PRADESH
7559,CHARKHERA,CRK,NSG6,BHOPAL,WCR,HARDA,MADHYA PRADESH
7560,CHARKHERA KHURD,CKKD,NSG6,BHOPAL,WCR,EAST NIMAR,MADHYA PRADESH
7561,DAGAR KHEDI,DRHI,NSG6,BHOPAL,WCR,EAST NIMAR,MADHYA PRADESH
7562,DEWANGANJ,DWG,NSG6,BHOPAL,WCR,RAISEN,MADHYA PRADESH
7563,DHARMKUNDI,DKI,NSG6,BHOPAL,WCR,HOSHANGABAD,MADHYA PRADESH
7564,DULARIYA,DRA,NSG6,BHOPAL,WCR,HOSHANGABAD,MADHYA PRADESH
7565,GHATIGAON,GHAI,NSG6,BHOPAL,WCR,GWALIOR,MADHYA PRADESH
7566,GULABGANJ,GLG,NSG6,BHOPAL,WCR,VIDISHA,MADHYA PRADESH
7567,GUNERU BAMORI,GVB,NSG6,BHOPAL,WCR,ASHOKNAGAR,MADHYA PRADESH
7568,HINOTIA PIPALKHERA,HPKA,NSG6,BHOPAL,WCR,ASHOKNAGAR,MADHYA PRADESH
7569,KALHAR,KAH,NSG6,BHOPAL,WCR,VIDISHA,MADHYA PRADESH
7570,KANJIYA,KXB,NSG6,BHOPAL,WCR,SAGAR,MADHYA PRADESH
7571,KOLARAS,KLRS,NSG6,BHOPAL,WCR,SHIVPURI,MADHYA PRADESH
7572,KUMBHRAJ,KHRJ,NSG6,BHOPAL,WCR,GUNA,MADHYA PRADESH
7573,KURWAI-KETHORA,KIKA,NSG6,BHOPAL,WCR,VIDISHA,MADHYA PRADESH
7574,MABAN,MABN,NSG6,BHOPAL,WCR,GUNA,MADHYA PRADESH
7575,MAHADEOKHEDI,MDVK,NSG6,BHOPAL,WCR,SAGAR,MADHYA PRADESH
7576,MAHUGARHA,MUGA,NSG6,BHOPAL,WCR,GUNA,MADHYA PRADESH
7577,MATHELA,MTA,NSG6,BHOPAL,WCR,EAST NIMAR,MADHYA PRADESH
7578,MISROD,MSO,NSG6,BHOPAL,WCR,BHOPAL,MADHYA PRADESH
7579,MIYANA,MINA,NSG6,BHOPAL,WCR,GUNA,MADHYA PRADESH
7580,MOHANA,MOJ,NSG6,BHOPAL,WCR,GWALIOR,MADHYA PRADESH
7581,OBAIDULLA GANJ,ODG,NSG6,BHOPAL,WCR,RAISEN,MADHYA PRADESH
7582,ORR,ORR,NSG6,BHOPAL,WCR,ASHOKNAGAR,MADHYA PRADESH
7583,PABAI,PAI,NSG6,BHOPAL,WCR,VIDISHA,MADHYA PRADESH
7584,PADARKHEDA,PARH,NSG6,BHOPAL,WCR,SHIVPURI,MADHYA PRADESH
7585,PAGARA,PGA,NSG6,BHOPAL,WCR,GUNA,MADHYA PRADESH
7586,PAGDHAL,PGL,NSG6,BHOPAL,WCR,HOSHANGABAD,MADHYA PRADESH
7587,PALASNER,PAL,NSG6,BHOPAL,WCR,HARDA,MADHYA PRADESH
7588,PANIHAR,PNHR,NSG6,BHOPAL,WCR,GWALIOR,MADHYA PRADESH
7589,PARBANA MAU,PQU,NSG6,BHOPAL,WCR,RAJGARH,MADHYA PRADESH
7590,PILIGHAT,PIGT,NSG6,BHOPAL,WCR,ASHOKNAGAR,MADHYA PRADESH
7591,PIPRAIGAON,PIA,NSG6,BHOPAL,WCR,ASHOKNAGAR,MADHYA PRADESH
7592,POWERKHEDA,PRKD,NSG6,BHOPAL,WCR,HOSHANGABAD,MADHYA PRADESH
7593,RAHATWAS,RTWS,NSG6,BHOPAL,WCR,ASHOKNAGAR,MADHYA PRADESH
7594,RATIKHEDA,RIKA,NSG6,BHOPAL,WCR,ASHOKNAGAR,MADHYA PRADESH
7595,SALAMATPUR,SMT,NSG6,BHOPAL,WCR,RAISEN,MADHYA PRADESH
7596,SARANGPUR,SFW,NSG6,BHOPAL,WCR,RAJGARH,MADHYA PRADESH
7597,SEMAKHEDI,SRKI,NSG6,BHOPAL,WCR,SAGAR,MADHYA PRADESH
7598,SHADHORAGAON,SHDR,NSG6,BHOPAL,WCR,ASHOKNAGAR,MADHYA PRADESH
7599,SINDURIA-KACHARI,SFZ,NSG6,BHOPAL,WCR,RAJGARH,MADHYA PRADESH
7600,SUKHI SEWANIYAN,SUW,NSG6,BHOPAL,WCR,BHOPAL,MADHYA PRADESH
7601,SUMER,SUMR,NSG6,BHOPAL,WCR,VIDISHA,MADHYA PRADESH
7602,SURGAON BANJARI,SGBJ,NSG6,BHOPAL,WCR,EAST NIMAR,MADHYA PRADESH
7603,TALVADYA,TLV,NSG6,BHOPAL,WCR,EAST NIMAR,MADHYA PRADESH
7604,VIJAYPUR,VJP,NSG6,BHOPAL,WCR,GUNA,MADHYA PRADESH
7605,DAMAY,DMYA,HG2,JABALPUR,WCR,UMARIA,MADHYA PRADESH
7606,MADHAVNAGAR ROAD,MDRR,HG2,JABALPUR,WCR,KATNI,MADHYA PRADESH
7607,NEW KATNI JN.,NKJ,HG2,JABALPUR,WCR,KATNI,MADHYA PRADESH
7608,SANSARPUR,SNRR,HG2,JABALPUR,WCR,KATNI,MADHYA PRADESH
7609,SHANKARPUR BHADAURA,SKBR,HG2,JABALPUR,WCR,SINGRAULI,MADHYA PRADESH
7610,BARA,BARA,HG3,JABALPUR,WCR,SHAHDOL,MADHYA PRADESH
7611,DANGIDHAR,DGD,HG3,JABALPUR,WCR,SAGAR,MADHYA PRADESH
7612,GHUNWARA,GNWA,HG3,JABALPUR,WCR,SATNA,MADHYA PRADESH
7613,HATI,HATI,HG3,JABALPUR,WCR,SATNA,MADHYA PRADESH
7614,JUNHETA,JHT,HG3,JABALPUR,WCR,HOSHANGABAD,MADHYA PRADESH
7615,KANCHANPUR ROAD,KNC,HG3,JABALPUR,WCR,SIDHI,MADHYA PRADESH
7616,LAKHAKERA,LEK,HG3,JABALPUR,WCR,KATNI,MADHYA PRADESH
7617,JABALPUR,JBP,NSG2,JABALPUR,WCR,JABALPUR,MADHYA PRADESH
7618,KATNI JN,KTE,NSG3,JABALPUR,WCR,KATNI,MADHYA PRADESH
7619,MAIHAR,MYR,NSG3,JABALPUR,WCR,SATNA,MADHYA PRADESH
7620,REWA,REWA,NSG3,JABALPUR,WCR,REWA,MADHYA PRADESH
7621,SATNA,STA,NSG3,JABALPUR,WCR,SATNA,MADHYA PRADESH
7622,SAUGOR,SGO,NSG3,JABALPUR,WCR,SAGAR,MADHYA PRADESH
7623,DAMOH,DMO,NSG4,JABALPUR,WCR,DAMOH,MADHYA PRADESH
7624,KATNI MURWARA,KMZ,NSG4,JABALPUR,WCR,KATNI,MADHYA PRADESH
7625,NARSINGHPUR,NU,NSG4,JABALPUR,WCR,NARSINGHPUR,MADHYA PRADESH
7626,PIPARIYA,PPI,NSG4,JABALPUR,WCR,HOSHANGABAD,MADHYA PRADESH
7627,BANDAKPUR,BNU,NSG5,JABALPUR,WCR,DAMOH,MADHYA PRADESH
7628,BANKHEDI,BKH,NSG5,JABALPUR,WCR,HOSHANGABAD,MADHYA PRADESH
7629,BARGAWAN,BRGW,NSG5,JABALPUR,WCR,SINGRAULI,MADHYA PRADESH
7630,BEOHARI,BEHR,NSG5,JABALPUR,WCR,SHAHDOL,MADHYA PRADESH
7631,BINA MALKHEDI,MAKR,NSG5,JABALPUR,WCR,SAGAR,MADHYA PRADESH
7632,GADARWARA,GAR,NSG5,JABALPUR,WCR,NARSINGHPUR,MADHYA PRADESH
7633,JAITWAR,JTW,NSG5,JABALPUR,WCR,SATNA,MADHYA PRADESH
7634,KARELI,KY,NSG5,JABALPUR,WCR,NARSINGHPUR,MADHYA PRADESH
7635,KATNI SOUTH,KTES,NSG5,JABALPUR,WCR,KATNI,MADHYA PRADESH
7636,KHURAI,KYE,NSG5,JABALPUR,WCR,SAGAR,MADHYA PRADESH
7637,MADAN MAHAL,MML,NSG5,JABALPUR,WCR,JABALPUR,MADHYA PRADESH
7638,MAKRONIA,MKRN,NSG5,JABALPUR,WCR,SAGAR,MADHYA PRADESH
7639,PATHARIA,PHA,NSG5,JABALPUR,WCR,DAMOH,MADHYA PRADESH
7640,SARAIGRAM,SGAM,NSG5,JABALPUR,WCR,SINGRAULI,MADHYA PRADESH
7641,SHRIDHAM,SRID,NSG5,JABALPUR,WCR,NARSINGHPUR,MADHYA PRADESH
7642,SIHORA ROAD,SHR,NSG5,JABALPUR,WCR,JABALPUR,MADHYA PRADESH
7643,SOHAGPUR,SGP,NSG5,JABALPUR,WCR,HOSHANGABAD,MADHYA PRADESH
7644,ADHARTAL,ADTL,NSG6,JABALPUR,WCR,JABALPUR,MADHYA PRADESH
7645,AMDARA,UDR,NSG6,JABALPUR,WCR,SATNA,MADHYA PRADESH
7646,ASLANA,ANA,NSG6,JABALPUR,WCR,DAMOH,MADHYA PRADESH
7647,BAGAHAI ROAD,BGHI,NSG6,JABALPUR,WCR,SATNA,MADHYA PRADESH
7648,BAGHORA,BJQ,NSG6,JABALPUR,WCR,SAGAR,MADHYA PRADESH
7649,BAGRA TAWA,BGTA,NSG6,JABALPUR,WCR,HOSHANGABAD,MADHYA PRADESH
7650,BAKHLETA,BQQ,NSG6,JABALPUR,WCR,KATNI,MADHYA PRADESH
7651,BANSAPAHAR,BNSP,NSG6,JABALPUR,WCR,CHITRAKOOT,UTTAR PRADESH
7652,BELKHERA,BELD,NSG6,JABALPUR,WCR,NARSINGHPUR,MADHYA PRADESH
7653,BHADANPUR,BUU,NSG6,JABALPUR,WCR,SATNA,MADHYA PRADESH
7654,BHARSENDI,BSDL,NSG6,JABALPUR,WCR,SINGRAULI,MADHYA PRADESH
7655,BHERAGHAT,BRGT,NSG6,JABALPUR,WCR,JABALPUR,MADHYA PRADESH
7656,BHITONI,BHTN,NSG6,JABALPUR,WCR,JABALPUR,MADHYA PRADESH
7657,BIJAYSOTA,VST,NSG6,JABALPUR,WCR,SHAHDOL,MADHYA PRADESH
7658,BIKRAMPUR,BMR,NSG6,JABALPUR,WCR,NARSINGHPUR,MADHYA PRADESH
7659,BOHANI,BNE,NSG6,JABALPUR,WCR,NARSINGHPUR,MADHYA PRADESH
7660,CHATENI,CTJ,NSG6,JABALPUR,WCR,SHAHDOL,MADHYA PRADESH
7661,CHITAHRA,CTHR,NSG6,JABALPUR,WCR,SATNA,MADHYA PRADESH
7662,DEORAGRAM,DRGM,NSG6,JABALPUR,WCR,SINGRAULI,MADHYA PRADESH
7663,DEORI,DOE,NSG6,JABALPUR,WCR,JABALPUR,MADHYA PRADESH
7664,DUBRI KALAN,BARD,NSG6,JABALPUR,WCR,SIDHI,MADHYA PRADESH
7665,DUNDI,DDCE,NSG6,JABALPUR,WCR,JABALPUR,MADHYA PRADESH
7666,GAJARA BAHARA,GAJB,NSG6,JABALPUR,WCR,SINGRAULI,MADHYA PRADESH
7667,GANESHGANJ,GAJ,NSG6,JABALPUR,WCR,SAGAR,MADHYA PRADESH
7668,GHAT PINDRAI,GPC,NSG6,JABALPUR,WCR,NARSINGHPUR,MADHYA PRADESH
7669,GHATERA,GEA,NSG6,JABALPUR,WCR,DAMOH,MADHYA PRADESH
7670,GIRWAR,GW,NSG6,JABALPUR,WCR,SAGAR,MADHYA PRADESH
7671,GOLAPATTI,GTY,NSG6,JABALPUR,WCR,DAMOH,MADHYA PRADESH
7672,GOSALPUR,GSPR,NSG6,JABALPUR,WCR,JABALPUR,MADHYA PRADESH
7673,GURAMKHEDI,GMD,NSG6,JABALPUR,WCR,HOSHANGABAD,MADHYA PRADESH
7674,GURRA,GRO,NSG6,JABALPUR,WCR,HOSHANGABAD,MADHYA PRADESH
7675,HARDUA,HDU,NSG6,JABALPUR,WCR,KATNI,MADHYA PRADESH
7676,HINAUTA RAMBAN,HNM,NSG6,JABALPUR,WCR,SATNA,MADHYA PRADESH
7677,ISARWARA,ISH,NSG6,JABALPUR,WCR,SAGAR,MADHYA PRADESH
7678,JERUWA KHERA,JRK,NSG6,JABALPUR,WCR,SAGAR,MADHYA PRADESH
7679,JOBA,JOBA,NSG6,JABALPUR,WCR,SIDHI,MADHYA PRADESH
7680,JUKEHI,JKE,NSG6,JABALPUR,WCR,SATNA,MADHYA PRADESH
7681,KAIMA,KMA,NSG6,JABALPUR,WCR,SATNA,MADHYA PRADESH
7682,KARAK-BEL,KKB,NSG6,JABALPUR,WCR,NARSINGHPUR,MADHYA PRADESH
7683,KARHIYA-BHADELI,KYX,NSG6,JABALPUR,WCR,DAMOH,MADHYA PRADESH
7684,KATANGI KHURD,KTKD,NSG6,JABALPUR,WCR,KATNI,MADHYA PRADESH
7685,KHANNA BANJARI,KHBJ,NSG6,JABALPUR,WCR,KATNI,MADHYA PRADESH
7686,KHUTAHA,KTHA,NSG6,JABALPUR,WCR,SATNA,MADHYA PRADESH
7687,LAGARGAWAN,LGCE,NSG6,JABALPUR,WCR,SATNA,MADHYA PRADESH
7688,LIDHORA KHURD,LDA,NSG6,JABALPUR,WCR,SAGAR,MADHYA PRADESH
7689,MAHROI,MFQ,NSG6,JABALPUR,WCR,UMARIA,MADHYA PRADESH
7690,MAJHAULI,MZHL,NSG6,JABALPUR,WCR,SINGRAULI,MADHYA PRADESH
7691,MAJHGAWAN,MJG,NSG6,JABALPUR,WCR,SATNA,MADHYA PRADESH
7692,MAJHGAWANPHATAK,MJGP,NSG6,JABALPUR,WCR,KATNI,MADHYA PRADESH
7693,MARKUNDI,MKD,NSG6,JABALPUR,WCR,CHITRAKOOT,UTTAR PRADESH
7694,MARWASGRAM,MWJ,NSG6,JABALPUR,WCR,SIDHI,MADHYA PRADESH
7695,NARIAOLI,NOI,NSG6,JABALPUR,WCR,SAGAR,MADHYA PRADESH
7696,NIWAR,NWR,NSG6,JABALPUR,WCR,KATNI,MADHYA PRADESH
7697,NIWAS ROAD,NWB,NSG6,JABALPUR,WCR,SINGRAULI,MADHYA PRADESH
7698,PAKARIA ROAD,PKRD,NSG6,JABALPUR,WCR,SATNA,MADHYA PRADESH
7699,PATOHAN,PTHD,NSG6,JABALPUR,WCR,KATNI,MADHYA PRADESH
7700,PATWARA,PTWA,NSG6,JABALPUR,WCR,KATNI,MADHYA PRADESH
7701,PIPARIYA KALAN,PWK,NSG6,JABALPUR,WCR,KATNI,MADHYA PRADESH
7702,RITHI,REI,NSG6,JABALPUR,WCR,KATNI,MADHYA PRADESH
7703,SAGMA,SAGM,NSG6,JABALPUR,WCR,SATNA,MADHYA PRADESH
7704,SAGONI,SAO,NSG6,JABALPUR,WCR,DAMOH,MADHYA PRADESH
7705,SAKARIYA,SKAR,NSG6,JABALPUR,WCR,SATNA,MADHYA PRADESH
7706,SALAIA,SYA,NSG6,JABALPUR,WCR,DAMOH,MADHYA PRADESH
7707,SALHANA,SLHA,NSG6,JABALPUR,WCR,KATNI,MADHYA PRADESH
7708,SALICHAUKA ROAD,SCKR,NSG6,JABALPUR,WCR,HOSHANGABAD,MADHYA PRADESH
7709,SLEEMANABAD RAOD,SBD,NSG6,JABALPUR,WCR,KATNI,MADHYA PRADESH
7710,SONTALAI,SQL,NSG6,JABALPUR,WCR,HOSHANGABAD,MADHYA PRADESH
7711,SUMRERI,SMRR,NSG6,JABALPUR,WCR,SAGAR,MADHYA PRADESH
7712,SURASARAIGHAT-JHARA,SSGJ,NSG6,JABALPUR,WCR,SINGRAULI,MADHYA PRADESH
7713,TIKARIA,TKYR,NSG6,JABALPUR,WCR,CHITRAKOOT,UTTAR PRADESH
7714,TURKI ROAD,TZR,NSG6,JABALPUR,WCR,SATNA,MADHYA PRADESH
7715,UNCHHERA,UHR,NSG6,JABALPUR,WCR,SATNA,MADHYA PRADESH
7716,DHINDHORA-HUKMIKHEDA,DNHK,HG2,KOTA,WCR,KARAULI,RAJASTHAN
7717,CHANDRESAL,CDSL,HG3,KOTA,WCR,KOTA,RAJASTHAN
7718,CHURAMAN NAGRI,CRG,HG3,KOTA,WCR,MATHURA,UTTAR PRADESH
7719,JAICHOLI,JCU,HG3,KOTA,WCR,BHARATPUR,RAJASTHAN
7720,RANIKUND RARAH,RKR,HG3,KOTA,WCR,BHARATPUR,RAJASTHAN
7721,SALABAD,SABD,HG3,KOTA,WCR,BHARATPUR,RAJASTHAN
7722,SIKRODA MINA,SKDM,HG3,KOTA,WCR,KARAULI,RAJASTHAN
7723,KOTA JN.,KOTA,NSG2,KOTA,WCR,KOTA,RAJASTHAN
7724,BHARATPUR,BTE,NSG3,KOTA,WCR,BHARATPUR,RAJASTHAN
7725,SAWAI MADHOPUR JN.,SWM,NSG3,KOTA,WCR,SAWAI MADHOPUR,RAJASTHAN
7726,BUNDI,BUDI,NSG4,KOTA,WCR,BUNDI,RAJASTHAN
7727,DAKANIYA TALAV,DKNT,NSG4,KOTA,WCR,KOTA,RAJASTHAN
7728,GANGAPUR CITY,GGC,NSG4,KOTA,WCR,SAWAI MADHOPUR,RAJASTHAN
7729,HINDAUN CITY,HAN,NSG4,KOTA,WCR,KARAULI,RAJASTHAN
7730,RAMGANJ MANDI,RMA,NSG4,KOTA,WCR,KOTA,RAJASTHAN
7731,BARAN,BAZ,NSG5,KOTA,WCR,BARAN,RAJASTHAN
7732,BAYANA JN.,BXN,NSG5,KOTA,WCR,BHARATPUR,RAJASTHAN
7733,BHAWANI MANDI,BWM,NSG5,KOTA,WCR,JHALAWAR,RAJASTHAN
7734,CHAUMAHLA,CMU,NSG5,KOTA,WCR,JHALAWAR,RAJASTHAN
7735,CHHABRA GUGOR,CAG,NSG5,KOTA,WCR,BARAN,RAJASTHAN
7736,INDRAGARH SUMERGANJ,IDG,NSG5,KOTA,WCR,BUNDI,RAJASTHAN
7737,JHALAWAR CITY,JLWC,NSG5,KOTA,WCR,JHALAWAR,RAJASTHAN
7738,LAKHERI,LKE,NSG5,KOTA,WCR,BUNDI,RAJASTHAN
7739,SHAMGARH,SGZ,NSG5,KOTA,WCR,MANDSAUR,MADHYA PRADESH
7740,SHRI MAHAVEERJI,SMBJ,NSG5,KOTA,WCR,KARAULI,RAJASTHAN
7741,SHRI-MAHAVEERJI,SMVJ,NSG5,KOTA,WCR,KARAULI,RAJASTHAN
7742,SUWASRA,SVA,NSG5,KOTA,WCR,MANDSAUR,MADHYA PRADESH
7743,VIKRAMGARH ALOT,VMA,NSG5,KOTA,WCR,UJJAIN,MADHYA PRADESH
7744,ALNIYA,ALNI,NSG6,KOTA,WCR,KOTA,RAJASTHAN
7745,AMLI,AMLI,NSG6,KOTA,WCR,TONK,RAJASTHAN
7746,ANTAH,ATH,NSG6,KOTA,WCR,BARAN,RAJASTHAN
7747,ARNETHA,ARE,NSG6,KOTA,WCR,BUNDI,RAJASTHAN
7748,ATRU,ATRU,NSG6,KOTA,WCR,BARAN,RAJASTHAN
7749,BARUNDANI,BNDI,NSG6,KOTA,WCR,BHILWARA,RAJASTHAN
7750,BASSI BERISAL,BSSL,NSG6,KOTA,WCR,CHITTORGARH,RAJASTHAN
7751,BHONRA,BON,NSG6,KOTA,WCR,KOTA,RAJASTHAN
7752,BHULON,BLO,NSG6,KOTA,WCR,BARAN,RAJASTHAN
7753,BIJORA,BJK,NSG6,KOTA,WCR,BARAN,RAJASTHAN
7754,CHAURAKHERI,CRKR,NSG6,KOTA,WCR,GUNA,MADHYA PRADESH
7755,CHHAJAWA,CJW,NSG6,KOTA,WCR,BARAN,RAJASTHAN
7756,CHHOTI ODAI,COO,NSG6,KOTA,WCR,SAWAI MADHOPUR,RAJASTHAN
7757,DADHDEVI,DDV,NSG6,KOTA,WCR,KOTA,RAJASTHAN
7758,DARA,DARA,NSG6,KOTA,WCR,KOTA,RAJASTHAN
7759,DHARNAODA,DHR,NSG6,KOTA,WCR,GUNA,MADHYA PRADESH
7760,DHAURMUI JAGHINA,DUM,NSG6,KOTA,WCR,BHARATPUR,RAJASTHAN
7761,DHUANKHERI,DKRA,NSG6,KOTA,WCR,MANDSAUR,MADHYA PRADESH
7762,DIGOD,DXD,NSG6,KOTA,WCR,KOTA,RAJASTHAN
7763,DUMARIYA,DY,NSG6,KOTA,WCR,BHARATPUR,RAJASTHAN
7764,FATEH SINGHPURA,FSP,NSG6,KOTA,WCR,KARAULI,RAJASTHAN
7765,GAROT,GOH,NSG6,KOTA,WCR,MANDSAUR,MADHYA PRADESH
7766,GHATA-KA-VARANA,GKB,NSG6,KOTA,WCR,BUNDI,RAJASTHAN
7767,GURLA,GQL,NSG6,KOTA,WCR,KOTA,RAJASTHAN
7768,JAJAN PATTI,JJA,NSG6,KOTA,WCR,MATHURA,UTTAR PRADESH
7769,JALINDRI,JNRI,NSG6,KOTA,WCR,BHILWARA,RAJASTHAN
7770,JHALAWAR ROAD,JHW,NSG6,KOTA,WCR,JHALAWAR,RAJASTHAN
7771,JHALRAPATAN,JAPN,NSG6,KOTA,WCR,JHALAWAR,RAJASTHAN
7772,JULMI,JLF,NSG6,KOTA,WCR,KOTA,RAJASTHAN
7773,JUNAKHERA,JAKA,NSG6,KOTA,WCR,JHALAWAR,RAJASTHAN
7774,KANWALPURA,KIW,NSG6,KOTA,WCR,KOTA,RAJASTHAN
7775,KAPREN,KPZ,NSG6,KOTA,WCR,BUNDI,RAJASTHAN
7776,KELA DEVI,KEV,NSG6,KOTA,WCR,BHARATPUR,RAJASTHAN
7777,KESHOLI,KOLI,NSG6,KOTA,WCR,BARAN,RAJASTHAN
7778,KESHORAI. PATAN,KPTN,NSG6,KOTA,WCR,BUNDI,RAJASTHAN
7779,KHANDIP,KNDP,NSG6,KOTA,WCR,SAWAI MADHOPUR,RAJASTHAN
7780,KURLASI,KRLS,NSG6,KOTA,WCR,MANDSAUR,MADHYA PRADESH
7781,KUSHTALA,KTA,NSG6,KOTA,WCR,SAWAI MADHOPUR,RAJASTHAN
7782,LABAN,LBN,NSG6,KOTA,WCR,BUNDI,RAJASTHAN
7783,LALPUR UMRI,LRU,NSG6,KOTA,WCR,SAWAI MADHOPUR,RAJASTHAN
7784,LUNI RICHHA,LNR,NSG6,KOTA,WCR,RATLAM,MADHYA PRADESH
7785,MAHIDPUR ROAD,MEP,NSG6,KOTA,WCR,UJJAIN,MADHYA PRADESH
7786,MALARNA,MLZ,NSG6,KOTA,WCR,SAWAI MADHOPUR,RAJASTHAN
7787,MANDALGARH,MLGH,NSG6,KOTA,WCR,BHILWARA,RAJASTHAN
7788,MOKHOLI,MXL,NSG6,KOTA,WCR,SAWAI MADHOPUR,RAJASTHAN
7789,MORAK,MKX,NSG6,KOTA,WCR,KOTA,RAJASTHAN
7790,MOTIPURA CHAUKI,MTPC,NSG6,KOTA,WCR,BARAN,RAJASTHAN
7791,MURHESI RAMPUR,MSRP,NSG6,KOTA,WCR,MATHURA,UTTAR PRADESH
7792,NARAYANPUR TATWARA,NNW,NSG6,KOTA,WCR,SAWAI MADHOPUR,RAJASTHAN
7793,NATHUKHERI,NKH,NSG6,KOTA,WCR,MANDSAUR,MADHYA PRADESH
7794,NIMODA,NMD,NSG6,KOTA,WCR,KARAULI,RAJASTHAN
7795,PARSOLI,PSLI,NSG6,KOTA,WCR,CHITTORGARH,RAJASTHAN
7796,PILODA,PDZ,NSG6,KOTA,WCR,SAWAI MADHOPUR,RAJASTHAN
7797,PINGORA,PNGR,NSG6,KOTA,WCR,BHARATPUR,RAJASTHAN
7798,PIPALDA ROAD,POR,NSG6,KOTA,WCR,BARAN,RAJASTHAN
7799,RANTHAMBHOR,RNT,NSG6,KOTA,WCR,SAWAI MADHOPUR,RAJASTHAN
7800,RAVTHA ROAD,RDT,NSG6,KOTA,WCR,KOTA,RAJASTHAN
7801,RAWANJNA DUNGAR,RWJ,NSG6,KOTA,WCR,SAWAI MADHOPUR,RAJASTHAN
7802,ROHAL KHURD,RLK,NSG6,KOTA,WCR,UJJAIN,MADHYA PRADESH
7803,SALPURA,SYL,NSG6,KOTA,WCR,BARAN,RAJASTHAN
7804,SEWAR,SWAR,NSG6,KOTA,WCR,BHARATPUR,RAJASTHAN
7805,SHRI KALYANPURA,SKPA,NSG6,KOTA,WCR,KOTA,RAJASTHAN
7806,SHYAMPURA,SMPA,NSG6,KOTA,WCR,BHILWARA,RAJASTHAN
7807,SOGARIA,SGAC,NSG6,KOTA,WCR,KOTA,RAJASTHAN
7808,SRINAGAR,SNAR,NSG6,KOTA,WCR,BUNDI,RAJASTHAN
7809,SUNDLAK,SDLK,NSG6,KOTA,WCR,BARAN,RAJASTHAN
7810,TALAVLI,TLZ,NSG6,KOTA,WCR,JHALAWAR,RAJASTHAN
7811,THALERA,THEA,NSG6,KOTA,WCR,BUNDI,RAJASTHAN
7812,THURIA,THUR,NSG6,KOTA,WCR,UJJAIN,MADHYA PRADESH
7813,UPARMAL,URML,NSG6,KOTA,WCR,BHILWARA,RAJASTHAN
7814,BHATARIYA,BTYA,HG3,AHMEDABAD,WR,MAHESANA,GUJARAT
7815,BHATSAR,BATS,HG3,AHMEDABAD,WR,PATAN,GUJARAT
7816,DETHLI,DHLI,HG3,AHMEDABAD,WR,MAHESANA,GUJARAT
7817,DHANPURA,DNPR,HG3,AHMEDABAD,WR,MAHESANA,GUJARAT
7818,GHUMASAN,GUS,HG3,AHMEDABAD,WR,MAHESANA,GUJARAT
7819,GUNJA,GUJ,HG3,AHMEDABAD,WR,MAHESANA,GUJARAT
7820,HAPA ROAD,HPRD,HG3,AHMEDABAD,WR,SABAR KANTHA,GUJARAT
7821,JADAR,JADR,HG3,AHMEDABAD,WR,SABAR KANTHA,GUJARAT
7822,JALIYA MATH,JLM,HG3,AHMEDABAD,WR,GANDHINAGAR,GUJARAT
7823,KHARI AMARPURA,KIA,HG3,AHMEDABAD,WR,SABAR KANTHA,GUJARAT
7824,KHERALU,KRU,HG3,AHMEDABAD,WR,MAHESANA,GUJARAT
7825,KHEROL,KOY,HG3,AHMEDABAD,WR,SABAR KANTHA,GUJARAT
7826,MAHADEVPURA,MHDP,HG3,AHMEDABAD,WR,SABAR KANTHA,GUJARAT
7827,MEDRA,MDRA,HG3,AHMEDABAD,WR,GANDHINAGAR,GUJARAT
7828,PANCHOT,PHC,HG3,AHMEDABAD,WR,MAHESANA,GUJARAT
7829,PUDGAM GANESHPURA,PDGP,HG3,AHMEDABAD,WR,MAHESANA,GUJARAT
7830,RANDALA,RLD,HG3,AHMEDABAD,WR,MAHESANA,GUJARAT
7831,SAHIJPUR,SAHP,HG3,AHMEDABAD,WR,AHMADABAD,GUJARAT
7832,SANKHARI,SNHR,HG3,AHMEDABAD,WR,PATAN,GUJARAT
7833,SELAVI,SHLV,HG3,AHMEDABAD,WR,PATAN,GUJARAT
7834,VADALI,VAE,HG3,AHMEDABAD,WR,SABAR KANTHA,GUJARAT
7835,VARETHA,VTDI,HG3,AHMEDABAD,WR,MAHESANA,GUJARAT
7836,VENPURA,VNP,HG3,AHMEDABAD,WR,MAHESANA,GUJARAT
7837,VIROCHANNAGAR,VCN,HG3,AHMEDABAD,WR,AHMADABAD,GUJARAT
7838,AHMEDABAD JN.,ADI,NSG1,AHMEDABAD,WR,AHMADABAD,GUJARAT
7839,BHUJ,BHUJ,NSG3,AHMEDABAD,WR,KACHCHH,GUJARAT
7840,GANDHIDHAM JN.,GIMB,NSG3,AHMEDABAD,WR,KACHCHH,GUJARAT
7841,PALANPUR JN.,PNU,NSG3,AHMEDABAD,WR,BANAS KANTHA,GUJARAT
7842,MAHESANA JN.,MSH,NSG4,AHMEDABAD,WR,MAHESANA,GUJARAT
7843,MANINAGAR,MAN,NSG4,AHMEDABAD,WR,AHMADABAD,GUJARAT
7844,PATAN,PTN,NSG4,AHMEDABAD,WR,PATAN,GUJARAT
7845,SAMAKHIALI JN.,SIOB,NSG4,AHMEDABAD,WR,KACHCHH,GUJARAT
7846,SIDDHAPUR,SID,NSG4,AHMEDABAD,WR,PATAN,GUJARAT
7847,UNJHA,UJA,NSG4,AHMEDABAD,WR,MAHESANA,GUJARAT
7848,VIRAMGAM JN.,VG,NSG4,AHMEDABAD,WR,AHMADABAD,GUJARAT
7849,ADIPUR,AI,NSG5,AHMEDABAD,WR,KACHCHH,GUJARAT
7850,ANJAR,AJE,NSG5,AHMEDABAD,WR,KACHCHH,GUJARAT
7851,BHACHAU,BCOB,NSG5,AHMEDABAD,WR,KACHCHH,GUJARAT
7852,CHANDLODIYA,CLDY,NSG5,AHMEDABAD,WR,AHMADABAD,GUJARAT
7853,DHRANGANDHRA,DHG,NSG5,AHMEDABAD,WR,SURENDRANAGAR,GUJARAT
7854,GANDHINAGAR CAPITAL,GNC,NSG5,AHMEDABAD,WR,GANDHINAGAR,GUJARAT
7855,KALOL,KLL,NSG5,AHMEDABAD,WR,GANDHINAGAR,GUJARAT
7856,SABARMATI BG,SBT,NSG5,AHMEDABAD,WR,AHMADABAD,GUJARAT
7857,SABARMATI MG,SBI,NSG5,AHMEDABAD,WR,AHMADABAD,GUJARAT
7858,ADESAR,AAR,NSG6,AHMEDABAD,WR,KACHCHH,GUJARAT
7859,ADRAJ MOTI,AJM,NSG6,AHMEDABAD,WR,GANDHINAGAR,GUJARAT
7860,AMBLI ROAD,ABD,NSG6,AHMEDABAD,WR,AHMADABAD,GUJARAT
7861,AMBLIYASAN,UMN,NSG6,AHMEDABAD,WR,MAHESANA,GUJARAT
7862,ASARVA JN.,ASV,NSG6,AHMEDABAD,WR,AHMADABAD,GUJARAT
7863,BHABHAR,BAH,NSG6,AHMEDABAD,WR,BANAS KANTHA,GUJARAT
7864,BHANDU-MOTIDAU,BHU,NSG6,AHMEDABAD,WR,MAHESANA,GUJARAT
7865,BHANKODA,BKD,NSG6,AHMEDABAD,WR,AHMADABAD,GUJARAT
7866,BHILDI JN.,BLDI,NSG6,AHMEDABAD,WR,BANAS KANTHA,GUJARAT
7867,BHIMASAR,BMSR,NSG6,AHMEDABAD,WR,KACHCHH,GUJARAT
7868,Bhoyani,BHAN,NSG6,AHMEDABAD,WR,MAHESANA,GUJARAT
7869,BHUTAKIYA BHIMASAR,BUBR,NSG6,AHMEDABAD,WR,KACHCHH,GUJARAT
7870,CHANDISAR,CDS,NSG6,AHMEDABAD,WR,BANAS KANTHA,GUJARAT
7871,CHANDKHEDA ROAD,CDK,NSG6,AHMEDABAD,WR,AHMADABAD,GUJARAT
7872,CHHANSARA,CASA,NSG6,AHMEDABAD,WR,PATAN,GUJARAT
7873,CHHAPI,CHP,NSG6,AHMEDABAD,WR,BANAS KANTHA,GUJARAT
7874,CHHARODI,CE,NSG6,AHMEDABAD,WR,AHMADABAD,GUJARAT
7875,CHIRAI,CHIB,NSG6,AHMEDABAD,WR,KACHCHH,GUJARAT
7876,CHITROD,COE,NSG6,AHMEDABAD,WR,KACHCHH,GUJARAT
7877,DABHODA,DBO,NSG6,AHMEDABAD,WR,GANDHINAGAR,GUJARAT
7878,DANGARWA,DNW,NSG6,AHMEDABAD,WR,MAHESANA,GUJARAT
7879,DEVGAM,DVGM,NSG6,AHMEDABAD,WR,BANAS KANTHA,GUJARAT
7880,DHANAKWADA,DKW,NSG6,AHMEDABAD,WR,BANAS KANTHA,GUJARAT
7881,DHAREWADA,DRW,NSG6,AHMEDABAD,WR,BANAS KANTHA,GUJARAT
7882,DHINOJ,DHJ,NSG6,AHMEDABAD,WR,PATAN,GUJARAT
7883,DISA,DISA,NSG6,AHMEDABAD,WR,BANAS KANTHA,GUJARAT
7884,DIYODAR,DEOR,NSG6,AHMEDABAD,WR,BANAS KANTHA,GUJARAT
7885,GARMADI,GM,NSG6,AHMEDABAD,WR,PATAN,GUJARAT
7886,HALVAD,HVD,NSG6,AHMEDABAD,WR,MORBI,GUJARAT
7887,HIMMATNAGAR,HMT,NSG6,AHMEDABAD,WR,SABAR KANTHA,GUJARAT
7888,IDAR,IDAR,NSG6,AHMEDABAD,WR,SABAR KANTHA,GUJARAT
7889,JAGUDAN,JDN,NSG6,AHMEDABAD,WR,MAHESANA,GUJARAT
7890,JAKHVADA,JKA,NSG6,AHMEDABAD,WR,AHMADABAD,GUJARAT
7891,JAKSI,JKS,NSG6,AHMEDABAD,WR,AHMADABAD,GUJARAT
7892,JASALI,JSI,NSG6,AHMEDABAD,WR,BANAS KANTHA,GUJARAT
7893,JHULASAN,JUL,NSG6,AHMEDABAD,WR,MAHESANA,GUJARAT
7894,JOTANA,JTN,NSG6,AHMEDABAD,WR,MAHESANA,GUJARAT
7895,Kadi,KADI,NSG6,AHMEDABAD,WR,MAHESANA,GUJARAT
7896,KAMLI,KMLI,NSG6,AHMEDABAD,WR,MAHESANA,GUJARAT
7897,KATOSAN- ROAD,KTRD,NSG6,AHMEDABAD,WR,AHMADABAD,GUJARAT
7898,KHODIYAR,KHD,NSG6,AHMEDABAD,WR,AHMADABAD,GUJARAT
7899,KIDIYANAGAR,KYG,NSG6,AHMEDABAD,WR,KACHCHH,GUJARAT
7900,KUKMA,KEMA,NSG6,AHMEDABAD,WR,KACHCHH,GUJARAT
7901,LAKADIYA,LKZ,NSG6,AHMEDABAD,WR,KACHCHH,GUJARAT
7902,LAKHAPAT,LAA,NSG6,AHMEDABAD,WR,KACHCHH,GUJARAT
7903,LINCH,LCH,NSG6,AHMEDABAD,WR,MAHESANA,GUJARAT
7904,LORWADA,LW,NSG6,AHMEDABAD,WR,BANAS KANTHA,GUJARAT
7905,MALIYA MIYANA JN,MALB,NSG6,AHMEDABAD,WR,MORBI,GUJARAT
7906,MITHA,MITA,NSG6,AHMEDABAD,WR,BANAS KANTHA,GUJARAT
7907,NANDOL DAHEGAM,NHM,NSG6,AHMEDABAD,WR,GANDHINAGAR,GUJARAT
7908,NARODA,NRD,NSG6,AHMEDABAD,WR,AHMADABAD,GUJARAT
7909,PADAMPUR,PDF,NSG6,AHMEDABAD,WR,KACHCHH,GUJARAT
7910,PIPLEE,PLE,NSG6,AHMEDABAD,WR,PATAN,GUJARAT
7911,PIPRALA,PFL,NSG6,AHMEDABAD,WR,PATAN,GUJARAT
7912,PRANTIJ,PRJ,NSG6,AHMEDABAD,WR,SABAR KANTHA,GUJARAT
7913,RADHANPUR,RDHP,NSG6,AHMEDABAD,WR,PATAN,GUJARAT
7914,RAKHIYAL,RKH,NSG6,AHMEDABAD,WR,GANDHINAGAR,GUJARAT
7915,RANUJ (JN),RUJ,NSG6,AHMEDABAD,WR,PATAN,GUJARAT
7916,RATNAL,RUT,NSG6,AHMEDABAD,WR,KACHCHH,GUJARAT
7917,SANAND,SAU,NSG6,AHMEDABAD,WR,AHMADABAD,GUJARAT
7918,SANTALPUR,SNLR,NSG6,AHMEDABAD,WR,PATAN,GUJARAT
7919,SARDARGRAM,SDGM,NSG6,AHMEDABAD,WR,AHMADABAD,GUJARAT
7920,SHIVALAKHA,SIA,NSG6,AHMEDABAD,WR,KACHCHH,GUJARAT
7921,SONASAN.,SNSN,NSG6,AHMEDABAD,WR,SABAR KANTHA,GUJARAT
7922,TALOD,TOD,NSG6,AHMEDABAD,WR,SABAR KANTHA,GUJARAT
7923,UMARDESHI,UM,NSG6,AHMEDABAD,WR,BANAS KANTHA,GUJARAT
7924,VADNAGAR,VDG,NSG6,AHMEDABAD,WR,MAHESANA,GUJARAT
7925,VAGHPURA,VU,NSG6,AHMEDABAD,WR,PATAN,GUJARAT
7926,VARAHI,VRX,NSG6,AHMEDABAD,WR,PATAN,GUJARAT
7927,VATVA,VTA,NSG6,AHMEDABAD,WR,AHMADABAD,GUJARAT
7928,VIJAPUR,VJF,NSG6,AHMEDABAD,WR,MAHESANA,GUJARAT
7929,VISNAGAR,VNG,NSG6,AHMEDABAD,WR,MAHESANA,GUJARAT
7930,VONDH,VONB,NSG6,AHMEDABAD,WR,KACHCHH,GUJARAT
7931,BETAWAD,BEW,HG2,MUMBAI CENTRAL,WR,DHULE,MAHARASHTRA
7932,ANAVAL,ANW,HG3,MUMBAI CENTRAL,WR,SURAT,GUJARAT
7933,ANCHELI,ACL,HG3,MUMBAI CENTRAL,WR,NAVSARI,GUJARAT
7934,BAGUMRA,BGMR,HG3,MUMBAI CENTRAL,WR,SURAT,GUJARAT
7935,BAGWADA,BAGD,HG3,MUMBAI CENTRAL,WR,VALSAD,MAHARASHTRA
7936,BHONE,BHNE,HG3,MUMBAI CENTRAL,WR,JALGAON,MAHARASHTRA
7937,BORDI ROAD,BRRD,HG3,MUMBAI CENTRAL,WR,PALGHAR,MAHARASHTRA
7938,CHIKHLI ROAD,CIO,HG3,MUMBAI CENTRAL,WR,NAVSARI,GUJARAT
7939,DHOLIKUVA,DOLK,HG3,MUMBAI CENTRAL,WR,NAVSARI,GUJARAT
7940,DOSVADA,DSD,HG3,MUMBAI CENTRAL,WR,TAPI,GUJARAT
7941,DUNGARDA,DNGD,HG3,MUMBAI CENTRAL,WR,TAPI,GUJARAT
7942,GANDEVI,GNV,HG3,MUMBAI CENTRAL,WR,NAVSARI,GUJARAT
7943,GANDHISMRITI,GNST,HG3,MUMBAI CENTRAL,WR,NAVSARI,GUJARAT
7944,HOL,HOL,HG3,MUMBAI CENTRAL,WR,DHULE,MAHARASHTRA
7945,JORA-VASAN,JRS,HG3,MUMBAI CENTRAL,WR,VALSAD,GUJARAT
7946,KALA-AMBA,KMB,HG3,MUMBAI CENTRAL,WR,NAVSARI,GUJARAT
7947,KEVDI ROAD,KVO,HG3,MUMBAI CENTRAL,WR,SURAT,GUJARAT
7948,MANGROLIA,MGRL,HG3,MUMBAI CENTRAL,WR,SURAT,GUJARAT
7949,RANKUVA,RW,HG3,MUMBAI CENTRAL,WR,NAVSARI,GUJARAT
7950,SONSHELU,SNSL,HG3,MUMBAI CENTRAL,WR,DHULE,MAHARASHTRA
7951,MUMBAI CENTRAL,MMCT,NSG1,MUMBAI CENTRAL,WR,MUMBAI,MAHARASHTRA
7952,SURAT,ST,NSG1,MUMBAI CENTRAL,WR,SURAT,GUJARAT
7953,BANDRA TERMINUS,BDTS,NSG2,MUMBAI CENTRAL,WR,MUMBAI,MAHARASHTRA
7954,NAVSARI,NVS,NSG2,MUMBAI CENTRAL,WR,NAVSARI,GUJARAT
7955,BILLIMORA JN.,BIM,NSG3,MUMBAI CENTRAL,WR,NAVSARI,GUJARAT
7956,UDHNA JN.,UDN,NSG3,MUMBAI CENTRAL,WR,SURAT,GUJARAT
7957,VALSAD,BL,NSG3,MUMBAI CENTRAL,WR,VALSAD,GUJARAT
7958,VAPI,VAPI,NSG3,MUMBAI CENTRAL,WR,VALSAD,GUJARAT
7959,DONDAICHA,DDE,NSG4,MUMBAI CENTRAL,WR,DHULE,MAHARASHTRA
7960,UDVADA,UVD,NSG4,MUMBAI CENTRAL,WR,VALSAD,GUJARAT
7961,UMBERGAON ROAD,UBR,NSG4,MUMBAI CENTRAL,WR,VALSAD,GUJARAT
7962,AMALNER,AN,NSG5,MUMBAI CENTRAL,WR,JALGAON,MAHARASHTRA
7963,AMALSAD,AML,NSG5,MUMBAI CENTRAL,WR,NAVSARI,GUJARAT
7964,BHILAD,BLD,NSG5,MUMBAI CENTRAL,WR,VALSAD,GUJARAT
7965,CHALTHAN,CHM,NSG5,MUMBAI CENTRAL,WR,SURAT,GUJARAT
7966,DHARANGAON,DXG,NSG5,MUMBAI CENTRAL,WR,JALGAON,MAHARASHTRA
7967,MAROLI,MRL,NSG5,MUMBAI CENTRAL,WR,NAVSARI,GUJARAT
7968,NANDURBAR,NDB,NSG5,MUMBAI CENTRAL,WR,NANDURBAR,MAHARASHTRA
7969,SACHIN,SCH,NSG5,MUMBAI CENTRAL,WR,SURAT,GUJARAT
7970,SANJAN,SJN,NSG5,MUMBAI CENTRAL,WR,VALSAD,GUJARAT
7971,VYARA,VYA,NSG5,MUMBAI CENTRAL,WR,TAPI,GUJARAT
7972,ATUL,ATUL,NSG6,MUMBAI CENTRAL,WR,VALSAD,GUJARAT
7973,BARDOLI,BIY,NSG6,MUMBAI CENTRAL,WR,SURAT,GUJARAT
7974,BHADBHUNJA,BBAI,NSG6,MUMBAI CENTRAL,WR,TAPI,GUJARAT
7975,BHADWAD,BAWD,NSG6,MUMBAI CENTRAL,WR,NANDURBAR,MAHARASHTRA
7976,BHESTAN,BHET,NSG6,MUMBAI CENTRAL,WR,SURAT,GUJARAT
7977,BHORTEX,BRTK,NSG6,MUMBAI CENTRAL,WR,JALGAON,MAHARASHTRA
7978,CHAUPALE,CUE,NSG6,MUMBAI CENTRAL,WR,NANDURBAR,MAHARASHTRA
7979,CHAVALKHEDE,CHLK,NSG6,MUMBAI CENTRAL,WR,JALGAON,MAHARASHTRA
7980,CHINCHPADA,CPD,NSG6,MUMBAI CENTRAL,WR,NANDURBAR,MAHARASHTRA
7981,DHEKVAD,DWD,NSG6,MUMBAI CENTRAL,WR,NANDURBAR,MAHARASHTRA
7982,DUNGRI,DGI,NSG6,MUMBAI CENTRAL,WR,VALSAD,GUJARAT
7983,GANGADHRA,GGAR,NSG6,MUMBAI CENTRAL,WR,SURAT,GUJARAT
7984,GHOLWAD,GVD,NSG6,MUMBAI CENTRAL,WR,PALGHAR,MAHARASHTRA
7985,KAHER,KRAI,NSG6,MUMBAI CENTRAL,WR,TAPI,GUJARAT
7986,KARAMBELI,KEB,NSG6,MUMBAI CENTRAL,WR,VALSAD,GUJARAT
7987,KHANDBARA,KBH,NSG6,MUMBAI CENTRAL,WR,NANDURBAR,MAHARASHTRA
7988,KHATGAON,KHTG,NSG6,MUMBAI CENTRAL,WR,NANDURBAR,MAHARASHTRA
7989,KIKAKUI ROAD,KKRD,NSG6,MUMBAI CENTRAL,WR,TAPI,GUJARAT
7990,KOLDE,KFF,NSG6,MUMBAI CENTRAL,WR,NANDURBAR,MAHARASHTRA
7991,LAKKADKOT,LKKD,NSG6,MUMBAI CENTRAL,WR,TAPI,GUJARAT
7992,MADHI,MID,NSG6,MUMBAI CENTRAL,WR,SURAT,GUJARAT
7993,NARDANA,NDN,NSG6,MUMBAI CENTRAL,WR,DHULE,MAHARASHTRA
7994,NAVAPUR,NWU,NSG6,MUMBAI CENTRAL,WR,NANDURBAR,MAHARASHTRA/GUJARAT
7995,PADSE,PDP,NSG6,MUMBAI CENTRAL,WR,JALGAON,MAHARASHTRA
7996,PALDHI,PLD,NSG6,MUMBAI CENTRAL,WR,JALGAON,MAHARASHTRA
7997,PARDI,PAD,NSG6,MUMBAI CENTRAL,WR,VALSAD,GUJARAT
7998,RANALA,RNL,NSG6,MUMBAI CENTRAL,WR,NANDURBAR,MAHARASHTRA
7999,SINDKHEDA,SNK,NSG6,MUMBAI CENTRAL,WR,DHULE,MAHARASHTRA
8000,TAKARKHEDA,TKHE,NSG6,MUMBAI CENTRAL,WR,JALGAON,MAHARASHTRA
8001,TIMBARVA,TBV,NSG6,MUMBAI CENTRAL,WR,SURAT,GUJARAT
8002,TISI,TISI,NSG6,MUMBAI CENTRAL,WR,NANDURBAR,MAHARASHTRA
8003,UKAI SONGADH,USD,NSG6,MUMBAI CENTRAL,WR,TAPI,GUJARAT
8004,UNAI AND VANSDA ROAD,UNI,NSG6,MUMBAI CENTRAL,WR,NAVSARI,GUJARAT
8005,VEDCHHA,VDH,NSG6,MUMBAI CENTRAL,WR,VALSAD,GUJARAT
8006,VIKHRAN ROAD,VKH,NSG6,MUMBAI CENTRAL,WR,DHULE,MAHARASHTRA
8007,WAGHAI,WGI,NSG6,MUMBAI CENTRAL,WR,NAVSARI,GUJARAT
8008,ANDHERI,ADH,SG1,MUMBAI CENTRAL,WR,MUMBAI,MAHARASHTRA
8009,BANDRA,BA,SG1,MUMBAI CENTRAL,WR,MUMBAI,MAHARASHTRA
8010,BHAYANDER,BYR,SG1,MUMBAI CENTRAL,WR,MUMBAI,MAHARASHTRA
8011,BOISAR,BOR,SG1,MUMBAI CENTRAL,WR,PALGHAR,MAHARASHTRA
8012,BORIVALI,BVI,SG1,MUMBAI CENTRAL,WR,MUMBAI,MAHARASHTRA
8013,CHURCHGATE,CCG,SG1,MUMBAI CENTRAL,WR,MUMBAI,MAHARASHTRA
8014,DADAR,DDR,SG1,MUMBAI CENTRAL,WR,MUMBAI,MAHARASHTRA
8015,DAHISAR,DIC,SG1,MUMBAI CENTRAL,WR,MUMBAI,MAHARASHTRA
8016,GOREGAON,GMN,SG1,MUMBAI CENTRAL,WR,MUMBAI,MAHARASHTRA
8017,JOGESHWARI,JOS,SG1,MUMBAI CENTRAL,WR,MUMBAI,MAHARASHTRA
8018,KANDIVALI,KILE,SG1,MUMBAI CENTRAL,WR,MUMBAI,MAHARASHTRA
8019,KHAR ROAD,KHAR,SG1,MUMBAI CENTRAL,WR,MUMBAI,MAHARASHTRA
8020,MAHIM JN.,MM,SG1,MUMBAI CENTRAL,WR,MUMBAI,MAHARASHTRA
8021,MALAD,MDD,SG1,MUMBAI CENTRAL,WR,MUMBAI,MAHARASHTRA
8022,MIRA ROAD,MIRA,SG1,MUMBAI CENTRAL,WR,MUMBAI,MAHARASHTRA
8023,NALLASOPARA,NSP,SG1,MUMBAI CENTRAL,WR,PALGHAR,MAHARASHTRA
8024,SANTACRUZ,STC,SG1,MUMBAI CENTRAL,WR,MUMBAI,MAHARASHTRA
8025,VASAI ROAD,BSR,SG1,MUMBAI CENTRAL,WR,PALGHAR,MAHARASHTRA
8026,VILLE PARLE,VLP,SG1,MUMBAI CENTRAL,WR,MUMBAI,MAHARASHTRA
8027,VIRAR,VR,SG1,MUMBAI CENTRAL,WR,PALGHAR,MAHARASHTRA
8028,CHARNI ROAD,CYR,SG2,MUMBAI CENTRAL,WR,MUMBAI,MAHARASHTRA
8029,GRANT ROAD,GTR,SG2,MUMBAI CENTRAL,WR,MUMBAI,MAHARASHTRA
8030,LOWER PAREL,PL,SG2,MUMBAI CENTRAL,WR,MUMBAI,MAHARASHTRA
8031,MAHALAXMI,MX,SG2,MUMBAI CENTRAL,WR,MUMBAI,MAHARASHTRA
8032,MARINE LINES,MEL,SG2,MUMBAI CENTRAL,WR,MUMBAI,MAHARASHTRA
8033,MATUNGA ROAD,MRU,SG2,MUMBAI CENTRAL,WR,MUMBAI,MAHARASHTRA
8034,NAIGAON,NIG,SG2,MUMBAI CENTRAL,WR,PALGHAR,MAHARASHTRA
8035,PALGHAR,PLG,SG2,MUMBAI CENTRAL,WR,PALGHAR,MAHARASHTRA
8036,PRABHADEVI,PBHD,SG2,MUMBAI CENTRAL,WR,MUMBAI,MAHARASHTRA
8037,DAHANU ROAD,DRD,SG3,MUMBAI CENTRAL,WR,PALGHAR,MAHARASHTRA
8038,KELVE ROAD,KLV,SG3,MUMBAI CENTRAL,WR,PALGHAR,MAHARASHTRA
8039,RAM MANDIR,RMAR,SG3,MUMBAI CENTRAL,WR,MUMBAI,MAHARASHTRA
8040,SAPHALE,SAH,SG3,MUMBAI CENTRAL,WR,PALGHAR,MAHARASHTRA
8041,UMROLI,UOI,SG3,MUMBAI CENTRAL,WR,PALGHAR,MAHARASHTRA
8042,VAITARNA,VTN,SG3,MUMBAI CENTRAL,WR,PALGHAR,MAHARASHTRA
8043,VANGAON,VGN,SG3,MUMBAI CENTRAL,WR,PALGHAR,MAHARASHTRA
8044,NAR TOWN,NTN,HG1,VADODARA,WR,ANAND,GUJARAT
8045,AGAS,AGAS,HG2,VADODARA,WR,ANAND,GUJARAT
8046,JABUGAM,JBU,HG2,VADODARA,WR,VADODARA,GUJARAT
8047,KARAMSAD,KRYR,HG2,VADODARA,WR,ANAND,GUJARAT
8048,PANDORI,PNDR,HG2,VADODARA,WR,AMRELI,GUJARAT
8049,SANKHEDA BAHADURPUR,SAK,HG2,VADODARA,WR,VADODARA,GUJARAT
8050,SAYAMA,SAY,HG2,VADODARA,WR,ANAND,GUJARAT
8051,TARAPUR JN.,TRP,HG2,VADODARA,WR,ANAND,GUJARAT
8052,TEJGADH,TJH,HG2,VADODARA,WR,CHHOTAUDEPUR,GUJARAT
8053,YAWARPURA,YVP,HG2,VADODARA,WR,ANAND,GUJARAT
8054,ALINDRA ROAD,AIR,HG3,VADODARA,WR,VADODARA,GUJARAT
8055,AMALPUR,AMLP,HG3,VADODARA,WR,VADODARA,GUJARAT
8056,ANKLAV,ALV,HG3,VADODARA,WR,ANAND,GUJARAT
8057,BACHAR,BCHR,HG3,VADODARA,WR,VADODARA,GUJARAT
8058,BARIPUR MANDALA,BRPM,HG3,VADODARA,WR,VADODARA,GUJARAT
8059,BAYAD,BAYD,HG3,VADODARA,WR,AHMADABAD,GUJARAT
8060,BHANER MINAWADA ROAD,BMVR,HG3,VADODARA,WR,KHEDA,GUJARAT
8061,BHARTHALI,BRTL,HG3,VADODARA,WR,VADODARA,GUJARAT
8062,BHATIEL,BHAL,HG3,VADODARA,WR,ANAND,GUJARAT
8063,BHETASI,BETI,HG3,VADODARA,WR,ANAND,GUJARAT
8064,BHILAPUR,BILP,HG3,VADODARA,WR,VADODARA,GUJARAT
8065,BORSAD,BO,HG3,VADODARA,WR,ANAND,GUJARAT
8066,CHANDOD,CDD,HG3,VADODARA,WR,VADODARA,GUJARAT
8067,DAVOL,DOW,HG3,VADODARA,WR,ANAND,GUJARAT
8068,DHANSURA,DNUA,HG3,VADODARA,WR,ARVALLI,GUJARAT
8069,JOJWA,JJW,HG3,VADODARA,WR,VADODARA,GUJARAT
8070,KALITALAWADI,KLWD,HG3,VADODARA,WR,ANAND,GUJARAT
8071,KAPADVANJ,KVNJ,HG3,VADODARA,WR,KHEDA,GUJARAT
8072,KASHIPURA,KSUA,HG3,VADODARA,WR,ANAND,GUJARAT
8073,KATHLAL,KTAL,HG3,VADODARA,WR,KHEDA,GUJARAT
8074,KELANPUR,KEP,HG3,VADODARA,WR,VADODARA,GUJARAT
8075,KUDSAD,KDSD,HG3,VADODARA,WR,SURAT,GUJARAT
8076,LOTANA,LAN,HG3,VADODARA,WR,VADODARA,GUJARAT
8077,MAHUDHA,MHUA,HG3,VADODARA,WR,KHEDA,GUJARAT
8078,MALSAR,MLSR,HG3,VADODARA,WR,VADODARA,GUJARAT
8079,MODASA,MDSA,HG3,VADODARA,WR,ARVALLI,GUJARAT
8080,MOTI KORAL,MKRL,HG3,VADODARA,WR,VADODARA,GUJARAT
8081,NADA,NADA,HG3,VADODARA,WR,BHARUCH,GUJARAT
8082,NARESHWAR ROAD,NRUR,HG3,VADODARA,WR,VADODARA,GUJARAT
8083,PARIKHA,PRKA,HG3,VADODARA,WR,VADODARA,GUJARAT
8084,PUNIYAVANT,PQT,HG3,VADODARA,WR,CHHOTAUDEPUR,GUJARAT
8085,SANIYAD,SNAD,HG3,VADODARA,WR,VADODARA,GUJARAT
8086,SINOR,SINR,HG3,VADODARA,WR,VADODARA,GUJARAT
8087,SUSKAL,SSKL,HG3,VADODARA,WR,VADODARA,GUJARAT
8088,THUWAVI,TWV,HG3,VADODARA,WR,AHMADABAD,GUJARAT
8089,VADAJ,VRJ,HG3,VADODARA,WR,VADODARA,GUJARAT
8090,VADALI LUTER ROAD,VLTR,HG3,VADODARA,WR,KHEDA,GUJARAT
8091,VADHVANA,VAN,HG3,VADODARA,WR,VADODARA,GUJARAT
8092,VIRSAD,VRS,HG3,VADODARA,WR,ANAND,GUJARAT
8093,VADODARA JN.,BRC,NSG2,VADODARA,WR,VADODARA,GUJARAT
8094,ANAND JN.,ANND,NSG3,VADODARA,WR,ANAND,GUJARAT
8095,ANKLESHWAR JN.,AKV,NSG3,VADODARA,WR,BHARUCH,GUJARAT
8096,BHARUCH JN.,BH,NSG3,VADODARA,WR,BHARUCH,GUJARAT
8097,NADIAD JN.,ND,NSG3,VADODARA,WR,KHEDA,GUJARAT
8098,KIM,KIM,NSG4,VADODARA,WR,SURAT,GUJARAT
8099,KOSAMBA JN.,KSB,NSG4,VADODARA,WR,SURAT,GUJARAT
8100,MAHEMADAVAD KHEDA RO,MHD,NSG4,VADODARA,WR,KHEDA,GUJARAT
8101,MIYAGAM KARJAN JN.,MYG,NSG4,VADODARA,WR,VADODARA,GUJARAT
8102,DEROL,DRL,NSG5,VADODARA,WR,PANCH MAHALS,GUJARAT
8103,GODHRA JN.,GDA,NSG5,VADODARA,WR,PANCH MAHALS,GUJARAT
8104,KHAMBHAT,CBY,NSG5,VADODARA,WR,ANAND,GUJARAT
8105,PALEJ,PLJ,NSG5,VADODARA,WR,BHARUCH,GUJARAT
8106,PETLAD JN.,PTD,NSG5,VADODARA,WR,ANAND,GUJARAT
8107,VISHVAMITRI JN,VS,NSG5,VADODARA,WR,VADODARA,GUJARAT
8108,ADAS ROAD,ADD,NSG6,VADODARA,WR,ANAND,GUJARAT
8109,ANGADI,AGCI,NSG6,VADODARA,WR,KHEDA,GUJARAT
8110,BAJVA,BJW,NSG6,VADODARA,WR,VADODARA,GUJARAT
8111,BAKROL,BKRL,NSG6,VADODARA,WR,PANCH MAHALS,GUJARAT
8112,BAREJADI (NANDEJ),BJD,NSG6,VADODARA,WR,AHMADABAD,GUJARAT
8113,BHALEJ,BAJ,NSG6,VADODARA,WR,ANAND,GUJARAT
8114,Bhatpur,BTPR,NSG6,VADODARA,WR,,GUJARAT
8115,BOCHASAN JN.,BCHN,NSG6,VADODARA,WR,ANAND,GUJARAT
8116,BODELI,BDE,NSG6,VADODARA,WR,VADODARA,GUJARAT
8117,CHAMPANER ROAD JN.,CPN,NSG6,VADODARA,WR,VADODARA,GUJARAT
8118,CHAVAJ,CVJ,NSG6,VADODARA,WR,BHARUCH,GUJARAT
8119,CHHAYAPURI,CYI,NSG6,VADODARA,WR,VADODARA,GUJARAT
8120,CHHOTA UDEPUR,CTD,NSG6,VADODARA,WR,CHHOTAUDEPUR,GUJARAT
8121,CHHUCHHAPURA JN.,CCP,NSG6,VADODARA,WR,VADODARA,GUJARAT
8122,CHORANDA JN.,CRND,NSG6,VADODARA,WR,VADODARA,GUJARAT
8123,DABHOI JN.,DB,NSG6,VADODARA,WR,VADODARA,GUJARAT
8124,DAHEJ,DGFJ,NSG6,VADODARA,WR,BHARUCH,GUJARAT
8125,DAKOR,DK,NSG6,VADODARA,WR,KHEDA,GUJARAT
8126,GERATPUR,GER,NSG6,VADODARA,WR,AHMADABAD,GUJARAT
8127,GOTHAJ,GTE,NSG6,VADODARA,WR,KHEDA,GUJARAT
8128,GOTHANGAM,GTX,NSG6,VADODARA,WR,SURAT,GUJARAT
8129,HATHURAN,HAT,NSG6,VADODARA,WR,SURAT,GUJARAT
8130,ITOLA,ITA,NSG6,VADODARA,WR,VADODARA,GUJARAT
8131,KANIJ,KANJ,NSG6,VADODARA,WR,KHEDA,GUJARAT
8132,KANJARI BORIYAVI,KBRV,NSG6,VADODARA,WR,KHEDA,GUJARAT
8133,KASHIPURA SARAR,KSPR,NSG6,VADODARA,WR,VADODARA,GUJARAT
8134,KATHANA,KTNA,NSG6,VADODARA,WR,ANAND,GUJARAT
8135,KHARSALIYA,KRSA,NSG6,VADODARA,WR,PANCH MAHALS,GUJARAT
8136,KOSAD,KSE,NSG6,VADODARA,WR,SURAT,GUJARAT
8137,LAKODRA,LKD,NSG6,VADODARA,WR,VADODARA,GUJARAT
8138,MAKARPURA,MPR,NSG6,VADODARA,WR,VADODARA,GUJARAT
8139,NABIPUR,NIU,NSG6,VADODARA,WR,BHARUCH,GUJARAT
8140,NANDESARI,NDR,NSG6,VADODARA,WR,VADODARA,GUJARAT
8141,NENPUR,NEP,NSG6,VADODARA,WR,KHEDA,GUJARAT
8142,ODE,ODE,NSG6,VADODARA,WR,ANAND,GUJARAT
8143,PANOLI,PAO,NSG6,VADODARA,WR,BHARUCH,GUJARAT
8144,PAVI,PAVI,NSG6,VADODARA,WR,VADODARA,GUJARAT
8145,PILOL,PIO,NSG6,VADODARA,WR,VADODARA,GUJARAT
8146,PRATAP NAGAR,PRTN,NSG6,VADODARA,WR,VADODARA,GUJARAT
8147,RANOLI,RNO,NSG6,VADODARA,WR,VADODARA,GUJARAT
8148,SADANAPURA,SNA,NSG6,VADODARA,WR,ANAND,GUJARAT
8149,SAMLAYA JN.,SMLA,NSG6,VADODARA,WR,VADODARA,GUJARAT
8150,SAYAN,SYN,NSG6,VADODARA,WR,SURAT,GUJARAT
8151,SEVALIYA,SVL,NSG6,VADODARA,WR,PANCH MAHALS,GUJARAT
8152,THASRA,TAS,NSG6,VADODARA,WR,KHEDA,GUJARAT
8153,TIMBA ROAD,TBA,NSG6,VADODARA,WR,PANCH MAHALS,GUJARAT
8154,TUWA,TUWA,NSG6,VADODARA,WR,PANCH MAHALS,GUJARAT
8155,UMRETH,UMH,NSG6,VADODARA,WR,ANAND,GUJARAT
8156,UTARSANDA,UTD,NSG6,VADODARA,WR,KHEDA,GUJARAT
8157,UTRAN,URN,NSG6,VADODARA,WR,SURAT,GUJARAT
8158,VADOD,VXD,NSG6,VADODARA,WR,ANAND,GUJARAT
8159,VALLABH-VIDHYA NAGAR,VLYN,NSG6,VADODARA,WR,ANAND,GUJARAT
8160,VAREDIYA,VRE,NSG6,VADODARA,WR,BHARUCH,GUJARAT
8161,VARNAMA,VRM,NSG6,VADODARA,WR,VADODARA,GUJARAT
8162,VASAD JN.,VDA,NSG6,VADODARA,WR,ANAND,GUJARAT
8163,VAVADI KHURD,VKG,NSG6,VADODARA,WR,PANCH MAHALS,GUJARAT
8164,AMRELI PARA,AEP,HG2,BHAVNAGAR,WR,AMRELI,GUJARAT
8165,ARNEJ,AEJ,HG2,BHAVNAGAR,WR,KHEDA,GUJARAT
8166,BADODAR,BDDR,HG2,BHAVNAGAR,WR,JUNAGADH,GUJARAT
8167,DUNGAR JN.,DGJ,HG2,BHAVNAGAR,WR,AMRELI,GUJARAT
8168,GIR GADHARA,GEG,HG2,BHAVNAGAR,WR,AHMADABAD,GUJARAT
8169,HADMADIYA,HRM,HG2,BHAVNAGAR,WR,AHMADABAD,GUJARAT
8170,KOTHARIYA,RKY,HG2,BHAVNAGAR,WR,RAJKOT,GUJARAT
8171,MADHADA,MDHA,HG2,BHAVNAGAR,WR,BHAVNAGAR,GUJARAT
8172,TARSAI,TRSR,HG2,BHAVNAGAR,WR,JAMNAGAR,GUJARAT
8173,AMRITVEL,AVL,HG3,BHAVNAGAR,WR,BHAVNAGAR,GUJARAT
8174,BADHADA,BDHA,HG3,BHAVNAGAR,WR,AMRELI,GUJARAT
8175,BAJUD,BJUD,HG3,BHAVNAGAR,WR,BHAVNAGAR,GUJARAT
8176,BANDHNATH,BNTH,HG3,BHAVNAGAR,WR,JUNAGADH,GUJARAT
8177,BHEMSWADI,BSWD,HG3,BHAVNAGAR,WR,AMRELI,GUJARAT
8178,CHITRAWAD,CTRD,HG3,BHAVNAGAR,WR,GIR SOMNATH,GUJARAT
8179,CHOKI SORATH,CKE,HG3,BHAVNAGAR,WR,JUNAGADH,GUJARAT
8180,DHOLI (BHAL),DIBL,HG3,BHAVNAGAR,WR,AHMADABAD,GUJARAT
8181,GHATWAD,GTWD,HG3,BHAVNAGAR,WR,AHMADABAD,GUJARAT
8182,GIR HADMATIYA,GRHM,HG3,BHAVNAGAR,WR,AHMADABAD,GUJARAT
8183,GODHANESWAR,GS,HG3,BHAVNAGAR,WR,AHMADABAD,GUJARAT
8184,GOMTA,GTT,HG3,BHAVNAGAR,WR,AHMADABAD,GUJARAT
8185,HATHIGADH,HTGR,HG3,BHAVNAGAR,WR,AHMADABAD,GUJARAT
8186,INGORALA,IGRL,HG3,BHAVNAGAR,WR,BHAVNAGAR,GUJARAT
8187,JAMBUR,JBB,HG3,BHAVNAGAR,WR,JUNAGADH,GUJARAT
8188,JAMWALA,JVL,HG3,BHAVNAGAR,WR,GIR SOMNATH,GUJARAT
8189,JASHAPAR,JSPR,HG3,BHAVNAGAR,WR,JAMNAGAR,GUJARAT
8190,JETALVAD,JTV,HG3,BHAVNAGAR,WR,JUNAGADH,GUJARAT
8191,JIRA ROAD,JIR,HG3,BHAVNAGAR,WR,AMRELI,GUJARAT
8192,JUNICHAVAND,JCN,HG3,BHAVNAGAR,WR,JUNAGADH,GUJARAT
8193,KANAD,KNAD,HG3,BHAVNAGAR,WR,BHAVNAGAR,GUJARAT
8194,KATHKOLA,KTLA,HG3,BHAVNAGAR,WR,JAMNAGAR,GUJARAT
8195,LOLIYA,LO,HG3,BHAVNAGAR,WR,SURENDRANAGAR,GUJARAT
8196,MARIYANA,MRYA,HG3,BHAVNAGAR,WR,AMRELI,GUJARAT
8197,MOTA-JADRA,MQZ,HG3,BHAVNAGAR,WR,BHAVNAGAR,GUJARAT
8198,PANCHTALAVDA ROAD,PCT,HG3,BHAVNAGAR,WR,AMRELI,GUJARAT
8199,RANA BORDI,RNBD,HG3,BHAVNAGAR,WR,PORBANDAR,GUJARAT
8200,RAYAKA,RY,HG3,BHAVNAGAR,WR,AHMADABAD,GUJARAT
8201,SAJANVAV ROAD,SJF,HG3,BHAVNAGAR,WR,AMRELI,GUJARAT
8202,SAKHPUR,SKR,HG3,BHAVNAGAR,WR,PORBANDAR,GUJARAT
8203,SANDHANIDHAR,SDHR,HG3,BHAVNAGAR,WR,GIR SOMNATH,GUJARAT
8204,SUPEDI,SPD,HG3,BHAVNAGAR,WR,RAJKOT,GUJARAT
8205,TORNIYA,TORA,HG3,BHAVNAGAR,WR,JUNAGADH,GUJARAT
8206,VADIYA DEVLI,VDV,HG3,BHAVNAGAR,WR,AMRELI,GUJARAT
8207,VALADAR,VLDR,HG3,BHAVNAGAR,WR,GIR SOMNATH,GUJARAT
8208,VAVERA,VVV,HG3,BHAVNAGAR,WR,AMRELI,GUJARAT
8209,VEJALKA,VJK,HG3,BHAVNAGAR,WR,SURENDRANAGAR,GUJARAT
8210,BHAVNAGAR TERMINUS,BVC,NSG4,BHAVNAGAR,WR,BHAVNAGAR,GUJARAT
8211,BOTAD JN.,BTD,NSG4,BHAVNAGAR,WR,BOTAD,GUJARAT
8212,JUNAGADH JN.,JND,NSG4,BHAVNAGAR,WR,JUNAGADH,GUJARAT
8213,PALITANA,PIT,NSG4,BHAVNAGAR,WR,BHAVNAGAR,GUJARAT
8214,PORBANDAR,PBR,NSG4,BHAVNAGAR,WR,PORBANDAR,GUJARAT
8215,Somnath,SMNH,NSG4,BHAVNAGAR,WR,,GUJARAT
8216,VERAVAL,VRL,NSG4,BHAVNAGAR,WR,GIR SOMNATH,GUJARAT
8217,BHAVANAGAR PARA,BVP,NSG5,BHAVNAGAR,WR,BHAVNAGAR,GUJARAT
8218,DHOLA JN.,DLJ,NSG5,BHAVNAGAR,WR,BHAVNAGAR,GUJARAT
8219,GANDHIGRAM,GG,NSG5,BHAVNAGAR,WR,AHMADABAD,GUJARAT
8220,GONDAL,GDL,NSG5,BHAVNAGAR,WR,RAJKOT,GUJARAT
8221,JETALSAR JN.,JLR,NSG5,BHAVNAGAR,WR,RAJKOT,GUJARAT
8222,JORAVARNAGAR,JVN,NSG5,BHAVNAGAR,WR,SURENDRANAGAR,GUJARAT
8223,KESHOD,KSD,NSG5,BHAVNAGAR,WR,JUNAGADH,GUJARAT
8224,LIMBDI,LM,NSG5,BHAVNAGAR,WR,SURENDRANAGAR,GUJARAT
8225,MALIYA HATINA,MLHA,NSG5,BHAVNAGAR,WR,JUNAGADH,GUJARAT
8226,NAVAGADH,NUD,NSG5,BHAVNAGAR,WR,RAJKOT,GUJARAT
8227,SAVARKUNDLA,SVKD,NSG5,BHAVNAGAR,WR,AMRELI,GUJARAT
8228,SIHOR JN,SOJN,NSG5,BHAVNAGAR,WR,BHAVNAGAR,GUJARAT
8229,SONGADH,SGD,NSG5,BHAVNAGAR,WR,BHAVNAGAR,GUJARAT
8230,ADARI ROAD,ADE,NSG6,BHAVNAGAR,WR,JUNAGADH,GUJARAT
8231,ALAMPUR,ALMR,NSG6,BHAVNAGAR,WR,BHAVNAGAR,GUJARAT
8232,ALAU,AAZ,NSG6,BHAVNAGAR,WR,BOTAD,GUJARAT
8233,AMRELI,AE,NSG6,BHAVNAGAR,WR,AMRELI,GUJARAT
8234,BALWA,WAB,NSG6,BHAVNAGAR,WR,JAMNAGAR,GUJARAT
8235,BAVLA,VLA,NSG6,BHAVNAGAR,WR,AHMADABAD,GUJARAT
8236,BHADER,BADR,NSG6,BHAVNAGAR,WR,AMRELI,GUJARAT
8237,BHANVAD,BNVD,NSG6,BHAVNAGAR,WR,JAMNAGAR,GUJARAT
8238,BHAYAVADAR,BHY,NSG6,BHAVNAGAR,WR,RAJKOT,GUJARAT
8239,BHIMNATH,BNH,NSG6,BHAVNAGAR,WR,AHMADABAD,GUJARAT
8240,BILKHA,BILK,NSG6,BHAVNAGAR,WR,JUNAGADH,GUJARAT
8241,CHALALA,CLC,NSG6,BHAVNAGAR,WR,AMRELI,GUJARAT
8242,CHANDARAVA,CDV,NSG6,BHAVNAGAR,WR,BOTAD,GUJARAT
8243,CHITAL,CTL,NSG6,BHAVNAGAR,WR,AMRELI,GUJARAT
8244,CHORWAD ROAD.,CVR,NSG6,BHAVNAGAR,WR,GIR SOMNATH,GUJARAT
8245,CHUDA,CDA,NSG6,BHAVNAGAR,WR,SURENDRANAGAR,GUJARAT
8246,DAMNAGAR,DME,NSG6,BHAVNAGAR,WR,AMRELI,GUJARAT
8247,DELVADA,DVA,NSG6,BHAVNAGAR,WR,GIR SOMNATH,GUJARAT
8248,DHANDHUKA,DCK,NSG6,BHAVNAGAR,WR,AHMADABAD,GUJARAT
8249,DHARI,DARI,NSG6,BHAVNAGAR,WR,AMRELI,GUJARAT
8250,DHASA JN.,DAS,NSG6,BHAVNAGAR,WR,BOTAD,GUJARAT
8251,DHOLKA,DOK,NSG6,BHAVNAGAR,WR,AHMADABAD,GUJARAT
8252,DHORAJI,DJI,NSG6,BHAVNAGAR,WR,RAJKOT,GUJARAT
8253,GADHAKDA,GKD,NSG6,BHAVNAGAR,WR,AMRELI,GUJARAT
8254,GOP JAM,GPP,NSG6,BHAVNAGAR,WR,JAMNAGAR,GUJARAT
8255,HADALA BHAL,HLB,NSG6,BHAVNAGAR,WR,SURENDRANAGAR,GUJARAT
8256,JALILA ROAD,JIL,NSG6,BHAVNAGAR,WR,BOTAD,GUJARAT
8257,JALIYA,JA,NSG6,BHAVNAGAR,WR,BHAVNAGAR,GUJARAT
8258,JAM JODHPUR,JDH,NSG6,BHAVNAGAR,WR,JAMNAGAR,GUJARAT
8259,JETPUR,JTP,NSG6,BHAVNAGAR,WR,RAJKOT,GUJARAT
8260,KANSIYA NES,KANS,NSG6,BHAVNAGAR,WR,GIR SOMNATH,GUJARAT
8261,KHAKHRAIYA,KKK,NSG6,BHAVNAGAR,WR,AMRELI,GUJARAT
8262,KHIJADIYA JN.,KJV,NSG6,BHAVNAGAR,WR,AMRELI,GUJARAT
8263,KHODIYAR-MANDIR,KDMR,NSG6,BHAVNAGAR,WR,BHAVNAGAR,GUJARAT
8264,KODINAR,KODR,NSG6,BHAVNAGAR,WR,AHMADABAD,GUJARAT
8265,KOTHA GANGAD,KTGD,NSG6,BHAVNAGAR,WR,AHMADABAD,GUJARAT
8266,KUNDLI,KDI,NSG6,BHAVNAGAR,WR,BOTAD,GUJARAT
8267,KUNKAVAV JN.,KKV,NSG6,BHAVNAGAR,WR,AMRELI,GUJARAT
8268,LALPUR JAM,LPJ,NSG6,BHAVNAGAR,WR,JAMNAGAR,GUJARAT
8269,LATHI,LAT,NSG6,BHAVNAGAR,WR,AMRELI,GUJARAT
8270,LATHIDAD,LTD,NSG6,BHAVNAGAR,WR,BOTAD,GUJARAT
8271,LILIYA MOTA,LMO,NSG6,BHAVNAGAR,WR,AMRELI,GUJARAT
8272,LOTHAL BHURKHI,LHBK,NSG6,BHAVNAGAR,WR,AHMADABAD,GUJARAT
8273,LUNIDHAR,LDU,NSG6,BHAVNAGAR,WR,AMRELI,GUJARAT
8274,LUSHALA,LAL,NSG6,BHAVNAGAR,WR,JUNAGADH,GUJARAT
8275,MAHUVA JN.,MHV,NSG6,BHAVNAGAR,WR,BHAVNAGAR,GUJARAT
8276,MORAIYA,MORA,NSG6,BHAVNAGAR,WR,AHMADABAD,GUJARAT
8277,NINGALA,NGA,NSG6,BHAVNAGAR,WR,BHAVNAGAR,GUJARAT
8278,PANELI MOTI,PLM,NSG6,BHAVNAGAR,WR,RAJKOT,GUJARAT
8279,PRACHI ROAD JN.,PCC,NSG6,BHAVNAGAR,WR,GIR SOMNATH,GUJARAT
8280,RAJULA CITY,RJU,NSG6,BHAVNAGAR,WR,AMRELI,GUJARAT
8281,RAJULA JN.,RLA,NSG6,BHAVNAGAR,WR,AMRELI,GUJARAT
8282,RANAVAV,RWO,NSG6,BHAVNAGAR,WR,PORBANDAR,GUJARAT
8283,RANPUR,RUR,NSG6,BHAVNAGAR,WR,BOTAD,GUJARAT
8284,RIBADA,RBR,NSG6,BHAVNAGAR,WR,RAJKOT,GUJARAT
8285,SANOSRA,SOA,NSG6,BHAVNAGAR,WR,BHAVNAGAR,GUJARAT
8286,SARANGPUR ROAD,SAPR,NSG6,BHAVNAGAR,WR,SURENDRANAGAR,GUJARAT
8287,SARKHEJ,SEJ,NSG6,BHAVNAGAR,WR,AHMADABAD,GUJARAT
8288,SASAN GIR,SASG,NSG6,BHAVNAGAR,WR,GIR SOMNATH,GUJARAT
8289,SATADHAR,STDR,NSG6,BHAVNAGAR,WR,JUNAGADH,GUJARAT
8290,SAVNI,SVB,NSG6,BHAVNAGAR,WR,GIR SOMNATH,GUJARAT
8291,SHAPUR,SHH,NSG6,BHAVNAGAR,WR,JUNAGADH,GUJARAT
8292,SURENDRANAGAR GATE,SRGT,NSG6,BHAVNAGAR,WR,SURENDRANAGAR,GUJARAT
8293,TAGDI,TID,NSG6,BHAVNAGAR,WR,AHMADABAD,GUJARAT
8294,TALALA JN.,TAV,NSG6,BHAVNAGAR,WR,GIR SOMNATH,GUJARAT
8295,UJALVAV,UJ,NSG6,BHAVNAGAR,WR,BHAVNAGAR,GUJARAT
8296,UNA,UNA,NSG6,BHAVNAGAR,WR,GIR SOMNATH,GUJARAT
8297,UPLETA,UA,NSG6,BHAVNAGAR,WR,RAJKOT,GUJARAT
8298,VADAL,VAL,NSG6,BHAVNAGAR,WR,JUNAGADH,GUJARAT
8299,VARTEJ,VTJ,NSG6,BHAVNAGAR,WR,BHAVNAGAR,GUJARAT
8300,VASTRAPUR,VTP,NSG6,BHAVNAGAR,WR,AHMADABAD,GUJARAT
8301,VAVDI,VVD,NSG6,BHAVNAGAR,WR,AMRELI,GUJARAT
8302,VIJPADI ROAD,VJD,NSG6,BHAVNAGAR,WR,AMRELI,GUJARAT
8303,VIRPUR,VRR,NSG6,BHAVNAGAR,WR,RAJKOT,GUJARAT
8304,VISAVADAR,VSW,NSG6,BHAVNAGAR,WR,JUNAGADH,GUJARAT
8305,WADHWAN CITY,WC,NSG6,BHAVNAGAR,WR,SURENDRANAGAR,GUJARAT
8306,WANSJALIYA JN.,WSJ,NSG6,BHAVNAGAR,WR,JAMNAGAR,GUJARAT
8307,DHUVA,DU,HG3,RAJKOT,WR,MORBI,GUJARAT
8308,RAFLESHWAR,RF,HG3,RAJKOT,WR,MORBI,GUJARAT
8309,RAJKOT JN.,RJT,NSG2,RAJKOT,WR,RAJKOT,GUJARAT
8310,JAMNAGAR,JAM,NSG3,RAJKOT,WR,JAMNAGAR,GUJARAT
8311,DWARKA,DWK,NSG4,RAJKOT,WR,DEVBHUMI DWARKA,GUJARAT
8312,SURENDRANAGAR,SUNR,NSG4,RAJKOT,WR,SURENDRANAGAR,GUJARAT
8313,BHAKTINAGAR,BKNG,NSG5,RAJKOT,WR,RAJKOT,GUJARAT
8314,HAPA,HAPA,NSG5,RAJKOT,WR,JAMNAGAR,GUJARAT
8315,KANALUS,KNLS,NSG5,RAJKOT,WR,JAMNAGAR,GUJARAT
8316,KHAMBHALIYA,KMBL,NSG5,RAJKOT,WR,DEVBHUMI DWARKA,GUJARAT
8317,MITHAPUR,MTHP,NSG5,RAJKOT,WR,DEVBHUMI DWARKA,GUJARAT
8318,MORBI,MVI,NSG5,RAJKOT,WR,MORBI,GUJARAT
8319,OKHA,OKHA,NSG5,RAJKOT,WR,DEVBHUMI DWARKA,GUJARAT
8320,PADADHARI,PDH,NSG5,RAJKOT,WR,RAJKOT,GUJARAT
8321,THAN JN.,THAN,NSG5,RAJKOT,WR,SURENDRANAGAR,GUJARAT
8322,WANKANER JN.,WKR,NSG5,RAJKOT,WR,MORBI,GUJARAT
8323,ALIYAWADA,ALB,NSG6,RAJKOT,WR,JAMNAGAR,GUJARAT
8324,AMARSAR,AXA,NSG6,RAJKOT,WR,MORBI,GUJARAT
8325,BALA ROAD,BLRD,NSG6,RAJKOT,WR,SURENDRANAGAR,GUJARAT
8326,BARWALA ROAD,BRL,NSG6,RAJKOT,WR,AHMADABAD,GUJARAT
8327,BHATEL,BHTL,NSG6,RAJKOT,WR,DEVBHUMI DWARKA,GUJARAT
8328,BHATIYA,BHTA,NSG6,RAJKOT,WR,DEVBHUMI DWARKA,GUJARAT
8329,BHOPALKA,BPKA,NSG6,RAJKOT,WR,DEVBHUMI DWARKA,GUJARAT
8330,BILESHWAR,BLWR,NSG6,RAJKOT,WR,RAJKOT,GUJARAT
8331,CHAMARAJ,CJR,NSG6,RAJKOT,WR,SURENDRANAGAR,GUJARAT
8332,CHANOL,CX,NSG6,RAJKOT,WR,RAJKOT,GUJARAT
8333,DAHINSARA JN.,DAC,NSG6,RAJKOT,WR,RAJKOT,GUJARAT
8334,DALADI,DL,NSG6,RAJKOT,WR,MORBI,GUJARAT
8335,DIGSAR,DXR,NSG6,RAJKOT,WR,SURENDRANAGAR,GUJARAT
8336,GORINJA,GRJA,NSG6,RAJKOT,WR,DEVBHUMI DWARKA,GUJARAT
8337,HADMATIYA JN.,HM,NSG6,RAJKOT,WR,RAJKOT,GUJARAT
8338,JALIYA DEVANI,JALD,NSG6,RAJKOT,WR,RAJKOT,GUJARAT
8339,JAM WANTHALI,WTJ,NSG6,RAJKOT,WR,JAMNAGAR,GUJARAT
8340,KANAKOT,KNKT,NSG6,RAJKOT,WR,MORBI,GUJARAT
8341,KHANDERI,KHDI,NSG6,RAJKOT,WR,RAJKOT,GUJARAT
8342,KHORANA,KHC,NSG6,RAJKOT,WR,RAJKOT,GUJARAT
8343,LAKHABAWAL,LKBL,NSG6,RAJKOT,WR,JAMNAGAR,GUJARAT
8344,LAKHAMANCHI,LMC,NSG6,RAJKOT,WR,SURENDRANAGAR,GUJARAT
8345,LAKHTAR,LTR,NSG6,RAJKOT,WR,SURENDRANAGAR,GUJARAT
8346,LILAPUR ROAD,LPR,NSG6,RAJKOT,WR,SURENDRANAGAR,GUJARAT
8347,LUNSARIYA,LXR,NSG6,RAJKOT,WR,MORBI,GUJARAT
8348,MAKANSAR,MU,NSG6,RAJKOT,WR,MORBI,GUJARAT
8349,MODPUR,MDPR,NSG6,RAJKOT,WR,JAMNAGAR,GUJARAT
8350,MULI ROAD,MOL,NSG6,RAJKOT,WR,SURENDRANAGAR,GUJARAT
8351,NAZARBAG,NZG,NSG6,RAJKOT,WR,MORBI,GUJARAT
8352,OKHA MADHI,OKD,NSG6,RAJKOT,WR,DEVBHUMI DWARKA,GUJARAT
8353,PIPLI,PPLI,NSG6,RAJKOT,WR,JAMNAGAR,GUJARAT
8354,RAMPARDA,RA,NSG6,RAJKOT,WR,SURENDRANAGAR,GUJARAT
8355,SABLI ROAD,SR,NSG6,RAJKOT,WR,SURENDRANAGAR,GUJARAT
8356,SINDHAWADAR,SDD,NSG6,RAJKOT,WR,MORBI,GUJARAT
8357,VAGDIYA,VD,NSG6,RAJKOT,WR,SURENDRANAGAR,GUJARAT
8358,VANI ROAD,VNRD,NSG6,RAJKOT,WR,SURENDRANAGAR,GUJARAT
8359,VAVANIYA,WWA,NSG6,RAJKOT,WR,MORBI,GUJARAT
8360,KACHNARA,KHNR,HG2,RATLAM,WR,MANDSAUR,MADHYA PRADESH
8361,OSRA,OSRA,HG2,RATLAM,WR,Indore,MADHYA PRADESH
8362,AJIT KHERI,AJKI,HG3,RATLAM,WR,,MADHYA PRADESH
8363,BALAUDA TAKUN,BLDK,HG3,RATLAM,WR,Indore,MADHYA PRADESH
8364,BHATISUDA HALT,BTSD,HG3,RATLAM,WR,Ujjain,MADHYA PRADESH
8365,CHAKROD,CKOD,HG3,RATLAM,WR,SHAJAPUR,MADHYA PRADESH
8366,CHINTAMAN GANESH,CNN,HG3,RATLAM,WR,Ujjain,MADHYA PRADESH
8367,DONTA,DON,HG3,RATLAM,WR,DEWAS,MADHYA PRADESH
8368,HARANYAKHERI,HKH,HG3,RATLAM,WR,INDORE,MADHYA PRADESH
8369,KISONI,KONY,HG3,RATLAM,WR,Shajapur,MADHYA PRADESH
8370,KOTLAKHERI,KTKH,HG3,RATLAM,WR,KHARGONE,MADHYA PRADESH
8371,LEKODA,LOD,HG3,RATLAM,WR,UJJAIN,MADHYA PRADESH
8372,LOKMANYA NAGAR,LKMN,HG3,RATLAM,WR,Indore,MADHYA PRADESH
8373,MOHAMMADKHERA,MQE,HG3,RATLAM,WR,Shajapur,GUJARAT
8374,PIR JHALAR,PJH,HG3,RATLAM,WR,UJJAIN,MADHYA PRADESH
8375,PRITAM NAGAR,PRNG,HG3,RATLAM,WR,RATLAM,MADHYA PRADESH
8376,SAIFEE NAGAR HALT,SFNR,HG3,RATLAM,WR,INDORE,MADHYA PRADESH
8377,SHIVPURA,SVT,HG3,RATLAM,WR,UJJAIN,MADHYA PRADESH
8378,SUNDERABAD,SNBD,HG3,RATLAM,WR,Ujjain,MADHYA PRADESH
8379,UNDASA MADHAWAPU,UDM,HG3,RATLAM,WR,Ujjain,MADHYA PRADESH
8380,INDORE JN.,INDB,NSG2,RATLAM,WR,INDORE,MADHYA PRADESH
8381,UJJAIN JN.,UJN,NSG2,RATLAM,WR,UJJAIN,MADHYA PRADESH
8382,CHITTAURGARH,COR,NSG3,RATLAM,WR,CHITTORGARH,RAJASTHAN
8383,RATLAM JN.,RTM,NSG3,RATLAM,WR,RATLAM,MADHYA PRADESH
8384,DAHOD,DHD,NSG4,RATLAM,WR,DOHAD,GUJARAT
8385,DEWAS,DWX,NSG4,RATLAM,WR,DEWAS,MADHYA PRADESH
8386,MANDSOR,MDS,NSG4,RATLAM,WR,MANDSAUR,MADHYA PRADESH
8387,NAGDA JN.,NAD,NSG4,RATLAM,WR,UJJAIN,MADHYA PRADESH
8388,NIMACH,NMH,NSG4,RATLAM,WR,NEEMUCH,MADHYA PRADESH
8389,AKODIA,AKD,NSG5,RATLAM,WR,SHAJAPUR,MADHYA PRADESH
8390,BAMNIA,BMI,NSG5,RATLAM,WR,JHABUA,MADHYA PRADESH
8391,BERCHHA,BCH,NSG5,RATLAM,WR,SHAJAPUR,MADHYA PRADESH
8392,CHANDERIYA,CNA,NSG5,RATLAM,WR,CHITTORGARH,RAJASTHAN
8393,DR AMBEDKAR NGR,DADN,NSG5,RATLAM,WR,INDORE,MADHYA PRADESH
8394,JAORA,JAO,NSG5,RATLAM,WR,RATLAM,MADHYA PRADESH
8395,KALAPIPAL,KPP,NSG5,RATLAM,WR,SHAJAPUR,MADHYA PRADESH
8396,KHACHROD,KUH,NSG5,RATLAM,WR,UJJAIN,MADHYA PRADESH
8397,LIMKHEDA,LMK,NSG5,RATLAM,WR,DOHAD,GUJARAT
8398,MAKSI,MKC,NSG5,RATLAM,WR,SHAJAPUR,MADHYA PRADESH
8399,MEGHNAGAR,MGN,NSG5,RATLAM,WR,JHABUA,MADHYA PRADESH
8400,NIMBAHERA,NBH,NSG5,RATLAM,WR,CHITTORGARH,RAJASTHAN
8401,PIPLIA,PIP,NSG5,RATLAM,WR,MANDSAUR,MADHYA PRADESH
8402,SEHORE,SEH,NSG5,RATLAM,WR,SEHORE,MADHYA PRADESH
8403,SHUJALPUR,SJP,NSG5,RATLAM,WR,SHAJAPUR,MADHYA PRADESH
8404,THANDLA ROAD,THDR,NSG5,RATLAM,WR,JHABUA,MADHYA PRADESH
8405,AJANTI,ANI,NSG6,RATLAM,WR,EAST NIMAR,MADHYA PRADESH
8406,AJNOD,AJN,NSG6,RATLAM,WR,INDORE,MADHYA PRADESH
8407,AMARGARH,AGR,NSG6,RATLAM,WR,JHABUA,MADHYA PRADESH
8408,ANAS,ANAS,NSG6,RATLAM,WR,DOHAD,GUJARAT
8409,ASLAODA,ASL,NSG6,RATLAM,WR,UJJAIN,MADHYA PRADESH
8410,ATTAR,ATR,NSG6,RATLAM,WR,Khandwa,MADHYA PRADESH
8411,BAJRANGGARH,BJG,NSG6,RATLAM,WR,JHABUA,MADHYA PRADESH
8412,BAKANIAN BHAUNRI,BQE,NSG6,RATLAM,WR,BHOPAL,MADHYA PRADESH
8413,BAKTAL,BKTL,NSG6,RATLAM,WR,SEHORE,MADHYA PRADESH
8414,BANGROD,BOD,NSG6,RATLAM,WR,RATLAM,MADHYA PRADESH
8415,BARAYALA CHAURASI,BRLA,NSG6,RATLAM,WR,RATLAM,MADHYA PRADESH
8416,BARLAI,BLAX,NSG6,RATLAM,WR,INDORE,MADHYA PRADESH
8417,BARNAGAR,BNG,NSG6,RATLAM,WR,UJJAIN,MADHYA PRADESH
8418,BARWAHA,BWW,NSG6,RATLAM,WR,KHARGONE,MADHYA PRADESH
8419,BERAWANYA,BRNA,NSG6,RATLAM,WR,UJJAIN,MADHYA PRADESH
8420,BHAIRONGARH,BOG,NSG6,RATLAM,WR,RATLAM,MADHYA PRADESH
8421,BILDI,BILD,NSG6,RATLAM,WR,RATLAM,MADHYA PRADESH
8422,BISALWAS KALAN,BIWK,NSG6,RATLAM,WR,NEEMUCH,MADHYA PRADESH
8423,BOLAI,BLX,NSG6,RATLAM,WR,SHAJAPUR,MADHYA PRADESH
8424,BORDI,BIO,NSG6,RATLAM,WR,DOHAD,GUJARAT
8425,CHANCHELAV,CCL,NSG6,RATLAM,WR,PANCH MAHALS,GUJARAT
8426,CHORAL,CRL,NSG6,RATLAM,WR,INDORE,MADHYA PRADESH
8427,DALAUDA,DLD,NSG6,RATLAM,WR,MANDSAUR,MADHYA PRADESH
8428,DHODHAR,DOD,NSG6,RATLAM,WR,RATLAM,MADHYA PRADESH
8429,FATEHABAD CHANDRAWAT,FTD,NSG6,RATLAM,WR,UJJAIN,MADHYA PRADESH
8430,GAMBHIRI ROAD,GRF,NSG6,RATLAM,WR,CHITTORGARH,RAJASTHAN
8431,GAUTAMPURA ROAD,GPX,NSG6,RATLAM,WR,INDORE,MADHYA PRADESH
8432,HARKIA KHAL,HKL,NSG6,RATLAM,WR,NEEMUCH,MADHYA PRADESH
8433,JABRI,JBX,NSG6,RATLAM,WR,SHAJAPUR,MADHYA PRADESH
8434,JAWAD ROAD,JWO,NSG6,RATLAM,WR,NEEMUCH,MADHYA PRADESH
8435,JEKOT,JKT,NSG6,RATLAM,WR,DOHAD,GUJARAT
8436,KALAKUND,KKD,NSG6,RATLAM,WR,INDORE,MADHYA PRADESH
8437,KALI SINDH,KSH,NSG6,RATLAM,WR,SHAJAPUR,MADHYA PRADESH
8438,KANSUDHI,KIZ,NSG6,RATLAM,WR,PANCH MAHALS,GUJARAT
8439,KARACHHA,KDHA,NSG6,RATLAM,WR,UJJAIN,MADHYA PRADESH
8440,LAKSHMIBAI NAGAR,LMNR,NSG6,RATLAM,WR,INDORE,MADHYA PRADESH
8441,MALHARGARH,MLG,NSG6,RATLAM,WR,MANDSAUR,MADHYA PRADESH
8442,MANGAL MAHUDI,MAM,NSG6,RATLAM,WR,DOHAD,GUJARAT
8443,MANGLIYAGAON,MGG,NSG6,RATLAM,WR,INDORE,MADHYA PRADESH
8444,MORWANI,MRN,NSG6,RATLAM,WR,RATLAM,MADHYA PRADESH
8445,MUKHTIARA BALWARA,MKT,NSG6,RATLAM,WR,KHARGONE,MADHYA PRADESH
8446,NAIKHERI,NKI,NSG6,RATLAM,WR,UJJAIN,MADHYA PRADESH
8447,NAMLI,NLI,NSG6,RATLAM,WR,RATLAM,MADHYA PRADESH
8448,NARANJIPUR,NRGR,NSG6,RATLAM,WR,DEWAS,MADHYA PRADESH
8449,NAUGANWAN,NGW,NSG6,RATLAM,WR,RATLAM,MADHYA PRADESH
8450,NIMAR-KHERI,NKR,NSG6,RATLAM,WR,EAST NIMAR,MADHYA PRADESH
8451,OMKARESHWAR ROAD,OM,NSG6,RATLAM,WR,EAST NIMAR,MADHYA PRADESH
8452,PACHAWAN,PNWN,NSG6,RATLAM,WR,SEHORE,MADHYA PRADESH
8453,PALIA,PLA,NSG6,RATLAM,WR,INDORE,MADHYA PRADESH
8454,PALSORA MAKRAWAN,PSO,NSG6,RATLAM,WR,UJJAIN,MADHYA PRADESH
8455,PANCH PIPLIA,PCN,NSG6,RATLAM,WR,JHABUA,MADHYA PRADESH
8456,PARBATI,PRB,NSG6,RATLAM,WR,SHAJAPUR,MADHYA PRADESH
8457,PATAL PANI,PTP,NSG6,RATLAM,WR,INDORE,MADHYA PRADESH
8458,PHANDA,PUD,NSG6,RATLAM,WR,SEHORE,MADHYA PRADESH
8459,PINGLESWAR,PLW,NSG6,RATLAM,WR,UJJAIN,MADHYA PRADESH
8460,PIPLOD JN.,PPD,NSG6,RATLAM,WR,DOHAD,GUJARAT
8461,PIPLODA BAGLA,PPG,NSG6,RATLAM,WR,UJJAIN,MADHYA PRADESH
8462,PIR UMROD,PUO,NSG6,RATLAM,WR,SHAJAPUR,MADHYA PRADESH
8463,RAJENDRA NAGAR,RJQ,NSG6,RATLAM,WR,INDORE,MADHYA PRADESH
8464,RANYALA JASMIYA,RCJ,NSG6,RATLAM,WR,DEWAS,MADHYA PRADESH
8465,RAOTI,RTI,NSG6,RATLAM,WR,RATLAM,MADHYA PRADESH
8466,RAU,RAU,NSG6,RATLAM,WR,INDORE,MADHYA PRADESH
8467,RENTIYA,RET,NSG6,RATLAM,WR,DOHAD,GUJARAT
8468,RUNIJA,RNJ,NSG6,RATLAM,WR,UJJAIN,MADHYA PRADESH
8469,RUNKHERA,RNH,NSG6,RATLAM,WR,UJJAIN,MADHYA PRADESH
8470,SANAWAD,SWD,NSG6,RATLAM,WR,Khargone,MADHYA PRADESH
8471,SANT ROAD,SAT,NSG6,RATLAM,WR,PANCH MAHALS,GUJARAT
8472,SHAMBHUPARA,SMP,NSG6,RATLAM,WR,CHITTORGARH,RAJASTHAN
8473,TAJPUR,TJP,NSG6,RATLAM,WR,UJJAIN,MADHYA PRADESH
8474,TARANA ROAD,TAN,NSG6,RATLAM,WR,UJJAIN,MADHYA PRADESH
8475,UNHEL,UNL,NSG6,RATLAM,WR,UJJAIN,MADHYA PRADESH
8476,USRA,USRA,NSG6,RATLAM,WR,DOHAD,GUJARAT
8477,VIKRAMNAGAR,VRG,NSG6,RATLAM,WR,UJJAIN,MADHYA PRADESH
